date,open,high,low,close
2011-09-19,1214.9900,1214.9900,1188.3600,1204.0900
2011-09-20,1204.5000,1220.3900,1201.2900,1202.0900
2011-09-21,1203.6300,1206.3000,1166.2100,1166.7600
2011-09-22,1164.5500,1164.5500,1114.2200,1129.5601
2011-09-23,1128.8199,1141.7200,1121.3600,1136.4301
2011-09-26,1136.9100,1164.1899,1131.0699,1162.9500
2011-09-27,1163.3199,1195.8600,1163.3199,1175.3800
2011-09-28,1175.3900,1184.7100,1150.4000,1151.0601
2011-09-29,1151.7400,1175.8700,1139.9301,1160.4000
2011-09-30,1159.9301,1159.9301,1131.3400,1131.4200
2011-10-03,1131.2100,1138.9900,1098.9200,1099.2300
2011-10-04,1097.4200,1125.1200,1074.7700,1123.9500
2011-10-05,1124.0300,1146.0699,1115.6801,1144.0300
2011-10-06,1144.1100,1165.5500,1134.9500,1164.9700
2011-10-07,1165.0300,1171.4000,1150.2600,1155.4600
2011-10-10,1158.1500,1194.9100,1158.1500,1194.8900
2011-10-11,1194.6000,1199.2400,1187.3000,1195.5400
2011-10-12,1196.1899,1220.2500,1196.1899,1207.2500
2011-10-13,1206.9600,1207.4600,1190.5800,1203.6600
2011-10-14,1205.6500,1224.6100,1205.6500,1224.5800
2011-10-17,1224.4700,1224.4700,1198.5500,1200.8600
2011-10-18,1200.7500,1233.1000,1191.4800,1225.3800
2011-10-19,1223.4600,1229.6400,1206.3101,1209.8800
2011-10-20,1209.9200,1219.5300,1197.3400,1215.3900
2011-10-21,1215.3900,1239.0300,1215.3900,1238.2500
2011-10-24,1238.7200,1256.5500,1238.7200,1254.1899
2011-10-25,1254.1899,1254.1899,1226.7900,1229.0500
2011-10-26,1229.1700,1246.2800,1221.0601,1242.0000
2011-10-27,1243.9700,1292.6600,1243.9700,1284.5900
2011-10-28,1284.3900,1287.0800,1277.0100,1285.0900
2011-10-31,1284.9600,1284.9600,1253.1600,1253.3000
2011-11-01,1251.0000,1251.0000,1215.4200,1218.2800
2011-11-02,1219.6200,1242.4800,1219.6200,1237.9000
2011-11-03,1238.2500,1263.2100,1234.8101,1261.1500
2011-11-04,1260.8199,1260.8199,1238.9200,1253.2300
2011-11-07,1253.2100,1261.7000,1240.7500,1261.1200
2011-11-08,1261.1200,1277.5500,1254.9900,1275.9200
2011-11-09,1275.1801,1275.1801,1226.6400,1229.1000
2011-11-10,1229.5900,1246.2200,1227.7000,1239.7000
2011-11-11,1240.1200,1266.9800,1240.1200,1263.8500
2011-11-14,1263.8500,1263.8500,1246.6801,1251.7800
2011-11-15,1251.7000,1264.2500,1244.3400,1257.8101
2011-11-16,1257.8101,1259.6100,1235.6700,1236.9100
2011-11-17,1236.5601,1237.7300,1209.4301,1216.1300
2011-11-18,1216.1899,1223.5100,1211.3600,1215.6500
2011-11-21,1215.6200,1215.6200,1183.1600,1192.9800
2011-11-22,1192.9800,1196.8101,1181.6500,1188.0400
2011-11-23,1187.4800,1187.4800,1161.7900,1161.7900
2011-11-25,1161.4100,1172.6600,1158.6600,1158.6700
2011-11-28,1158.6700,1197.3500,1158.6700,1192.5500
2011-11-29,1192.5601,1203.6700,1191.8000,1195.1899
2011-11-30,1196.7200,1247.1100,1196.7200,1246.9600
2011-12-01,1246.9100,1251.0900,1239.7300,1244.5800
2011-12-02,1246.0300,1260.0800,1243.3500,1244.2800
2011-12-05,1244.3300,1266.7300,1244.3300,1257.0800
2011-12-06,1257.1899,1266.0300,1253.0300,1258.4700
2011-12-07,1258.1400,1267.0601,1244.8000,1261.0100
2011-12-08,1260.8700,1260.8700,1231.4700,1234.3500
2011-12-09,1234.4800,1258.2500,1234.4800,1255.1899
2011-12-12,1255.0500,1255.0500,1227.2500,1236.4700
2011-12-13,1236.8300,1249.8600,1219.4301,1225.7300
2011-12-14,1225.7300,1225.7300,1209.4700,1211.8199
2011-12-15,1212.1200,1225.6000,1212.1200,1215.7500
2011-12-16,1216.0900,1231.0400,1215.2000,1219.6600
2011-12-19,1219.7400,1224.5699,1202.3700,1205.3500
2011-12-20,1205.7200,1242.8199,1205.7200,1241.3000
2011-12-21,1241.2500,1245.0900,1229.5100,1243.7200
2011-12-22,1243.7200,1255.2200,1243.7200,1254.0000
2011-12-23,1254.0000,1265.4200,1254.0000,1265.3300
2011-12-27,1265.0200,1269.3700,1262.3000,1265.4301
2011-12-28,1265.3800,1265.8500,1248.6400,1249.6400
2011-12-29,1249.7500,1263.5400,1249.7500,1263.0200
2011-12-30,1262.8199,1264.1200,1257.4600,1257.6000
2012-01-03,1258.8600,1284.6200,1258.8600,1277.0601
2012-01-04,1277.0300,1278.7300,1268.1000,1277.3000
2012-01-05,1277.3000,1283.0500,1265.2600,1281.0601
2012-01-06,1280.9301,1281.8400,1273.3400,1277.8101
2012-01-09,1277.8300,1281.9900,1274.5500,1280.7000
2012-01-10,1280.7700,1296.4600,1280.7700,1292.0800
2012-01-11,1292.0200,1293.8000,1285.4100,1292.4800
2012-01-12,1292.4800,1296.8199,1285.7700,1295.5000
2012-01-13,1294.8199,1294.8199,1277.5800,1289.0900
2012-01-17,1290.2200,1303.0000,1290.2200,1293.6700
2012-01-18,1293.6500,1308.1100,1290.9900,1308.0400
2012-01-19,1308.0699,1315.4900,1308.0699,1314.5000
2012-01-20,1314.4900,1315.3800,1309.1700,1315.3800
2012-01-23,1315.2900,1322.2800,1309.8900,1316.0000
2012-01-24,1315.9600,1315.9600,1306.0601,1314.6500
2012-01-25,1314.4000,1328.3000,1307.6500,1326.0601
2012-01-26,1326.2800,1333.4700,1313.6000,1318.4301
2012-01-27,1318.2500,1320.0601,1311.7200,1316.3300
2012-01-30,1316.1600,1316.1600,1300.4900,1313.0100
2012-01-31,1313.5300,1321.4100,1306.6899,1312.4100
2012-02-01,1312.4500,1330.5200,1312.4500,1324.0900
2012-02-02,1324.2400,1329.1899,1321.5699,1325.5400
2012-02-03,1326.2100,1345.3400,1326.2100,1344.9000
2012-02-06,1344.3199,1344.3600,1337.5200,1344.3300
2012-02-07,1344.3300,1349.2400,1335.9200,1347.0500
2012-02-08,1347.0400,1351.0000,1341.9500,1349.9600
2012-02-09,1349.9700,1354.3199,1344.6300,1351.9500
2012-02-10,1351.2100,1351.2100,1337.3500,1342.6400
2012-02-13,1343.0601,1353.3500,1343.0601,1351.7700
2012-02-14,1351.3000,1351.3000,1340.8300,1350.5000
2012-02-15,1350.5200,1355.8700,1340.8000,1343.2300
2012-02-16,1342.6100,1359.0200,1341.2200,1358.0400
2012-02-17,1358.0601,1363.4000,1357.2400,1361.2300
2012-02-21,1361.2200,1367.7600,1358.1100,1362.2100
2012-02-22,1362.1100,1362.7000,1355.5300,1357.6600
2012-02-23,1357.5300,1364.2400,1352.2800,1363.4600
2012-02-24,1363.4600,1368.9200,1363.4600,1365.7400
2012-02-27,1365.2000,1371.9399,1354.9200,1367.5900
2012-02-28,1367.5601,1373.0900,1365.9700,1372.1801
2012-02-29,1372.2000,1378.0400,1363.8101,1365.6801
2012-03-01,1365.9000,1376.1700,1365.9000,1374.0900
2012-03-02,1374.0900,1374.5300,1366.4200,1369.6300
2012-03-05,1369.5900,1369.5900,1359.1300,1364.3300
2012-03-06,1363.6300,1363.6300,1340.0300,1343.3600
2012-03-07,1343.3900,1354.8500,1343.3900,1352.6300
2012-03-08,1352.6500,1368.7200,1352.6500,1365.9100
2012-03-09,1365.9700,1374.7600,1365.9700,1370.8700
2012-03-12,1370.7800,1373.0400,1366.6899,1371.0900
2012-03-13,1371.9200,1396.1300,1371.9200,1395.9500
2012-03-14,1395.9500,1399.4200,1389.9700,1394.2800
2012-03-15,1394.1700,1402.6300,1392.7800,1402.6000
2012-03-16,1402.5500,1405.8800,1401.4700,1404.1700
2012-03-19,1404.1700,1414.0000,1402.4301,1409.7500
2012-03-20,1409.5900,1409.5900,1397.6801,1405.5200
2012-03-21,1405.5200,1407.7500,1400.6400,1402.8900
2012-03-22,1402.8900,1402.8900,1388.7300,1392.7800
2012-03-23,1392.7800,1399.1801,1386.8700,1397.1100
2012-03-26,1397.1100,1416.5800,1397.1100,1416.5100
2012-03-27,1416.5500,1419.1500,1411.9500,1412.5200
2012-03-28,1412.5200,1413.6500,1397.2000,1405.5400
2012-03-29,1405.3900,1405.3900,1391.5601,1403.2800
2012-03-30,1403.3101,1410.8900,1401.4200,1408.4700
2012-04-02,1408.4700,1422.3800,1404.4600,1419.0400
2012-04-03,1418.9800,1419.0000,1404.6200,1413.3800
2012-04-04,1413.0900,1413.0900,1394.0900,1398.9600
2012-04-05,1398.7900,1401.6000,1392.9200,1398.0800
2012-04-09,1397.4500,1397.4500,1378.2400,1382.2000
2012-04-10,1382.1801,1383.0100,1357.3800,1358.5900
2012-04-11,1358.9800,1374.7100,1358.9800,1368.7100
2012-04-12,1368.7700,1388.1300,1368.7700,1387.5699
2012-04-13,1387.6100,1387.6100,1369.8500,1370.2600
2012-04-16,1370.2700,1379.6600,1365.3800,1369.5699
2012-04-17,1369.5699,1392.7600,1369.5699,1390.7800
2012-04-18,1390.7800,1390.7800,1383.2900,1385.1400
2012-04-19,1385.0800,1390.4600,1370.3000,1376.9200
2012-04-20,1376.9600,1387.4000,1376.9600,1378.5300
2012-04-23,1378.5300,1378.5300,1358.7900,1366.9399
2012-04-24,1366.9700,1375.5699,1366.8199,1371.9700
2012-04-25,1372.1100,1391.3700,1372.1100,1390.6899
2012-04-26,1390.6400,1402.0900,1387.2800,1399.9800
2012-04-27,1400.1899,1406.6400,1397.3101,1403.3600
2012-04-30,1403.2600,1403.2600,1394.0000,1397.9100
2012-05-01,1397.8600,1415.3199,1395.7300,1405.8199
2012-05-02,1405.5000,1405.5000,1393.9200,1402.3101
2012-05-03,1402.3199,1403.0699,1388.7100,1391.5699
2012-05-04,1391.5100,1391.5100,1367.9600,1369.1000
2012-05-07,1368.7900,1373.9100,1363.9399,1369.5800
2012-05-08,1369.1600,1369.1600,1347.7500,1363.7200
2012-05-09,1363.2000,1363.7300,1343.1300,1354.5800
2012-05-10,1354.5800,1365.8800,1354.5800,1357.9900
2012-05-11,1358.1100,1365.6600,1348.8900,1353.3900
2012-05-14,1351.9301,1351.9301,1336.6100,1338.3500
2012-05-15,1338.3600,1344.9399,1328.4100,1330.6600
2012-05-16,1330.7800,1341.7800,1324.7900,1324.8000
2012-05-17,1324.8199,1326.3600,1304.8600,1304.8600
2012-05-18,1305.0500,1312.2400,1291.9800,1295.2200
2012-05-21,1295.7300,1316.3900,1295.7300,1315.9900
2012-05-22,1316.0900,1328.4900,1310.0400,1316.6300
2012-05-23,1316.0200,1320.7100,1296.5300,1318.8600
2012-05-24,1318.7200,1324.1400,1310.5000,1320.6801
2012-05-25,1320.8101,1324.2000,1314.2300,1317.8199
2012-05-29,1318.9000,1334.9301,1318.9000,1332.4200
2012-05-30,1331.2500,1331.2500,1310.7600,1313.3199
2012-05-31,1313.0900,1319.7400,1298.9000,1310.3300
2012-06-01,1309.8700,1309.8700,1277.2500,1278.0400
2012-06-04,1278.2900,1282.5500,1266.7400,1278.1801
2012-06-05,1277.8199,1287.6200,1274.1600,1285.5000
2012-06-06,1285.6100,1315.1300,1285.6100,1315.1300
2012-06-07,1316.1500,1329.0500,1312.6801,1314.9900
2012-06-08,1314.9900,1325.8101,1307.7700,1325.6600
2012-06-11,1325.7200,1335.5200,1307.7300,1308.9301
2012-06-12,1309.4000,1324.3101,1306.6200,1324.1801
2012-06-13,1324.0200,1327.2800,1310.5100,1314.8800
2012-06-14,1314.8800,1333.6801,1314.1400,1329.1000
2012-06-15,1329.1899,1343.3199,1329.1899,1342.8400
2012-06-18,1342.4200,1348.2200,1334.4600,1344.7800
2012-06-19,1344.8300,1363.4600,1344.8300,1357.9800
2012-06-20,1358.0400,1361.5699,1346.4500,1355.6899
2012-06-21,1355.4301,1358.2700,1324.4100,1325.5100
2012-06-22,1325.9200,1337.8199,1325.9200,1335.0200
2012-06-25,1334.9000,1334.9000,1309.2700,1313.7200
2012-06-26,1314.0900,1324.2400,1310.3000,1319.9900
2012-06-27,1320.7100,1334.4000,1320.7100,1331.8500
2012-06-28,1331.5200,1331.5200,1313.2900,1329.0400
2012-06-29,1330.1200,1362.1700,1330.1200,1362.1600
2012-07-02,1362.3300,1366.3500,1355.7000,1365.5100
2012-07-03,1365.7500,1374.8101,1363.5300,1374.0200
2012-07-05,1373.7200,1373.8500,1363.0200,1367.5800
2012-07-06,1367.0900,1367.0900,1348.0300,1354.6801
2012-07-09,1354.6600,1354.8700,1346.6500,1352.4600
2012-07-10,1352.9600,1361.5400,1336.2700,1341.4700
2012-07-11,1341.4000,1345.0000,1333.2500,1341.4500
2012-07-12,1341.2900,1341.2900,1325.4100,1334.7600
2012-07-13,1334.8101,1357.7000,1334.8101,1356.7800
2012-07-16,1356.5000,1357.2600,1348.5100,1353.6400
2012-07-17,1353.6801,1365.3600,1345.0699,1363.6700
2012-07-18,1363.5800,1375.2600,1358.9600,1372.7800
2012-07-19,1373.0100,1380.3900,1371.2100,1376.5100
2012-07-20,1376.5100,1376.5100,1362.1899,1362.6600
2012-07-23,1362.3400,1362.3400,1337.5601,1350.5200
2012-07-24,1350.5200,1351.5300,1329.2400,1338.3101
2012-07-25,1338.3500,1343.9800,1331.5000,1337.8900
2012-07-26,1338.1700,1363.1300,1338.1700,1360.0200
2012-07-27,1360.0500,1389.1899,1360.0500,1385.9700
2012-07-30,1385.9399,1391.7400,1381.3700,1385.3000
2012-07-31,1385.2700,1387.1600,1379.1700,1379.3199
2012-08-01,1379.3199,1385.0300,1373.3500,1375.3199
2012-08-02,1375.1300,1375.1300,1354.6500,1365.0000
2012-08-03,1365.4500,1394.1600,1365.4500,1390.9900
2012-08-06,1391.0400,1399.6300,1391.0400,1394.2300
2012-08-07,1394.4600,1407.1400,1394.4600,1401.3500
2012-08-08,1401.2300,1404.1400,1396.1300,1402.2200
2012-08-09,1402.2600,1405.9500,1398.8000,1402.8000
2012-08-10,1402.5800,1405.9800,1395.6200,1405.8700
2012-08-13,1405.8700,1405.8700,1397.3199,1404.1100
2012-08-14,1404.3600,1410.0300,1400.6000,1403.9301
2012-08-15,1403.8900,1407.7300,1401.8300,1405.5300
2012-08-16,1405.5699,1417.4399,1404.1500,1415.5100
2012-08-17,1415.8400,1418.7100,1414.6700,1418.1600
2012-08-20,1417.8500,1418.1300,1412.1200,1418.1300
2012-08-21,1418.1300,1426.6801,1410.8600,1413.1700
2012-08-22,1413.0900,1416.1200,1406.7800,1413.4900
2012-08-23,1413.4900,1413.4900,1400.5000,1402.0800
2012-08-24,1401.9900,1413.4600,1398.0400,1411.1300
2012-08-27,1411.1300,1416.1700,1409.1100,1410.4399
2012-08-28,1410.4399,1413.6300,1405.5900,1409.3000
2012-08-29,1409.3199,1413.9500,1406.5699,1410.4900
2012-08-30,1410.0800,1410.0800,1397.0100,1399.4800
2012-08-31,1400.0699,1413.0900,1398.9600,1406.5800
2012-09-04,1406.5400,1409.3101,1396.5601,1404.9399
2012-09-05,1404.9399,1408.8101,1401.2500,1403.4399
2012-09-06,1403.7400,1432.1200,1403.7400,1432.1200
2012-09-07,1432.1200,1437.9200,1431.4500,1437.9200
2012-09-10,1437.9200,1438.7400,1428.9800,1429.0800
2012-09-11,1429.1300,1437.7600,1429.1300,1433.5601
2012-09-12,1433.5601,1439.1500,1432.9900,1436.5601
2012-09-13,1436.5601,1463.7600,1435.3400,1459.9900
2012-09-14,1460.0699,1474.5100,1460.0699,1465.7700
2012-09-17,1465.4200,1465.6300,1457.5500,1461.1899
2012-09-18,1461.1899,1461.4700,1456.1300,1459.3199
2012-09-19,1459.5000,1465.1500,1457.8800,1461.0500
2012-09-20,1461.0500,1461.2300,1449.9800,1460.2600
2012-09-21,1460.3400,1467.0699,1459.5100,1460.1500
2012-09-24,1459.7600,1460.7200,1452.0601,1456.8900
2012-09-25,1456.9399,1463.2400,1441.5900,1441.5900
2012-09-26,1441.6000,1441.6000,1430.5300,1433.3199
2012-09-27,1433.3600,1450.2000,1433.3600,1447.1500
2012-09-28,1447.1300,1447.1300,1435.6000,1440.6700
2012-10-01,1440.9000,1457.1400,1440.9000,1444.4900
2012-10-02,1444.9900,1451.5200,1439.0100,1445.7500
2012-10-03,1446.0500,1454.3000,1441.9900,1450.9900
2012-10-04,1451.0800,1463.1400,1451.0800,1461.4000
2012-10-05,1461.4000,1470.9600,1456.8900,1460.9301
2012-10-08,1460.9301,1460.9301,1453.1000,1455.8800
2012-10-09,1455.9000,1455.9000,1441.1801,1441.4800
2012-10-10,1441.4800,1442.5200,1430.6400,1432.5601
2012-10-11,1432.8199,1443.9000,1432.8199,1432.8400
2012-10-12,1432.8400,1438.4301,1425.5300,1428.5900
2012-10-15,1428.7500,1441.3101,1427.2400,1440.1300
2012-10-16,1440.3101,1455.5100,1440.3101,1454.9200
2012-10-17,1454.2200,1462.2000,1453.3500,1460.9100
2012-10-18,1460.9399,1464.0200,1452.6300,1457.3400
2012-10-19,1457.3400,1457.3400,1429.8500,1433.1899
2012-10-22,1433.2100,1435.4600,1422.0601,1433.8199
2012-10-23,1433.7400,1433.7400,1407.5601,1413.1100
2012-10-24,1413.2000,1420.0400,1407.1000,1408.7500
2012-10-25,1409.7400,1421.1200,1405.1400,1412.9700
2012-10-26,1412.9700,1417.0900,1403.2800,1411.9399
2012-10-31,1410.9900,1418.7600,1405.9500,1412.1600
2012-11-01,1412.2000,1428.3500,1412.2000,1427.5900
2012-11-02,1427.5900,1434.2700,1412.9100,1414.2000
2012-11-05,1414.0200,1419.9000,1408.1300,1417.2600
2012-11-06,1417.2600,1433.3800,1417.2600,1428.3900
2012-11-07,1428.2700,1428.2700,1388.1400,1394.5300
2012-11-08,1394.5300,1401.2300,1377.5100,1377.5100
2012-11-09,1377.5500,1391.3900,1373.0300,1379.8500
2012-11-12,1379.8600,1384.8700,1377.1899,1380.0300
2012-11-13,1380.0300,1388.8101,1371.3900,1374.5300
2012-11-14,1374.6400,1380.1300,1352.5000,1355.4900
2012-11-15,1355.4100,1360.6200,1348.0500,1353.3300
2012-11-16,1353.3600,1362.0300,1343.3500,1359.8800
2012-11-19,1359.8800,1386.8900,1359.8800,1386.8900
2012-11-20,1386.8199,1389.7700,1377.0400,1387.8101
2012-11-21,1387.7900,1391.2500,1386.3900,1391.0300
2012-11-23,1391.0300,1409.1600,1391.0300,1409.1500
2012-11-26,1409.1500,1409.1500,1397.6801,1406.2900
2012-11-27,1406.2900,1409.0100,1398.0300,1398.9399
2012-11-28,1398.7700,1410.3101,1385.4301,1409.9301
2012-11-29,1409.9600,1419.7000,1409.0400,1415.9500
2012-11-30,1415.9500,1418.8600,1411.6300,1416.1801
2012-12-03,1416.3400,1423.7300,1408.4600,1409.4600
2012-12-04,1409.4600,1413.1400,1403.6500,1407.0500
2012-12-05,1407.0500,1415.5601,1398.2300,1409.2800
2012-12-06,1409.4301,1413.9500,1405.9301,1413.9399
2012-12-07,1413.9500,1420.3400,1410.9000,1418.0699
2012-12-10,1418.0699,1421.6400,1415.6400,1418.5500
2012-12-11,1418.5500,1434.2700,1418.5500,1427.8400
2012-12-12,1427.8400,1438.5900,1426.7600,1428.4800
2012-12-13,1428.4800,1431.3600,1416.0000,1419.4500
2012-12-14,1419.4500,1419.4500,1411.8800,1413.5800
2012-12-17,1413.5400,1430.6700,1413.5400,1430.3600
2012-12-18,1430.4700,1448.0000,1430.4700,1446.7900
2012-12-19,1446.7900,1447.7500,1435.8000,1435.8101
2012-12-20,1435.8101,1443.7000,1432.8199,1443.6899
2012-12-21,1443.6700,1443.6700,1422.5800,1430.1500
2012-12-24,1430.1500,1430.1500,1424.6600,1426.6600
2012-12-26,1426.6600,1429.4200,1416.4301,1419.8300
2012-12-27,1419.8300,1422.8000,1401.8000,1418.1000
2012-12-28,1418.1000,1418.1000,1401.5800,1402.4301
2012-12-31,1402.4301,1426.7400,1398.1100,1426.1899
2013-01-02,1426.1899,1462.4301,1426.1899,1462.4200
2013-01-03,1462.4200,1465.4700,1455.5300,1459.3700
2013-01-04,1459.3700,1467.9399,1458.9900,1466.4700
2013-01-07,1466.4700,1466.4700,1456.6200,1461.8900
2013-01-08,1461.8900,1461.8900,1451.6400,1457.1500
2013-01-09,1457.1500,1464.7300,1457.1500,1461.0200
2013-01-10,1461.0200,1472.3000,1461.0200,1472.1200
2013-01-11,1472.1200,1472.7500,1467.5800,1472.0500
2013-01-14,1472.0500,1472.0500,1465.6899,1470.6801
2013-01-15,1470.6700,1473.3101,1463.7600,1472.3400
2013-01-16,1472.3300,1473.9600,1467.6000,1472.6300
2013-01-17,1472.6300,1485.1600,1472.6300,1480.9399
2013-01-18,1480.9500,1485.9800,1475.8101,1485.9800
2013-01-22,1485.9800,1492.5601,1481.1600,1492.5601
2013-01-23,1492.5601,1496.1300,1489.9000,1494.8101
2013-01-24,1494.8101,1502.2700,1489.4600,1494.8199
2013-01-25,1494.8199,1503.2600,1494.8199,1502.9600
2013-01-28,1502.9600,1503.2300,1496.3300,1500.1801
2013-01-29,1500.1801,1509.3500,1498.0900,1507.8400
2013-01-30,1507.8400,1509.9399,1500.1100,1501.9600
2013-01-31,1501.9600,1504.1899,1496.7600,1498.1100
2013-02-01,1498.1100,1514.4100,1498.1100,1513.1700
2013-02-04,1513.1700,1513.1700,1495.0200,1495.7100
2013-02-05,1495.7100,1514.9600,1495.7100,1511.2900
2013-02-06,1511.2900,1512.5300,1504.7100,1512.1200
2013-02-07,1512.1200,1512.9000,1498.4900,1509.3900
2013-02-08,1509.3900,1518.3101,1509.3900,1517.9301
2013-02-11,1517.9301,1518.3101,1513.6100,1517.0100
2013-02-12,1517.0100,1522.2900,1515.6100,1519.4301
2013-02-13,1519.4301,1524.6899,1515.9301,1520.3300
2013-02-14,1520.3300,1523.1400,1514.0200,1521.3800
2013-02-15,1521.3800,1524.2400,1514.1400,1519.7900
2013-02-19,1519.7900,1530.9399,1519.7900,1530.9399
2013-02-20,1530.9399,1530.9399,1511.4100,1511.9500
2013-02-21,1511.9500,1511.9500,1497.2900,1502.4200
2013-02-22,1502.4200,1515.6400,1502.4200,1515.6000
2013-02-25,1515.6000,1525.8400,1487.8500,1487.8500
2013-02-26,1487.8500,1498.9900,1485.0100,1496.9399
2013-02-27,1496.9399,1520.0800,1494.8800,1515.9900
2013-02-28,1515.9900,1525.3400,1514.4600,1514.6801
2013-03-01,1514.6801,1519.9900,1501.4800,1518.2000
2013-03-04,1518.2000,1525.2700,1512.2900,1525.2000
2013-03-05,1525.2000,1543.4700,1525.2000,1539.7900
2013-03-06,1539.7900,1545.2500,1538.1100,1541.4600
2013-03-07,1541.4600,1545.7800,1541.4600,1544.2600
2013-03-08,1544.2600,1552.4800,1542.9399,1551.1801
2013-03-11,1551.1500,1556.2700,1547.3600,1556.2200
2013-03-12,1556.2200,1556.7700,1548.2400,1552.4800
2013-03-13,1552.4800,1556.3900,1548.2500,1554.5200
2013-03-14,1554.5200,1563.3199,1554.5200,1563.2300
2013-03-15,1563.2100,1563.6200,1555.7400,1560.7000
2013-03-18,1560.7000,1560.7000,1545.1300,1552.1000
2013-03-19,1552.1000,1557.2500,1538.5699,1548.3400
2013-03-20,1548.3400,1561.5601,1548.3400,1558.7100
2013-03-21,1558.7100,1558.7100,1543.5500,1545.8000
2013-03-22,1545.9000,1557.7400,1545.9000,1556.8900
2013-03-25,1556.8900,1564.9100,1546.2200,1551.6899
2013-03-26,1551.6899,1563.9500,1551.6899,1563.7700
2013-03-27,1563.7500,1564.0699,1551.9000,1562.8500
2013-03-28,1562.8600,1570.2800,1561.0800,1569.1899
2013-04-01,1569.1801,1570.5699,1558.4700,1562.1700
2013-04-02,1562.1700,1573.6600,1562.1700,1570.2500
2013-04-03,1570.2500,1571.4700,1549.8000,1553.6899
2013-04-04,1553.6899,1562.6000,1552.5200,1559.9800
2013-04-05,1559.9800,1559.9800,1539.5000,1553.2800
2013-04-08,1553.2600,1563.0699,1548.6300,1563.0699
2013-04-09,1563.1100,1573.8900,1560.9200,1568.6100
2013-04-10,1568.6100,1589.0699,1568.6100,1587.7300
2013-04-11,1587.7300,1597.3500,1586.1700,1593.3700
2013-04-12,1593.3000,1593.3000,1579.9700,1588.8500
2013-04-15,1588.8400,1588.8400,1552.2800,1552.3600
2013-04-16,1552.3600,1575.3500,1552.3600,1574.5699
2013-04-17,1574.5699,1574.5699,1543.6899,1552.0100
2013-04-18,1552.0300,1554.3800,1536.0300,1541.6100
2013-04-19,1541.6100,1555.8900,1539.4000,1555.2500
2013-04-22,1555.2500,1565.5500,1548.1899,1562.5000
2013-04-23,1562.5000,1579.5800,1562.5000,1578.7800
2013-04-24,1578.7800,1583.0000,1575.8000,1578.7900
2013-04-25,1578.9301,1592.6400,1578.9301,1585.1600
2013-04-26,1585.1600,1585.7800,1577.5601,1582.2400
2013-04-29,1582.3400,1596.6500,1582.3400,1593.6100
2013-04-30,1593.5800,1597.5699,1586.5000,1597.5699
2013-05-01,1597.5500,1597.5500,1581.2800,1582.7000
2013-05-02,1582.7700,1598.6000,1582.7700,1597.5900
2013-05-03,1597.6000,1618.4600,1597.6000,1614.4200
2013-05-06,1614.4000,1619.7700,1614.2100,1617.5000
2013-05-07,1617.5500,1626.0300,1616.6400,1625.9600
2013-05-08,1625.9500,1632.7800,1622.7000,1632.6899
2013-05-09,1632.6899,1635.0100,1623.0900,1626.6700
2013-05-10,1626.6899,1633.7000,1623.7100,1633.7000
2013-05-13,1632.1000,1636.0000,1626.7400,1633.7700
2013-05-14,1633.7500,1651.1000,1633.7500,1650.3400
2013-05-15,1649.1300,1661.4900,1646.6801,1658.7800
2013-05-16,1658.0699,1660.5100,1648.6000,1650.4700
2013-05-17,1652.4500,1667.4700,1652.4500,1667.4700
2013-05-20,1665.7100,1672.8400,1663.5200,1666.2900
2013-05-21,1666.2000,1674.9301,1662.6700,1669.1600
2013-05-22,1669.3900,1687.1801,1648.8600,1655.3500
2013-05-23,1651.6200,1655.5000,1635.5300,1650.5100
2013-05-24,1646.6700,1649.7800,1636.8800,1649.6000
2013-05-28,1652.6300,1674.2100,1652.6300,1660.0601
2013-05-29,1656.5699,1656.5699,1640.0500,1648.3600
2013-05-30,1649.1400,1661.9100,1648.6100,1654.4100
2013-05-31,1652.1300,1658.9900,1630.7400,1630.7400
2013-06-03,1631.7100,1640.4200,1622.7200,1640.4200
2013-06-04,1640.7300,1646.5300,1623.6200,1631.3800
2013-06-05,1629.0500,1629.3101,1607.0900,1608.9000
2013-06-06,1609.2900,1622.5601,1598.2300,1622.5601
2013-06-07,1625.2700,1644.4000,1625.2700,1643.3800
2013-06-10,1644.6700,1648.6899,1639.2600,1642.8101
2013-06-11,1638.6400,1640.1300,1622.9200,1626.1300
2013-06-12,1629.9399,1637.7100,1610.9200,1612.5200
2013-06-13,1612.1500,1639.2500,1608.0699,1636.3600
2013-06-14,1635.5200,1640.8000,1623.9600,1626.7300
2013-06-17,1630.6400,1646.5000,1630.3400,1639.0400
2013-06-18,1639.7700,1654.1899,1639.7700,1651.8101
2013-06-19,1651.8300,1652.4500,1628.9100,1628.9301
2013-06-20,1624.6200,1624.6200,1584.3199,1588.1899
2013-06-21,1588.6200,1599.1899,1577.7000,1592.4301
2013-06-24,1588.7700,1588.7700,1560.3300,1573.0900
2013-06-25,1577.5200,1593.7900,1577.0900,1588.0300
2013-06-26,1592.2700,1606.8300,1592.2700,1603.2600
2013-06-27,1606.4399,1620.0699,1606.4399,1613.2000
2013-06-28,1611.1200,1615.9399,1601.0601,1606.2800
2013-07-01,1609.7800,1626.6100,1609.7800,1614.9600
2013-07-02,1614.2900,1624.2600,1606.7700,1614.0800
2013-07-03,1611.4800,1618.9700,1604.5699,1615.4100
2013-07-05,1618.6500,1632.0699,1614.7100,1631.8900
2013-07-08,1634.2000,1644.6801,1634.2000,1640.4600
2013-07-09,1642.8900,1654.1801,1642.8900,1652.3199
2013-07-10,1651.5601,1657.9200,1647.6600,1652.6200
2013-07-11,1657.4100,1676.6300,1657.4100,1675.0200
2013-07-12,1675.2600,1680.1899,1672.3300,1680.1899
2013-07-15,1679.5900,1684.5100,1677.8900,1682.5000
2013-07-16,1682.7000,1683.7300,1671.8400,1676.2600
2013-07-17,1677.9100,1684.7500,1677.9100,1680.9100
2013-07-18,1681.0500,1693.1200,1681.0500,1689.3700
2013-07-19,1686.1500,1692.0900,1684.0800,1692.0900
2013-07-22,1694.4100,1697.6100,1690.6700,1695.5300
2013-07-23,1696.6300,1698.7800,1691.1300,1692.3900
2013-07-24,1696.0601,1698.3800,1682.5699,1685.9399
2013-07-25,1685.2100,1690.9399,1680.0699,1690.2500
2013-07-26,1687.3101,1691.8500,1676.0300,1691.6500
2013-07-29,1690.3199,1690.9200,1681.8600,1685.3300
2013-07-30,1687.9200,1693.1899,1682.4200,1685.9600
2013-07-31,1687.7600,1698.4301,1684.9399,1685.7300
2013-08-01,1689.4200,1707.8500,1689.4200,1706.8700
2013-08-02,1706.1000,1709.6700,1700.6801,1709.6700
2013-08-05,1708.0100,1709.2400,1703.5500,1707.1400
2013-08-06,1705.7900,1705.7900,1693.2900,1697.3700
2013-08-07,1695.3000,1695.3000,1684.9100,1690.9100
2013-08-08,1693.3500,1700.1801,1688.3800,1697.4800
2013-08-09,1696.1000,1699.4200,1686.0200,1691.4200
2013-08-12,1688.3700,1691.4900,1683.3500,1689.4700
2013-08-13,1690.6500,1696.8101,1682.6200,1694.1600
2013-08-14,1693.8800,1695.5200,1684.8300,1685.3900
2013-08-15,1679.6100,1679.6100,1658.5900,1661.3199
2013-08-16,1661.2200,1663.6000,1652.6100,1655.8300
2013-08-19,1655.2500,1659.1801,1645.8400,1646.0601
2013-08-20,1646.8101,1658.9200,1646.0800,1652.3500
2013-08-21,1650.6600,1656.9900,1639.4301,1642.8000
2013-08-22,1645.0300,1659.5500,1645.0300,1656.9600
2013-08-23,1659.9200,1664.8500,1654.8101,1663.5000
2013-08-26,1664.2900,1669.5100,1656.0200,1656.7800
2013-08-27,1652.5400,1652.5400,1629.0500,1630.4800
2013-08-28,1630.2500,1641.1801,1627.4700,1634.9600
2013-08-29,1633.5000,1646.4100,1630.8800,1638.1700
2013-08-30,1638.8900,1640.0800,1628.0500,1632.9700
2013-09-03,1635.9500,1651.3500,1633.4100,1639.7700
2013-09-04,1640.7200,1655.7200,1637.4100,1653.0800
2013-09-05,1653.2800,1659.1700,1653.0699,1655.0800
2013-09-06,1657.4399,1664.8300,1640.6200,1655.1700
2013-09-09,1656.8500,1672.4000,1656.8500,1671.7100
2013-09-10,1675.1100,1684.0900,1675.1100,1683.9900
2013-09-11,1681.0400,1689.1300,1678.7000,1689.1300
2013-09-12,1689.2100,1689.9700,1681.9600,1683.4200
2013-09-13,1685.0400,1688.7300,1682.2200,1687.9900
2013-09-16,1691.7000,1704.9500,1691.7000,1697.6000
2013-09-17,1697.7300,1705.5200,1697.7300,1704.7600
2013-09-18,1705.7400,1729.4399,1700.3500,1725.5200
2013-09-19,1727.3400,1729.8600,1720.2000,1722.3400
2013-09-20,1722.4399,1725.2300,1708.8900,1709.9100
2013-09-23,1711.4399,1711.4399,1697.1000,1701.8400
2013-09-24,1702.6000,1707.6300,1694.9000,1697.4200
2013-09-25,1698.0200,1701.7100,1691.8800,1692.7700
2013-09-26,1694.0500,1703.8500,1693.1100,1698.6700
2013-09-27,1695.5200,1695.5200,1687.1100,1691.7500
2013-09-30,1687.2600,1687.2600,1674.9900,1681.5500
2013-10-01,1682.4100,1696.5500,1682.0699,1695.0000
2013-10-02,1691.9000,1693.8700,1680.3400,1693.8700
2013-10-03,1692.3500,1692.3500,1670.3600,1678.6600
2013-10-04,1678.7900,1691.9399,1677.3300,1690.5000
2013-10-07,1687.1500,1687.1500,1674.7000,1676.1200
2013-10-08,1676.2200,1676.7900,1655.0300,1655.4500
2013-10-09,1656.9900,1662.4700,1646.4700,1656.4000
2013-10-10,1660.8800,1692.5601,1660.8800,1692.5601
2013-10-11,1691.0900,1703.4399,1688.5200,1703.2000
2013-10-14,1699.8600,1711.0300,1692.1300,1710.1400
2013-10-15,1709.1700,1711.5699,1695.9301,1698.0601
2013-10-16,1700.4900,1721.7600,1700.4900,1721.5400
2013-10-17,1720.1700,1733.4500,1714.1200,1733.1500
2013-10-18,1736.7200,1745.3101,1735.7400,1744.5000
2013-10-21,1745.2000,1747.7900,1740.6700,1744.6600
2013-10-22,1746.4800,1759.3300,1746.4800,1754.6700
2013-10-23,1752.2700,1752.2700,1740.5000,1746.3800
2013-10-24,1747.4800,1753.9399,1745.5000,1752.0699
2013-10-25,1756.0100,1759.8199,1752.4500,1759.7700
2013-10-28,1759.4200,1764.9900,1757.6700,1762.1100
2013-10-29,1762.9301,1772.0900,1762.9301,1771.9500
2013-10-30,1772.2700,1775.2200,1757.2400,1763.3101
2013-10-31,1763.2400,1768.5300,1755.7200,1756.5400
2013-11-01,1758.7000,1765.6700,1752.7000,1761.6400
2013-11-04,1763.4000,1768.7800,1761.5601,1767.9301
2013-11-05,1765.6700,1767.0300,1755.7600,1762.9700
2013-11-06,1765.0000,1773.7400,1764.4000,1770.4900
2013-11-07,1770.7400,1774.5400,1746.2000,1747.1500
2013-11-08,1748.3700,1770.7800,1747.6300,1770.6100
2013-11-11,1769.9600,1773.4399,1767.8500,1771.8900
2013-11-12,1769.5100,1771.7800,1762.2900,1767.6899
2013-11-13,1764.3700,1782.0000,1760.6400,1782.0000
2013-11-14,1782.7500,1791.5300,1780.2200,1790.6200
2013-11-15,1790.6600,1798.2200,1790.6600,1798.1801
2013-11-18,1798.8199,1802.3300,1788.0000,1791.5300
2013-11-19,1790.7900,1795.5100,1784.7200,1787.8700
2013-11-20,1789.5900,1795.7300,1777.2300,1781.3700
2013-11-21,1783.5200,1797.1600,1783.5200,1795.8500
2013-11-22,1797.2100,1804.8400,1794.7000,1804.7600
2013-11-25,1806.3300,1808.1000,1800.5800,1802.4800
2013-11-26,1802.8700,1808.4200,1800.7700,1802.7500
2013-11-27,1803.4800,1808.2700,1802.7700,1807.2300
2013-11-29,1808.6899,1813.5500,1803.9800,1805.8101
2013-12-02,1806.5500,1810.0200,1798.6000,1800.9000
2013-12-03,1800.1000,1800.1000,1787.8500,1795.1500
2013-12-04,1793.1500,1799.8000,1779.0900,1792.8101
2013-12-05,1792.8199,1792.8199,1783.3800,1785.0300
2013-12-06,1788.3600,1806.0400,1788.3600,1805.0900
2013-12-09,1806.2100,1811.5200,1806.2100,1808.3700
2013-12-10,1807.6000,1808.5200,1801.7500,1802.6200
2013-12-11,1802.7600,1802.9700,1780.0900,1782.2200
2013-12-12,1781.7100,1782.9900,1772.2800,1775.5000
2013-12-13,1777.9800,1780.9200,1772.4500,1775.3199
2013-12-16,1777.4800,1792.2200,1777.4800,1786.5400
2013-12-17,1786.4700,1786.7700,1777.0500,1781.0000
2013-12-18,1781.4600,1811.0800,1767.9900,1810.6500
2013-12-19,1809.0000,1810.8800,1801.3500,1809.6000
2013-12-20,1810.3900,1823.7500,1810.2500,1818.3199
2013-12-23,1822.9200,1829.7500,1822.9200,1827.9900
2013-12-24,1828.0200,1833.3199,1828.0200,1833.3199
2013-12-26,1834.9600,1842.8400,1834.9600,1842.0200
2013-12-27,1842.9700,1844.8900,1839.8101,1841.4000
2013-12-30,1841.4700,1842.4700,1838.7700,1841.0699
2013-12-31,1842.6100,1849.4399,1842.4100,1848.3600
2014-01-02,1845.8600,1845.8600,1827.7400,1831.9800
2014-01-03,1833.2100,1838.2400,1829.1300,1831.3700
2014-01-06,1832.3101,1837.1600,1823.7300,1826.7700
2014-01-07,1828.7100,1840.1000,1828.7100,1837.8800
2014-01-08,1837.9000,1840.0200,1831.4000,1837.4900
2014-01-09,1839.0000,1843.2300,1830.3800,1838.1300
2014-01-10,1840.0601,1843.1500,1832.4301,1842.3700
2014-01-13,1841.2600,1843.4500,1815.5200,1819.2000
2014-01-14,1821.3600,1839.2600,1821.3600,1838.8800
2014-01-15,1840.5200,1850.8400,1840.5200,1848.3800
2014-01-16,1847.9900,1847.9900,1840.3000,1845.8900
2014-01-17,1844.2300,1846.0400,1835.2300,1838.7000
2014-01-21,1841.0500,1849.3101,1832.3800,1843.8000
2014-01-22,1844.7100,1846.8700,1840.8800,1844.8600
2014-01-23,1842.2900,1842.2900,1820.0601,1828.4600
2014-01-24,1826.9600,1826.9600,1790.2900,1790.2900
2014-01-27,1791.0300,1795.9800,1772.8800,1781.5601
2014-01-28,1783.0000,1793.8700,1779.4900,1792.5000
2014-01-29,1790.1500,1790.1500,1770.4500,1774.2000
2014-01-30,1777.1700,1798.7700,1777.1700,1794.1899
2014-01-31,1790.8800,1793.8800,1772.2600,1782.5900
2014-02-03,1782.6801,1784.8300,1739.6600,1741.8900
2014-02-04,1743.8199,1758.7300,1743.8199,1755.2000
2014-02-05,1753.3800,1755.7900,1737.9200,1751.6400
2014-02-06,1752.9900,1774.0601,1752.9900,1773.4301
2014-02-07,1776.0100,1798.0300,1776.0100,1797.0200
2014-02-10,1796.2000,1799.9399,1791.8300,1799.8400
2014-02-11,1800.4500,1823.5400,1800.4100,1819.7500
2014-02-12,1820.1200,1826.5500,1815.9700,1819.2600
2014-02-13,1814.8199,1830.2500,1809.2200,1829.8300
2014-02-14,1828.4600,1841.6500,1825.5900,1838.6300
2014-02-18,1839.0300,1842.8700,1835.0100,1840.7600
2014-02-19,1838.9000,1847.5000,1826.9900,1828.7500
2014-02-20,1829.2400,1842.7900,1824.5800,1839.7800
2014-02-21,1841.0699,1846.1300,1835.6000,1836.2500
2014-02-24,1836.7800,1858.7100,1836.7800,1847.6100
2014-02-25,1847.6600,1852.9100,1840.1899,1845.1200
2014-02-26,1845.7900,1852.6500,1840.6600,1845.1600
2014-02-27,1844.9000,1854.5300,1841.1300,1854.2900
2014-02-28,1855.1200,1867.9200,1847.6700,1859.4500
2014-03-03,1857.6801,1857.6801,1834.4399,1845.7300
2014-03-04,1849.2300,1876.2300,1849.2300,1873.9100
2014-03-05,1874.0500,1876.5300,1871.1100,1873.8101
2014-03-06,1874.1801,1881.9399,1874.1801,1877.0300
2014-03-07,1878.5200,1883.5699,1870.5601,1878.0400
2014-03-10,1877.8600,1877.8700,1867.0400,1877.1700
2014-03-11,1878.2600,1882.3500,1863.8800,1867.6300
2014-03-12,1866.1500,1868.3800,1854.3800,1868.2000
2014-03-13,1869.0601,1874.4000,1841.8600,1846.3400
2014-03-14,1845.0699,1852.4399,1839.5699,1841.1300
2014-03-17,1842.8101,1862.3000,1842.8101,1858.8300
2014-03-18,1858.9200,1873.7600,1858.9200,1872.2500
2014-03-19,1872.2500,1874.1400,1850.3500,1860.7700
2014-03-20,1860.0900,1873.4900,1854.6300,1872.0100
2014-03-21,1874.5300,1883.9700,1863.4600,1866.5200
2014-03-24,1867.6700,1873.3400,1849.6899,1857.4399
2014-03-25,1859.4800,1871.8700,1855.9600,1865.6200
2014-03-26,1867.0900,1875.9200,1852.5601,1852.5601
2014-03-27,1852.1100,1855.5500,1842.1100,1849.0400
2014-03-28,1850.0699,1866.6300,1850.0699,1857.6200
2014-03-31,1859.1600,1875.1801,1859.1600,1872.3400
2014-04-01,1873.9600,1885.8400,1873.9600,1885.5200
2014-04-02,1886.6100,1893.1700,1883.7900,1890.9000
2014-04-03,1891.4301,1893.8000,1882.6500,1888.7700
2014-04-04,1890.2500,1897.2800,1863.2600,1865.0900
2014-04-07,1863.9200,1864.0400,1841.4800,1845.0400
2014-04-08,1845.4800,1854.9500,1837.4900,1851.9600
2014-04-09,1852.6400,1872.4301,1852.3800,1872.1801
2014-04-10,1872.2800,1872.5300,1830.8700,1833.0800
2014-04-11,1830.6500,1835.0699,1814.3600,1815.6899
2014-04-14,1818.1801,1834.1899,1815.8000,1830.6100
2014-04-15,1831.4500,1844.0200,1816.2900,1842.9800
2014-04-16,1846.0100,1862.3101,1846.0100,1862.3101
2014-04-17,1861.7300,1869.6300,1856.7200,1864.8500
2014-04-21,1865.7900,1871.8900,1863.1801,1871.8900
2014-04-22,1872.5699,1884.8900,1872.5699,1879.5500
2014-04-23,1879.3199,1879.7500,1873.9100,1875.3900
2014-04-24,1881.9700,1884.0601,1870.2400,1878.6100
2014-04-25,1877.7200,1877.7200,1859.7000,1863.4000
2014-04-28,1865.0000,1877.0100,1850.6100,1869.4301
2014-04-29,1870.7800,1880.6000,1870.7800,1878.3300
2014-04-30,1877.1000,1885.2000,1872.6899,1883.9500
2014-05-01,1884.3900,1888.5900,1878.0400,1883.6801
2014-05-02,1885.3000,1891.3300,1878.5000,1881.1400
2014-05-05,1879.4500,1885.5100,1866.7700,1884.6600
2014-05-06,1883.6899,1883.6899,1867.7200,1867.7200
2014-05-07,1868.5300,1878.8300,1859.7900,1878.2100
2014-05-08,1877.3900,1889.0699,1870.0500,1875.6300
2014-05-09,1875.2700,1878.5699,1867.0200,1878.4800
2014-05-12,1880.0300,1897.1300,1880.0300,1896.6500
2014-05-13,1896.7500,1902.1700,1896.0601,1897.4500
2014-05-14,1897.1300,1897.1300,1885.7700,1888.5300
2014-05-15,1888.1600,1888.1600,1862.3600,1870.8500
2014-05-16,1871.1899,1878.2800,1864.8199,1877.8600
2014-05-19,1876.6600,1886.0000,1872.4200,1885.0800
2014-05-20,1884.8800,1884.8800,1868.1400,1872.8300
2014-05-21,1873.3400,1888.8000,1873.3400,1888.0300
2014-05-22,1888.1899,1896.3300,1885.3900,1892.4900
2014-05-23,1893.3199,1901.2600,1893.3199,1900.5300
2014-05-27,1902.0100,1912.2800,1902.0100,1911.9100
2014-05-28,1911.7700,1914.4600,1907.3000,1909.7800
2014-05-29,1910.6000,1920.0300,1909.8199,1920.0300
2014-05-30,1920.3300,1924.0300,1916.6400,1923.5699
2014-06-02,1923.8700,1925.8800,1915.9800,1924.9700
2014-06-03,1923.0699,1925.0699,1918.7900,1924.2400
2014-06-04,1923.0601,1928.6300,1918.6000,1927.8800
2014-06-05,1928.5200,1941.7400,1922.9301,1940.4600
2014-06-06,1942.4100,1949.4399,1942.4100,1949.4399
2014-06-09,1948.9700,1955.5500,1947.1600,1951.2700
2014-06-10,1950.3400,1950.8600,1944.6400,1950.7900
2014-06-11,1949.3700,1949.3700,1940.0800,1943.8900
2014-06-12,1943.3500,1943.3500,1925.7800,1930.1100
2014-06-13,1930.8000,1937.3000,1927.6899,1936.1600
2014-06-16,1934.8400,1941.1500,1930.9100,1937.7800
2014-06-17,1937.1500,1943.6899,1933.5500,1941.9900
2014-06-18,1942.7300,1957.7400,1939.2900,1956.9800
2014-06-19,1957.5000,1959.8700,1952.2600,1959.4800
2014-06-20,1960.4500,1963.9100,1959.1700,1962.8700
2014-06-23,1962.9200,1963.7400,1958.8900,1962.6100
2014-06-24,1961.9700,1968.1700,1948.3400,1949.9800
2014-06-25,1949.2700,1960.8300,1947.4900,1959.5300
2014-06-26,1959.8900,1959.8900,1944.6899,1957.2200
2014-06-27,1956.5601,1961.4700,1952.1801,1960.9600
2014-06-30,1960.7900,1964.2400,1958.2200,1960.2300
2014-07-01,1962.2900,1978.5800,1962.2900,1973.3199
2014-07-02,1973.0601,1976.6700,1972.5800,1974.6200
2014-07-03,1975.8800,1985.5900,1975.8800,1985.4399
2014-07-07,1984.2200,1984.2200,1974.8800,1977.6500
2014-07-08,1976.3900,1976.3900,1959.4600,1963.7100
2014-07-09,1965.1000,1974.1500,1965.1000,1972.8300
2014-07-10,1966.6700,1969.8400,1952.8600,1964.6801
2014-07-11,1965.7600,1968.6700,1959.6300,1967.5699
2014-07-14,1969.8600,1979.8500,1969.8600,1977.1000
2014-07-15,1977.3600,1982.5200,1965.3400,1973.2800
2014-07-16,1976.3500,1983.9399,1975.6700,1981.5699
2014-07-17,1979.7500,1981.8000,1955.5900,1958.1200
2014-07-18,1961.5400,1979.9100,1960.8199,1978.2200
2014-07-21,1976.9301,1976.9301,1965.7700,1973.6300
2014-07-22,1975.6500,1986.2400,1975.6500,1983.5300
2014-07-23,1985.3199,1989.2300,1982.4399,1987.0100
2014-07-24,1988.0699,1991.3900,1985.7900,1987.9800
2014-07-25,1984.6000,1984.6000,1974.3700,1978.3400
2014-07-28,1978.2500,1981.5200,1967.3101,1978.9100
2014-07-29,1980.0300,1984.8500,1969.9500,1969.9500
2014-07-30,1973.2100,1978.9000,1962.4200,1970.0699
2014-07-31,1965.1400,1965.1400,1930.6700,1930.6700
2014-08-01,1929.8000,1937.3500,1916.3700,1925.1500
2014-08-04,1926.6200,1942.9200,1921.2000,1938.9900
2014-08-05,1936.3400,1936.3400,1913.7700,1920.2100
2014-08-06,1917.2900,1927.9100,1911.4500,1920.2400
2014-08-07,1923.0300,1928.8900,1904.7800,1909.5699
2014-08-08,1910.3500,1932.3800,1909.0100,1931.5900
2014-08-11,1933.4301,1944.9000,1933.4301,1936.9200
2014-08-12,1935.7300,1939.6500,1928.2900,1933.7500
2014-08-13,1935.6000,1948.4100,1935.6000,1946.7200
2014-08-14,1947.4100,1955.2300,1947.4100,1955.1801
2014-08-15,1958.8700,1964.0400,1941.5000,1955.0601
2014-08-18,1958.3600,1971.9900,1958.3600,1971.7400
2014-08-19,1972.7300,1982.5699,1972.7300,1981.6000
2014-08-20,1980.4600,1988.5699,1977.6801,1986.5100
2014-08-21,1986.8199,1994.7600,1986.8199,1992.3700
2014-08-22,1992.6000,1993.5400,1984.7600,1988.4000
2014-08-25,1991.7400,2001.9500,1991.7400,1997.9200
2014-08-26,1998.5900,2005.0400,1998.5900,2000.0200
2014-08-27,2000.5400,2002.1400,1996.2000,2000.1200
2014-08-28,1997.4200,1998.5500,1990.5200,1996.7400
2014-08-29,1998.4500,2003.3800,1994.6500,2003.3700
2014-09-02,2004.0699,2006.1200,1994.8500,2002.2800
2014-09-03,2003.5699,2009.2800,1998.1400,2000.7200
2014-09-04,2001.6700,2011.1700,1992.5400,1997.6500
2014-09-05,1998.0000,2007.7100,1990.1000,2007.7100
2014-09-08,2007.1700,2007.1700,1995.6000,2001.5400
2014-09-09,2000.7300,2001.0100,1984.6100,1988.4399
2014-09-10,1988.4100,1996.6600,1982.9900,1995.6899
2014-09-11,1992.8500,1997.6500,1985.9301,1997.4500
2014-09-12,1996.7400,1996.7400,1980.2600,1985.5400
2014-09-15,1986.0400,1987.1801,1978.4800,1984.1300
2014-09-16,1981.9301,2002.2800,1979.0601,1998.9800
2014-09-17,1999.3000,2010.7400,1993.2900,2001.5699
2014-09-18,2003.0699,2012.3400,2003.0699,2011.3600
2014-09-19,2012.7400,2019.2600,2006.5900,2010.4000
2014-09-22,2009.0800,2009.0800,1991.0100,1994.2900
2014-09-23,1992.7800,1995.4100,1982.7700,1982.7700
2014-09-24,1983.3400,1999.7900,1978.6300,1998.3000
2014-09-25,1997.3199,1997.3199,1965.9900,1965.9900
2014-09-26,1966.2200,1986.3700,1966.2200,1982.8500
2014-09-29,1978.9600,1981.2800,1964.0400,1977.8000
2014-09-30,1978.2100,1985.1700,1968.9600,1972.2900
2014-10-01,1971.4399,1971.4399,1941.7200,1946.1600
2014-10-02,1945.8300,1952.3199,1926.0300,1946.1700
2014-10-03,1948.1200,1971.1899,1948.1200,1967.9000
2014-10-06,1970.0100,1977.8400,1958.4301,1964.8199
2014-10-07,1962.3600,1962.3600,1934.8700,1935.1000
2014-10-08,1935.5500,1970.3600,1925.2500,1968.8900
2014-10-09,1967.6801,1967.6801,1927.5601,1928.2100
2014-10-10,1925.6300,1936.9800,1906.0500,1906.1300
2014-10-13,1905.6500,1912.0900,1874.1400,1874.7400
2014-10-14,1877.1100,1898.7100,1871.7900,1877.7000
2014-10-15,1874.1801,1874.1801,1820.6600,1862.4900
2014-10-16,1855.9500,1876.0100,1835.0200,1862.7600
2014-10-17,1864.9100,1898.1600,1864.9100,1886.7600
2014-10-20,1885.6200,1905.0300,1882.3000,1904.0100
2014-10-21,1909.3800,1942.4500,1909.3800,1941.2800
2014-10-22,1941.2900,1949.3101,1926.8300,1927.1100
2014-10-23,1931.0200,1961.9500,1931.0200,1950.8199
2014-10-24,1951.5900,1965.2700,1946.2700,1964.5800
2014-10-27,1962.9700,1964.6400,1951.3700,1961.6300
2014-10-28,1964.1400,1985.0500,1964.1400,1985.0500
2014-10-29,1983.2900,1991.4000,1969.0400,1982.3000
2014-10-30,1979.4900,1999.4000,1974.7500,1994.6500
2014-10-31,2001.2000,2018.1899,2001.2000,2018.0500
2014-11-03,2018.2100,2024.4600,2013.6801,2017.8101
2014-11-04,2015.8101,2015.9800,2001.0100,2012.1000
2014-11-05,2015.2900,2023.7700,2014.4200,2023.5699
2014-11-06,2023.3300,2031.6100,2015.8600,2031.2100
2014-11-07,2032.3600,2034.2600,2025.0699,2031.9200
2014-11-10,2032.0100,2038.7000,2030.1700,2038.2600
2014-11-11,2038.2000,2041.2800,2035.2800,2039.6801
2014-11-12,2037.7500,2040.3300,2031.9500,2038.2500
2014-11-13,2039.2100,2046.1801,2030.4399,2039.3300
2014-11-14,2039.7400,2042.2200,2035.2000,2039.8199
2014-11-17,2038.2900,2043.0699,2034.4600,2041.3199
2014-11-18,2041.4800,2056.0801,2041.4800,2051.8000
2014-11-19,2051.1599,2052.1399,2040.3700,2048.7200
2014-11-20,2045.8700,2053.8401,2040.4900,2052.7500
2014-11-21,2057.4600,2071.4600,2056.7500,2063.5000
2014-11-24,2065.0701,2070.1699,2065.0701,2069.4099
2014-11-25,2070.1499,2074.2100,2064.7500,2067.0300
2014-11-26,2067.3601,2073.2900,2066.6201,2072.8301
2014-11-28,2074.7800,2075.7600,2065.0601,2067.5601
2014-12-01,2065.7800,2065.7800,2049.5701,2053.4399
2014-12-02,2053.7700,2068.7700,2053.7700,2066.5500
2014-12-03,2067.4500,2076.2800,2066.6499,2074.3301
2014-12-04,2073.6399,2077.3401,2062.3401,2071.9199
2014-12-05,2072.7800,2079.4700,2070.8101,2075.3701
2014-12-08,2074.8401,2075.7800,2054.2700,2060.3101
2014-12-09,2056.5500,2060.6001,2034.1700,2059.8201
2014-12-10,2058.8601,2058.8601,2024.2600,2026.1400
2014-12-11,2027.9200,2055.5300,2027.9200,2035.3300
2014-12-12,2030.3600,2032.2500,2002.3300,2002.3300
2014-12-15,2005.0300,2018.6899,1982.2600,1989.6300
2014-12-16,1986.7100,2016.8900,1972.5601,1972.7400
2014-12-17,1973.7700,2016.7500,1973.7700,2012.8900
2014-12-18,2018.9800,2061.2300,2018.9800,2061.2300
2014-12-19,2061.0400,2077.8501,2061.0300,2070.6499
2014-12-22,2069.2800,2078.7600,2069.2800,2078.5400
2014-12-23,2081.4800,2086.7300,2079.7700,2082.1699
2014-12-24,2083.2500,2087.5601,2081.8601,2081.8799
2014-12-26,2084.3000,2092.7000,2084.3000,2088.7700
2014-12-29,2087.6299,2093.5500,2085.7500,2090.5701
2014-12-30,2088.4900,2088.4900,2079.5300,2080.3501
2014-12-31,2082.1101,2085.5801,2057.9399,2058.8999
2015-01-02,2058.8999,2072.3601,2046.0400,2058.2000
2015-01-05,2054.4399,2054.4399,2017.3400,2020.5800
2015-01-06,2022.1500,2030.2500,1992.4399,2002.6100
2015-01-07,2005.5500,2029.6100,2005.5500,2025.9000
2015-01-08,2030.6100,2064.0801,2030.6100,2062.1399
2015-01-09,2063.4500,2064.4299,2038.3300,2044.8101
2015-01-12,2046.1300,2049.3000,2022.5800,2028.2600
2015-01-13,2031.5800,2056.9299,2008.2500,2023.0300
2015-01-14,2018.4000,2018.4000,1988.4399,2011.2700
2015-01-15,2013.7500,2021.3500,1991.4700,1992.6700
2015-01-16,1992.2500,2020.4600,1988.1200,2019.4200
2015-01-20,2020.7600,2028.9399,2004.4900,2022.5500
2015-01-21,2020.1899,2038.2900,2012.0400,2032.1200
2015-01-22,2034.3000,2064.6201,2026.3800,2063.1499
2015-01-23,2062.9800,2062.9800,2050.5400,2051.8201
2015-01-26,2050.4199,2057.6201,2040.9700,2057.0901
2015-01-27,2047.8600,2047.8600,2019.9100,2029.5500
2015-01-28,2032.3400,2042.4900,2001.4900,2002.1600
2015-01-29,2002.4500,2024.6400,1989.1801,2021.2500
2015-01-30,2019.3500,2023.3199,1993.3800,1994.9900
2015-02-02,1996.6700,2021.6600,1980.9000,2020.8500
2015-02-03,2022.7100,2050.3000,2022.7100,2050.0300
2015-02-04,2048.8601,2054.7400,2036.7200,2041.5100
2015-02-05,2043.4500,2063.5500,2043.4500,2062.5200
2015-02-06,2062.2800,2072.3999,2049.9700,2055.4700
2015-02-09,2053.4700,2056.1599,2041.8800,2046.7400
2015-02-10,2049.3799,2070.8601,2048.6201,2068.5901
2015-02-11,2068.5500,2073.4800,2057.9900,2068.5300
2015-02-12,2069.9800,2088.5300,2069.9800,2088.4800
2015-02-13,2088.7800,2097.0300,2086.7000,2096.9900
2015-02-17,2096.4700,2101.3000,2089.8000,2100.3401
2015-02-18,2099.1599,2100.2300,2092.1499,2099.6799
2015-02-19,2099.2500,2102.1299,2090.7900,2097.4500
2015-02-20,2097.6499,2110.6101,2085.4399,2110.3000
2015-02-23,2109.8301,2110.0500,2103.0000,2109.6599
2015-02-24,2109.1001,2117.9399,2105.8701,2115.4800
2015-02-25,2115.3000,2119.5901,2109.8899,2113.8601
2015-02-26,2113.9099,2113.9099,2103.7600,2110.7400
2015-02-27,2110.8799,2112.7400,2103.7500,2104.5000
2015-03-02,2105.2300,2117.5200,2104.5000,2117.3899
2015-03-03,2115.7600,2115.7600,2098.2600,2107.7800
2015-03-04,2107.7200,2107.7200,2094.4900,2098.5300
2015-03-05,2098.5400,2104.2500,2095.2200,2101.0400
2015-03-06,2100.9099,2100.9099,2067.2700,2071.2600
2015-03-09,2072.2500,2083.4900,2072.2100,2079.4299
2015-03-10,2076.1399,2076.1399,2044.1600,2044.1600
2015-03-11,2044.6899,2050.0801,2039.6899,2040.2400
2015-03-12,2041.1000,2066.4099,2041.1000,2065.9500
2015-03-13,2064.5601,2064.5601,2041.1700,2053.3999
2015-03-16,2055.3501,2081.4099,2055.3501,2081.1899
2015-03-17,2080.5901,2080.5901,2065.0801,2074.2800
2015-03-18,2072.8401,2106.8501,2061.2300,2099.5000
2015-03-19,2098.6899,2098.6899,2085.5601,2089.2700
2015-03-20,2090.3201,2113.9199,2090.3201,2108.1001
2015-03-23,2107.9900,2114.8601,2104.4199,2104.4199
2015-03-24,2103.9399,2107.6299,2091.5000,2091.5000
2015-03-25,2093.1001,2097.4299,2061.0500,2061.0500
2015-03-26,2059.9399,2067.1499,2045.5000,2056.1499
2015-03-27,2055.7800,2062.8301,2052.9600,2061.0200
2015-03-30,2064.1101,2088.9700,2064.1101,2086.2400
2015-03-31,2084.0500,2084.0500,2067.0400,2067.8899
2015-04-01,2067.6299,2067.6299,2048.3799,2059.6899
2015-04-02,2060.0300,2072.1699,2057.3201,2066.9600
2015-04-06,2064.8701,2086.9900,2056.5200,2080.6201
2015-04-07,2080.7900,2089.8101,2076.1001,2076.3301
2015-04-08,2076.9399,2086.6899,2073.3000,2081.8999
2015-04-09,2081.2900,2093.3101,2074.2900,2091.1799
2015-04-10,2091.5100,2102.6101,2091.5100,2102.0601
2015-04-13,2102.0300,2107.6499,2092.3301,2092.4299
2015-04-14,2092.2800,2098.6201,2083.2400,2095.8401
2015-04-15,2097.8201,2111.9099,2097.8201,2106.6299
2015-04-16,2105.9600,2111.3000,2100.0200,2104.9900
2015-04-17,2102.5801,2102.5801,2072.3701,2081.1799
2015-04-20,2084.1101,2103.9399,2084.1101,2100.3999
2015-04-21,2102.8201,2109.6399,2094.3799,2097.2900
2015-04-22,2098.2700,2109.9800,2091.0500,2107.9600
2015-04-23,2107.2100,2120.4900,2103.1899,2112.9299
2015-04-24,2112.8000,2120.9199,2112.8000,2117.6899
2015-04-27,2119.2900,2125.9199,2107.0400,2108.9199
2015-04-28,2108.3501,2116.0400,2094.8899,2114.7600
2015-04-29,2112.4900,2113.6499,2097.4099,2106.8501
2015-04-30,2105.5200,2105.5200,2077.5901,2085.5100
2015-05-01,2087.3799,2108.4099,2087.3799,2108.2900
2015-05-04,2110.2300,2120.9500,2110.2300,2114.4900
2015-05-05,2112.6299,2115.2400,2088.4600,2089.4600
2015-05-06,2091.2600,2098.4199,2067.9299,2080.1499
2015-05-07,2079.9600,2092.8999,2074.9900,2088.0000
2015-05-08,2092.1299,2117.6599,2092.1299,2116.1001
2015-05-11,2115.5601,2117.6899,2104.5801,2105.3301
2015-05-12,2102.8701,2105.0601,2085.5701,2099.1201
2015-05-13,2099.6201,2110.1899,2096.0400,2098.4800
2015-05-14,2100.4299,2121.4500,2100.4299,2121.1001
2015-05-15,2122.0701,2123.8899,2116.8101,2122.7300
2015-05-18,2121.3000,2131.7800,2120.0100,2129.2000
2015-05-19,2129.4500,2133.0200,2124.5000,2127.8301
2015-05-20,2127.7900,2134.7200,2122.5901,2125.8501
2015-05-21,2125.5500,2134.2800,2122.9500,2130.8201
2015-05-22,2130.3601,2132.1499,2126.0601,2126.0601
2015-05-26,2125.3401,2125.3401,2099.1799,2104.2000
2015-05-27,2105.1299,2126.2200,2105.1299,2123.4800
2015-05-28,2122.2700,2122.2700,2112.8601,2120.7900
2015-05-29,2120.6599,2120.6599,2104.8899,2107.3899
2015-06-01,2108.6399,2119.1499,2102.5400,2111.7300
2015-06-02,2110.4099,2117.5901,2099.1399,2109.6001
2015-06-03,2110.6399,2121.9199,2109.6101,2114.0701
2015-06-04,2112.3501,2112.8899,2093.2300,2095.8401
2015-06-05,2095.0901,2100.9900,2085.6699,2092.8301
2015-06-08,2092.3401,2093.0100,2079.1101,2079.2800
2015-06-09,2079.0701,2085.6201,2072.1399,2080.1499
2015-06-10,2081.1201,2108.5000,2081.1201,2105.2000
2015-06-11,2106.2400,2115.0200,2106.2400,2108.8601
2015-06-12,2107.4299,2107.4299,2091.3301,2094.1101
2015-06-15,2091.3401,2091.3401,2072.4900,2084.4299
2015-06-16,2084.2600,2097.3999,2082.1001,2096.2900
2015-06-17,2097.3999,2106.7900,2088.8601,2100.4399
2015-06-18,2101.5801,2126.6499,2101.5801,2121.2400
2015-06-19,2121.0601,2121.6399,2109.4500,2109.9900
2015-06-22,2112.5000,2129.8701,2112.5000,2122.8501
2015-06-23,2123.1599,2128.0300,2119.8899,2124.2000
2015-06-24,2123.6499,2125.1001,2108.5801,2108.5801
2015-06-25,2109.9600,2116.0400,2101.7800,2102.3101
2015-06-26,2102.6201,2108.9199,2095.3799,2101.4900
2015-06-29,2098.6299,2098.6299,2056.6399,2057.6399
2015-06-30,2061.1899,2074.2800,2056.3201,2063.1101
2015-07-01,2067.0000,2082.7800,2067.0000,2077.4199
2015-07-02,2078.0300,2085.0601,2071.0200,2076.7800
2015-07-06,2073.9500,2078.6101,2058.3999,2068.7600
2015-07-07,2069.5200,2083.7400,2044.0200,2081.3401
2015-07-08,2077.6599,2077.6599,2044.6600,2046.6801
2015-07-09,2049.7300,2074.2800,2049.7300,2051.3101
2015-07-10,2052.7400,2081.3101,2052.7400,2076.6201
2015-07-13,2080.0300,2100.6699,2080.0300,2099.6001
2015-07-14,2099.7200,2111.9800,2098.1799,2108.9500
2015-07-15,2109.0100,2114.1399,2102.4900,2107.3999
2015-07-16,2110.5500,2124.4199,2110.5500,2124.2900
2015-07-17,2126.8000,2128.9099,2119.8799,2126.6399
2015-07-20,2126.8501,2132.8201,2123.6599,2128.2800
2015-07-21,2127.5500,2128.4900,2115.3999,2119.2100
2015-07-22,2118.2100,2118.5100,2110.0000,2114.1499
2015-07-23,2114.1599,2116.8701,2098.6299,2102.1499
2015-07-24,2102.2400,2106.0100,2077.0901,2079.6499
2015-07-27,2078.1899,2078.1899,2063.5200,2067.6399
2015-07-28,2070.7500,2095.6001,2069.0901,2093.2500
2015-07-29,2094.7000,2110.6001,2094.0801,2108.5701
2015-07-30,2106.7800,2110.4800,2094.9700,2108.6299
2015-07-31,2111.6001,2114.2400,2102.0701,2103.8401
2015-08-03,2104.4900,2105.7000,2087.3101,2098.0400
2015-08-04,2097.6799,2102.5100,2088.6001,2093.3201
2015-08-05,2095.2700,2112.6599,2095.2700,2099.8401
2015-08-06,2100.7500,2103.3201,2075.5300,2083.5601
2015-08-07,2082.6101,2082.6101,2067.9099,2077.5701
2015-08-10,2080.9800,2105.3501,2080.9800,2104.1799
2015-08-11,2102.6599,2102.6599,2076.4900,2084.0701
2015-08-12,2081.1001,2089.0601,2052.0901,2086.0500
2015-08-13,2086.1899,2092.9299,2078.2600,2083.3899
2015-08-14,2083.1499,2092.4500,2080.6101,2091.5400
2015-08-17,2089.7000,2102.8701,2079.3000,2102.4399
2015-08-18,2101.9900,2103.4700,2094.1399,2096.9199
2015-08-19,2095.6899,2096.1699,2070.5300,2079.6101
2015-08-20,2076.6101,2076.6101,2035.7300,2035.7300
2015-08-21,2034.0800,2034.0800,1970.8900,1970.8900
2015-08-24,1965.1500,1965.1500,1867.0100,1893.2100
2015-08-25,1898.0800,1948.0400,1867.0800,1867.6100
2015-08-26,1872.7500,1943.0900,1872.7500,1940.5100
2015-08-27,1942.7700,1989.6000,1942.7700,1987.6600
2015-08-28,1986.0601,1993.4800,1975.1899,1988.8700
2015-08-31,1986.7300,1986.7300,1965.9800,1972.1801
2015-09-01,1970.0900,1970.0900,1903.0699,1913.8500
2015-09-02,1916.5200,1948.9100,1916.5200,1948.8600
2015-09-03,1950.7900,1975.0100,1944.7200,1951.1300
2015-09-04,1947.7600,1947.7600,1911.2100,1921.2200
2015-09-08,1927.3000,1970.4200,1927.3000,1969.4100
2015-09-09,1971.4500,1988.6300,1937.8800,1942.0400
2015-09-10,1941.5900,1965.2900,1937.1899,1952.2900
2015-09-11,1951.4500,1961.0500,1939.1899,1961.0500
2015-09-14,1963.0601,1963.0601,1948.2700,1953.0300
2015-09-15,1955.1000,1983.1899,1954.3000,1978.0900
2015-09-16,1978.0200,1997.2600,1977.9301,1995.3101
2015-09-17,1995.3300,2020.8600,1986.7300,1990.2000
2015-09-18,1989.6600,1989.6600,1953.4500,1958.0300
2015-09-21,1960.8400,1979.6400,1955.8000,1966.9700
2015-09-22,1961.3900,1961.3900,1929.2200,1942.7400
2015-09-23,1943.2400,1949.5200,1932.5699,1938.7600
2015-09-24,1934.8101,1937.1700,1908.9200,1932.2400
2015-09-25,1935.9301,1952.8900,1921.5000,1931.3400
2015-09-28,1929.1801,1929.1801,1879.2100,1881.7700
2015-09-29,1881.9000,1899.4800,1871.9100,1884.0900
2015-09-30,1887.1400,1920.5300,1887.1400,1920.0300
2015-10-01,1919.6500,1927.2100,1900.7000,1923.8199
2015-10-02,1921.7700,1951.3600,1893.7000,1951.3600
2015-10-05,1954.3300,1989.1700,1954.3300,1987.0500
2015-10-06,1986.6300,1991.6200,1971.9900,1979.9200
2015-10-07,1982.3400,1999.3101,1976.4399,1995.8300
2015-10-08,1994.0100,2016.5000,1987.5300,2013.4301
2015-10-09,2013.7300,2020.1300,2007.6100,2014.8900
2015-10-12,2015.6500,2018.6600,2010.5500,2017.4600
2015-10-13,2015.0000,2022.3400,2001.7800,2003.6899
2015-10-14,2003.6600,2009.5601,1990.7300,1994.2400
2015-10-15,1996.4700,2024.1500,1996.4700,2023.8600
2015-10-16,2024.3700,2033.5400,2020.4600,2033.1100
2015-10-19,2031.7300,2034.4500,2022.3101,2033.6600
2015-10-20,2033.1300,2039.1200,2026.6100,2030.7700
2015-10-21,2033.4700,2037.9700,2017.2200,2018.9399
2015-10-22,2021.8800,2055.2000,2021.8800,2052.5100
2015-10-23,2058.1899,2079.7400,2058.1899,2075.1499
2015-10-26,2075.0801,2075.1399,2066.5300,2071.1799
2015-10-27,2068.7500,2070.3701,2058.8401,2065.8899
2015-10-28,2066.4800,2090.3501,2063.1101,2090.3501
2015-10-29,2088.3501,2092.5200,2082.6299,2089.4099
2015-10-30,2090.0000,2094.3201,2079.3401,2079.3601
2015-11-02,2080.7600,2106.2000,2080.7600,2104.0500
2015-11-03,2102.6299,2116.4800,2097.5100,2109.7900
2015-11-04,2110.6001,2114.5901,2096.9800,2102.3101
2015-11-05,2101.6799,2108.7800,2090.4099,2099.9299
2015-11-06,2098.6001,2101.9099,2083.7400,2099.2000
2015-11-09,2096.5601,2096.5601,2068.2400,2078.5801
2015-11-10,2077.1899,2083.6699,2069.9099,2081.7200
2015-11-11,2083.4099,2086.9399,2074.8501,2075.0000
2015-11-12,2072.2900,2072.2900,2045.6600,2045.9700
2015-11-13,2044.6400,2044.6400,2022.0200,2023.0400
2015-11-16,2022.0800,2053.2200,2019.3900,2053.1899
2015-11-17,2053.6699,2066.6899,2045.9000,2050.4399
2015-11-18,2051.9900,2085.3101,2051.9900,2083.5801
2015-11-19,2083.7000,2086.7400,2078.7600,2081.2400
2015-11-20,2082.8201,2097.0601,2082.8201,2089.1699
2015-11-23,2089.4099,2095.6101,2081.3899,2086.5901
2015-11-24,2084.4199,2094.1201,2070.2900,2089.1399
2015-11-25,2089.3000,2093.0000,2086.3000,2088.8701
2015-11-27,2088.8201,2093.2900,2084.1299,2090.1101
2015-11-30,2090.9500,2093.8101,2080.4099,2080.4099
2015-12-01,2082.9299,2103.3701,2082.9299,2102.6299
2015-12-02,2101.7100,2104.2700,2077.1101,2079.5100
2015-12-03,2080.7100,2085.0000,2042.3500,2049.6201
2015-12-04,2051.2400,2093.8401,2051.2400,2091.6899
2015-12-07,2090.4199,2090.4199,2066.7800,2077.0701
2015-12-08,2073.3899,2073.8501,2052.3201,2063.5901
2015-12-09,2061.1699,2080.3301,2036.5300,2047.6200
2015-12-10,2047.9301,2067.6499,2045.6700,2052.2300
2015-12-11,2047.2700,2047.2700,2008.8000,2012.3700
2015-12-14,2013.3700,2022.9200,1993.2600,2021.9399
2015-12-15,2025.5500,2053.8701,2025.5500,2043.4100
2015-12-16,2046.5000,2076.7200,2042.4301,2073.0701
2015-12-17,2073.7600,2076.3701,2041.6600,2041.8900
2015-12-18,2040.8101,2040.8101,2005.3300,2005.5500
2015-12-21,2010.2700,2022.9000,2005.9301,2021.1500
2015-12-22,2023.1500,2042.7400,2020.4900,2038.9700
2015-12-23,2042.2000,2064.7300,2042.2000,2064.2900
2015-12-24,2063.5200,2067.3601,2058.7300,2060.9900
2015-12-28,2057.7700,2057.7700,2044.2000,2056.5000
2015-12-29,2060.5400,2081.5601,2060.5400,2078.3601
2015-12-30,2077.3401,2077.3401,2061.9700,2063.3601
2015-12-31,2060.5901,2062.5400,2043.6200,2043.9399
2016-01-04,2038.2000,2038.2000,1989.6801,2012.6600
2016-01-05,2013.7800,2021.9399,2004.1700,2016.7100
2016-01-06,2011.7100,2011.7100,1979.0500,1990.2600
2016-01-07,1985.3199,1985.3199,1938.8300,1943.0900
2016-01-08,1945.9700,1960.4000,1918.4600,1922.0300
2016-01-11,1926.1200,1935.6500,1901.1000,1923.6700
2016-01-12,1927.8300,1947.3800,1914.3500,1938.6801
2016-01-13,1940.3400,1950.3300,1886.4100,1890.2800
2016-01-14,1891.6801,1934.4700,1878.9301,1921.8400
2016-01-15,1916.6801,1916.6801,1857.8300,1880.3300
2016-01-19,1888.6600,1901.4399,1864.6000,1881.3300
2016-01-20,1876.1801,1876.1801,1812.2900,1859.3300
2016-01-21,1861.4600,1889.8500,1848.9800,1868.9900
2016-01-22,1877.4000,1908.8500,1877.4000,1906.9000
2016-01-25,1906.2800,1906.2800,1875.9700,1877.0800
2016-01-26,1878.7900,1906.7300,1878.7900,1903.6300
2016-01-27,1902.5200,1916.9900,1872.7000,1882.9500
2016-01-28,1885.2200,1902.9600,1873.6500,1893.3600
2016-01-29,1894.0000,1940.2400,1894.0000,1940.2400
2016-02-01,1936.9399,1947.2000,1920.3000,1939.3800
2016-02-02,1935.2600,1935.2600,1897.2900,1903.0300
2016-02-03,1907.0699,1918.0100,1872.2300,1912.5300
2016-02-04,1911.6700,1927.3500,1900.5200,1915.4500
2016-02-05,1913.0699,1913.0699,1872.6500,1880.0500
2016-02-08,1873.2500,1873.2500,1828.4600,1853.4399
2016-02-09,1848.4600,1868.2500,1834.9399,1852.2100
2016-02-10,1857.1000,1881.6000,1850.3199,1851.8600
2016-02-11,1847.0000,1847.0000,1810.1000,1829.0800
2016-02-12,1833.4000,1864.7800,1833.4000,1864.7800
2016-02-16,1871.4399,1895.7700,1871.4399,1895.5800
2016-02-17,1898.8000,1930.6801,1898.8000,1926.8199
2016-02-18,1927.5699,1930.0000,1915.0900,1917.8300
2016-02-19,1916.7400,1918.7800,1902.1700,1917.7800
2016-02-22,1924.4399,1946.7000,1924.4399,1945.5000
2016-02-23,1942.3800,1942.3800,1919.4399,1921.2700
2016-02-24,1917.5601,1932.0800,1891.0000,1929.8000
2016-02-25,1931.8700,1951.8300,1925.4100,1951.7000
2016-02-26,1954.9500,1962.9600,1945.7800,1948.0500
2016-02-29,1947.1300,1958.2700,1931.8101,1932.2300
2016-03-01,1937.0900,1978.3500,1937.0900,1978.3500
2016-03-02,1976.6000,1986.5100,1968.8000,1986.4500
2016-03-03,1985.6000,1993.6899,1977.3700,1993.4000
2016-03-04,1994.0100,2009.1300,1986.7700,1999.9900
2016-03-07,1996.1100,2006.1200,1989.3800,2001.7600
2016-03-08,1996.8800,1996.8800,1977.4301,1979.2600
2016-03-09,1981.4399,1992.6899,1979.8400,1989.2600
2016-03-10,1990.9700,2005.0800,1969.2500,1989.5699
2016-03-11,1994.7100,2022.3700,1994.7100,2022.1899
2016-03-14,2019.2700,2024.5699,2012.0500,2019.6400
2016-03-15,2015.2700,2015.9399,2005.2300,2015.9301
2016-03-16,2014.2400,2032.0200,2010.0400,2027.2200
2016-03-17,2026.9000,2046.2400,2022.1600,2040.5900
2016-03-18,2041.1600,2052.3601,2041.1600,2049.5801
2016-03-21,2047.8800,2053.9099,2043.1400,2051.6001
2016-03-22,2048.6399,2056.6001,2040.5699,2049.8000
2016-03-23,2048.5500,2048.5500,2034.8600,2036.7100
2016-03-24,2032.4800,2036.0400,2022.4900,2035.9399
2016-03-28,2037.8900,2042.6700,2031.9600,2037.0500
2016-03-29,2035.7500,2055.9099,2028.3101,2055.0100
2016-03-30,2058.2700,2072.2100,2058.2700,2063.9500
2016-03-31,2063.7700,2067.9199,2057.4600,2059.7400
2016-04-01,2056.6201,2075.0701,2043.9800,2072.7800
2016-04-04,2073.1899,2074.0200,2062.5701,2066.1299
2016-04-05,2062.5000,2062.5000,2042.5601,2045.1700
2016-04-06,2045.5601,2067.3301,2043.0900,2066.6599
2016-04-07,2063.0100,2063.0100,2033.8000,2041.9100
2016-04-08,2045.5400,2060.6299,2041.6899,2047.6000
2016-04-11,2050.2300,2062.9299,2041.8800,2041.9900
2016-04-12,2043.7200,2065.0500,2039.7400,2061.7200
2016-04-13,2065.9199,2083.1799,2065.9199,2082.4199
2016-04-14,2082.8899,2087.8401,2078.1299,2082.7800
2016-04-15,2083.1001,2083.2200,2076.3101,2080.7300
2016-04-18,2078.8301,2094.6599,2073.6499,2094.3401
2016-04-19,2096.0500,2104.0500,2091.6799,2100.8000
2016-04-20,2101.5200,2111.0500,2096.3201,2102.3999
2016-04-21,2102.0901,2103.7800,2088.5200,2091.4800
2016-04-22,2091.4900,2094.3201,2081.2000,2091.5801
2016-04-25,2089.3701,2089.3701,2077.5200,2087.7900
2016-04-26,2089.8401,2096.8701,2085.8000,2091.7000
2016-04-27,2092.3301,2099.8899,2082.3101,2095.1499
2016-04-28,2090.9299,2099.3000,2071.6201,2075.8101
2016-04-29,2071.8201,2073.8501,2052.2800,2065.3000
2016-05-02,2067.1699,2083.4199,2066.1101,2081.4299
2016-05-03,2077.1799,2077.1799,2054.8899,2063.3701
2016-05-04,2060.3000,2060.3000,2045.5500,2051.1201
2016-05-05,2052.9500,2060.2300,2045.7700,2050.6299
2016-05-06,2047.7700,2057.7200,2039.4500,2057.1399
2016-05-09,2057.5500,2064.1499,2054.3101,2058.6899
2016-05-10,2062.6299,2084.8701,2062.6299,2084.3899
2016-05-11,2083.2900,2083.2900,2064.4600,2064.4600
2016-05-12,2067.1699,2073.9900,2053.1299,2064.1101
2016-05-13,2062.5000,2066.7900,2043.1300,2046.6100
2016-05-16,2046.5300,2071.8799,2046.5300,2066.6599
2016-05-17,2065.0400,2065.6899,2040.8199,2047.2100
2016-05-18,2044.3800,2060.6101,2034.4900,2047.6300
2016-05-19,2044.2100,2044.2100,2025.9100,2040.0400
2016-05-20,2041.8800,2058.3501,2041.8800,2052.3201
2016-05-23,2052.2300,2055.5801,2047.2600,2048.0400
2016-05-24,2052.6499,2079.6699,2052.6499,2076.0601
2016-05-25,2078.9299,2094.7300,2078.9299,2090.5400
2016-05-26,2091.4399,2094.3000,2087.0801,2090.1001
2016-05-27,2090.0601,2099.0601,2090.0601,2099.0601
2016-05-31,2100.1299,2103.4800,2088.6599,2096.9500
2016-06-01,2093.9399,2100.9700,2085.1001,2099.3301
2016-06-02,2097.7100,2105.2600,2088.5901,2105.2600
2016-06-03,2104.0701,2104.0701,2085.3601,2099.1299
2016-06-06,2100.8301,2113.3601,2100.8301,2109.4099
2016-06-07,2110.1799,2119.2200,2110.1799,2112.1299
2016-06-08,2112.7100,2120.5500,2112.7100,2119.1201
2016-06-09,2115.6499,2117.6399,2107.7300,2115.4800
2016-06-10,2109.5701,2109.5701,2089.9600,2096.0701
2016-06-13,2091.7500,2098.1201,2078.4600,2079.0601
2016-06-14,2076.6499,2081.3000,2064.1001,2075.3201
2016-06-15,2077.6001,2085.6499,2069.8000,2071.5000
2016-06-16,2066.3601,2079.6201,2050.3701,2077.9900
2016-06-17,2078.2000,2078.2000,2062.8401,2071.2200
2016-06-20,2075.5801,2100.6599,2075.5801,2083.2500
2016-06-21,2085.1899,2093.6599,2083.0200,2088.8999
2016-06-22,2089.7500,2099.7100,2084.3601,2085.4500
2016-06-23,2092.8000,2113.3201,2092.8000,2113.3201
2016-06-24,2103.8101,2103.8101,2032.5699,2037.4100
2016-06-27,2031.4500,2031.4500,1991.6801,2000.5400
2016-06-28,2006.6700,2036.0900,2006.6700,2036.0900
2016-06-29,2042.6899,2073.1299,2042.6899,2070.7700
2016-06-30,2073.1699,2098.9399,2070.0000,2098.8601
2016-07-01,2099.3401,2108.7100,2097.8999,2102.9500
2016-07-05,2095.0500,2095.0500,2080.8601,2088.5500
2016-07-06,2084.4299,2100.7200,2074.0200,2099.7300
2016-07-07,2100.4199,2109.0801,2089.3899,2097.8999
2016-07-08,2106.9700,2131.7100,2106.9700,2129.8999
2016-07-11,2131.7200,2143.1599,2131.7200,2137.1599
2016-07-12,2139.5000,2155.3999,2139.5000,2152.1399
2016-07-13,2153.8101,2156.4500,2146.2100,2152.4299
2016-07-14,2157.8799,2168.9900,2157.8799,2163.7500
2016-07-15,2165.1299,2169.0500,2155.7900,2161.7400
2016-07-18,2162.0400,2168.3501,2159.6299,2166.8899
2016-07-19,2163.7900,2164.6299,2159.0100,2163.7800
2016-07-20,2166.1001,2175.6299,2164.8899,2173.0200
2016-07-21,2172.9099,2174.5601,2159.7500,2165.1699
2016-07-22,2166.4700,2175.1101,2163.2400,2175.0300
2016-07-25,2173.7100,2173.7100,2161.9500,2168.4800
2016-07-26,2168.9700,2173.5400,2160.1799,2169.1799
2016-07-27,2169.8101,2174.9800,2159.0701,2166.5801
2016-07-28,2166.0500,2172.8501,2159.7400,2170.0601
2016-07-29,2168.8301,2177.0901,2163.4900,2173.6001
2016-08-01,2173.1499,2178.2900,2166.2100,2170.8401
2016-08-02,2169.9399,2170.2000,2147.5801,2157.0300
2016-08-03,2156.8101,2163.7900,2152.5601,2163.7900
2016-08-04,2163.5100,2168.1899,2159.0701,2164.2500
2016-08-05,2168.7900,2182.8701,2168.7900,2182.8701
2016-08-08,2183.7600,2185.4399,2177.8501,2180.8899
2016-08-09,2182.2400,2187.6599,2178.6101,2181.7400
2016-08-10,2182.8101,2183.4099,2172.0000,2175.4900
2016-08-11,2177.9700,2188.4500,2177.9700,2185.7900
2016-08-12,2183.7400,2186.2800,2179.4199,2184.0500
2016-08-15,2186.0801,2193.8101,2186.0801,2190.1499
2016-08-16,2186.2400,2186.2400,2178.1399,2178.1499
2016-08-17,2177.8401,2183.0801,2168.5000,2182.2200
2016-08-18,2181.8999,2187.0300,2180.4600,2187.0200
2016-08-19,2184.2400,2185.0000,2175.1299,2183.8701
2016-08-22,2181.5801,2185.1499,2175.9600,2182.6399
2016-08-23,2187.8101,2193.4199,2186.8000,2186.8999
2016-08-24,2185.0901,2186.6599,2171.2500,2175.4399
2016-08-25,2173.2900,2179.0000,2169.7400,2172.4700
2016-08-26,2175.1001,2187.9399,2160.3899,2169.0400
2016-08-29,2170.1899,2183.4800,2170.1899,2180.3799
2016-08-30,2179.4500,2182.2700,2170.4099,2176.1201
2016-08-31,2173.5601,2173.7900,2161.3501,2170.9500
2016-09-01,2171.3301,2173.5601,2157.0901,2170.8601
2016-09-02,2177.4900,2184.8701,2173.5901,2179.9800
2016-09-06,2181.6101,2186.5701,2175.1001,2186.4800
2016-09-07,2185.1699,2187.8701,2179.0701,2186.1599
2016-09-08,2182.7600,2184.9399,2177.4900,2181.3000
2016-09-09,2169.0801,2169.0801,2127.8101,2127.8101
2016-09-12,2120.8601,2163.3000,2119.1201,2159.0400
2016-09-13,2150.4700,2150.4700,2120.2700,2127.0200
2016-09-14,2127.8601,2141.3301,2119.8999,2125.7700
2016-09-15,2125.3601,2151.3101,2122.3601,2147.2600
2016-09-16,2146.4800,2146.4800,2131.2000,2139.1599
2016-09-19,2143.9900,2153.6101,2135.9099,2139.1201
2016-09-20,2145.9399,2150.8000,2139.1699,2139.7600
2016-09-21,2144.5801,2165.1101,2139.5701,2163.1201
2016-09-22,2170.9399,2179.9900,2170.9399,2177.1799
2016-09-23,2173.2900,2173.7500,2163.9700,2164.6899
2016-09-26,2158.5400,2158.5400,2145.0400,2146.1001
2016-09-27,2146.0400,2161.1299,2141.5500,2159.9299
2016-09-28,2161.8501,2172.3999,2151.7900,2171.3701
2016-09-29,2168.8999,2172.6699,2145.2000,2151.1299
2016-09-30,2156.5100,2175.3000,2156.5100,2168.2700
2016-10-03,2164.3301,2164.4099,2154.7700,2161.2000
2016-10-04,2163.3701,2165.4600,2144.0100,2150.4900
2016-10-05,2155.1499,2163.9500,2155.1499,2159.7300
2016-10-06,2158.2200,2162.9299,2150.2800,2160.7700
2016-10-07,2164.1899,2165.8601,2144.8501,2153.7400
2016-10-10,2160.3899,2169.6001,2160.3899,2163.6599
2016-10-11,2161.3501,2161.5601,2128.8401,2136.7300
2016-10-12,2137.6699,2145.3601,2132.7700,2139.1799
2016-10-13,2130.2600,2138.1899,2114.7200,2132.5500
2016-10-14,2139.6799,2149.1899,2132.9800,2132.9800
2016-10-17,2132.9500,2135.6101,2124.4299,2126.5000
2016-10-18,2138.3101,2144.3799,2135.4900,2139.6001
2016-10-19,2140.8101,2148.4399,2138.1499,2144.2900
2016-10-20,2142.5100,2147.1799,2133.4399,2141.3401
2016-10-21,2139.4299,2142.6299,2130.0901,2141.1599
2016-10-24,2148.5000,2154.7900,2146.9099,2151.3301
2016-10-25,2149.7200,2151.4399,2141.9299,2143.1599
2016-10-26,2136.9700,2145.7300,2131.5901,2139.4299
2016-10-27,2144.0601,2147.1299,2132.5200,2133.0400
2016-10-28,2132.2300,2140.7200,2119.3601,2126.4099
2016-10-31,2129.7800,2133.2500,2125.5300,2126.1499
2016-11-01,2128.6799,2131.4500,2097.8501,2111.7200
2016-11-02,2109.4299,2111.7600,2094.0000,2097.9399
2016-11-03,2098.8000,2102.5601,2085.2300,2088.6599
2016-11-04,2083.7900,2099.0701,2083.7900,2085.1799
2016-11-07,2100.5901,2132.0000,2100.5901,2131.5200
2016-11-08,2129.9199,2146.8701,2123.5601,2139.5601
2016-11-09,2131.5601,2170.1001,2125.3501,2163.2600
2016-11-10,2167.4900,2182.3000,2151.1699,2167.4800
2016-11-11,2162.7100,2165.9199,2152.4900,2164.4500
2016-11-14,2165.6399,2171.3601,2156.0801,2164.2000
2016-11-15,2168.2900,2180.8401,2166.3799,2180.3899
2016-11-16,2177.5300,2179.2200,2172.2000,2176.9399
2016-11-17,2178.6101,2188.0601,2176.6499,2187.1201
2016-11-18,2186.8501,2189.8899,2180.3799,2181.8999
2016-11-21,2186.4299,2198.7000,2186.4299,2198.1799
2016-11-22,2201.5601,2204.8000,2194.5100,2202.9399
2016-11-23,2198.5500,2204.7200,2194.5100,2204.7200
2016-11-25,2206.2700,2213.3501,2206.2700,2213.3501
2016-11-28,2210.2100,2211.1399,2200.3601,2201.7200
2016-11-29,2200.7600,2210.4600,2198.1499,2204.6599
2016-11-30,2204.9700,2214.1001,2198.8101,2198.8101
2016-12-01,2200.1699,2202.6001,2187.4399,2191.0801
2016-12-02,2191.1201,2197.9500,2188.3701,2191.9500
2016-12-05,2200.6499,2209.4199,2199.9700,2204.7100
2016-12-06,2207.2600,2212.7800,2202.2100,2212.2300
2016-12-07,2210.7200,2241.6299,2208.9299,2241.3501
2016-12-08,2241.1299,2251.6899,2237.5701,2246.1899
2016-12-09,2249.7300,2259.8000,2249.2300,2259.5300
2016-12-12,2258.8301,2264.0300,2252.3701,2256.9600
2016-12-13,2263.3201,2277.5300,2263.3201,2271.7200
2016-12-14,2268.3501,2276.2000,2248.4399,2253.2800
2016-12-15,2253.7700,2272.1201,2253.7700,2262.0300
2016-12-16,2266.8101,2268.0500,2254.2400,2258.0701
2016-12-19,2259.2400,2267.4700,2258.2100,2262.5300
2016-12-20,2266.5000,2272.5601,2266.1399,2270.7600
2016-12-21,2270.5400,2271.2300,2265.1499,2265.1799
2016-12-22,2262.9299,2263.1799,2256.0801,2260.9600
2016-12-23,2260.2500,2263.7900,2258.8401,2263.7900
2016-12-27,2266.2300,2273.8201,2266.1499,2268.8799
2016-12-28,2270.2300,2271.3101,2249.1101,2249.9199
2016-12-29,2249.5000,2254.5100,2244.5601,2249.2600
2016-12-30,2251.6101,2253.5801,2233.6201,2238.8301
2017-01-03,2251.5701,2263.8799,2245.1299,2257.8301
2017-01-04,2261.6001,2272.8201,2261.6001,2270.7500
2017-01-05,2268.1799,2271.5000,2260.4500,2269.0000
2017-01-06,2271.1399,2282.1001,2264.0601,2276.9800
2017-01-09,2273.5901,2275.4900,2268.8999,2268.8999
2017-01-10,2269.7200,2279.2700,2265.2700,2268.8999
2017-01-11,2268.6001,2275.3201,2260.8301,2275.3201
2017-01-12,2271.1399,2271.7800,2254.2500,2270.4399
2017-01-13,2272.7400,2278.6799,2271.5100,2274.6399
2017-01-17,2269.1399,2272.0801,2262.8101,2267.8899
2017-01-18,2269.1399,2272.0100,2263.3501,2271.8899
2017-01-19,2271.8999,2274.3301,2258.4099,2263.6899
2017-01-20,2269.9600,2276.9600,2265.0100,2271.3101
2017-01-23,2267.7800,2271.7800,2257.0200,2265.2000
2017-01-24,2267.8799,2284.6299,2266.6799,2280.0701
2017-01-25,2288.8799,2299.5500,2288.8799,2298.3701
2017-01-26,2298.6299,2300.9900,2294.0801,2296.6799
2017-01-27,2299.0200,2299.0200,2291.6201,2294.6899
2017-01-30,2286.0100,2286.0100,2268.0400,2280.8999
2017-01-31,2274.0200,2279.0901,2267.2100,2278.8701
2017-02-01,2285.5901,2289.1399,2272.4399,2279.5500
2017-02-02,2276.6899,2283.9700,2271.6499,2280.8501
2017-02-03,2288.5400,2298.3101,2287.8799,2297.4199
2017-02-06,2294.2800,2296.1799,2288.5701,2292.5601
2017-02-07,2295.8701,2299.3999,2290.1599,2293.0801
2017-02-08,2289.5500,2295.9099,2285.3799,2294.6699
2017-02-09,2296.7000,2311.0801,2296.6101,2307.8701
2017-02-10,2312.2700,2319.2300,2311.1001,2316.1001
2017-02-13,2321.7200,2331.5801,2321.4199,2328.2500
2017-02-14,2326.1201,2337.5801,2322.1699,2337.5801
2017-02-15,2335.5801,2351.3000,2334.8101,2349.2500
2017-02-16,2349.6399,2351.3101,2338.8701,2347.2200
2017-02-17,2343.0100,2351.1599,2339.5801,2351.1599
2017-02-21,2354.9099,2366.7100,2354.9099,2365.3799
2017-02-22,2361.1101,2365.1299,2358.3401,2362.8201
2017-02-23,2367.5000,2368.2600,2355.0901,2363.8101
2017-02-24,2355.7300,2367.3401,2352.8701,2367.3401
2017-02-27,2365.2300,2371.5400,2361.8701,2369.7500
2017-02-28,2366.0801,2367.7900,2358.9600,2363.6399
2017-03-01,2380.1299,2400.9800,2380.1299,2395.9600
2017-03-02,2394.7500,2394.7500,2380.1699,2381.9199
2017-03-03,2380.9199,2383.8899,2375.3899,2383.1201
2017-03-06,2375.2300,2378.8000,2367.9800,2375.3101
2017-03-07,2370.7400,2375.1201,2365.5100,2368.3899
2017-03-08,2369.8101,2373.0901,2361.0100,2362.9800
2017-03-09,2363.4900,2369.0801,2354.5400,2364.8701
2017-03-10,2372.5200,2376.8601,2363.0400,2372.6001
2017-03-13,2371.5601,2374.4199,2368.5200,2373.4700
2017-03-14,2368.5500,2368.5500,2358.1799,2365.4500
2017-03-15,2370.3401,2390.0100,2368.9399,2385.2600
2017-03-16,2387.7100,2388.1001,2377.1799,2381.3799
2017-03-17,2383.7100,2385.7100,2377.6399,2378.2500
2017-03-20,2378.2400,2379.5500,2369.6599,2373.4700
2017-03-21,2379.3201,2381.9299,2341.8999,2344.0200
2017-03-22,2343.0000,2351.8101,2336.4500,2348.4500
2017-03-23,2345.9700,2358.9199,2342.1299,2345.9600
2017-03-24,2350.4199,2356.2200,2335.7400,2343.9800
2017-03-27,2329.1101,2344.8999,2322.2500,2341.5901
2017-03-28,2339.7900,2363.7800,2337.6299,2358.5701
2017-03-29,2356.5400,2363.3601,2352.9399,2361.1299
2017-03-30,2361.3101,2370.4199,2358.5801,2368.0601
2017-03-31,2364.8201,2370.3501,2362.6001,2362.7200
2017-04-03,2362.3401,2365.8701,2344.7300,2358.8401
2017-04-04,2354.7600,2360.5300,2350.7200,2360.1599
2017-04-05,2366.5901,2378.3601,2350.5200,2352.9500
2017-04-06,2353.7900,2364.1599,2348.8999,2357.4900
2017-04-07,2356.5901,2363.7600,2350.7400,2355.5400
2017-04-10,2357.1599,2366.3701,2351.5000,2357.1599
2017-04-11,2353.9199,2355.2200,2337.2500,2353.7800
2017-04-12,2352.1499,2352.7200,2341.1799,2344.9299
2017-04-13,2341.9800,2348.2600,2328.9500,2328.9500
2017-04-17,2332.6201,2349.1399,2332.5100,2349.0100
2017-04-18,2342.5300,2348.3501,2334.5400,2342.1899
2017-04-19,2346.7900,2352.6299,2335.0500,2338.1699
2017-04-20,2342.6899,2361.3701,2340.9099,2355.8401
2017-04-21,2354.7400,2356.1799,2344.5100,2348.6899
2017-04-24,2370.3301,2376.9800,2369.1899,2374.1499
2017-04-25,2381.5100,2392.4800,2381.1499,2388.6101
2017-04-26,2388.9800,2398.1599,2386.7800,2387.4500
2017-04-27,2389.7000,2392.1001,2382.6799,2388.7700
2017-04-28,2393.6799,2393.6799,2382.3601,2384.2000
2017-05-01,2388.5000,2394.4900,2384.8301,2388.3301
2017-05-02,2391.0500,2392.9299,2385.8201,2391.1699
2017-05-03,2386.5000,2389.8201,2379.7500,2388.1299
2017-05-04,2389.7900,2391.4299,2380.3501,2389.5200
2017-05-05,2392.3701,2399.2900,2389.3799,2399.2900
2017-05-08,2399.9399,2401.3601,2393.9199,2399.3799
2017-05-09,2401.5801,2403.8701,2392.4399,2396.9199
2017-05-10,2396.7900,2399.7400,2392.7900,2399.6299
2017-05-11,2394.8401,2395.7200,2381.7400,2394.4399
2017-05-12,2392.4399,2392.4399,2387.1899,2390.8999
2017-05-15,2393.9800,2404.0500,2393.9399,2402.3201
2017-05-16,2404.5500,2405.7700,2396.0500,2400.6699
2017-05-17,2382.9500,2384.8701,2356.2100,2357.0300
2017-05-18,2354.6899,2375.7400,2352.7200,2365.7200
2017-05-19,2371.3701,2389.0601,2370.4299,2381.7300
2017-05-22,2387.2100,2395.4600,2386.9199,2394.0200
2017-05-23,2397.0400,2400.8501,2393.8799,2398.4199
2017-05-24,2401.4099,2405.5801,2397.9900,2404.3899
2017-05-25,2409.5400,2418.7100,2408.0100,2415.0701
2017-05-26,2414.5000,2416.6799,2412.2000,2415.8201
2017-05-30,2411.6699,2415.2600,2409.4299,2412.9099
2017-05-31,2415.6299,2415.9900,2403.5901,2411.8000
2017-06-01,2415.6499,2430.0601,2413.5400,2430.0601
2017-06-02,2431.2800,2440.2300,2427.7100,2439.0701
2017-06-05,2437.8301,2439.5500,2434.3201,2436.1001
2017-06-06,2431.9199,2436.2100,2428.1201,2429.3301
2017-06-07,2432.0300,2435.2800,2424.7500,2433.1399
2017-06-08,2434.2700,2439.2700,2427.9399,2433.7900
2017-06-09,2436.3899,2446.2000,2415.7000,2431.7700
2017-06-12,2425.8799,2430.3799,2419.9700,2429.3899
2017-06-13,2434.1499,2441.4900,2431.2800,2440.3501
2017-06-14,2443.7500,2443.7500,2428.3401,2437.9199
2017-06-15,2424.1399,2433.9500,2418.5300,2432.4600
2017-06-16,2431.2400,2433.1499,2422.8799,2433.1499
2017-06-19,2442.5500,2453.8201,2441.7900,2453.4600
2017-06-20,2450.6599,2450.6599,2436.6001,2437.0300
2017-06-21,2439.3101,2442.2300,2430.7400,2435.6101
2017-06-22,2437.3999,2441.6201,2433.2700,2434.5000
2017-06-23,2434.6499,2441.3999,2431.1101,2438.3000
2017-06-26,2443.3201,2450.4199,2437.0300,2439.0701
2017-06-27,2436.3401,2440.1499,2419.3799,2419.3799
2017-06-28,2428.7000,2442.9700,2428.0200,2440.6899
2017-06-29,2442.3799,2442.7300,2405.7000,2419.7000
2017-06-30,2429.2000,2432.7100,2421.6499,2423.4099
2017-07-03,2431.3899,2439.1699,2428.6899,2429.0100
2017-07-05,2430.7800,2434.8999,2422.0500,2432.5400
2017-07-06,2423.4399,2424.2800,2407.7000,2409.7500
2017-07-07,2413.5200,2426.9199,2413.5200,2425.1799
2017-07-10,2424.5100,2432.0000,2422.2700,2427.4299
2017-07-11,2427.3501,2429.3000,2412.7900,2425.5300
2017-07-12,2435.7500,2445.7600,2435.7500,2443.2500
2017-07-13,2444.9900,2449.3201,2441.6899,2447.8301
2017-07-14,2449.1599,2463.5400,2446.6899,2459.2700
2017-07-17,2459.5000,2462.8201,2457.1599,2459.1399
2017-07-18,2455.8799,2460.9199,2450.3401,2460.6101
2017-07-19,2463.8501,2473.8301,2463.8501,2473.8301
2017-07-20,2475.5601,2477.6201,2468.4299,2473.4500
2017-07-21,2467.3999,2472.5400,2465.0601,2472.5400
2017-07-24,2472.0400,2473.1001,2466.3201,2469.9099
2017-07-25,2477.8799,2481.2400,2474.9099,2477.1299
2017-07-26,2479.9700,2481.6899,2474.9399,2477.8301
2017-07-27,2482.7600,2484.0400,2459.9299,2475.4199
2017-07-28,2469.1201,2473.5300,2464.6599,2472.1001
2017-07-31,2475.9399,2477.9600,2468.5300,2470.3000
2017-08-01,2477.1001,2478.5100,2471.1399,2476.3501
2017-08-02,2480.3799,2480.3799,2466.4800,2477.5701
2017-08-03,2476.0300,2476.0300,2468.8501,2472.1599
2017-08-04,2476.8799,2480.0000,2472.0801,2476.8301
2017-08-07,2477.1399,2480.9500,2475.8799,2480.9099
2017-08-08,2478.3501,2490.8701,2470.3201,2474.9199
2017-08-09,2465.3501,2474.4099,2462.0801,2474.0200
2017-08-10,2465.3799,2465.3799,2437.7500,2438.2100
2017-08-11,2441.0400,2448.0901,2437.8501,2441.3201
2017-08-14,2454.9600,2468.2200,2454.9600,2465.8401
2017-08-15,2468.6599,2468.8999,2461.6101,2464.6101
2017-08-16,2468.6299,2474.9299,2463.8601,2468.1101
2017-08-17,2462.9500,2465.0200,2430.0100,2430.0100
2017-08-18,2427.6399,2440.2700,2420.6899,2425.5500
2017-08-21,2425.5000,2430.5801,2417.3501,2428.3701
2017-08-22,2433.7500,2454.7700,2433.6699,2452.5100
2017-08-23,2444.8799,2448.9099,2441.4199,2444.0400
2017-08-24,2447.9099,2450.3899,2436.1899,2438.9700
2017-08-25,2444.7200,2453.9600,2442.2200,2443.0500
2017-08-28,2447.3501,2449.1201,2439.0300,2444.2400
2017-08-29,2431.9399,2449.1899,2428.2000,2446.3000
2017-08-30,2446.0601,2460.3101,2443.7700,2457.5901
2017-08-31,2462.6499,2475.0100,2462.6499,2471.6499
2017-09-01,2474.4199,2480.3799,2473.8501,2476.5500
2017-09-05,2470.3501,2471.9700,2446.5500,2457.8501
2017-09-06,2463.8301,2469.6399,2459.2000,2465.5400
2017-09-07,2468.0601,2468.6201,2460.2900,2465.1001
2017-09-08,2462.2500,2467.1101,2459.3999,2461.4299
2017-09-11,2474.5200,2488.9500,2474.5200,2488.1101
2017-09-12,2491.9399,2496.7700,2490.3701,2496.4800
2017-09-13,2493.8899,2498.3701,2492.1399,2498.3701
2017-09-14,2494.5601,2498.4299,2491.3501,2495.6201
2017-09-15,2495.6699,2500.2300,2493.1599,2500.2300
2017-09-18,2502.5100,2508.3201,2499.9199,2503.8701
2017-09-19,2506.2900,2507.8401,2503.1899,2506.6499
2017-09-20,2506.8401,2508.8501,2496.6699,2508.2400
2017-09-21,2507.1599,2507.1599,2499.0000,2500.6001
2017-09-22,2497.2600,2503.4700,2496.5400,2502.2200
2017-09-25,2499.3899,2502.5400,2488.0300,2496.6599
2017-09-26,2501.0400,2503.5100,2495.1201,2496.8401
2017-09-27,2503.3000,2511.7500,2495.9099,2507.0400
2017-09-28,2503.4099,2510.8101,2502.9299,2510.0601
2017-09-29,2509.9600,2519.4399,2507.9900,2519.3601
2017-10-02,2521.2000,2529.2300,2520.3999,2529.1201
2017-10-03,2530.3401,2535.1299,2528.8501,2534.5801
2017-10-04,2533.4800,2540.5300,2531.8000,2537.7400
2017-10-05,2540.8601,2552.5100,2540.0200,2552.0701
2017-10-06,2547.4399,2549.4099,2543.7900,2549.3301
2017-10-09,2551.3899,2551.8201,2541.6001,2544.7300
2017-10-10,2549.9900,2555.2300,2544.8601,2550.6399
2017-10-11,2550.6201,2555.2400,2547.9500,2555.2400
2017-10-12,2552.8799,2555.3301,2548.3101,2550.9299
2017-10-13,2555.6599,2557.6499,2552.0901,2553.1699
2017-10-16,2555.5701,2559.4700,2552.6399,2557.6399
2017-10-17,2557.1699,2559.7100,2554.6899,2559.3601
2017-10-18,2562.8701,2564.1101,2559.6699,2561.2600
2017-10-19,2553.3899,2562.3601,2547.9199,2562.1001
2017-10-20,2567.5601,2575.4399,2567.5601,2575.2100
2017-10-23,2578.0801,2578.2900,2564.3301,2564.9800
2017-10-24,2568.6599,2572.1799,2565.5801,2569.1299
2017-10-25,2566.5200,2567.3999,2544.0000,2557.1499
2017-10-26,2560.0801,2567.0701,2559.8000,2560.3999
2017-10-27,2570.2600,2582.9800,2565.9399,2581.0701
2017-10-30,2577.7500,2580.0300,2568.2500,2572.8301
2017-10-31,2575.9900,2578.2900,2572.1499,2575.2600
2017-11-01,2583.2100,2588.3999,2574.9199,2579.3601
2017-11-02,2579.4600,2581.1101,2566.1699,2579.8501
2017-11-03,2581.9299,2588.4199,2576.7700,2587.8401
2017-11-06,2587.4700,2593.3799,2585.6599,2591.1299
2017-11-07,2592.1101,2597.0200,2584.3501,2590.6399
2017-11-08,2588.7100,2595.4700,2585.0200,2594.3799
2017-11-09,2584.0000,2586.5000,2566.3301,2584.6201
2017-11-10,2580.1799,2583.8101,2575.5701,2582.3000
2017-11-13,2576.5300,2587.6599,2574.4800,2584.8401
2017-11-14,2577.7500,2579.6599,2566.5601,2578.8701
2017-11-15,2569.4500,2572.8401,2557.4500,2564.6201
2017-11-16,2572.9500,2590.0901,2572.9500,2585.6399
2017-11-17,2582.9399,2583.9600,2577.6201,2578.8501
2017-11-20,2579.4900,2584.6399,2578.2400,2582.1399
2017-11-21,2589.1699,2601.1899,2589.1699,2599.0300
2017-11-22,2600.3101,2600.9399,2595.2300,2597.0801
2017-11-24,2600.4199,2604.2100,2600.4199,2602.4199
2017-11-27,2602.6599,2606.4099,2598.8701,2601.4199
2017-11-28,2605.9399,2627.6899,2605.4399,2627.0400
2017-11-29,2627.8201,2634.8899,2620.3201,2626.0701
2017-11-30,2633.9299,2657.7400,2633.9299,2647.5801
2017-12-01,2645.1001,2650.6201,2605.5200,2642.2200
2017-12-04,2657.1899,2665.1899,2639.0300,2639.4399
2017-12-05,2639.7800,2648.7200,2627.7300,2629.5701
2017-12-06,2626.2400,2634.4099,2624.7500,2629.2700
2017-12-07,2628.3799,2640.9900,2626.5300,2636.9800
2017-12-08,2646.2100,2651.6499,2644.1001,2651.5000
2017-12-11,2652.1899,2660.3301,2651.4700,2659.9900
2017-12-12,2661.7300,2669.7200,2659.7800,2664.1101
2017-12-13,2667.5901,2671.8799,2662.8501,2662.8501
2017-12-14,2665.8701,2668.0901,2652.0100,2652.0100
2017-12-15,2660.6299,2679.6299,2659.1399,2675.8101
2017-12-18,2685.9199,2694.9700,2685.9199,2690.1599
2017-12-19,2692.7100,2694.4399,2680.7400,2681.4700
2017-12-20,2688.1799,2691.0100,2676.1101,2679.2500
2017-12-21,2683.0200,2692.6399,2682.3999,2684.5701
2017-12-22,2684.2200,2685.3501,2678.1299,2683.3401
2017-12-26,2679.0901,2682.7400,2677.9600,2680.5000
2017-12-27,2682.1001,2685.6399,2678.9099,2682.6201
2017-12-28,2686.1001,2687.6599,2682.6899,2687.5400
2017-12-29,2689.1499,2692.1201,2673.6101,2673.6101
2018-01-02,2683.7300,2695.8899,2682.3601,2695.8101
2018-01-03,2697.8501,2714.3701,2697.7700,2713.0601
2018-01-04,2719.3101,2729.2900,2719.0701,2723.9900
2018-01-05,2731.3301,2743.4500,2727.9199,2743.1499
2018-01-08,2742.6699,2748.5100,2737.6001,2747.7100
2018-01-09,2751.1499,2759.1399,2747.8601,2751.2900
2018-01-10,2745.5500,2750.8000,2736.0601,2748.2300
2018-01-11,2752.9700,2767.5601,2752.7800,2767.5601
2018-01-12,2770.1799,2787.8501,2769.6399,2786.2400
2018-01-16,2798.9600,2807.5400,2768.6399,2776.4199
2018-01-17,2784.9900,2807.0400,2778.3799,2802.5601
2018-01-18,2802.3999,2805.8301,2792.5601,2798.0300
2018-01-19,2802.6001,2810.3301,2798.0801,2810.3000
2018-01-22,2809.1599,2833.0300,2808.1201,2832.9700
2018-01-23,2835.0500,2842.2400,2830.5901,2839.1299
2018-01-24,2845.4199,2852.9700,2824.8101,2837.5400
2018-01-25,2846.2400,2848.5601,2830.9399,2839.2500
2018-01-26,2847.4800,2872.8701,2846.1799,2872.8701
2018-01-29,2867.2300,2870.6201,2851.4800,2853.5300
2018-01-30,2832.7400,2837.7500,2818.2700,2822.4299
2018-01-31,2832.4099,2839.2600,2813.0400,2823.8101
2018-02-01,2816.4500,2835.9600,2812.7000,2821.9800
2018-02-02,2808.9199,2808.9199,2759.9700,2762.1299
2018-02-05,2741.0601,2763.3899,2638.1699,2648.9399
2018-02-06,2614.7800,2701.0400,2593.0701,2695.1399
2018-02-07,2690.9500,2727.6699,2681.3301,2681.6599
2018-02-08,2685.0100,2685.2700,2580.5601,2581.0000
2018-02-09,2601.7800,2638.6699,2532.6899,2619.5500
2018-02-12,2636.7500,2672.6101,2622.4500,2656.0000
2018-02-13,2646.2700,2668.8401,2637.0801,2662.9399
2018-02-14,2651.2100,2702.1001,2648.8701,2698.6299
2018-02-15,2713.4600,2731.5100,2689.8201,2731.2000
2018-02-16,2727.1399,2754.4199,2725.1101,2732.2200
2018-02-20,2722.9900,2737.6001,2706.7600,2716.2600
2018-02-21,2720.5300,2747.7500,2701.2900,2701.3301
2018-02-22,2710.4199,2731.2600,2697.7700,2703.9600
2018-02-23,2715.8000,2747.7600,2713.7400,2747.3000
2018-02-26,2757.3701,2780.6399,2753.7800,2779.6001
2018-02-27,2780.4500,2789.1499,2744.2200,2744.2800
2018-02-28,2753.7800,2761.5200,2713.5400,2713.8301
2018-03-01,2715.2200,2730.8899,2659.6499,2677.6699
2018-03-02,2658.8899,2696.2500,2647.3201,2691.2500
2018-03-05,2681.0601,2728.0901,2675.7500,2720.9399
2018-03-06,2730.1799,2732.0801,2711.2600,2728.1201
2018-03-07,2710.1799,2730.6001,2701.7400,2726.8000
2018-03-08,2732.7500,2740.4500,2722.6499,2738.9700
2018-03-09,2752.9099,2786.5701,2751.5400,2786.5701
2018-03-12,2790.5400,2796.9800,2779.2600,2783.0200
2018-03-13,2792.3101,2801.8999,2758.6799,2765.3101
2018-03-14,2774.0601,2777.1101,2744.3799,2749.4800
2018-03-15,2754.2700,2763.0300,2741.4700,2747.3301
2018-03-16,2750.5701,2761.8501,2749.9700,2752.0100
2018-03-19,2741.3799,2741.3799,2694.5901,2712.9199
2018-03-20,2715.0500,2724.2200,2710.0500,2716.9399
2018-03-21,2714.9900,2739.1399,2709.7900,2711.9299
2018-03-22,2691.3601,2695.6799,2641.5901,2643.6899
2018-03-23,2646.7100,2657.6699,2585.8899,2588.2600
2018-03-26,2619.3501,2661.3601,2601.8101,2658.5500
2018-03-27,2667.5701,2674.7800,2596.1201,2612.6201
2018-03-28,2611.3000,2632.6499,2593.0601,2605.0000
2018-03-29,2614.4099,2659.0701,2609.7200,2640.8701
2018-04-02,2633.4500,2638.3000,2553.8000,2581.8799
2018-04-03,2592.1699,2619.1399,2575.4900,2614.4500
2018-04-04,2584.0400,2649.8601,2573.6101,2644.6899
2018-04-05,2657.3601,2672.0801,2649.5801,2662.8401
2018-04-06,2645.8201,2656.8799,2586.2700,2604.4700
2018-04-09,2617.1799,2653.5500,2610.7900,2613.1599
2018-04-10,2638.4099,2665.4500,2635.7800,2656.8701
2018-04-11,2643.8899,2661.4299,2639.2500,2642.1899
2018-04-12,2653.8301,2674.7200,2653.8301,2663.9900
2018-04-13,2676.8999,2680.2600,2645.0500,2656.3000
2018-04-16,2670.1001,2686.4900,2665.1599,2677.8401
2018-04-17,2692.7400,2713.3401,2692.0500,2706.3899
2018-04-18,2710.1101,2717.4900,2703.6299,2708.6399
2018-04-19,2701.1599,2702.8401,2681.8999,2693.1299
2018-04-20,2692.5601,2693.9399,2660.6101,2670.1399
2018-04-23,2675.3999,2682.8601,2657.9900,2670.2900
2018-04-24,2680.8000,2683.5500,2617.3201,2634.5601
2018-04-25,2634.9199,2645.3000,2612.6699,2639.3999
2018-04-26,2651.6499,2676.4800,2647.1599,2666.9399
2018-04-27,2675.4700,2677.3501,2659.0100,2669.9099
2018-04-30,2682.5100,2682.8701,2648.0400,2648.0500
2018-05-01,2642.9600,2655.2700,2625.4099,2654.8000
2018-05-02,2654.2400,2660.8701,2631.7000,2635.6699
2018-05-03,2628.0801,2637.1399,2594.6201,2629.7300
2018-05-04,2621.4500,2670.9299,2615.3201,2663.4199
2018-05-07,2680.3401,2683.3501,2664.7000,2672.6299
2018-05-08,2670.2600,2676.3401,2655.2000,2671.9199
2018-05-09,2678.1201,2701.2700,2674.1399,2697.7900
2018-05-10,2705.0200,2726.1101,2704.5400,2723.0701
2018-05-11,2722.7000,2732.8601,2717.4500,2727.7200
2018-05-14,2738.4700,2742.1001,2725.4700,2730.1299
2018-05-15,2718.5901,2718.5901,2701.9099,2711.4500
2018-05-16,2712.6201,2727.7600,2712.1699,2722.4600
2018-05-17,2719.7100,2731.9600,2711.3601,2720.1299
2018-05-18,2717.3501,2719.5000,2709.1799,2712.9700
2018-05-21,2735.3899,2739.1899,2725.7000,2733.0100
2018-05-22,2738.3401,2742.2400,2721.8799,2724.4399
2018-05-23,2713.9800,2733.3301,2709.5400,2733.2900
2018-05-24,2730.9399,2731.9700,2707.3799,2727.7600
2018-05-25,2723.6001,2727.3601,2714.9900,2721.3301
2018-05-29,2705.1101,2710.6699,2676.8101,2689.8601
2018-05-30,2702.4299,2729.3401,2702.4299,2724.0100
2018-05-31,2720.9800,2722.5000,2700.6799,2705.2700
2018-06-01,2718.7000,2736.9299,2718.7000,2734.6201
2018-06-04,2741.6699,2749.1599,2740.5400,2746.8701
2018-06-05,2748.4600,2752.6101,2739.5100,2748.8000
2018-06-06,2753.2500,2772.3899,2748.4600,2772.3501
2018-06-07,2774.8401,2779.8999,2760.1599,2770.3701
2018-06-08,2765.8401,2779.3899,2763.5901,2779.0300
2018-06-11,2780.1799,2790.2100,2780.1699,2782.0000
2018-06-12,2785.6001,2789.8000,2778.7800,2786.8501
2018-06-13,2787.9399,2791.4700,2774.6499,2775.6299
2018-06-14,2783.2100,2789.0601,2776.5200,2782.4900
2018-06-15,2777.7800,2782.8101,2761.7300,2779.6599
2018-06-18,2765.7900,2774.9900,2757.1201,2773.7500
2018-06-19,2752.0100,2765.0500,2743.1899,2762.5901
2018-06-20,2769.7300,2774.8601,2763.9099,2767.3201
2018-06-21,2769.2800,2769.2800,2744.3899,2749.7600
2018-06-22,2760.7900,2764.1699,2752.6799,2754.8799
2018-06-25,2742.9399,2742.9399,2698.6699,2717.0701
2018-06-26,2722.1201,2732.9099,2715.6001,2723.0601
2018-06-27,2728.4500,2746.0901,2699.3799,2699.6299
2018-06-28,2698.6899,2724.3401,2691.9900,2716.3101
2018-06-29,2727.1299,2743.2600,2718.0300,2718.3701
2018-07-02,2704.9500,2727.2600,2698.9500,2726.7100
2018-07-03,2733.2700,2736.5801,2711.1599,2713.2200
2018-07-05,2724.1899,2737.8301,2716.0200,2736.6101
2018-07-06,2737.6799,2764.4099,2733.5200,2759.8201
2018-07-09,2775.6201,2784.6499,2770.7300,2784.1699
2018-07-10,2788.5601,2795.5801,2786.2400,2793.8401
2018-07-11,2779.8201,2785.9099,2770.7700,2774.0200
2018-07-12,2783.1399,2799.2200,2781.5300,2798.2900
2018-07-13,2796.9299,2804.5300,2791.6899,2801.3101
2018-07-16,2797.3601,2801.1899,2793.3899,2798.4299
2018-07-17,2789.3401,2814.1899,2789.2400,2809.5500
2018-07-18,2811.3501,2816.7600,2805.8899,2815.6201
2018-07-19,2809.3701,2812.0500,2799.7700,2804.4900
2018-07-20,2804.5500,2809.7000,2800.0100,2801.8301
2018-07-23,2799.1699,2808.6101,2795.1399,2806.9800
2018-07-24,2820.6799,2829.9900,2811.1201,2820.3999
2018-07-25,2817.7300,2848.0300,2817.7300,2846.0701
2018-07-26,2835.4900,2845.5701,2835.2600,2837.4399
2018-07-27,2842.3501,2843.1699,2808.3401,2818.8201
2018-07-30,2819.0000,2821.7400,2798.1101,2802.6001
2018-07-31,2809.7300,2824.4600,2808.0601,2816.2900
2018-08-01,2821.1699,2825.8301,2805.8501,2813.3601
2018-08-02,2800.4800,2829.9099,2796.3401,2827.2200
2018-08-03,2829.6201,2840.3799,2827.3701,2840.3501
2018-08-06,2840.2900,2853.2900,2835.9800,2850.3999
2018-08-07,2855.9199,2863.4299,2855.9199,2858.4500
2018-08-08,2856.7900,2862.4399,2853.0901,2857.7000
2018-08-09,2857.1899,2862.4800,2851.9800,2853.5801
2018-08-10,2838.8999,2842.2000,2825.8101,2833.2800
2018-08-13,2835.4600,2843.3999,2819.8799,2821.9299
2018-08-14,2827.8799,2843.1101,2826.5801,2839.9600
2018-08-15,2827.9500,2827.9500,2802.4900,2818.3701
2018-08-16,2831.4399,2850.4900,2831.4399,2840.6899
2018-08-17,2838.3201,2855.6299,2833.7300,2850.1299
2018-08-20,2853.9299,2859.7600,2850.6201,2857.0500
2018-08-21,2861.5100,2873.2300,2861.3201,2862.9600
2018-08-22,2860.9900,2867.5400,2856.0500,2861.8201
2018-08-23,2860.2900,2868.7800,2854.0300,2856.9800
2018-08-24,2862.3501,2876.1599,2862.3501,2874.6899
2018-08-27,2884.6899,2898.2500,2884.6899,2896.7400
2018-08-28,2901.4500,2903.7700,2893.5000,2897.5200
2018-08-29,2900.6201,2916.5000,2898.3999,2914.0400
2018-08-30,2908.9399,2912.4600,2895.2200,2901.1299
2018-08-31,2898.3701,2906.3201,2891.7300,2901.5200
2018-09-04,2896.9600,2900.1799,2885.1299,2896.7200
2018-09-05,2891.5901,2894.2100,2876.9199,2888.6001
2018-09-06,2888.6399,2892.0500,2867.2900,2878.0500
2018-09-07,2868.2600,2883.8101,2864.1201,2871.6799
2018-09-10,2881.3899,2886.9299,2875.9399,2877.1299
2018-09-11,2871.5701,2892.5200,2866.7800,2887.8899
2018-09-12,2888.2900,2894.6499,2879.2000,2888.9199
2018-09-13,2896.8501,2906.7600,2896.3899,2904.1799
2018-09-14,2906.3799,2908.3000,2895.7700,2904.9800
2018-09-17,2903.8301,2904.6499,2886.1599,2888.8000
2018-09-18,2890.7400,2911.1699,2890.4299,2904.3101
2018-09-19,2906.6001,2912.3601,2903.8201,2907.9500
2018-09-20,2919.7300,2934.8000,2919.7300,2930.7500
2018-09-21,2936.7600,2940.9099,2927.1101,2929.6699
2018-09-24,2921.8301,2923.7900,2912.6299,2919.3701
2018-09-25,2921.7500,2923.9500,2913.7000,2915.5601
2018-09-26,2916.9800,2931.1499,2903.2800,2905.9700
2018-09-27,2911.6499,2927.2200,2909.2700,2914.0000
2018-09-28,2910.0300,2920.5300,2907.5000,2913.9800
2018-10-01,2926.2900,2937.0601,2917.9099,2924.5901
2018-10-02,2923.8000,2931.4199,2919.3701,2923.4299
2018-10-03,2931.6899,2939.8601,2921.3601,2925.5100
2018-10-04,2919.3501,2919.7800,2883.9199,2901.6101
2018-10-05,2902.5400,2909.6399,2869.2900,2885.5701
2018-10-08,2877.5300,2889.4500,2862.0801,2884.4299
2018-10-09,2882.5100,2894.8301,2874.2700,2880.3401
2018-10-10,2873.8999,2874.0200,2784.8601,2785.6799
2018-10-11,2776.8701,2795.1399,2710.5100,2728.3701
2018-10-12,2770.5400,2775.7700,2729.4399,2767.1299
2018-10-15,2763.8301,2775.9900,2749.0300,2750.7900
2018-10-16,2767.0500,2813.4600,2766.9099,2809.9199
2018-10-17,2811.6699,2816.9399,2781.8101,2809.2100
2018-10-18,2802.0000,2806.0400,2755.1799,2768.7800
2018-10-19,2775.6599,2797.7700,2760.2700,2767.7800
2018-10-22,2773.9399,2778.9399,2749.2200,2755.8799
2018-10-23,2721.0300,2753.5901,2691.4299,2740.6899
2018-10-24,2737.8701,2742.5901,2651.8899,2656.1001
2018-10-25,2674.8799,2722.7000,2667.8401,2705.5701
2018-10-26,2667.8601,2692.3799,2628.1599,2658.6899
2018-10-29,2682.6499,2706.8501,2603.5400,2641.2500
2018-10-30,2640.6799,2685.4299,2635.3401,2682.6299
2018-10-31,2705.6001,2736.6899,2705.6001,2711.7400
2018-11-01,2717.5801,2741.6699,2708.8501,2740.3701
2018-11-02,2745.4500,2756.5500,2700.4399,2723.0601
2018-11-05,2726.3701,2744.2700,2717.9399,2738.3101
2018-11-06,2738.3999,2756.8201,2737.0801,2755.4500
2018-11-07,2774.1299,2815.1499,2774.1299,2813.8899
2018-11-08,2806.3799,2814.7500,2794.9900,2806.8301
2018-11-09,2794.1001,2794.1001,2764.2400,2781.0100
2018-11-12,2773.9299,2775.9900,2722.0000,2726.2200
2018-11-13,2730.0500,2754.6001,2714.9800,2722.1799
2018-11-14,2737.8999,2746.8000,2685.7500,2701.5801
2018-11-15,2693.5200,2735.3799,2670.7500,2730.2000
2018-11-16,2718.5400,2746.7500,2712.1599,2736.2700
2018-11-19,2730.7400,2733.1599,2681.0901,2690.7300
2018-11-20,2654.6001,2669.4399,2631.5200,2641.8899
2018-11-21,2657.7400,2670.7300,2649.8201,2649.9299
2018-11-23,2633.3601,2647.5500,2631.0901,2632.5601
2018-11-26,2649.9700,2674.3501,2649.9700,2673.4500
2018-11-27,2663.7500,2682.5300,2655.8899,2682.1699
2018-11-28,2691.4500,2744.0000,2684.3799,2743.7900
2018-11-29,2736.9700,2753.7500,2722.9399,2737.8000
2018-11-30,2737.7600,2760.8799,2732.7600,2760.1699
2018-12-03,2790.5000,2800.1799,2773.3799,2790.3701
2018-12-04,2782.4299,2785.9299,2697.1799,2700.0601
2018-12-06,2663.5100,2696.1499,2621.5300,2695.9500
2018-12-07,2691.2600,2708.5400,2623.1399,2633.0801
2018-12-10,2630.8601,2647.5100,2583.2300,2637.7200
2018-12-11,2664.4399,2674.3501,2621.3000,2636.7800
2018-12-12,2658.2300,2685.4399,2650.2600,2651.0701
2018-12-13,2658.7000,2670.1899,2637.2700,2650.5400
2018-12-14,2629.6799,2635.0701,2593.8401,2599.9500
2018-12-17,2590.7500,2601.1299,2530.5400,2545.9399
2018-12-18,2559.8999,2573.9900,2528.7100,2546.1599
2018-12-19,2547.0500,2585.2900,2488.9600,2506.9600
2018-12-20,2496.7700,2509.6299,2441.1799,2467.4199
2018-12-21,2465.3799,2504.4099,2408.5500,2416.6201
2018-12-24,2400.5601,2410.3401,2351.1001,2351.1001
2018-12-26,2363.1201,2467.7600,2346.5801,2467.7000
2018-12-27,2442.5000,2489.1001,2397.9399,2488.8301
2018-12-28,2498.7700,2520.2700,2472.8899,2485.7400
2018-12-31,2498.9399,2509.2400,2482.8201,2506.8501
2019-01-02,2476.9600,2519.4900,2467.4700,2510.0300
2019-01-03,2491.9199,2493.1399,2443.9600,2447.8899
2019-01-04,2474.3301,2538.0701,2474.3301,2531.9399
2019-01-07,2535.6101,2566.1599,2524.5601,2549.6899
2019-01-08,2568.1101,2579.8201,2547.5601,2574.4099
2019-01-09,2580.0000,2595.3201,2568.8899,2584.9600
2019-01-10,2573.5100,2597.8201,2562.0200,2596.6399
2019-01-11,2588.1101,2596.2700,2577.3999,2596.2600
2019-01-14,2580.3101,2589.3201,2570.4099,2582.6101
2019-01-15,2585.1001,2613.0801,2585.1001,2610.3000
2019-01-16,2614.7500,2625.7600,2612.6799,2616.1001
2019-01-17,2609.2800,2645.0601,2606.3601,2635.9600
2019-01-18,2651.2700,2675.4700,2647.5801,2670.7100
2019-01-22,2657.8799,2657.8799,2617.2700,2632.8999
2019-01-23,2643.4800,2653.1899,2612.8601,2638.7000
2019-01-24,2638.8401,2647.2000,2627.0100,2642.3301
2019-01-25,2657.4399,2672.3799,2657.3301,2664.7600
2019-01-28,2644.9700,2644.9700,2624.0601,2643.8501
2019-01-29,2644.8899,2650.9299,2631.0500,2640.0000
2019-01-30,2653.6201,2690.4399,2648.3401,2681.0500
2019-01-31,2685.4900,2708.9500,2678.6499,2704.1001
2019-02-01,2702.3201,2716.6599,2696.8799,2706.5300
2019-02-04,2706.4900,2724.9900,2698.7500,2724.8701
2019-02-05,2728.3401,2738.9800,2724.0300,2737.7000
2019-02-06,2735.0500,2738.0801,2724.1499,2731.6101
2019-02-07,2717.5300,2719.3201,2687.2600,2706.0500
2019-02-08,2692.3601,2708.0701,2681.8301,2707.8799
2019-02-11,2712.3999,2718.0500,2703.7900,2709.8000
2019-02-12,2722.6101,2748.1899,2722.6101,2744.7300
2019-02-13,2750.3000,2761.8501,2748.6299,2753.0300
2019-02-14,2743.5000,2757.8999,2731.2300,2745.7300
2019-02-15,2760.2400,2775.6599,2760.2400,2775.6001
2019-02-19,2769.2800,2787.3301,2767.2900,2779.7600
2019-02-20,2779.0500,2789.8799,2774.0601,2784.7000
2019-02-21,2780.2400,2781.5801,2764.5500,2774.8799
2019-02-22,2780.6699,2794.2000,2779.1101,2792.6699
2019-02-25,2804.3501,2813.4900,2794.9900,2796.1101
2019-02-26,2792.3601,2803.1201,2789.4700,2793.8999
2019-02-27,2787.5000,2795.7600,2775.1299,2792.3799
2019-02-28,2788.1101,2793.7300,2782.5100,2784.4900
2019-03-01,2798.2200,2808.0200,2787.3799,2803.6899
2019-03-04,2814.3701,2816.8799,2767.6599,2792.8101
2019-03-05,2794.4099,2796.4399,2782.9700,2789.6499
2019-03-06,2790.2700,2790.2700,2768.6899,2771.4500
2019-03-07,2766.5300,2767.2500,2739.0901,2748.9299
2019-03-08,2730.7900,2744.1299,2722.2700,2743.0701
2019-03-11,2747.6101,2784.0000,2747.6101,2783.3000
2019-03-12,2787.3401,2798.3201,2786.7300,2791.5200
2019-03-13,2799.7800,2821.2400,2799.7800,2810.9199
2019-03-14,2810.3799,2815.0000,2803.4600,2808.4800
2019-03-15,2810.7900,2830.7300,2810.7900,2822.4800
2019-03-18,2822.6101,2835.4099,2821.9900,2832.9399
2019-03-19,2840.7600,2852.4199,2823.2700,2832.5701
2019-03-20,2831.3401,2843.5400,2812.4299,2824.2300
2019-03-21,2819.7200,2860.3101,2817.3799,2854.8799
2019-03-22,2844.5200,2846.1599,2800.4700,2800.7100
2019-03-25,2796.0100,2809.7900,2785.0200,2798.3601
2019-03-26,2812.6599,2829.8701,2803.9900,2818.4600
2019-03-27,2819.7200,2825.5601,2787.7200,2805.3701
2019-03-28,2809.3999,2819.7100,2798.7700,2815.4399
2019-03-29,2828.2700,2836.0300,2819.2300,2834.3999
2019-04-01,2848.6299,2869.3999,2848.6299,2867.1899
2019-04-02,2868.2400,2872.8999,2858.7500,2867.2400
2019-04-03,2876.0901,2885.2500,2865.1699,2873.3999
2019-04-04,2873.9900,2881.2800,2867.1399,2879.3899
2019-04-05,2884.1599,2893.2400,2882.9900,2892.7400
2019-04-08,2888.4600,2895.9500,2880.7800,2895.7700
2019-04-09,2886.5801,2886.8799,2873.3301,2878.2000
2019-04-10,2881.3701,2889.7100,2879.1299,2888.2100
2019-04-11,2891.9199,2893.4199,2881.9900,2888.3201
2019-04-12,2900.8601,2910.5400,2898.3701,2907.4099
2019-04-15,2908.3201,2909.6001,2896.4800,2905.5801
2019-04-16,2912.2600,2916.0601,2900.7100,2907.0601
2019-04-17,2916.0400,2918.0000,2895.4500,2900.4500
2019-04-18,2904.8101,2908.3999,2891.8999,2905.0300
2019-04-22,2898.7800,2909.5100,2896.3501,2907.9700
2019-04-23,2909.9900,2936.3101,2908.5300,2933.6799
2019-04-24,2934.0000,2936.8301,2926.0500,2927.2500
2019-04-25,2928.9900,2933.1001,2912.8401,2926.1699
2019-04-26,2925.8101,2939.8799,2917.5601,2939.8799
2019-04-29,2940.5801,2949.5200,2939.3501,2943.0300
2019-04-30,2937.1399,2948.2200,2924.1101,2945.8301
2019-05-01,2952.3301,2954.1299,2923.3601,2923.7300
2019-05-02,2922.1599,2931.6799,2900.5000,2917.5200
2019-05-03,2929.2100,2947.8501,2929.2100,2945.6399
2019-05-06,2908.8899,2937.3201,2898.2100,2932.4700
2019-05-07,2913.0300,2913.0300,2862.6001,2884.0500
2019-05-08,2879.6101,2897.9600,2873.2800,2879.4199
2019-05-09,2859.8401,2875.9700,2836.3999,2870.7200
2019-05-10,2863.1001,2891.3101,2825.3899,2881.3999
2019-05-13,2840.1899,2840.1899,2801.4299,2811.8701
2019-05-14,2820.1201,2852.5400,2820.1201,2834.4099
2019-05-15,2820.3799,2858.6799,2815.0801,2850.9600
2019-05-16,2855.8000,2892.1499,2855.8000,2876.3201
2019-05-17,2858.6001,2885.4800,2854.2300,2859.5300
2019-05-20,2841.9399,2853.8601,2831.2900,2840.2300
2019-05-21,2854.0200,2868.8799,2854.0200,2864.3601
2019-05-22,2856.0601,2865.4700,2851.1101,2856.2700
2019-05-23,2836.7000,2836.7000,2805.4900,2822.2400
2019-05-24,2832.4099,2841.3601,2820.1899,2826.0601
2019-05-28,2830.0300,2840.5100,2801.5801,2802.3899
2019-05-29,2790.2500,2792.0300,2766.0601,2783.0200
2019-05-30,2786.9399,2799.0000,2776.7400,2788.8601
2019-05-31,2766.1499,2768.9800,2750.5200,2752.0601
2019-06-03,2751.5300,2763.0701,2728.8101,2744.4500
2019-06-04,2762.6399,2804.4900,2762.6399,2803.2700
2019-06-05,2818.0901,2827.2800,2800.9199,2826.1499
2019-06-06,2828.5100,2852.1001,2822.4500,2843.4900
2019-06-07,2852.8701,2884.9700,2852.8701,2873.3401
2019-06-10,2885.8301,2904.7700,2885.5100,2886.7300
2019-06-11,2903.2700,2910.6101,2878.5300,2885.7200
2019-06-12,2882.7300,2888.5701,2874.6799,2879.8401
2019-06-13,2886.2400,2895.2400,2881.9900,2891.6399
2019-06-14,2886.8201,2894.4500,2879.6201,2886.9800
2019-06-17,2889.7500,2897.2700,2887.3000,2889.6699
2019-06-18,2906.7100,2930.7900,2905.4399,2917.7500
2019-06-19,2920.5500,2931.7400,2911.4299,2926.4600
2019-06-20,2949.6001,2958.0601,2931.5000,2954.1799
2019-06-21,2952.7100,2964.1499,2946.8701,2950.4600
2019-06-24,2951.4199,2954.9199,2944.0500,2945.3501
2019-06-25,2945.7800,2946.5200,2916.0100,2917.3799
2019-06-26,2926.0701,2932.5901,2912.9900,2913.7800
2019-06-27,2919.6599,2929.3000,2918.5701,2924.9199
2019-06-28,2932.9399,2943.9800,2929.0500,2941.7600
2019-07-01,2971.4099,2977.9299,2952.2200,2964.3301
2019-07-02,2964.6599,2973.2100,2955.9199,2973.0100
2019-07-03,2978.0801,2995.8401,2977.9600,2995.8201
2019-07-05,2984.2500,2994.0300,2967.9700,2990.4099
2019-07-08,2979.7700,2980.7600,2970.0901,2975.9500
2019-07-09,2965.5200,2981.8999,2963.4399,2979.6299
2019-07-10,2989.3000,3002.9800,2984.6201,2993.0701
2019-07-11,2999.6201,3002.3301,2988.8000,2999.9099
2019-07-12,3003.3601,3013.9199,3001.8701,3013.7700
2019-07-15,3017.8000,3017.8000,3008.7700,3014.3000
2019-07-16,3012.1299,3015.0200,3001.1499,3004.0400
2019-07-17,3005.1001,3005.2600,2984.2500,2984.4199
2019-07-18,2978.8701,2998.2800,2973.0901,2995.1101
2019-07-19,3004.2600,3006.0200,2975.8601,2976.6101
2019-07-22,2981.9299,2990.7100,2976.6499,2985.0300
2019-07-23,2994.7400,3005.8999,2988.5601,3005.4700
2019-07-24,2998.7700,3019.5901,2996.8201,3019.5601
2019-07-25,3016.2600,3016.3101,2997.2400,3003.6699
2019-07-26,3013.2500,3027.9800,3012.5901,3025.8601
2019-07-29,3024.4700,3025.6101,3014.3000,3020.9700
2019-07-30,3007.6599,3017.1899,3000.9399,3013.1799
2019-07-31,3016.2200,3017.3999,2958.0801,2980.3799
2019-08-01,2980.3201,3013.5901,2945.2300,2953.5601
2019-08-02,2943.8999,2945.5000,2914.1101,2932.0500
2019-08-05,2898.0701,2898.0701,2822.1201,2844.7400
2019-08-06,2861.1799,2884.3999,2847.4199,2881.7700
2019-08-07,2858.6499,2892.1699,2825.7100,2883.9800
2019-08-08,2896.2100,2938.7200,2894.4700,2938.0901
2019-08-09,2930.5100,2935.7500,2900.1499,2918.6499
2019-08-12,2907.0701,2907.5801,2873.1399,2882.7000
2019-08-13,2880.7200,2943.3101,2877.0500,2926.3201
2019-08-14,2894.1499,2894.1499,2839.6399,2840.6001
2019-08-15,2846.2000,2856.6699,2825.5100,2847.6001
2019-08-16,2864.7400,2893.6299,2864.7400,2888.6799
2019-08-19,2913.4800,2931.0000,2913.4800,2923.6499
2019-08-20,2919.0100,2923.6299,2899.6001,2900.5100
2019-08-21,2922.0400,2928.7300,2917.9099,2924.4299
2019-08-22,2930.9399,2939.0801,2904.5100,2922.9500
2019-08-23,2911.0701,2927.0100,2834.9700,2847.1101
2019-08-26,2866.7000,2879.2700,2856.0000,2878.3799
2019-08-27,2893.1399,2898.7900,2860.5901,2869.1599
2019-08-28,2861.2800,2890.0300,2853.0500,2887.9399
2019-08-29,2910.3701,2930.5000,2905.6699,2924.5801
2019-08-30,2937.0901,2940.4299,2913.3201,2926.4600
2019-09-03,2909.0100,2914.3899,2891.8501,2906.2700
2019-09-04,2924.6699,2938.8401,2921.8601,2937.7800
2019-09-05,2960.6001,2985.8601,2960.6001,2976.0000
2019-09-06,2980.3301,2985.0300,2972.5100,2978.7100
2019-09-09,2988.4299,2989.4299,2969.3899,2978.4299
2019-09-10,2971.0100,2979.3899,2957.0100,2979.3899
2019-09-11,2981.4099,3000.9299,2975.3101,3000.9299
2019-09-12,3009.0801,3020.7400,3000.9199,3009.5701
2019-09-13,3012.2100,3017.3301,3002.8999,3007.3899
2019-09-16,2996.4099,3002.1899,2990.6699,2997.9600
2019-09-17,2995.6699,3006.2100,2993.7300,3005.7000
2019-09-18,3001.5000,3007.8301,2978.5701,3006.7300
2019-09-19,3010.3601,3021.9900,3003.1599,3006.7900
2019-09-20,3008.4199,3016.3701,2984.6799,2992.0701
2019-09-23,2983.5000,2999.1499,2982.2300,2991.7800
2019-09-24,3002.4299,3007.9800,2957.7300,2966.6001
2019-09-25,2968.3501,2989.8201,2952.8601,2984.8701
2019-09-26,2985.7300,2987.2800,2963.7100,2977.6201
2019-09-27,2985.4700,2987.3101,2945.5300,2961.7900
2019-09-30,2967.0701,2983.8501,2967.0701,2976.7400
2019-10-01,2983.6899,2992.5300,2938.7000,2940.2500
2019-10-02,2924.7800,2924.7800,2874.9299,2887.6101
2019-10-03,2885.3799,2911.1299,2855.9399,2910.6299
2019-10-04,2918.5601,2953.7400,2918.5601,2952.0100
2019-10-07,2944.2300,2959.7500,2935.6799,2938.7900
2019-10-08,2920.3999,2925.4700,2892.6599,2893.0601
2019-10-09,2911.1001,2929.3201,2907.4099,2919.3999
2019-10-10,2918.5500,2948.4600,2917.1201,2938.1299
2019-10-11,2963.0701,2993.2800,2963.0701,2970.2700
2019-10-14,2965.8101,2972.8401,2962.9399,2966.1499
2019-10-15,2973.6101,3003.2800,2973.6101,2995.6799
2019-10-16,2989.6799,2997.5400,2985.2000,2989.6899
2019-10-17,3000.7700,3008.2900,2991.7900,2997.9500
2019-10-18,2996.8401,3000.0000,2976.3101,2986.2000
2019-10-21,2996.4800,3007.3301,2995.3501,3006.7200
2019-10-22,3010.7300,3014.5701,2995.0400,2995.9900
2019-10-23,2994.0100,3004.7800,2991.2100,3004.5200
2019-10-24,3014.7800,3016.0701,3000.4199,3010.2900
2019-10-25,3003.3201,3027.3899,3001.9399,3022.5500
2019-10-28,3032.1201,3044.0801,3032.1201,3039.4199
2019-10-29,3035.3899,3047.8701,3034.8101,3036.8899
2019-10-30,3039.7400,3050.1001,3025.9600,3046.7700
2019-10-31,3046.8999,3046.8999,3023.1899,3037.5601
2019-11-01,3050.7200,3066.9500,3050.7200,3066.9099
2019-11-04,3078.9600,3085.2000,3074.8701,3078.2700
2019-11-05,3080.8000,3083.9500,3072.1499,3074.6201
2019-11-06,3075.1001,3078.3401,3065.8899,3076.7800
2019-11-07,3087.0200,3097.7700,3080.2300,3085.1799
2019-11-08,3081.2500,3093.0901,3073.5801,3093.0801
2019-11-11,3080.3301,3088.3301,3075.8201,3087.0100
2019-11-12,3089.2800,3102.6101,3084.7300,3091.8401
2019-11-13,3084.1799,3098.0601,3078.8000,3094.0400
2019-11-14,3090.7500,3098.2000,3083.2600,3096.6299
2019-11-15,3107.9199,3120.4600,3104.6001,3120.4600
2019-11-18,3117.9099,3124.1699,3112.0601,3122.0300
2019-11-19,3127.4500,3127.6399,3113.4700,3120.1799
2019-11-20,3114.6599,3118.9700,3091.4099,3108.4600
2019-11-21,3108.4900,3110.1101,3094.5500,3103.5400
2019-11-22,3111.4099,3112.8701,3099.2600,3110.2900
2019-11-25,3117.4399,3133.8301,3117.4399,3133.6399
2019-11-26,3134.8501,3142.6899,3131.0000,3140.5200
2019-11-27,3145.4900,3154.2600,3143.4099,3153.6299
2019-11-29,3147.1799,3150.3000,3139.3401,3140.9800
2019-12-02,3143.8501,3144.3101,3110.7800,3113.8701
2019-12-03,3087.4099,3094.9700,3070.3301,3093.2000
2019-12-04,3103.5000,3119.3799,3102.5300,3112.7600
2019-12-05,3119.2100,3119.4500,3103.7600,3117.4299
2019-12-06,3134.6201,3150.6001,3134.6201,3145.9099
2019-12-09,3141.8601,3148.8701,3135.4600,3135.9600
2019-12-10,3135.3601,3142.1201,3126.0901,3132.5200
2019-12-11,3135.7500,3143.9800,3133.2100,3141.6299
2019-12-12,3141.2300,3176.2800,3138.4700,3168.5701
2019-12-13,3166.6499,3182.6799,3156.5100,3168.8000
2019-12-16,3183.6299,3197.7100,3183.6299,3191.4500
2019-12-17,3195.3999,3198.2200,3191.0300,3192.5200
2019-12-18,3195.2100,3198.4800,3191.1399,3191.1399
2019-12-19,3192.3201,3205.4800,3192.3201,3205.3701
2019-12-20,3223.3301,3225.6499,3216.0300,3221.2200
2019-12-23,3226.0500,3227.7800,3222.3000,3224.0100
2019-12-24,3225.4500,3226.4299,3220.5100,3223.3799
2019-12-26,3227.2000,3240.0801,3227.2000,3239.9099
2019-12-27,3247.2300,3247.9299,3234.3701,3240.0200
2019-12-30,3240.0901,3240.9199,3216.5701,3221.2900
2019-12-31,3215.1799,3231.7200,3212.0300,3230.7800
2020-01-02,3244.6699,3258.1399,3235.5300,3257.8501
2020-01-03,3226.3601,3246.1499,3222.3401,3234.8501
2020-01-06,3217.5500,3246.8401,3214.6399,3246.2800
2020-01-07,3241.8601,3244.9099,3232.4299,3237.1799
2020-01-08,3238.5901,3267.0701,3236.6699,3253.0500
2020-01-09,3266.0300,3275.5801,3263.6699,3274.7000
2020-01-10,3281.8101,3282.9900,3260.8601,3265.3501
2020-01-13,3271.1299,3288.1299,3268.4299,3288.1299
2020-01-14,3285.3501,3294.2500,3277.1899,3283.1499
2020-01-15,3282.2700,3298.6599,3280.6899,3289.2900
2020-01-16,3302.9700,3317.1101,3302.8201,3316.8101
2020-01-17,3323.6599,3329.8799,3318.8601,3329.6201
2020-01-21,3321.0300,3329.7900,3316.6101,3320.7900
2020-01-22,3330.0200,3337.7700,3320.0400,3321.7500
2020-01-23,3315.7700,3326.8799,3301.8701,3325.5400
2020-01-24,3333.1001,3333.1799,3281.5300,3295.4700
2020-01-27,3247.1599,3258.8501,3234.5000,3243.6299
2020-01-28,3255.3501,3285.7800,3253.2200,3276.2400
2020-01-29,3289.4600,3293.4700,3271.8899,3273.3999
2020-01-30,3256.4500,3285.9099,3242.8000,3283.6599
2020-01-31,3282.3301,3282.3301,3214.6799,3225.5200
2020-02-03,3235.6599,3268.4399,3235.6599,3248.9199
2020-02-04,3280.6101,3306.9199,3280.6101,3297.5901
2020-02-05,3324.9099,3337.5801,3313.7500,3334.6899
2020-02-06,3344.9199,3347.9600,3334.3899,3345.7800
2020-02-07,3335.5400,3341.4199,3322.1201,3327.7100
2020-02-10,3318.2800,3352.2600,3317.7700,3352.0901
2020-02-11,3365.8701,3375.6299,3352.7200,3357.7500
2020-02-12,3370.5000,3381.4700,3369.7200,3379.4500
2020-02-13,3365.8999,3385.0901,3360.5200,3373.9399
2020-02-14,3378.0801,3380.6899,3366.1499,3380.1599
2020-02-18,3369.0400,3375.0100,3355.6101,3370.2900
2020-02-19,3380.3899,3393.5200,3378.8301,3386.1499
2020-02-20,3380.4500,3389.1499,3341.0200,3373.2300
2020-02-21,3360.5000,3360.7600,3328.4500,3337.7500
2020-02-24,3257.6101,3259.8101,3214.6499,3225.8899
2020-02-25,3238.9399,3246.9900,3118.7700,3128.2100
2020-02-26,3139.8999,3182.5100,3108.9900,3116.3899
2020-02-27,3062.5400,3097.0701,2977.3899,2978.7600
2020-02-28,2916.8999,2959.7200,2855.8401,2954.2200
2020-03-02,2974.2800,3090.9600,2945.1899,3090.2300
2020-03-03,3096.4600,3136.7200,2976.6299,3003.3701
2020-03-04,3045.7500,3130.9700,3034.3799,3130.1201
2020-03-05,3075.7000,3083.0400,2999.8301,3023.9399
2020-03-06,2954.2000,2985.9299,2901.5400,2972.3701
2020-03-09,2863.8899,2863.8899,2734.4299,2746.5601
2020-03-10,2813.4800,2882.5901,2734.0000,2882.2300
2020-03-11,2825.6001,2825.6001,2707.2200,2741.3799
2020-03-12,2630.8601,2660.9500,2478.8601,2480.6399
2020-03-13,2569.9900,2711.3301,2492.3701,2711.0200
2020-03-16,2508.5901,2562.9800,2380.9399,2386.1299
2020-03-17,2425.6599,2553.9299,2367.0400,2529.1899
2020-03-18,2436.5000,2453.5701,2280.5200,2398.1001
2020-03-19,2393.4800,2466.9700,2319.7800,2409.3899
2020-03-20,2431.9399,2453.0100,2295.5601,2304.9199
2020-03-23,2290.7100,2300.7300,2191.8601,2237.3999
2020-03-24,2344.4399,2449.7100,2344.4399,2447.3301
2020-03-25,2457.7700,2571.4199,2407.5300,2475.5601
2020-03-26,2501.2900,2637.0100,2500.7200,2630.0701
2020-03-27,2555.8701,2615.9099,2520.0200,2541.4700
2020-03-30,2558.9800,2631.8000,2545.2800,2626.6499
2020-03-31,2614.6899,2641.3899,2571.1499,2584.5901
2020-04-01,2498.0801,2522.7500,2447.4900,2470.5000
2020-04-02,2458.5400,2533.2200,2455.7900,2526.8999
2020-04-03,2514.9199,2538.1799,2459.9600,2488.6499
2020-04-06,2578.2800,2676.8501,2574.5701,2663.6799
2020-04-07,2738.6499,2756.8899,2657.6699,2659.4099
2020-04-08,2685.0000,2760.7500,2663.3000,2749.9800
2020-04-09,2776.9900,2818.5701,2762.3601,2789.8201
2020-04-13,2782.4600,2782.4600,2721.1699,2761.6299
2020-04-14,2805.1001,2851.8501,2805.1001,2846.0601
2020-04-15,2795.6399,2801.8799,2761.5400,2783.3601
2020-04-16,2799.3401,2806.5100,2764.3201,2799.5500
2020-04-17,2842.4299,2879.2200,2830.8799,2874.5601
2020-04-20,2845.6201,2868.9800,2820.4299,2823.1599
2020-04-21,2784.8101,2785.5400,2727.1001,2736.5601
2020-04-22,2787.8899,2815.1001,2775.9500,2799.3101
2020-04-23,2810.4199,2844.8999,2794.2600,2797.8000
2020-04-24,2812.6399,2842.7100,2791.7600,2836.7400
2020-04-27,2854.6499,2887.7200,2852.8899,2878.4800
2020-04-28,2909.9600,2921.1499,2860.7100,2863.3899
2020-04-29,2918.4600,2954.8601,2912.1599,2939.5100
2020-04-30,2930.9099,2930.9099,2892.4700,2912.4299
2020-05-01,2869.0901,2869.0901,2821.6101,2830.7100
2020-05-04,2815.0100,2844.2400,2797.8501,2842.7400
2020-05-05,2868.8799,2898.2300,2863.5500,2868.4399
2020-05-06,2883.1399,2891.1101,2847.6499,2848.4199
2020-05-07,2878.2600,2901.9199,2876.4800,2881.1899
2020-05-08,2908.8301,2932.1599,2902.8799,2929.8000
2020-05-11,2915.4600,2944.2500,2903.4399,2930.1899
2020-05-12,2939.5000,2945.8201,2869.5901,2870.1201
2020-05-13,2865.8601,2874.1399,2793.1499,2820.0000
2020-05-14,2794.5400,2852.8000,2766.6399,2852.5000
2020-05-15,2829.9500,2865.0100,2816.7800,2863.7000
2020-05-18,2913.8601,2968.0901,2913.8601,2953.9099
2020-05-19,2948.5901,2964.2100,2922.3501,2922.9399
2020-05-20,2953.6299,2980.2900,2953.6299,2971.6101
2020-05-21,2969.9500,2978.5000,2938.5701,2948.5100
2020-05-22,2948.0500,2956.7600,2933.5901,2955.4500
2020-05-26,3004.0801,3021.7200,2988.1699,2991.7700
2020-05-27,3015.6499,3036.2500,2969.7500,3036.1299
2020-05-28,3046.6101,3068.6699,3023.3999,3029.7300
2020-05-29,3025.1699,3049.1699,2998.6101,3044.3101
2020-06-01,3038.7800,3062.1799,3031.5400,3055.7300
2020-06-02,3064.7800,3081.0701,3051.6399,3080.8201
2020-06-03,3098.8999,3130.9399,3098.8999,3122.8701
2020-06-04,3111.5601,3128.9099,3090.4099,3112.3501
2020-06-05,3163.8401,3211.7200,3163.8401,3193.9299
2020-06-08,3199.9199,3233.1299,3196.0000,3232.3899
2020-06-09,3213.3201,3222.7100,3193.1101,3207.1799
2020-06-10,3213.4199,3223.2700,3181.4900,3190.1399
2020-06-11,3123.5300,3123.5300,2999.4900,3002.1001
2020-06-12,3071.0400,3088.4199,2984.4700,3041.3101
2020-06-15,2993.7600,3079.7600,2965.6599,3066.5901
2020-06-16,3131.0000,3153.4500,3076.0601,3124.7400
2020-06-17,3136.1299,3141.1599,3108.0300,3113.4900
2020-06-18,3101.6399,3120.0000,3093.5100,3115.3401
2020-06-19,3140.2900,3155.5300,3083.1101,3097.7400
2020-06-22,3094.4199,3120.9199,3079.3899,3117.8601
2020-06-23,3138.7000,3154.8999,3127.1201,3131.2900
2020-06-24,3114.3999,3115.0100,3032.1299,3050.3301
2020-06-25,3046.6001,3086.2500,3024.0100,3083.7600
2020-06-26,3073.2000,3073.7300,3004.6299,3009.0500
2020-06-29,3018.5901,3053.8899,2999.7400,3053.2400
2020-06-30,3050.2000,3111.5100,3047.8301,3100.2900
2020-07-01,3105.9199,3128.4399,3101.1699,3115.8601
2020-07-02,3143.6399,3165.8101,3124.5200,3130.0100
2020-07-06,3155.2900,3182.5901,3155.2900,3179.7200
2020-07-07,3166.4399,3184.1499,3142.9299,3145.3201
2020-07-08,3153.0701,3171.8000,3136.5300,3169.9399
2020-07-09,3176.1699,3179.7800,3115.7000,3152.0500
2020-07-10,3152.4700,3186.8201,3136.2200,3185.0400
2020-07-13,3205.0801,3235.3201,3149.4299,3155.2200
2020-07-14,3141.1101,3200.9500,3127.6599,3197.5200
2020-07-15,3225.9800,3238.2800,3200.7600,3226.5601
2020-07-16,3208.3601,3220.3899,3198.5901,3215.5701
2020-07-17,3224.2100,3233.5200,3205.6499,3224.7300
2020-07-20,3224.2900,3258.6101,3215.1599,3251.8401
2020-07-21,3268.5200,3277.2900,3247.7700,3257.3000
2020-07-22,3254.8601,3279.3201,3253.1001,3276.0200
2020-07-23,3271.6399,3279.9900,3222.6599,3235.6599
2020-07-24,3218.5801,3227.2600,3200.0500,3215.6299
2020-07-27,3219.8401,3241.4299,3214.2500,3239.4099
2020-07-28,3234.2700,3243.7200,3216.1699,3218.4399
2020-07-29,3227.2200,3264.7400,3227.2200,3258.4399
2020-07-30,3231.7600,3250.9199,3204.1299,3246.2200
2020-07-31,3270.4500,3272.1699,3220.2600,3271.1201
2020-08-03,3288.2600,3302.7300,3284.5300,3294.6101
2020-08-04,3289.9199,3306.8401,3286.3701,3306.5100
2020-08-05,3317.3701,3330.7700,3317.3701,3327.7700
2020-08-06,3323.1699,3351.0300,3318.1399,3349.1599
2020-08-07,3340.0500,3352.5400,3328.7200,3351.2800
2020-08-10,3356.0400,3363.2900,3335.4399,3360.4700
2020-08-11,3370.3401,3381.0100,3326.4399,3333.6899
2020-08-12,3355.4600,3387.8899,3355.4600,3380.3501
2020-08-13,3372.9500,3387.2400,3363.3501,3373.4299
2020-08-14,3368.6599,3378.5100,3361.6399,3372.8501
2020-08-17,3380.8601,3387.5901,3379.2200,3381.9900
2020-08-18,3387.0400,3395.0601,3370.1499,3389.7800
2020-08-19,3392.5100,3399.5400,3369.6599,3374.8501
2020-08-20,3360.4800,3390.8000,3354.6899,3385.5100
2020-08-21,3386.0100,3399.9600,3379.3101,3397.1599
2020-08-24,3418.0901,3432.0901,3413.1299,3431.2800
2020-08-25,3435.9500,3444.2100,3425.8401,3443.6201
2020-08-26,3449.9700,3481.0701,3444.1499,3478.7300
2020-08-27,3485.1399,3501.3799,3468.3501,3484.5500
2020-08-28,3494.6899,3509.2300,3484.3201,3508.0100
2020-08-31,3509.7300,3514.7700,3493.2500,3500.3101
2020-09-01,3507.4399,3528.0300,3494.6001,3526.6499
2020-09-02,3543.7600,3588.1101,3535.2300,3580.8401
2020-09-03,3564.7400,3564.8501,3427.4099,3455.0601
2020-09-04,3453.6001,3479.1499,3349.6299,3426.9600
2020-09-08,3371.8799,3379.9700,3329.2700,3331.8401
2020-09-09,3369.8201,3424.7700,3366.8401,3398.9600
2020-09-10,3412.5601,3425.5500,3329.2500,3339.1899
2020-09-11,3352.7000,3368.9500,3310.4700,3340.9700
2020-09-14,3363.5601,3402.9299,3363.5601,3383.5400
2020-09-15,3407.7300,3419.4800,3389.2500,3401.2000
2020-09-16,3411.2300,3428.9199,3384.4500,3385.4900
2020-09-17,3346.8601,3375.1699,3328.8201,3357.0100
2020-09-18,3357.3799,3362.2700,3292.3999,3319.4700
2020-09-21,3285.5701,3285.5701,3229.1001,3281.0601
2020-09-22,3295.7500,3320.3101,3270.9500,3315.5701
2020-09-23,3320.1101,3323.3501,3232.5701,3236.9199
2020-09-24,3226.1399,3278.7000,3209.4500,3246.5901
2020-09-25,3236.6599,3306.8799,3228.4399,3298.4600
2020-09-28,3333.8999,3360.7400,3332.9099,3351.6001
2020-09-29,3350.9199,3357.9199,3327.5400,3335.4700
2020-09-30,3341.2100,3393.5601,3340.4700,3363.0000
2020-10-01,3385.8701,3397.1799,3361.3899,3380.8000
2020-10-02,3338.9399,3369.1001,3323.6899,3348.4199
2020-10-05,3367.2700,3409.5701,3367.2700,3408.6001
2020-10-06,3408.7400,3431.5601,3354.5400,3360.9700
2020-10-07,3384.5601,3426.2600,3384.5601,3419.4399
2020-10-08,3434.2800,3447.2800,3428.1499,3446.8301
2020-10-09,3459.6699,3482.3401,3458.0701,3477.1399
2020-10-12,3500.0200,3549.8501,3499.6101,3534.2200
2020-10-13,3534.0100,3534.0100,3500.8601,3511.9299
2020-10-14,3515.4700,3527.9399,3480.5500,3488.6699
2020-10-15,3453.7200,3489.0801,3440.8899,3483.3401
2020-10-16,3493.5000,3515.7600,3480.4500,3483.8101
2020-10-19,3493.6599,3502.4199,3419.9299,3426.9199
2020-10-20,3439.3799,3476.9299,3435.6499,3443.1201
2020-10-21,3439.9099,3464.8601,3433.0601,3435.5601
2020-10-22,3438.5000,3460.5300,3415.3401,3453.4900
2020-10-23,3464.8999,3466.4600,3440.4500,3465.3899
2020-10-26,3441.4199,3441.4199,3364.8601,3400.9700
2020-10-27,3403.1499,3409.5100,3388.7100,3390.6799
2020-10-28,3342.4800,3342.4800,3268.8899,3271.0300
2020-10-29,3277.1699,3341.0500,3259.8201,3310.1101
2020-10-30,3293.5901,3304.9299,3233.9399,3269.9600
2020-11-02,3296.2000,3330.1399,3279.7400,3310.2400
2020-11-03,3336.2500,3389.4900,3336.2500,3369.1599
2020-11-04,3406.4600,3486.2500,3405.1699,3443.4399
2020-11-05,3485.7400,3529.0500,3485.7400,3510.4500
2020-11-06,3508.3401,3521.5801,3484.3401,3509.4399
2020-11-09,3583.0400,3645.9900,3547.4800,3550.5000
2020-11-10,3543.2600,3557.2200,3511.9099,3545.5300
2020-11-11,3563.2200,3581.1599,3557.0000,3572.6599
2020-11-12,3562.6699,3569.0200,3518.5801,3537.0100
2020-11-13,3552.5701,3593.6599,3552.5701,3585.1499
2020-11-16,3600.1599,3628.5100,3600.1599,3626.9099
2020-11-17,3610.3101,3623.1101,3588.6799,3609.5300
2020-11-18,3612.0901,3619.0901,3567.3301,3567.7900
2020-11-19,3559.4099,3585.2200,3543.8401,3581.8701
2020-11-20,3579.3101,3581.2300,3556.8501,3557.5400
2020-11-23,3566.8201,3589.8101,3552.7700,3577.5901
2020-11-24,3594.5200,3642.3101,3594.5200,3635.4099
2020-11-25,3635.5000,3635.5000,3617.7600,3629.6499
2020-11-27,3638.5500,3644.3101,3629.3301,3638.3501
2020-11-30,3634.1799,3634.1799,3594.3899,3621.6299
2020-12-01,3645.8701,3678.4500,3645.8701,3662.4500
2020-12-02,3653.7800,3670.9600,3644.8401,3669.0100
2020-12-03,3668.2800,3682.7300,3657.1699,3666.7200
2020-12-04,3670.9399,3699.2000,3670.9399,3699.1201
2020-12-07,3694.7300,3697.4099,3678.8799,3691.9600
2020-12-08,3683.0500,3708.4500,3678.8301,3702.2500
2020-12-09,3705.9800,3712.3899,3660.5400,3672.8201
2020-12-10,3659.1299,3678.4900,3645.1799,3668.1001
2020-12-11,3656.0801,3665.9099,3633.3999,3663.4600
2020-12-14,3675.2700,3697.6101,3645.8401,3647.4900
2020-12-15,3666.4099,3695.2900,3659.6201,3694.6201
2020-12-16,3696.2500,3711.2700,3688.5701,3701.1699
2020-12-17,3713.6499,3725.1201,3710.8701,3722.4800
2020-12-18,3722.3899,3726.7000,3685.8401,3709.4099
2020-12-21,3684.2800,3702.8999,3636.4800,3694.9199
2020-12-22,3698.0801,3698.2600,3676.1599,3687.2600
2020-12-23,3693.4199,3711.2400,3689.2800,3690.0100
2020-12-24,3694.0300,3703.8201,3689.3201,3703.0601
2020-12-28,3723.0300,3740.5100,3723.0300,3735.3601
2020-12-29,3750.0100,3756.1201,3723.3101,3727.0400
2020-12-30,3736.1899,3744.6299,3730.2100,3732.0400
2020-12-31,3733.2700,3760.2000,3726.8799,3756.0701
2021-01-04,3764.6101,3769.9900,3662.7100,3700.6499
2021-01-05,3698.0200,3737.8301,3695.0701,3726.8601
2021-01-06,3712.2000,3783.0400,3705.3401,3748.1399
2021-01-07,3764.7100,3811.5500,3764.7100,3803.7900
2021-01-08,3815.0500,3826.6899,3783.6001,3824.6799
2021-01-11,3803.1399,3817.8601,3789.0200,3799.6101
2021-01-12,3801.6201,3810.7800,3776.5100,3801.1899
2021-01-13,3802.2300,3820.9600,3791.5000,3809.8401
2021-01-14,3814.9800,3823.6001,3792.8601,3795.5400
2021-01-15,3788.7300,3788.7300,3749.6201,3768.2500
2021-01-19,3781.8799,3804.5300,3780.3701,3798.9099
2021-01-20,3816.2200,3859.7500,3816.2200,3851.8501
2021-01-21,3857.4600,3861.4500,3845.0500,3853.0701
2021-01-22,3844.2400,3852.3101,3830.4099,3841.4700
2021-01-25,3851.6799,3859.2300,3797.1599,3855.3601
2021-01-26,3862.9600,3870.8999,3847.7800,3849.6201
2021-01-27,3836.8301,3836.8301,3732.4800,3750.7700
2021-01-28,3755.7500,3830.5000,3755.7500,3787.3799
2021-01-29,3778.0500,3778.0500,3694.1201,3714.2400
2021-02-01,3731.1699,3784.3201,3725.6201,3773.8601
2021-02-02,3791.8401,3843.0901,3791.8401,3826.3101
2021-02-03,3840.2700,3847.5100,3816.6799,3830.1699
2021-02-04,3836.6599,3872.4199,3836.6599,3871.7400
2021-02-05,3878.3000,3894.5601,3874.9299,3886.8301
2021-02-08,3892.5901,3915.7700,3892.5901,3915.5901
2021-02-09,3910.4900,3918.3501,3902.6399,3911.2300
2021-02-10,3920.7800,3931.5000,3884.9399,3909.8799
2021-02-11,3916.3999,3925.9900,3890.3899,3916.3799
2021-02-12,3911.6499,3937.2300,3905.7800,3934.8301
2021-02-16,3939.6101,3950.4299,3923.8501,3932.5901
2021-02-17,3918.5000,3933.6101,3900.4299,3931.3301
2021-02-18,3915.8601,3921.9800,3885.0300,3913.9700
2021-02-19,3921.1599,3930.4099,3903.0701,3906.7100
2021-02-22,3885.5500,3902.9199,3874.7100,3876.5000
2021-02-23,3857.0701,3895.9800,3805.5901,3881.3701
2021-02-24,3873.7100,3928.6499,3859.6001,3925.4299
2021-02-25,3915.8000,3925.0200,3814.0400,3829.3401
2021-02-26,3839.6599,3861.0801,3789.5400,3811.1499
2021-03-01,3842.5100,3914.5000,3842.5100,3901.8201
2021-03-02,3903.6399,3906.4099,3868.5701,3870.2900
2021-03-03,3863.9900,3874.4700,3818.8601,3819.7200
2021-03-04,3818.5300,3843.6699,3723.3401,3768.4700
2021-03-05,3793.5801,3851.6899,3730.1899,3841.9399
2021-03-08,3844.3899,3881.0601,3819.2500,3821.3501
2021-03-09,3851.9299,3903.7600,3851.9299,3875.4399
2021-03-10,3891.9900,3917.3501,3885.7300,3898.8101
2021-03-11,3915.5400,3960.2700,3915.5400,3939.3401
2021-03-12,3924.5200,3944.9900,3915.2100,3943.3401
2021-03-15,3942.9600,3970.0801,3923.5400,3968.9399
2021-03-16,3973.5901,3981.0400,3953.4399,3962.7100
2021-03-17,3949.5701,3983.8701,3935.7400,3974.1201
2021-03-18,3953.5000,3969.6201,3910.8601,3915.4600
2021-03-19,3913.1399,3930.1201,3886.7500,3913.1001
2021-03-22,3916.4800,3955.3101,3914.1599,3940.5901
2021-03-23,3937.6001,3949.1299,3901.5701,3910.5200
2021-03-24,3919.9299,3942.0801,3889.0701,3889.1399
2021-03-25,3879.3401,3919.5400,3853.5000,3909.5200
2021-03-26,3917.1201,3978.1899,3917.1201,3974.5400
2021-03-29,3969.3101,3981.8301,3943.2500,3971.0901
2021-03-30,3963.3401,3968.0100,3944.3501,3958.5500
2021-03-31,3967.2500,3994.4099,3966.9800,3972.8899
2021-04-01,3992.7800,4020.6299,3992.7800,4019.8701
2021-04-05,4034.4399,4083.4199,4034.4399,4077.9099
2021-04-06,4075.5701,4086.2300,4068.1399,4073.9399
2021-04-07,4074.2900,4083.1299,4068.3101,4079.9500
2021-04-08,4089.9500,4098.1899,4082.5400,4097.1699
2021-04-09,4096.1099,4129.4800,4095.5100,4128.7998
2021-04-12,4124.7100,4131.7598,4114.8198,4127.9902
2021-04-13,4130.1001,4148.0000,4124.4302,4141.5898
2021-04-14,4141.5801,4151.6899,4120.8701,4124.6602
2021-04-15,4139.7598,4173.4902,4139.7598,4170.4199
2021-04-16,4174.1401,4191.3101,4170.7500,4185.4702
2021-04-19,4179.7998,4180.8101,4150.4702,4163.2598
2021-04-20,4159.1802,4159.1802,4118.3799,4134.9399
2021-04-21,4128.4199,4175.0200,4126.3501,4173.4199
2021-04-22,4170.4600,4179.5698,4123.6899,4134.9800
2021-04-23,4138.7798,4194.1699,4138.7798,4180.1699
2021-04-26,4185.0298,4194.1899,4182.3599,4187.6201
2021-04-27,4188.2500,4193.3501,4176.2202,4186.7202
2021-04-28,4185.1401,4201.5298,4181.7798,4183.1802
2021-04-29,4206.1401,4218.7798,4176.8101,4211.4702
2021-04-30,4198.1001,4198.1001,4174.8501,4181.1699
2021-05-03,4191.9800,4209.3901,4188.0298,4192.6602
2021-05-04,4179.0400,4179.0400,4128.5898,4164.6602
2021-05-05,4177.0601,4187.7202,4160.9399,4167.5898
2021-05-06,4169.1401,4202.7002,4147.3301,4201.6201
2021-05-07,4210.3398,4238.0400,4201.6401,4232.6001
2021-05-10,4228.2900,4236.3901,4188.1299,4188.4302
2021-05-11,4150.3398,4162.0400,4111.5298,4152.1001
2021-05-12,4130.5498,4134.7300,4056.8799,4063.0400
2021-05-13,4074.9900,4131.5801,4074.9900,4112.5000
2021-05-14,4129.5801,4183.1299,4129.5801,4173.8501
2021-05-17,4169.9199,4171.9199,4142.6899,4163.2900
2021-05-18,4165.9399,4169.1499,4125.9902,4127.8301
2021-05-19,4098.4502,4116.9302,4061.4099,4115.6802
2021-05-20,4121.9702,4172.7998,4121.9702,4159.1201
2021-05-21,4168.6099,4188.7202,4151.7202,4155.8599
2021-05-24,4170.1602,4209.5200,4170.1602,4197.0498
2021-05-25,4205.9399,4213.4199,4182.5200,4188.1299
2021-05-26,4191.5898,4202.6099,4184.1099,4195.9902
2021-05-27,4201.9399,4213.3799,4197.7798,4200.8799
2021-05-28,4210.7700,4218.3599,4203.5698,4204.1099
2021-06-01,4216.5200,4234.1201,4197.5898,4202.0400
2021-06-02,4206.8198,4217.3701,4198.2700,4208.1201
2021-06-03,4191.4302,4204.3901,4167.9302,4192.8501
2021-06-04,4206.0498,4233.4502,4206.0498,4229.8901
2021-06-07,4229.3398,4232.3398,4215.6602,4226.5200
2021-06-08,4233.8101,4236.7402,4208.4102,4227.2598
2021-06-09,4232.9902,4237.0898,4218.7402,4219.5498
2021-06-10,4228.5601,4249.7402,4220.3398,4239.1802
2021-06-11,4242.8999,4248.3799,4232.2500,4247.4399
2021-06-14,4248.3101,4255.5898,4234.0698,4255.1499
2021-06-15,4255.2798,4257.1602,4238.3501,4246.5898
2021-06-16,4248.8701,4251.8901,4202.4502,4223.7002
2021-06-17,4220.3701,4232.2900,4196.0498,4221.8599
2021-06-18,4204.7798,4204.7798,4164.3999,4166.4502
2021-06-21,4173.3999,4226.2402,4173.3999,4224.7900
2021-06-22,4224.6099,4255.8398,4217.2700,4246.4399
2021-06-23,4249.2700,4256.6001,4241.4302,4241.8398
2021-06-24,4256.9702,4271.2798,4256.9702,4266.4902
2021-06-25,4274.4502,4286.1201,4271.1602,4280.7002
2021-06-28,4284.8999,4292.1401,4274.6699,4290.6099
2021-06-29,4293.2100,4300.5200,4287.0400,4291.7998
2021-06-30,4290.6499,4302.4302,4287.9600,4297.5000
2021-07-01,4300.7300,4320.6602,4300.7300,4319.9399
2021-07-02,4326.6001,4355.4302,4326.6001,4352.3398
2021-07-06,4356.4600,4356.4600,4314.3701,4343.5400
2021-07-07,4351.0098,4361.8799,4329.7900,4358.1299
2021-07-08,4321.0698,4330.8799,4289.3701,4320.8198
2021-07-09,4329.3799,4371.6001,4329.3799,4369.5498
2021-07-12,4372.4102,4386.6802,4364.0298,4384.6299
2021-07-13,4381.0698,4392.3701,4366.9199,4369.2100
2021-07-14,4380.1099,4393.6802,4362.3599,4374.2998
2021-07-15,4369.0200,4369.0200,4340.7002,4360.0298
2021-07-16,4367.4302,4375.0898,4322.5298,4327.1602
2021-07-19,4296.3999,4296.3999,4233.1299,4258.4902
2021-07-20,4265.1099,4336.8398,4262.0498,4323.0601
2021-07-21,4331.1299,4359.7002,4331.1299,4358.6899
2021-07-22,4361.2700,4369.8701,4350.0601,4367.4800
2021-07-23,4381.2002,4415.1802,4381.2002,4411.7900
2021-07-26,4409.5801,4422.7300,4405.4502,4422.2998
2021-07-27,4416.3799,4416.3799,4372.5098,4401.4600
2021-07-28,4402.9502,4415.4702,4387.0098,4400.6401
2021-07-29,4403.5898,4429.9702,4403.5898,4419.1499
2021-07-30,4395.1201,4412.2500,4389.6499,4395.2598
2021-08-02,4406.8599,4422.1802,4384.8101,4387.1602
2021-08-03,4392.7402,4423.7900,4373.0000,4423.1499
2021-08-04,4415.9502,4416.1699,4400.2300,4402.6602
2021-08-05,4408.8599,4429.7598,4408.8599,4429.1001
2021-08-06,4429.0698,4440.8198,4429.0698,4436.5200
2021-08-09,4437.7700,4439.3901,4424.7402,4432.3501
2021-08-10,4435.7900,4445.2100,4430.0298,4436.7500
2021-08-11,4442.1802,4449.4399,4436.4199,4442.4102
2021-08-12,4446.0801,4461.7700,4435.9600,4460.8301
2021-08-13,4464.8398,4468.3701,4460.8198,4468.0000
2021-08-16,4461.6499,4480.2598,4437.6602,4479.7100
2021-08-17,4462.1201,4462.1201,4417.8301,4448.0801
2021-08-18,4440.9399,4454.3198,4397.5898,4400.2700
2021-08-19,4382.4399,4418.6099,4367.7300,4405.7998
2021-08-20,4410.5601,4444.3501,4406.7998,4441.6699
2021-08-23,4450.2900,4489.8799,4450.2900,4479.5298
2021-08-24,4484.3999,4492.8101,4482.2798,4486.2300
2021-08-25,4490.4502,4501.7100,4485.6602,4496.1899
2021-08-26,4493.7500,4495.8999,4468.9902,4470.0000
2021-08-27,4474.1001,4513.3301,4474.1001,4509.3701
2021-08-30,4513.7598,4537.3599,4513.7598,4528.7900
2021-08-31,4529.7500,4531.3901,4515.7998,4522.6802
2021-09-01,4528.7998,4537.1099,4522.0200,4524.0898
2021-09-02,4534.4800,4545.8501,4524.6602,4536.9502
2021-09-03,4532.4199,4541.4502,4521.2998,4535.4302
2021-09-07,4535.3799,4535.3799,4513.0000,4520.0298
2021-09-08,4518.0898,4521.7900,4493.9502,4514.0698
2021-09-09,4513.0200,4529.8999,4492.0698,4493.2798
2021-09-10,4506.9199,4520.4702,4457.6602,4458.5801
2021-09-13,4474.8101,4492.9902,4445.7002,4468.7300
2021-09-14,4479.3301,4485.6802,4435.4600,4443.0498
2021-09-15,4447.4902,4486.8701,4438.3701,4480.7002
2021-09-16,4477.0898,4485.8701,4443.7998,4473.7500
2021-09-17,4469.7402,4471.5200,4427.7598,4432.9902
2021-09-20,4402.9502,4402.9502,4305.9102,4357.7300
2021-09-21,4374.4502,4394.8701,4347.9600,4354.1899
2021-09-22,4367.4302,4416.7500,4367.4302,4395.6401
2021-09-23,4406.7500,4465.3999,4406.7500,4448.9800
2021-09-24,4438.0400,4463.1201,4430.2700,4455.4800
2021-09-27,4442.1201,4457.2998,4436.1899,4443.1099
2021-09-28,4419.5400,4419.5400,4346.3301,4352.6299
2021-09-29,4362.4102,4385.5698,4355.0801,4359.4600
2021-09-30,4370.6699,4382.5498,4306.2402,4307.5400
2021-10-01,4317.1602,4375.1899,4288.5200,4357.0400
2021-10-04,4348.8398,4355.5098,4278.9399,4300.4600
2021-10-05,4309.8701,4369.2300,4309.8701,4345.7202
2021-10-06,4319.5698,4365.5698,4290.4902,4363.5498
2021-10-07,4383.7300,4429.9702,4383.7300,4399.7598
2021-10-08,4406.5098,4412.0200,4386.2202,4391.3398
2021-10-11,4385.4399,4415.8799,4360.5898,4361.1899
2021-10-12,4368.3101,4374.8901,4342.0898,4350.6499
2021-10-13,4358.0098,4372.8701,4329.9199,4363.7998
2021-10-14,4386.7500,4439.7300,4386.7500,4438.2598
2021-10-15,4447.6899,4475.8198,4447.6899,4471.3701
2021-10-18,4463.7202,4488.7500,4447.4702,4486.4600
2021-10-19,4497.3398,4520.3999,4496.4102,4519.6299
2021-10-20,4524.4199,4540.8701,4524.3999,4536.1899
2021-10-21,4532.2402,4551.4399,4526.8901,4549.7798
2021-10-22,4546.1201,4559.6699,4524.0000,4544.8999
2021-10-25,4553.6899,4572.6201,4537.3599,4566.4800
2021-10-26,4578.6899,4598.5298,4569.1699,4574.7900
2021-10-27,4580.2202,4584.5698,4551.6602,4551.6802
2021-10-28,4562.8398,4597.5498,4562.8398,4596.4199
2021-10-29,4572.8701,4608.0801,4567.5898,4605.3799
2021-11-01,4610.6201,4620.3398,4595.0601,4613.6699
2021-11-02,4613.3398,4635.1499,4613.3398,4630.6499
2021-11-03,4630.6499,4663.4600,4621.1899,4660.5698
2021-11-04,4662.9302,4683.0000,4662.5898,4680.0601
2021-11-05,4699.2598,4718.5000,4681.3198,4697.5298
2021-11-08,4701.4800,4714.9199,4694.3901,4701.7002
2021-11-09,4707.2500,4708.5298,4670.8701,4685.2500
2021-11-10,4670.2598,4684.8501,4630.8599,4646.7100
2021-11-11,4659.3901,4664.5498,4648.3101,4649.2700
2021-11-12,4655.2402,4688.4702,4650.7700,4682.8501
2021-11-15,4689.2998,4697.4199,4672.8599,4682.7998
2021-11-16,4679.4199,4714.9502,4679.4199,4700.8999
2021-11-17,4701.5000,4701.5000,4684.4102,4688.6699
2021-11-18,4700.7202,4708.7998,4672.7798,4704.5400
2021-11-19,4708.4399,4717.7500,4694.2202,4697.9600
2021-11-22,4712.0000,4743.8301,4682.1699,4682.9399
2021-11-23,4678.4800,4699.3901,4652.6602,4690.7002
2021-11-24,4675.7798,4702.8701,4659.8901,4701.4600
2021-11-26,4664.6299,4664.6299,4585.4302,4594.6201
2021-11-29,4628.7500,4672.9502,4625.2598,4655.2700
2021-11-30,4640.2500,4646.0200,4560.0000,4567.0000
2021-12-01,4602.8198,4652.9399,4510.2700,4513.0400
2021-12-02,4504.7300,4595.4600,4504.7300,4577.1001
2021-12-03,4589.4902,4608.0298,4495.1201,4538.4302
2021-12-06,4548.3701,4612.6001,4540.5098,4591.6699
2021-12-07,4631.9702,4694.0400,4631.9702,4686.7500
2021-12-08,4690.8599,4705.0601,4674.5200,4701.2100
2021-12-09,4691.0000,4695.2598,4665.9800,4667.4502
2021-12-10,4687.6401,4713.5698,4670.2402,4712.0200
2021-12-13,4710.2998,4710.2998,4667.6001,4668.9702
2021-12-14,4642.9902,4660.4702,4606.5200,4634.0898
2021-12-15,4636.4600,4712.6001,4611.2202,4709.8501
2021-12-16,4719.1299,4731.9902,4651.8901,4668.6699
2021-12-17,4652.5000,4666.7002,4600.2202,4620.6401
2021-12-20,4587.8999,4587.8999,4531.1001,4568.0200
2021-12-21,4594.9600,4651.1401,4583.1602,4649.2300
2021-12-22,4650.3599,4697.6699,4645.5298,4696.5601
2021-12-23,4703.9600,4740.7402,4703.9600,4725.7900
2021-12-27,4733.9902,4791.4902,4733.9902,4791.1899
2021-12-28,4795.4902,4807.0200,4780.0400,4786.3501
2021-12-29,4788.6401,4804.0601,4778.0801,4793.0601
2021-12-30,4794.2300,4808.9302,4775.3301,4778.7300
2021-12-31,4775.2100,4786.8301,4765.7500,4766.1802
2022-01-03,4778.1401,4796.6401,4758.1699,4796.5601
2022-01-04,4804.5098,4818.6201,4774.2700,4793.5400
2022-01-05,4787.9902,4797.7002,4699.4399,4700.5801
2022-01-06,4693.3901,4725.0098,4671.2598,4696.0498
2022-01-07,4697.6602,4707.9502,4662.7402,4677.0298
2022-01-10,4655.3398,4673.0200,4582.2402,4670.2900
2022-01-11,4669.1401,4714.1299,4638.2700,4713.0698
2022-01-12,4728.5898,4748.8301,4706.7100,4726.3501
2022-01-13,4733.5601,4744.1299,4650.2900,4659.0298
2022-01-14,4637.9902,4665.1299,4614.7500,4662.8501
2022-01-18,4632.2402,4632.2402,4568.7002,4577.1099
2022-01-19,4588.0298,4611.5498,4530.2002,4532.7598
2022-01-20,4547.3501,4602.1099,4477.9502,4482.7300
2022-01-21,4471.3799,4494.5200,4395.3398,4397.9399
2022-01-24,4356.3198,4417.3501,4222.6201,4410.1299
2022-01-25,4366.6401,4411.0098,4287.1099,4356.4502
2022-01-26,4408.4302,4453.2300,4304.7998,4349.9302
2022-01-27,4380.5801,4428.7402,4309.5000,4326.5098
2022-01-28,4336.1899,4432.7202,4292.4600,4431.8501
2022-01-31,4431.7900,4516.8901,4414.0200,4515.5498
2022-02-01,4519.5698,4550.4902,4483.5298,4546.5400
2022-02-02,4566.3901,4595.3101,4544.3198,4589.3799
2022-02-03,4535.4102,4542.8799,4470.3901,4477.4399
2022-02-04,4482.7900,4539.6602,4451.5000,4500.5298
2022-02-07,4505.7500,4521.8599,4471.4702,4483.8701
2022-02-08,4480.0200,4531.3198,4465.3999,4521.5400
2022-02-09,4547.0000,4590.0298,4547.0000,4587.1802
2022-02-10,4553.2402,4588.9199,4484.3101,4504.0801
2022-02-11,4506.2700,4526.3301,4401.4102,4418.6401
2022-02-14,4412.6099,4426.2202,4364.8398,4401.6699
2022-02-15,4429.2798,4472.7700,4429.2798,4471.0698
2022-02-16,4455.7500,4489.5498,4429.6802,4475.0098
2022-02-17,4456.0601,4456.0601,4373.8101,4380.2598
2022-02-18,4384.5698,4394.6001,4327.2202,4348.8701
2022-02-22,4332.7402,4362.1201,4267.1099,4304.7598
2022-02-23,4324.9302,4341.5098,4221.5098,4225.5000
2022-02-24,4155.7700,4294.7300,4114.6499,4288.7002
2022-02-25,4298.3799,4385.3398,4286.8301,4384.6499
2022-02-28,4354.1699,4388.8398,4315.1201,4373.9399
2022-03-01,4363.1401,4378.4502,4279.5400,4306.2598
2022-03-02,4322.5601,4401.4800,4322.5601,4386.5400
2022-03-03,4401.3101,4416.7798,4345.5601,4363.4902
2022-03-04,4342.1201,4342.1201,4284.9800,4328.8701
2022-03-07,4327.0098,4327.0098,4199.8501,4201.0898
2022-03-08,4202.6602,4276.9399,4157.8701,4170.7002
2022-03-09,4223.1001,4299.3999,4223.1001,4277.8799
2022-03-10,4252.5498,4268.2798,4209.7998,4259.5200
2022-03-11,4279.5000,4291.0098,4200.4902,4204.3101
2022-03-14,4202.7500,4247.5698,4161.7202,4173.1099
2022-03-15,4188.8198,4271.0498,4187.8999,4262.4502
2022-03-16,4288.1401,4358.8999,4251.9902,4357.8599
2022-03-17,4345.1099,4412.6699,4335.6499,4411.6699
2022-03-18,4407.3398,4465.3999,4390.5698,4463.1201
2022-03-21,4462.3999,4481.7500,4424.2998,4461.1802
2022-03-22,4469.1001,4522.0000,4469.1001,4511.6099
2022-03-23,4493.1001,4501.0698,4455.8101,4456.2402
2022-03-24,4469.9800,4520.5801,4465.1699,4520.1602
2022-03-25,4522.9102,4546.0298,4501.0698,4543.0601
2022-03-28,4541.0898,4575.6499,4517.6899,4575.5200
2022-03-29,4602.8599,4637.2998,4589.6602,4631.6001
2022-03-30,4624.2002,4627.7700,4581.3198,4602.4502
2022-03-31,4599.0200,4603.0698,4530.4102,4530.4102
2022-04-01,4540.3198,4548.7002,4507.5698,4545.8599
2022-04-04,4547.9702,4583.5000,4539.2100,4582.6401
2022-04-05,4572.4502,4593.4502,4514.1699,4525.1201
2022-04-06,4494.1699,4503.9399,4450.0400,4481.1499
2022-04-07,4474.6499,4521.1602,4450.2998,4500.2100
2022-04-08,4494.1499,4520.4102,4474.6001,4488.2798
2022-04-11,4462.6401,4464.3501,4408.3799,4412.5298
2022-04-12,4437.5898,4471.0000,4381.3398,4397.4502
2022-04-13,4394.2998,4453.9199,4392.7002,4446.5898
2022-04-14,4449.1201,4460.4600,4390.7700,4392.5898
2022-04-18,4385.6299,4410.3101,4370.2998,4391.6899
2022-04-19,4390.6299,4471.0298,4390.6299,4462.2100
2022-04-20,4472.2598,4488.2900,4448.7598,4459.4502
2022-04-21,4489.1699,4512.9399,4384.4702,4393.6602
2022-04-22,4385.8301,4385.8301,4267.6201,4271.7798
2022-04-25,4255.3398,4299.0200,4200.8198,4296.1201
2022-04-26,4278.1401,4278.1401,4175.0400,4175.2002
2022-04-27,4186.5200,4240.7100,4162.8999,4183.9600
2022-04-28,4222.5801,4308.4502,4188.6299,4287.5000
2022-04-29,4253.7500,4269.6802,4124.2798,4131.9302
2022-05-02,4130.6099,4169.8101,4062.5100,4155.3799
2022-05-03,4159.7798,4200.1001,4147.0801,4175.4800
2022-05-04,4181.1802,4307.6602,4148.9102,4300.1699
2022-05-05,4270.4302,4270.4302,4106.0098,4146.8701
2022-05-06,4128.1699,4157.6899,4067.9099,4123.3398
2022-05-09,4081.2700,4081.2700,3975.4800,3991.2400
2022-05-10,4035.1799,4068.8201,3958.1699,4001.0500
2022-05-11,3990.0801,4049.0901,3928.8201,3935.1799
2022-05-12,3903.9500,3964.8000,3858.8701,3930.0801
2022-05-13,3963.8999,4038.8799,3963.8999,4023.8899
2022-05-16,4013.0200,4046.4600,3983.9900,4008.0100
2022-05-17,4052.0000,4090.7200,4033.9299,4088.8501
2022-05-18,4051.9800,4051.9800,3911.9099,3923.6799
2022-05-19,3899.0000,3945.9600,3876.5801,3900.7900
2022-05-20,3927.7600,3943.4199,3810.3201,3901.3601
2022-05-23,3919.4199,3981.8799,3909.0400,3973.7500
2022-05-24,3942.9399,3955.6799,3875.1299,3941.4800
2022-05-25,3929.5901,3999.3301,3925.0300,3978.7300
2022-05-26,3984.6001,4075.1399,3984.6001,4057.8401
2022-05-27,4077.4299,4158.4902,4077.4299,4158.2402
2022-05-31,4151.0898,4168.3398,4104.8799,4132.1499
2022-06-01,4149.7798,4166.5400,4073.8501,4101.2300
2022-06-02,4095.4099,4177.5098,4074.3701,4176.8198
2022-06-03,4137.5698,4142.6699,4098.6699,4108.5400
2022-06-06,4134.7202,4168.7798,4109.1802,4121.4302
2022-06-07,4096.4702,4164.8599,4080.1899,4160.6802
2022-06-08,4147.1201,4160.1401,4107.2002,4115.7700
2022-06-09,4101.6499,4119.1001,4017.1699,4017.8201
2022-06-10,3974.3899,3974.3899,3900.1599,3900.8601
2022-06-13,3838.1499,3838.1499,3734.3000,3749.6299
2022-06-14,3763.5200,3778.1799,3705.6799,3735.4800
2022-06-15,3764.0500,3837.5601,3722.3000,3789.9900
2022-06-16,3728.1799,3728.1799,3639.7700,3666.7700
2022-06-17,3665.8999,3707.7100,3636.8701,3674.8401
2022-06-21,3715.3101,3779.6499,3715.3101,3764.7900
2022-06-22,3733.8899,3801.7900,3717.6899,3759.8899
2022-06-23,3774.7100,3802.5801,3743.5200,3795.7300
2022-06-24,3821.7500,3913.6499,3821.7500,3911.7400
2022-06-27,3920.7600,3927.7200,3889.6599,3900.1101
2022-06-28,3913.0000,3945.8601,3820.1399,3821.5500
2022-06-29,3825.0901,3836.5000,3799.0200,3818.8301
2022-06-30,3785.9900,3818.9900,3738.6699,3785.3799
2022-07-01,3781.0000,3829.8201,3752.1001,3825.3301
2022-07-05,3792.6101,3832.1899,3742.0601,3831.3899
2022-07-06,3831.9800,3870.9099,3809.3701,3845.0801
2022-07-07,3858.8501,3910.6299,3858.8501,3902.6201
2022-07-08,3888.2600,3918.5000,3869.3401,3899.3799
2022-07-11,3880.9399,3880.9399,3847.2200,3854.4299
2022-07-12,3851.9500,3873.4099,3802.3601,3818.8000
2022-07-13,3779.6699,3829.4399,3759.0701,3801.7800
2022-07-14,3763.9900,3796.4099,3721.5601,3790.3799
2022-07-15,3818.0000,3863.6201,3817.1799,3863.1599
2022-07-18,3883.7900,3902.4399,3818.6299,3830.8501
2022-07-19,3860.7300,3939.8101,3860.7300,3936.6899
2022-07-20,3935.3201,3974.1299,3922.0300,3959.8999
2022-07-21,3955.4700,3999.2900,3927.6399,3998.9500
2022-07-22,3998.4299,4012.4399,3938.8601,3961.6299
2022-07-25,3965.7200,3975.3000,3943.4600,3966.8401
2022-07-26,3953.2200,3953.2200,3910.7400,3921.0500
2022-07-27,3951.4299,4039.5601,3951.4299,4023.6101
2022-07-28,4026.1299,4078.9500,3992.9700,4072.4299
2022-07-29,4087.3301,4140.1499,4079.2200,4130.2900
2022-08-01,4112.3799,4144.9502,4096.0200,4118.6299
2022-08-02,4104.2100,4140.4702,4079.8101,4091.1899
2022-08-03,4107.9600,4167.6602,4107.9600,4155.1699
2022-08-04,4154.8501,4161.2900,4135.4199,4151.9399
2022-08-05,4115.8701,4151.5801,4107.3101,4145.1899
2022-08-08,4155.9302,4186.6201,4128.9702,4140.0601
2022-08-09,4133.1099,4137.2998,4112.0898,4122.4702
2022-08-10,4181.0200,4211.0298,4177.2598,4210.2402
2022-08-11,4227.3999,4257.9102,4201.4102,4207.2700
2022-08-12,4225.0200,4280.4702,4219.7798,4280.1499
2022-08-15,4269.3701,4301.7900,4256.8999,4297.1401
2022-08-16,4290.4600,4325.2798,4277.7700,4305.2002
2022-08-17,4280.3999,4302.1802,4253.0801,4274.0400
2022-08-18,4273.1299,4292.5298,4261.9800,4283.7402
2022-08-19,4266.3101,4266.3101,4218.7002,4228.4800
2022-08-22,4195.0801,4195.0801,4129.8599,4137.9902
2022-08-23,4133.0898,4159.7700,4124.0298,4128.7300
2022-08-24,4126.5498,4156.5601,4119.9702,4140.7700
2022-08-25,4153.2598,4200.5400,4147.5898,4199.1201
2022-08-26,4198.7402,4203.0400,4057.6599,4057.6599
2022-08-29,4034.5801,4062.9900,4017.4199,4030.6101
2022-08-30,4041.2500,4044.9800,3965.2100,3986.1599
2022-08-31,4000.6699,4015.3701,3954.5300,3955.0000
2022-09-01,3936.7300,3970.2300,3903.6499,3966.8501
2022-09-02,3994.6599,4018.4299,3906.2100,3924.2600
2022-09-06,3930.8899,3942.5500,3886.7500,3908.1899
2022-09-07,3909.4299,3987.8899,3906.0300,3979.8701
2022-09-08,3959.9399,4010.5000,3944.8101,4006.1799
2022-09-09,4022.9399,4076.8101,4022.9399,4067.3601
2022-09-12,4083.6699,4119.2798,4083.6699,4110.4102
2022-09-13,4037.1201,4037.1201,3921.2800,3932.6899
2022-09-14,3940.7300,3961.9399,3912.1799,3946.0100
2022-09-15,3932.4099,3959.1399,3888.2800,3901.3501
2022-09-16,3880.9500,3880.9500,3837.0801,3873.3301
2022-09-19,3849.9099,3900.4500,3838.5000,3899.8899
2022-09-20,3875.2300,3876.0100,3827.5400,3855.9299
2022-09-21,3871.3999,3907.0701,3789.4900,3789.9299
2022-09-22,3782.3601,3790.8999,3749.4500,3757.9900
2022-09-23,3727.1399,3727.1399,3647.4700,3693.2300
2022-09-26,3682.7200,3715.6699,3644.7600,3655.0400
2022-09-27,3686.4399,3717.5300,3623.2900,3647.2900
2022-09-28,3651.9399,3736.7400,3640.6101,3719.0400
2022-09-29,3687.0100,3687.0100,3610.3999,3640.4700
2022-09-30,3633.4800,3671.4399,3584.1299,3585.6201
2022-10-03,3609.7800,3698.3501,3604.9299,3678.4299
2022-10-04,3726.4600,3791.9199,3726.4600,3790.9299
2022-10-05,3753.2500,3806.9099,3722.6599,3783.2800
2022-10-06,3771.9700,3797.9299,3739.2200,3744.5200
2022-10-07,3706.7400,3706.7400,3620.7300,3639.6599
2022-10-10,3647.5100,3652.1699,3588.1001,3612.3899
2022-10-11,3595.8601,3640.6599,3568.4500,3588.8401
2022-10-12,3590.8301,3608.3401,3573.8601,3577.0300
2022-10-13,3520.3701,3685.4099,3491.5801,3669.9099
2022-10-14,3690.4099,3712.0000,3579.6799,3583.0701
2022-10-17,3638.6499,3689.7300,3638.6499,3677.9500
2022-10-18,3746.2600,3762.7900,3686.5300,3719.9800
2022-10-19,3703.1101,3728.5801,3666.5100,3695.1599
2022-10-20,3689.0500,3736.0000,3656.4399,3665.7800
2022-10-21,3657.1001,3757.8899,3647.4199,3752.7500
2022-10-24,3762.0100,3810.7400,3741.6499,3797.3401
2022-10-25,3799.4399,3862.8501,3799.4399,3859.1101
2022-10-26,3825.9700,3886.1499,3824.0701,3830.6001
2022-10-27,3834.6899,3859.9500,3803.7900,3807.3000
2022-10-28,3808.2600,3905.4199,3808.2600,3901.0601
2022-10-31,3881.8501,3893.7300,3863.1799,3871.9800
2022-11-01,3901.7900,3911.7900,3843.8000,3856.1001
2022-11-02,3852.8999,3894.4399,3758.6799,3759.6899
2022-11-03,3733.2500,3750.5901,3698.1499,3719.8899
2022-11-04,3766.9800,3796.3401,3708.8401,3770.5500
2022-11-07,3780.7100,3813.9500,3764.7000,3806.8000
2022-11-08,3817.0200,3859.3999,3786.2800,3828.1101
2022-11-09,3810.9399,3818.2000,3744.2200,3748.5701
2022-11-10,3859.8899,3958.3301,3859.8899,3956.3701
2022-11-11,3963.7200,4001.4800,3944.8201,3992.9299
2022-11-14,3977.9700,4008.9700,3956.3999,3957.2500
2022-11-15,4006.4099,4028.8401,3953.1699,3991.7300
2022-11-16,3976.8201,3983.0901,3954.3401,3958.7900
2022-11-17,3919.2600,3954.3301,3906.5400,3946.5601
2022-11-18,3966.3899,3979.8899,3935.9800,3965.3401
2022-11-21,3956.2300,3962.0000,3933.3401,3949.9399
2022-11-22,3965.5100,4005.8799,3956.8799,4003.5801
2022-11-23,4000.3000,4033.7800,3998.6599,4027.2600
2022-11-25,4023.3401,4034.0200,4020.7600,4026.1201
2022-11-28,4005.3601,4012.2700,3955.7700,3963.9399
2022-11-29,3964.1899,3976.7700,3937.6499,3957.6299
2022-11-30,3957.1799,4080.1101,3938.5801,4080.1101
2022-12-01,4087.1399,4100.5098,4050.8701,4076.5701
2022-12-02,4040.1699,4080.4800,4026.6299,4071.7000
2022-12-05,4052.0200,4052.4500,3984.4900,3998.8401
2022-12-06,3996.6299,4001.5100,3918.3899,3941.2600
2022-12-07,3933.2800,3957.5701,3922.6799,3933.9199
2022-12-08,3947.7900,3974.1899,3935.8301,3963.5100
2022-12-09,3954.1699,3977.0200,3933.0400,3934.3799
2022-12-12,3939.2900,3990.7100,3935.3000,3990.5601
2022-12-13,4069.3799,4100.9600,3993.0300,4019.6499
2022-12-14,4015.5400,4053.7600,3965.6499,3995.3201
2022-12-15,3958.3701,3958.3701,3879.4500,3895.7500
2022-12-16,3890.9099,3890.9099,3827.9099,3852.3601
2022-12-19,3853.7900,3854.8601,3800.0400,3817.6599
2022-12-20,3810.4700,3838.2400,3795.6201,3821.6201
2022-12-21,3839.4900,3889.8201,3839.4900,3878.4399
2022-12-22,3853.2600,3853.2600,3764.4900,3822.3899
2022-12-23,3815.1101,3845.8000,3797.0100,3844.8201
2022-12-27,3843.3401,3846.6499,3813.2200,3829.2500
2022-12-28,3829.5601,3848.3201,3780.7800,3783.2200
2022-12-29,3805.4500,3858.1899,3805.4500,3849.2800
2022-12-30,3829.0601,3839.8501,3800.3401,3839.5000
2023-01-03,3853.2900,3878.4600,3794.3301,3824.1399
2023-01-04,3840.3601,3873.1599,3815.7700,3852.9700
2023-01-05,3839.7400,3839.7400,3802.4199,3808.1001
2023-01-06,3823.3701,3906.1899,3809.5601,3895.0801
2023-01-09,3910.8201,3950.5701,3890.4199,3892.0901
2023-01-10,3888.5701,3919.8301,3877.2900,3919.2500
2023-01-11,3932.3501,3970.0701,3928.5400,3969.6101
2023-01-12,3977.5701,3997.7600,3937.5601,3983.1699
2023-01-13,3960.6001,4003.9500,3947.6699,3999.0901
2023-01-17,3999.2800,4015.3899,3984.5701,3990.9700
2023-01-18,4002.2500,4014.1599,3926.5901,3928.8601
2023-01-19,3911.8401,3922.9399,3885.5400,3898.8501
2023-01-20,3909.0400,3972.9600,3897.8601,3972.6101
2023-01-23,3978.1399,4039.3101,3971.6399,4019.8101
2023-01-24,4001.7400,4023.9199,3989.7900,4016.9500
2023-01-25,3982.7100,4019.5500,3949.0601,4016.2200
2023-01-26,4036.0801,4061.5701,4013.2900,4060.4299
2023-01-27,4053.7200,4094.2100,4048.7000,4070.5601
2023-01-30,4049.2700,4063.8501,4015.5500,4017.7700
2023-01-31,4020.8501,4077.1599,4020.4399,4076.6001
2023-02-01,4070.0701,4148.9502,4037.2000,4119.2100
2023-02-02,4158.6802,4195.4399,4141.8799,4179.7598
2023-02-03,4136.6899,4182.3599,4123.3599,4136.4800
2023-02-06,4119.5698,4124.6299,4093.3799,4111.0801
2023-02-07,4105.3501,4176.5400,4088.3899,4164.0000
2023-02-08,4153.4702,4156.8501,4111.6699,4117.8599
2023-02-09,4144.2500,4156.2300,4069.6699,4081.5000
2023-02-10,4068.9199,4094.3601,4060.7900,4090.4600
2023-02-13,4096.6201,4138.8999,4092.6699,4137.2900
2023-02-14,4126.7002,4159.7700,4095.0100,4136.1299
2023-02-15,4119.5000,4148.1099,4103.9800,4147.6001
2023-02-16,4114.7500,4136.5400,4089.4900,4090.4099
2023-02-17,4077.3899,4081.5100,4047.9500,4079.0901
2023-02-21,4052.3501,4052.3501,3995.1899,3997.3401
2023-02-22,4001.8301,4017.3701,3976.8999,3991.0500
2023-02-23,4018.6001,4028.3000,3969.1899,4012.3201
2023-02-24,3973.2400,3978.2500,3943.0801,3970.0400
2023-02-27,3992.3601,4018.0500,3973.5500,3982.2400
2023-02-28,3977.1899,3997.5000,3968.9800,3970.1499
2023-03-01,3963.3401,3971.7300,3939.0500,3951.3899
2023-03-02,3938.6799,3990.8401,3928.1599,3981.3501
2023-03-03,3998.0200,4048.2900,3995.1699,4045.6399
2023-03-06,4055.1499,4078.4900,4044.6101,4048.4199
2023-03-07,4048.2600,4050.0000,3980.3101,3986.3701
2023-03-08,3987.5500,4000.4099,3969.7600,3992.0100
2023-03-09,3998.6599,4017.8101,3908.7000,3918.3201
2023-03-10,3912.7700,3934.0500,3846.3201,3861.5901
2023-03-13,3835.1201,3905.0500,3808.8601,3855.7600
2023-03-14,3894.0100,3937.2900,3873.6299,3919.2900
2023-03-15,3876.7400,3894.2600,3838.2400,3891.9299
2023-03-16,3878.9299,3964.4600,3864.1101,3960.2800
2023-03-17,3958.6899,3958.9099,3901.2700,3916.6399
2023-03-20,3917.4700,3956.6201,3916.8899,3951.5701
2023-03-21,3975.8899,4009.0801,3971.1899,4002.8701
2023-03-22,4002.0400,4039.4900,3936.1699,3936.9700
2023-03-23,3959.2100,4007.6599,3919.0500,3948.7200
2023-03-24,3939.2100,3972.7400,3909.1599,3970.9900
2023-03-27,3982.9299,4003.8301,3970.4900,3977.5300
2023-03-28,3974.1299,3979.2000,3951.5300,3971.2700
2023-03-29,3999.5300,4030.5901,3999.5300,4027.8101
2023-03-30,4046.7400,4057.8501,4032.1001,4050.8301
2023-03-31,4056.1799,4110.7500,4056.1799,4109.3101
2023-04-03,4102.2002,4127.6602,4098.7900,4124.5098
2023-04-04,4128.0298,4133.1299,4086.8701,4100.6001
2023-04-05,4094.5000,4099.6899,4072.5601,4090.3799
2023-04-06,4081.1499,4107.3198,4069.8401,4105.0200
2023-04-10,4085.2000,4109.5000,4072.5500,4109.1099
2023-04-11,4110.2900,4124.2598,4102.6099,4108.9399
2023-04-12,4121.7202,4134.3701,4086.9399,4091.9500
2023-04-13,4100.0400,4150.2598,4099.3999,4146.2202
2023-04-14,4140.1099,4163.1899,4113.2002,4137.6401
2023-04-17,4137.1699,4151.7202,4123.1802,4151.3198
2023-04-18,4164.2598,4169.4800,4140.3599,4154.8701
2023-04-19,4139.3301,4162.5698,4134.4902,4154.5200
2023-04-20,4130.4800,4148.5698,4114.5698,4129.7900
2023-04-21,4132.1401,4138.0200,4113.8599,4133.5200
2023-04-24,4132.0698,4142.4102,4117.7700,4137.0400
2023-04-25,4126.4302,4126.4302,4071.3799,4071.6299
2023-04-26,4087.7800,4089.6699,4049.3501,4055.9900
2023-04-27,4075.2900,4138.2402,4075.2900,4135.3501
2023-04-28,4129.6299,4170.0601,4127.1802,4169.4800
2023-05-01,4166.7900,4186.9199,4164.1201,4167.8701
2023-05-02,4164.1001,4164.1001,4089.7200,4119.5801
2023-05-03,4122.2500,4148.2998,4088.8601,4090.7500
2023-05-04,4082.5500,4082.6101,4048.2800,4061.2200
2023-05-05,4084.7300,4147.0200,4084.7300,4136.2500
2023-05-08,4136.9800,4142.2998,4123.8101,4138.1201
2023-05-09,4124.2500,4130.3501,4116.6499,4119.1699
2023-05-10,4143.7402,4154.2798,4098.9199,4137.6401
2023-05-11,4132.2402,4132.7998,4109.2900,4130.6201
2023-05-12,4138.5400,4143.7402,4099.1201,4124.0801
2023-05-15,4126.6499,4141.2500,4110.2700,4136.2798
2023-05-16,4127.9502,4135.5400,4109.8599,4109.8999
2023-05-17,4122.8501,4164.6699,4113.6201,4158.7700
2023-05-18,4157.6802,4202.2002,4153.5000,4198.0498
2023-05-19,4204.1499,4212.9102,4180.2002,4191.9800
2023-05-22,4190.7798,4209.2202,4179.6802,4192.6299
2023-05-23,4176.7998,4185.6802,4142.5400,4145.5801
2023-05-24,4132.9600,4132.9600,4103.9800,4115.2402
2023-05-25,4155.7100,4165.7402,4129.7300,4151.2798
2023-05-26,4156.1602,4212.8701,4156.1602,4205.4502
2023-05-30,4226.7100,4231.1001,4192.1802,4205.5200
2023-05-31,4190.7402,4195.4399,4166.1499,4179.8301
2023-06-01,4183.0298,4232.4302,4171.6401,4221.0200
2023-06-02,4241.0098,4290.6699,4241.0098,4282.3701
2023-06-05,4282.9902,4299.2798,4266.8198,4273.7900
2023-06-06,4271.3398,4288.3301,4263.0898,4283.8501
2023-06-07,4285.4702,4299.1899,4263.9600,4267.5200
2023-06-08,4268.6899,4298.0098,4261.0698,4293.9302
2023-06-09,4304.8799,4322.6201,4291.7002,4298.8599
2023-06-12,4308.3198,4340.1299,4304.3701,4338.9302
2023-06-13,4352.6099,4375.3701,4349.3101,4369.0098
2023-06-14,4366.2900,4391.8198,4337.8501,4372.5898
2023-06-15,4365.3301,4439.2002,4362.6001,4425.8398
2023-06-16,4440.9502,4448.4702,4407.4399,4409.5898
2023-06-20,4396.1099,4400.1499,4367.1899,4388.7100
2023-06-21,4380.0098,4386.2202,4360.1401,4365.6899
2023-06-22,4355.3999,4382.2500,4351.8198,4381.8901
2023-06-23,4354.1699,4366.5498,4341.3398,4348.3301
2023-06-26,4344.8398,4362.0601,4328.0801,4328.8198
2023-06-27,4337.3599,4384.4199,4335.0000,4378.4102
2023-06-28,4367.4800,4390.3501,4360.2202,4376.8599
2023-06-29,4374.9399,4398.3901,4371.9702,4396.4399
2023-06-30,4422.4399,4458.4800,4422.4399,4450.3799
2023-07-03,4450.4800,4456.4600,4442.2900,4455.5898
2023-07-05,4442.0400,4454.0601,4436.6099,4446.8198
2023-07-06,4422.6201,4422.6201,4385.0498,4411.5898
2023-07-07,4404.5400,4440.3901,4397.3999,4398.9502
2023-07-10,4394.2300,4412.6001,4389.9199,4409.5298
2023-07-11,4415.5498,4443.6401,4408.4600,4439.2598
2023-07-12,4467.6899,4488.3398,4463.2300,4472.1602
2023-07-13,4491.5000,4517.3799,4489.3599,4510.0400
2023-07-14,4514.6099,4527.7598,4499.5601,4505.4199
2023-07-17,4508.8599,4532.8501,4504.8999,4522.7900
2023-07-18,4521.7798,4562.2998,4514.5898,4554.9800
2023-07-19,4563.8701,4578.4302,4557.4800,4565.7202
2023-07-20,4554.3799,4564.7402,4527.5601,4534.8701
2023-07-21,4550.1602,4555.0000,4535.7900,4536.3398
2023-07-24,4543.3901,4563.4102,4541.2900,4554.6401
2023-07-25,4555.1899,4580.6201,4552.4199,4567.4600
2023-07-26,4558.9600,4582.4702,4547.5801,4566.7500
2023-07-27,4598.2598,4607.0698,4528.5601,4537.4102
2023-07-28,4565.7500,4590.1602,4564.0098,4582.2300
2023-07-31,4584.8198,4594.2202,4573.1401,4588.9600
2023-08-01,4578.8301,4584.6201,4567.5298,4576.7300
2023-08-02,4550.9302,4550.9302,4505.7500,4513.3901
2023-08-03,4494.2700,4519.4902,4485.5400,4501.8901
2023-08-04,4513.9600,4540.3398,4474.5498,4478.0298
2023-08-07,4491.5801,4519.8398,4491.1499,4518.4399
2023-08-08,4498.0298,4503.3101,4464.3901,4499.3799
2023-08-09,4501.5698,4502.4399,4461.3301,4467.7100
2023-08-10,4487.1602,4527.3701,4457.9199,4468.8301
2023-08-11,4450.6899,4476.2300,4443.9800,4464.0498
2023-08-14,4458.1299,4490.3301,4453.4399,4489.7202
2023-08-15,4478.8701,4478.8701,4432.1899,4437.8599
2023-08-16,4433.7900,4449.9502,4403.5498,4404.3301
2023-08-17,4416.3198,4421.1699,4364.8301,4370.3599
2023-08-18,4344.8799,4381.8198,4335.3101,4369.7100
2023-08-21,4380.2798,4407.5498,4360.2998,4399.7700
2023-08-22,4415.3301,4418.5898,4382.7700,4387.5498
2023-08-23,4396.4399,4443.1802,4396.4399,4436.0098
2023-08-24,4455.1602,4458.2998,4375.5498,4376.3101
2023-08-25,4389.3799,4418.4600,4356.2900,4405.7100
2023-08-28,4426.0298,4439.5601,4414.9800,4433.3101
2023-08-29,4432.7500,4500.1401,4431.6802,4497.6299
2023-08-30,4500.3398,4521.6499,4493.5898,4514.8701
2023-08-31,4517.0098,4532.2598,4507.3901,4507.6602
2023-09-01,4530.6001,4541.2500,4501.3501,4515.7700
2023-09-05,4510.0601,4514.2900,4496.0098,4496.8301
2023-09-06,4490.3501,4490.3501,4442.3799,4465.4800
2023-09-07,4434.5498,4457.8101,4430.4600,4451.1401
2023-09-08,4451.2998,4473.5298,4448.3799,4457.4902
2023-09-11,4480.9800,4490.7700,4467.8901,4487.4600
2023-09-12,4473.2700,4487.1099,4456.8301,4461.8999
2023-09-13,4462.6499,4479.3901,4453.5200,4467.4399
2023-09-14,4487.7798,4511.9902,4478.6899,4505.1001
2023-09-15,4497.9800,4497.9800,4447.2100,4450.3198
2023-09-18,4445.1299,4466.3599,4442.1099,4453.5298
2023-09-19,4445.4102,4449.8501,4416.6099,4443.9502
2023-09-20,4452.8101,4461.0298,4401.3799,4402.2002
2023-09-21,4374.3599,4375.7002,4329.1699,4330.0000
2023-09-22,4341.7402,4357.3999,4316.4902,4320.0601
2023-09-25,4310.6201,4338.5098,4302.7002,4337.4399
2023-09-26,4312.8799,4313.0098,4265.9800,4273.5298
2023-09-27,4282.6299,4292.0698,4238.6299,4274.5098
2023-09-28,4269.6499,4317.2700,4264.3799,4299.7002
2023-09-29,4328.1802,4333.1499,4274.8599,4288.0498
2023-10-02,4284.5200,4300.5801,4260.2100,4288.3901
2023-10-03,4269.7500,4281.1499,4216.4502,4229.4502
2023-10-04,4233.8301,4268.5000,4220.4800,4263.7500
2023-10-05,4259.3101,4267.1299,4225.9102,4258.1899
2023-10-06,4234.7900,4324.1001,4219.5498,4308.5000
2023-10-09,4289.0200,4341.7300,4283.7900,4335.6602
2023-10-10,4339.7500,4385.4600,4339.6401,4358.2402
2023-10-11,4366.5898,4378.6401,4345.3398,4376.9502
2023-10-12,4380.9399,4385.8501,4325.4302,4349.6099
2023-10-13,4360.4902,4377.1001,4311.9702,4327.7798
2023-10-16,4342.3701,4383.3301,4342.3701,4373.6299
2023-10-17,4345.2300,4393.5698,4337.5400,4373.2002
2023-10-18,4357.3501,4364.2002,4303.8398,4314.6001
2023-10-19,4321.3599,4339.5400,4269.6899,4278.0000
2023-10-20,4273.8501,4276.5601,4223.0298,4224.1602
2023-10-23,4210.3999,4255.8398,4189.2202,4217.0400
2023-10-24,4235.7900,4259.3799,4219.4302,4247.6802
2023-10-25,4232.4199,4232.4199,4181.4199,4186.7700
2023-10-26,4175.9902,4183.6001,4127.8999,4137.2300
2023-10-27,4152.9302,4156.7002,4103.7798,4117.3701
2023-10-30,4139.3901,4177.4702,4132.9399,4166.8198
2023-10-31,4171.3301,4195.5498,4153.1201,4193.7998
2023-11-01,4201.2700,4245.6401,4197.7402,4237.8599
2023-11-02,4268.2598,4319.7202,4268.2598,4317.7798
2023-11-03,4334.2300,4373.6201,4334.2300,4358.3398
2023-11-06,4364.2700,4372.2100,4347.5298,4365.9800
2023-11-07,4366.2100,4386.2598,4355.4102,4378.3799
2023-11-08,4384.3701,4391.2002,4359.7598,4382.7798
2023-11-09,4391.4102,4393.3999,4343.9399,4347.3501
2023-11-10,4364.1499,4418.0298,4353.3398,4415.2402
2023-11-13,4406.6602,4421.7598,4393.8198,4411.5498
2023-11-14,4458.9702,4508.6699,4458.9702,4495.7002
2023-11-15,4505.2998,4521.1699,4495.3101,4502.8799
2023-11-16,4497.0801,4511.9902,4487.8301,4508.2402
2023-11-17,4509.5498,4520.1201,4499.6602,4514.0200
2023-11-20,4511.7002,4557.1099,4510.3599,4547.3799
2023-11-21,4538.7700,4542.1401,4525.5098,4538.1899
2023-11-22,4553.0400,4568.4302,4545.0498,4556.6201
2023-11-24,4555.8398,4560.3101,4552.7998,4559.3398
2023-11-27,4554.8599,4560.5200,4546.3198,4550.4302
2023-11-28,4545.5498,4568.1401,4540.5098,4554.8901
2023-11-29,4571.8398,4587.6401,4547.1499,4550.5801
2023-11-30,4554.8701,4569.8901,4537.2402,4567.7998
2023-12-01,4559.4302,4599.3901,4554.7100,4594.6299
2023-12-04,4564.3701,4572.3701,4546.7202,4569.7798
2023-12-05,4557.2500,4578.5601,4551.6802,4567.1802
2023-12-06,4586.2300,4590.7402,4546.5000,4549.3398
2023-12-07,4568.8398,4590.9199,4565.2202,4585.5898
2023-12-08,4576.2002,4609.2300,4574.0601,4604.3701
2023-12-11,4593.3901,4623.7100,4593.3901,4622.4399
2023-12-12,4618.2998,4643.9302,4608.0898,4643.7002
2023-12-13,4646.2002,4709.6899,4643.2300,4707.0898
2023-12-14,4721.0400,4738.5698,4694.3398,4719.5498
2023-12-15,4714.2300,4725.5298,4704.6899,4719.1899
2023-12-18,4725.5801,4749.5200,4725.5801,4740.5601
2023-12-19,4743.7202,4768.6899,4743.7202,4768.3701
2023-12-20,4764.7300,4778.0098,4697.8198,4698.3501
2023-12-21,4724.2900,4748.7100,4708.3501,4746.7500
2023-12-22,4753.9199,4772.9399,4736.7700,4754.6299
2023-12-26,4758.8599,4784.7202,4758.4502,4774.7500
2023-12-27,4773.4502,4785.3901,4768.8999,4781.5801
2023-12-28,4786.4399,4793.2998,4780.9800,4783.3501
2023-12-29,4782.8799,4788.4302,4751.9902,4769.8301
2024-01-02,4745.2002,4754.3301,4722.6699,4742.8301
2024-01-03,4725.0698,4729.2900,4699.7100,4704.8101
2024-01-04,4697.4199,4726.7798,4687.5298,4688.6802
2024-01-05,4690.5698,4721.4902,4682.1099,4697.2402
2024-01-08,4703.7002,4764.5400,4699.8198,4763.5400
2024-01-09,4741.9302,4765.4702,4730.3501,4756.5000
2024-01-10,4759.9399,4790.7998,4756.2002,4783.4502
2024-01-11,4792.1299,4798.5000,4739.5801,4780.2402
2024-01-12,4791.1802,4802.3999,4768.9800,4783.8301
2024-01-16,4772.3501,4782.3398,4747.1201,4765.9800
2024-01-17,4739.1299,4744.2300,4714.8198,4739.2100
2024-01-18,4760.1001,4785.7900,4740.5698,4780.9399
2024-01-19,4796.2798,4842.0698,4785.8701,4839.8101
2024-01-22,4853.4199,4868.4102,4844.0498,4850.4302
2024-01-23,4856.7998,4866.4800,4844.3701,4864.6001
2024-01-24,4888.5601,4903.6802,4865.9399,4868.5498
2024-01-25,4886.6602,4898.1499,4869.3398,4894.1602
2024-01-26,4888.9102,4906.6899,4881.4702,4890.9702
2024-01-29,4892.9502,4929.3101,4887.3999,4927.9302
2024-01-30,4925.8901,4931.0898,4916.2700,4924.9702
2024-01-31,4899.1899,4906.7500,4845.1499,4845.6499
2024-02-01,4861.1099,4906.9702,4853.5200,4906.1899
2024-02-02,4916.0601,4975.2900,4907.9902,4958.6099
2024-02-05,4957.1899,4957.1899,4918.0898,4942.8101
2024-02-06,4950.1602,4957.7700,4934.8799,4954.2300
2024-02-07,4973.0498,4999.8901,4969.0498,4995.0601
2024-02-08,4995.1602,5000.3999,4987.0898,4997.9102
2024-02-09,5004.1699,5030.0601,5000.3398,5026.6099
2024-02-12,5026.8301,5048.3901,5016.8301,5021.8398
2024-02-13,4967.9399,4971.2998,4920.3101,4953.1699
2024-02-14,4976.4399,5002.5200,4956.4502,5000.6201
2024-02-15,5003.1401,5032.7202,4999.4399,5029.7300
2024-02-16,5031.1299,5038.7002,4999.5200,5005.5698
2024-02-20,4989.3198,4993.7100,4955.0200,4975.5098
2024-02-21,4963.0298,4983.2100,4946.0000,4981.7998
2024-02-22,5038.8301,5094.3901,5038.8301,5087.0298
2024-02-23,5100.9199,5111.0601,5081.4600,5088.7998
2024-02-26,5093.0000,5097.6602,5068.9102,5069.5298
2024-02-27,5074.6001,5080.6899,5057.2900,5078.1802
2024-02-28,5067.2002,5077.3701,5058.3501,5069.7598
2024-02-29,5085.3599,5104.9902,5061.8901,5096.2700
2024-03-01,5098.5098,5140.3301,5094.1602,5137.0801
2024-03-04,5130.9902,5149.6699,5127.1802,5130.9502
2024-03-05,5110.5200,5114.5400,5056.8198,5078.6499
2024-03-06,5108.0298,5127.9702,5092.2202,5104.7598
2024-03-07,5132.3799,5165.6201,5128.2100,5157.3599
2024-03-08,5164.4600,5189.2598,5117.5000,5123.6899
2024-03-11,5111.9600,5124.6602,5091.1401,5117.9399
2024-03-12,5134.2998,5179.8701,5114.4800,5175.2700
2024-03-13,5173.4902,5179.1401,5151.8799,5165.3101
2024-03-14,5175.1401,5176.8501,5123.2998,5150.4800
2024-03-15,5123.3101,5136.8599,5104.3501,5117.0898
2024-03-18,5154.7700,5175.6001,5145.4702,5149.4199
2024-03-19,5139.0898,5180.3101,5131.5898,5178.5098
2024-03-20,5181.6899,5226.1899,5171.5498,5224.6201
2024-03-21,5253.4302,5261.1001,5240.6602,5241.5298
2024-03-22,5242.4800,5246.0898,5229.8701,5234.1802
2024-03-25,5219.5200,5229.0898,5216.0898,5218.1899
2024-03-26,5228.8501,5235.1602,5203.4199,5203.5801
2024-03-27,5226.3101,5249.2598,5213.9199,5248.4902
2024-03-28,5248.0298,5264.8501,5245.8198,5254.3501
2024-04-01,5257.9702,5263.9502,5229.2002,5243.7700
2024-04-02,5204.2900,5208.3398,5184.0498,5205.8101
2024-04-03,5194.3701,5228.7500,5194.3701,5211.4902
2024-04-04,5244.0498,5256.5898,5146.0601,5147.2100
2024-04-05,5158.9502,5222.1802,5157.2100,5204.3398
2024-04-08,5211.3701,5219.5698,5197.3501,5202.3901
2024-04-09,5217.0298,5224.8101,5160.7798,5209.9102
2024-04-10,5167.8799,5178.4302,5138.7002,5160.6401
2024-04-11,5172.9502,5211.7798,5138.7700,5199.0601
2024-04-12,5171.5098,5175.0298,5107.9399,5123.4102
2024-04-15,5149.6699,5168.4302,5052.4702,5061.8198
2024-04-16,5064.5898,5079.8398,5039.8301,5051.4102
2024-04-17,5068.9702,5077.9600,5007.2500,5022.2100
2024-04-18,5031.5200,5056.6602,5001.8901,5011.1201
2024-04-19,5005.4399,5019.0200,4953.5601,4967.2300
2024-04-22,4987.3301,5038.8398,4969.3999,5010.6001
2024-04-23,5028.8501,5076.1201,5027.9600,5070.5498
2024-04-24,5084.8599,5089.4800,5047.0200,5071.6299
2024-04-25,5019.8799,5057.7500,4990.5801,5048.4199
2024-04-26,5084.6499,5114.6201,5073.1401,5099.9600
2024-04-29,5114.1299,5123.4902,5088.6499,5116.1699
2024-04-30,5103.7798,5110.8301,5035.3101,5035.6899
2024-05-01,5029.0298,5096.1201,5013.4502,5018.3901
2024-05-02,5049.3198,5073.2100,5011.0498,5064.2002
2024-05-03,5122.7798,5139.1201,5101.2202,5127.7900
2024-05-06,5142.4199,5181.0000,5142.4199,5180.7402
2024-05-07,5187.2002,5200.2300,5178.9600,5187.7002
2024-05-08,5168.9800,5191.9502,5165.8599,5187.6699
2024-05-09,5189.0298,5215.2998,5180.4102,5214.0801
2024-05-10,5225.4902,5239.6602,5209.6802,5222.6802
2024-05-13,5233.0801,5237.2598,5211.1602,5221.4199
2024-05-14,5221.1001,5250.3701,5217.9800,5246.6802
2024-05-15,5263.2598,5311.7598,5263.2598,5308.1499
2024-05-16,5310.0698,5325.4902,5296.1899,5297.1001
2024-05-17,5303.1001,5305.4502,5283.5898,5303.2700
2024-05-20,5305.3501,5325.3198,5302.3999,5308.1299
2024-05-21,5298.6899,5324.3198,5297.8701,5321.4102
2024-05-22,5319.2798,5323.1802,5286.0098,5307.0098
2024-05-23,5340.2598,5341.8799,5256.9302,5267.8398
2024-05-24,5281.4502,5311.6499,5278.3901,5304.7202
2024-05-28,5315.9102,5315.9102,5280.8901,5306.0400
2024-05-29,5278.7300,5282.2700,5262.7002,5266.9502
2024-05-30,5259.7700,5260.2100,5222.1001,5235.4800
2024-05-31,5243.2100,5280.3301,5191.6802,5277.5098
2024-06-03,5297.1499,5302.1099,5234.3198,5283.3999
2024-06-04,5278.2402,5298.7998,5257.6299,5291.3398
2024-06-05,5314.4800,5354.1602,5297.6401,5354.0298
2024-06-06,5357.7998,5362.3501,5335.3599,5352.9600
2024-06-07,5343.8101,5375.0801,5331.3301,5346.9902
2024-06-10,5341.2202,5365.7900,5331.5200,5360.7900
2024-06-11,5353.0000,5375.9502,5327.2500,5375.3198
2024-06-12,5409.1299,5447.2500,5409.1299,5421.0298
2024-06-13,5441.9302,5441.9302,5402.5098,5433.7402
2024-06-14,5424.0801,5432.3901,5403.7500,5431.6001
2024-06-17,5431.1099,5488.5000,5420.3999,5473.2300
2024-06-18,5476.1499,5490.3799,5471.3198,5487.0298
2024-06-20,5499.9902,5505.5298,5455.5601,5473.1699
2024-06-21,5466.7700,5478.3101,5452.0298,5464.6201
2024-06-24,5459.5801,5490.6602,5447.5898,5447.8701
2024-06-25,5460.7300,5472.8799,5446.5601,5469.2998
2024-06-26,5460.7100,5483.1401,5451.8701,5477.8999
2024-06-27,5473.5898,5490.8101,5467.5400,5482.8701
2024-06-28,5488.4800,5523.6401,5451.1201,5460.4800
2024-07-01,5471.0801,5479.5498,5446.5298,5475.0898
2024-07-02,5461.8398,5509.6899,5458.4302,5509.0098
2024-07-03,5507.4399,5539.2700,5507.4199,5537.0200
2024-07-05,5537.9102,5570.3301,5531.6299,5567.1899
2024-07-08,5572.7500,5583.1099,5562.5098,5572.8501
2024-07-09,5584.2402,5590.7500,5574.5698,5576.9800
2024-07-10,5591.2598,5635.3901,5586.4399,5633.9102
2024-07-11,5635.2100,5642.4502,5576.5298,5584.5400
2024-07-12,5590.7598,5655.5601,5590.4399,5615.3501
2024-07-15,5638.1602,5666.9399,5614.7500,5631.2202
2024-07-16,5644.0898,5669.6699,5639.0200,5667.2002
2024-07-17,5610.0698,5622.4902,5584.8101,5588.2700
2024-07-18,5608.5601,5614.0498,5522.8101,5544.5898
2024-07-19,5543.3701,5557.5000,5497.0400,5505.0000
2024-07-22,5544.5400,5570.3599,5529.0400,5564.4102
2024-07-23,5565.2998,5585.3398,5550.8999,5555.7402
2024-07-24,5505.8398,5508.0400,5419.9800,5427.1299
2024-07-25,5428.7002,5491.5898,5390.9502,5399.2202
2024-07-26,5433.6699,5488.3198,5430.7002,5459.1001
2024-07-29,5476.5498,5487.7402,5444.4399,5463.5400
2024-07-30,5478.7300,5489.4600,5401.7002,5436.4399
2024-07-31,5505.5898,5551.5098,5493.7500,5522.2998
2024-08-01,5537.8398,5566.1602,5410.4199,5446.6802
2024-08-02,5376.6299,5383.8901,5302.0298,5346.5601
2024-08-05,5151.1401,5250.8901,5119.2598,5186.3301
2024-08-06,5206.4199,5312.3398,5193.5601,5240.0298
2024-08-07,5293.1299,5330.6401,5195.5400,5199.5000
2024-08-08,5252.5698,5328.0298,5233.8501,5319.3101
2024-08-09,5314.6602,5358.6699,5300.8398,5344.1602
2024-08-12,5351.8799,5371.2002,5324.3701,5344.3901
2024-08-13,5376.9800,5436.5000,5376.9800,5434.4302
2024-08-14,5442.3599,5463.2202,5415.9102,5455.2100
2024-08-15,5501.1299,5546.2300,5501.1299,5543.2202
2024-08-16,5530.5000,5561.9800,5525.1699,5554.2500
2024-08-19,5557.2300,5608.2998,5550.7402,5608.2500
2024-08-20,5602.8799,5620.5098,5585.5000,5597.1201
2024-08-21,5603.0898,5632.6802,5591.5698,5620.8501
2024-08-22,5637.7700,5643.2202,5560.9502,5570.6401
2024-08-23,5602.4902,5641.8198,5585.1602,5634.6099
2024-08-26,5639.6602,5651.6201,5602.3398,5616.8398
2024-08-27,5602.8901,5631.1802,5593.4800,5625.7998
2024-08-28,5624.5098,5627.0298,5560.9502,5592.1802
2024-08-29,5607.2998,5646.9502,5583.7100,5591.9600
2024-08-30,5612.7402,5651.3701,5581.7900,5648.3999
2024-09-03,5623.8901,5623.8901,5504.3301,5528.9302
2024-09-04,5506.6802,5552.9902,5503.6602,5520.0698
2024-09-05,5520.0801,5546.2998,5480.5400,5503.4102
2024-09-06,5507.3301,5522.4702,5402.6201,5408.4199
2024-09-09,5442.0698,5484.2002,5434.4902,5471.0498
2024-09-10,5490.5098,5497.9102,5441.7202,5495.5200
2024-09-11,5496.4199,5560.4102,5406.9600,5554.1299
2024-09-12,5557.4800,5600.7100,5535.5000,5595.7598
2024-09-13,5603.3398,5636.2700,5601.6499,5626.0200
2024-09-16,5615.2100,5636.0498,5604.5298,5633.0898
2024-09-17,5655.5098,5670.8101,5614.0498,5634.5801
2024-09-18,5641.6802,5689.7500,5615.0801,5618.2598
2024-09-19,5702.6299,5733.5698,5686.4199,5713.6401
2024-09-20,5709.6401,5715.1401,5674.4902,5702.5498
2024-09-23,5711.8999,5725.3599,5704.2202,5718.5698
2024-09-24,5727.6602,5735.3198,5698.9902,5732.9302
2024-09-25,5733.6499,5741.0298,5712.0601,5722.2598
2024-09-26,5762.2202,5767.3701,5721.0098,5745.3701
2024-09-27,5755.3599,5763.7798,5727.3398,5738.1699
2024-09-30,5726.5200,5765.1401,5703.5298,5762.4800
2024-10-01,5757.7300,5757.7300,5681.2798,5708.7500
2024-10-02,5698.1401,5719.6299,5674.0000,5709.5400
2024-10-03,5698.1899,5718.7798,5677.3701,5699.9399
2024-10-04,5737.4800,5753.2100,5702.8301,5751.0698
2024-10-07,5737.7998,5739.3398,5686.8501,5695.9399
2024-10-08,5719.1401,5757.6001,5714.5601,5751.1299
2024-10-09,5751.7998,5796.7998,5745.0200,5792.0400
2024-10-10,5778.3599,5795.0298,5764.7598,5780.0498
2024-10-11,5775.0898,5822.1299,5775.0898,5815.0298
2024-10-14,5829.8101,5871.4102,5829.5698,5859.8501
2024-10-15,5866.7402,5870.3599,5804.4800,5815.2598
2024-10-16,5816.5801,5846.5200,5808.3398,5842.4702
2024-10-17,5875.6201,5878.4600,5840.2500,5841.4702
2024-10-18,5859.4302,5872.1699,5846.1099,5864.6699
2024-10-21,5857.8198,5866.9199,5824.7900,5853.9800
2024-10-22,5832.7002,5863.0400,5821.1699,5851.2002
2024-10-23,5834.5000,5834.8501,5762.4102,5797.4199
2024-10-24,5817.7998,5817.7998,5784.9199,5809.8599
2024-10-25,5826.7500,5862.8198,5799.9800,5808.1201
2024-10-28,5833.9302,5842.9199,5823.0801,5823.5200
2024-10-29,5819.6802,5847.1899,5802.1699,5832.9199
2024-10-30,5832.6499,5850.9399,5811.2798,5813.6699
2024-10-31,5775.3398,5775.3398,5702.8599,5705.4502
2024-11-01,5723.2202,5772.5200,5723.2202,5728.7998
2024-11-04,5725.1499,5741.4302,5696.5098,5712.6899
2024-11-05,5722.4302,5783.4399,5722.1001,5782.7598
2024-11-06,5864.8901,5936.1401,5864.8901,5929.0400
2024-11-07,5947.2100,5983.8398,5947.2100,5973.1001
2024-11-08,5976.7598,6012.4502,5976.7598,5995.5400
2024-11-11,6008.8599,6017.3101,5986.6899,6001.3501
2024-11-12,6003.6001,6009.9199,5960.0801,5983.9902
2024-11-13,5985.7500,6008.1899,5965.9102,5985.3799
2024-11-14,5989.6802,5993.8799,5942.2798,5949.1699
2024-11-15,5912.7900,5915.3198,5853.0098,5870.6201
2024-11-18,5874.1699,5908.1201,5865.9502,5893.6201
2024-11-19,5870.0498,5923.5098,5855.2900,5916.9800
2024-11-20,5914.3398,5920.6699,5860.5601,5917.1099
2024-11-21,5940.5801,5963.3198,5887.2598,5948.7100
2024-11-22,5944.3599,5972.8999,5944.3599,5969.3398
2024-11-25,5992.2798,6020.7500,5963.9102,5987.3701
2024-11-26,6000.0298,6025.4199,5992.2700,6021.6299
2024-11-27,6014.1099,6020.1602,5984.8701,5998.7402
2024-11-29,6003.9800,6044.1699,6003.9800,6032.3799
2024-12-02,6040.1099,6053.5801,6035.3301,6047.1499
2024-12-03,6042.9702,6052.0698,6033.3901,6049.8799
2024-12-04,6069.3901,6089.8398,6061.0601,6086.4902
2024-12-05,6089.0298,6094.5498,6072.8999,6075.1099
2024-12-06,6081.3799,6099.9702,6079.9800,6090.2700
2024-12-09,6083.0098,6088.5098,6048.6299,6052.8501
2024-12-10,6057.5898,6065.3999,6029.8901,6034.9102
2024-12-11,6060.1499,6092.5898,6060.1499,6084.1899
2024-12-12,6074.2900,6079.6802,6051.2500,6051.2500
2024-12-13,6068.1699,6078.5801,6035.7700,6051.0898
2024-12-16,6063.7900,6085.1899,6059.1401,6074.0801
2024-12-17,6052.5498,6057.6802,6035.1899,6050.6099
2024-12-18,6047.6499,6070.6699,5867.7900,5872.1602
2024-12-19,5912.7100,5935.5200,5866.0698,5867.0801
2024-12-20,5842.0000,5982.0601,5832.2998,5930.8501
2024-12-23,5940.2500,5978.2500,5902.5698,5974.0698
2024-12-24,5984.6299,6040.1001,5981.4399,6040.0400
2024-12-26,6024.9702,6049.7500,6007.3701,6037.5898
2024-12-27,6006.1699,6006.1699,5932.9502,5970.8398
2024-12-30,5920.6699,5940.7900,5869.1602,5906.9399
2024-12-31,5919.7402,5929.7402,5868.8599,5881.6299
2025-01-02,5903.2598,5935.0898,5829.5298,5868.5498
2025-01-03,5891.0698,5949.3398,5888.6602,5942.4702
2025-01-06,5982.8101,6021.0400,5960.0098,5975.3799
2025-01-07,5993.2598,6000.6802,5890.6802,5909.0298
2025-01-08,5910.6602,5927.8901,5874.7798,5918.2500
2025-01-10,5890.3501,5890.3501,5807.7798,5827.0400
2025-01-13,5782.0200,5838.6099,5773.3101,5836.2202
2025-01-14,5859.2700,5871.9199,5805.4199,5842.9102
2025-01-15,5905.2100,5960.6099,5905.2100,5949.9102
2025-01-16,5963.6099,5964.6899,5930.7202,5937.3398
2025-01-17,5995.3999,6014.9600,5978.4399,5996.6602
2025-01-21,6014.1201,6051.5098,6006.8799,6049.2402
2025-01-22,6081.3901,6100.8101,6076.1299,6086.3701
2025-01-23,6076.3198,6118.7300,6074.6699,6118.7100
2025-01-24,6121.4302,6128.1802,6088.7402,6101.2402
2025-01-27,5969.0400,6017.1699,5962.9199,6012.2798
2025-01-28,6026.9702,6074.5400,5994.6299,6067.7002
2025-01-29,6057.7002,6062.8301,6012.9600,6039.3101
2025-01-30,6050.7500,6086.6401,6027.4600,6071.1699
2025-01-31,6096.7900,6120.9102,6030.9302,6040.5298
2025-02-03,5969.6499,6022.1299,5923.9302,5994.5698
2025-02-04,5998.1401,6042.4800,5990.8701,6037.8799
2025-02-05,6020.4502,6062.8599,6007.0601,6061.4800
2025-02-06,6072.2202,6084.0298,6046.8301,6083.5698
2025-02-07,6083.1299,6101.2798,6019.9600,6025.9902
2025-02-10,6046.3999,6073.3799,6044.8398,6066.4399
2025-02-11,6049.3198,6076.2798,6042.3398,6068.5000
2025-02-12,6025.0801,6063.0000,6003.0000,6051.9702
2025-02-13,6060.5898,6116.9102,6050.9502,6115.0698
2025-02-14,6115.5200,6127.4702,6107.6201,6114.6299
2025-02-18,6121.6001,6129.6299,6099.5098,6129.5801
2025-02-19,6117.7598,6147.4302,6111.1499,6144.1499
2025-02-20,6134.5000,6134.5000,6084.5898,6117.5200
2025-02-21,6114.1001,6114.8198,6008.5601,6013.1299
2025-02-24,6026.6899,6043.6499,5977.8301,5983.2500
2025-02-25,5982.7300,5992.6499,5908.4902,5955.2500
2025-02-26,5970.8701,6009.8198,5932.6899,5956.0601
2025-02-27,5981.8799,5993.6899,5858.7798,5861.5698
2025-02-28,5856.7402,5959.3999,5837.6602,5954.5000
2025-03-03,5968.3301,5986.0898,5810.9102,5849.7202
2025-03-04,5811.9800,5865.0801,5732.5898,5778.1499
2025-03-05,5781.3599,5860.5898,5742.3501,5842.6299
2025-03-06,5785.8701,5812.0801,5711.6401,5738.5200
2025-03-07,5726.0098,5783.0098,5666.2900,5770.2002
2025-03-10,5705.3701,5705.3701,5564.0200,5614.5601
2025-03-11,5603.6499,5636.2998,5528.4102,5572.0698
2025-03-12,5624.8398,5642.1899,5546.0898,5599.2998
2025-03-13,5594.4502,5597.7798,5504.6499,5521.5200
2025-03-14,5563.8501,5645.2700,5563.8501,5638.9399
2025-03-17,5635.6001,5703.5200,5631.1201,5675.1201
2025-03-18,5654.5298,5654.5298,5597.7598,5614.6602
2025-03-19,5632.3701,5715.3301,5622.2002,5675.2900
2025-03-20,5646.9199,5711.1499,5632.3301,5662.8901
2025-03-21,5630.7300,5670.8398,5603.1001,5667.5601
2025-03-24,5718.0801,5775.1401,5718.0801,5767.5698
2025-03-25,5775.9600,5786.9502,5760.4199,5776.6499
2025-03-26,5771.6602,5783.6201,5694.4102,5712.2002
2025-03-27,5695.6401,5732.2798,5670.9399,5693.3101
2025-03-28,5679.2002,5685.8901,5572.4199,5580.9399
2025-03-31,5527.9102,5627.5601,5488.7300,5611.8501
2025-04-01,5597.5298,5650.5698,5558.5200,5633.0698
2025-04-02,5580.7598,5695.3101,5571.4800,5670.9702
2025-04-03,5492.7402,5499.5298,5390.8301,5396.5200
2025-04-04,5292.1401,5292.1401,5069.8999,5074.0801
2025-04-07,4953.7900,5246.5698,4835.0400,5062.2500
2025-04-08,5193.5698,5267.4702,4910.4199,4982.7700
2025-04-09,4965.2798,5481.3398,4948.4302,5456.8999
2025-04-10,5353.1499,5353.1499,5115.2700,5268.0498
2025-04-11,5255.5601,5381.4600,5220.7700,5363.3599
2025-04-14,5441.9600,5459.4600,5358.0200,5405.9702
2025-04-15,5411.9902,5450.4102,5386.4399,5396.6299
2025-04-16,5335.7500,5367.2402,5220.7900,5275.7002
2025-04-17,5305.4502,5328.3101,5255.5801,5282.7002
2025-04-21,5232.9399,5232.9399,5101.6299,5158.2002
2025-04-22,5207.6699,5309.6099,5207.6699,5287.7598
2025-04-23,5395.9199,5469.6899,5356.1699,5375.8599
2025-04-24,5381.3799,5489.3999,5371.9600,5484.7700
2025-04-25,5489.7300,5528.1099,5455.8599,5525.2100
2025-04-28,5529.2202,5553.6602,5468.6401,5528.7500
2025-04-29,5508.8701,5571.9502,5505.7002,5560.8301
2025-04-30,5499.4399,5581.8398,5433.2402,5569.0601
2025-05-01,5625.1401,5658.9102,5597.3501,5604.1401
2025-05-02,5645.8799,5700.7002,5642.2798,5686.6699
2025-05-05,5655.3198,5683.3799,5634.4800,5650.3799
2025-05-06,5605.8701,5649.5801,5586.0400,5606.9102
2025-05-07,5614.1802,5654.7300,5578.6401,5631.2798
2025-05-08,5663.6001,5720.1001,5635.3799,5663.9399
2025-05-09,5679.6499,5691.6899,5644.1499,5659.9102
2025-05-12,5807.2002,5845.3701,5786.0801,5844.1899
2025-05-13,5854.1499,5906.6401,5845.0200,5886.5498
2025-05-14,5896.7402,5906.5498,5872.1099,5892.5801
2025-05-15,5869.8198,5924.2100,5865.1602,5916.9302
2025-05-16,5929.0898,5958.6201,5907.3599,5958.3799
2025-05-19,5902.8799,5968.6099,5895.6899,5963.6001
2025-05-20,5944.6602,5953.0601,5909.2598,5940.4600
2025-05-21,5910.1802,5938.3701,5830.9102,5844.6099
2025-05-22,5841.2598,5878.0801,5825.8198,5842.0098
2025-05-23,5781.8901,5829.5098,5767.4102,5802.8198
2025-05-27,5854.0698,5924.3301,5854.0698,5921.5400
2025-05-28,5925.5400,5939.9199,5881.8799,5888.5498
2025-05-29,5939.9600,5943.1299,5873.7998,5912.1699
2025-05-30,5903.6699,5922.1401,5843.6602,5911.6899
2025-06-02,5896.6802,5937.3999,5861.4302,5935.9399
2025-06-03,5938.5601,5981.3501,5929.0000,5970.3701
2025-06-04,5978.9399,5990.4800,5966.1099,5970.8101
2025-06-05,5985.6699,5999.7002,5921.2002,5939.2998
2025-06-06,5987.0601,6016.8701,5978.6299,6000.3599
2025-06-09,6004.6299,6021.3101,5994.1802,6005.8799
2025-06-10,6009.9102,6043.0098,6000.2798,6038.8101
2025-06-11,6049.3799,6059.3999,6002.3198,6022.2402
2025-06-12,6009.8999,6045.4302,6003.8799,6045.2598
2025-06-13,6000.5601,6026.1602,5963.2100,5976.9702
2025-06-16,6004.0000,6050.8301,6004.0000,6033.1099
2025-06-17,6012.1499,6023.2500,5974.7998,5982.7202
2025-06-18,5987.9302,6018.2500,5971.8901,5980.8701
2025-06-20,5999.6699,6018.2002,5952.5601,5967.8398
2025-06-23,5969.6699,6028.7700,5943.2300,6025.1699
2025-06-24,6061.2100,6101.7598,6059.2500,6092.1802
2025-06-25,6104.2300,6108.5098,6080.0898,6092.1602
2025-06-26,6112.0898,6146.5200,6107.2700,6141.0200
2025-06-27,6150.7002,6187.6802,6132.3501,6173.0698
2025-06-30,6193.3599,6215.0801,6174.9702,6204.9502
2025-07-01,6187.2500,6210.7798,6177.9702,6198.0098
2025-07-02,6193.8799,6227.6001,6188.2900,6227.4199
2025-07-03,6246.4600,6284.6499,6246.4600,6279.3501
2025-07-07,6259.0400,6262.0698,6201.0000,6229.9800
2025-07-08,6234.0298,6242.7002,6217.7500,6225.5200
2025-07-09,6243.3301,6269.1602,6231.4302,6263.2598
2025-07-10,6266.7998,6290.2202,6251.4399,6280.4600
2025-07-11,6255.6802,6269.4399,6237.6001,6259.7500
2025-07-14,6255.1499,6273.3101,6239.2202,6268.5601
2025-07-15,6295.2900,6302.0400,6241.6802,6243.7598
2025-07-16,6254.5000,6268.1201,6201.5898,6263.7002
2025-07-17,6263.3999,6304.6899,6262.2700,6297.3599
2025-07-18,6312.9502,6315.6099,6285.2700,6296.7900
2025-07-21,6304.7402,6336.0801,6303.7900,6305.6001
2025-07-22,6306.6001,6316.1201,6281.7100,6309.6201
2025-07-23,6326.8999,6360.6401,6317.4902,6358.9102
2025-07-24,6368.6001,6381.3101,6360.5698,6363.3501
2025-07-25,6370.0098,6395.8198,6368.5298,6388.6401
2025-07-28,6397.6899,6401.0698,6375.7900,6389.7700
2025-07-29,6405.6201,6409.2598,6363.9199,6370.8599
2025-07-30,6381.2300,6396.5400,6336.3799,6362.8999
2025-07-31,6427.0200,6427.0200,6327.6401,6339.3901
2025-08-01,6287.2798,6287.2798,6212.6899,6238.0098
2025-08-04,6271.7100,6330.6899,6271.7100,6329.9399
2025-08-05,6336.6299,6346.0000,6289.3701,6299.1899
2025-08-06,6309.2998,6352.8301,6301.1099,6345.0601
2025-08-07,6374.3198,6389.7100,6310.3198,6340.0000
2025-08-08,6355.2202,6395.1602,6355.2202,6389.4502
2025-08-11,6389.6699,6407.2500,6364.0601,6373.4502
2025-08-12,6395.1699,6446.5498,6385.7598,6445.7598
2025-08-13,6462.6699,6480.2798,6445.0200,6466.5801
2025-08-14,6453.4600,6473.9199,6441.0698,6468.5400
2025-08-15,6477.3799,6481.3398,6441.8501,6449.7998
2025-08-18,6445.0200,6455.3501,6437.7002,6449.1499
2025-08-19,6446.2402,6456.4800,6400.2202,6411.3701
2025-08-20,6406.6201,6408.3999,6343.8599,6395.7798
2025-08-21,6380.8301,6393.6499,6352.7100,6370.1699
2025-08-22,6384.5898,6478.8901,6384.5898,6466.9102
2025-08-25,6457.6699,6466.8901,6438.0601,6439.3198
2025-08-26,6435.4902,6468.3701,6429.2100,6465.9399
2025-08-27,6462.2598,6487.0601,6457.8398,6481.3999
2025-08-28,6483.8398,6508.2300,6466.9600,6501.8599
2025-08-29,6489.2798,6491.7598,6444.5698,6460.2598
2025-09-02,6401.5098,6416.5400,6360.5801,6415.5400
2025-09-03,6445.8198,6453.6699,6416.1699,6448.2598
2025-09-04,6456.6001,6502.5400,6445.9800,6502.0801
2025-09-05,6529.0801,6532.6499,6443.9800,6481.5000
2025-09-08,6498.0898,6508.6699,6483.2900,6495.1499
2025-09-09,6503.3301,6518.2300,6483.0801,6512.6099
2025-09-10,6550.2900,6555.9702,6516.3398,6532.0400
2025-09-11,6554.4102,6592.8901,6545.7998,6587.4702
2025-09-12,6590.6602,6600.2100,6579.4902,6584.2900
2025-09-15,6603.4902,6619.6201,6602.0698,6615.2798
2025-09-16,6624.1299,6626.9902,6600.1099,6606.7598
2025-09-17,6604.8701,6624.3901,6551.1499,6600.3501
2025-09-18,6626.8501,6656.7998,6611.8901,6631.9600
2025-09-19,6647.1099,6671.8198,6630.3101,6664.3599
2025-09-22,6654.2798,6698.8799,6648.0698,6693.7500
2025-09-23,6692.4399,6699.5200,6645.5801,6656.9199
2025-09-24,6669.7900,6672.6602,6621.7598,6637.9702
2025-09-25,6608.1899,6619.0000,6569.2202,6604.7202
2025-09-26,6615.3799,6648.9702,6604.4302,6643.7002
2025-09-29,6661.5801,6677.3101,6644.4902,6661.2100
2025-09-30,6656.1899,6691.2500,6641.0000,6688.4600
2025-10-01,6664.9199,6718.4800,6656.2002,6711.2002
2025-10-02,6731.3101,6731.9399,6693.2300,6715.3501
2025-10-03,6722.1401,6750.8701,6705.6699,6715.7900
2025-10-06,6733.8599,6749.5200,6717.7798,6740.2798
2025-10-07,6746.1401,6754.4902,6699.9600,6714.5898
2025-10-08,6723.8701,6755.6401,6718.0898,6753.7202
2025-10-09,6760.5000,6764.5801,6716.1699,6735.1099
2025-10-10,6740.4902,6762.3999,6550.7798,6552.5098
2025-10-13,6622.5298,6668.6802,6620.7100,6654.7202
2025-10-14,6602.4902,6680.7002,6555.0698,6644.3101
2025-10-15,6688.2700,6724.1201,6612.1099,6671.0601
2025-10-16,6689.0200,6709.3398,6593.9902,6629.0698
2025-10-17,6613.2700,6678.8799,6603.7598,6664.0098
2025-10-20,6690.0498,6744.3501,6690.0498,6735.1299
2025-10-21,6736.7500,6752.1602,6722.0298,6735.3501
2025-10-22,6741.3398,6741.7500,6655.6899,6699.3999
2025-10-23,6703.6499,6749.5298,6700.1401,6738.4399
2025-10-24,6772.0698,6807.1099,6772.0698,6791.6899
2025-10-27,6845.4600,6877.2798,6843.9399,6875.1602
2025-10-28,6897.7402,6911.2998,6870.7300,6890.8901
2025-10-29,6910.9502,6920.3398,6851.9102,6890.5898
2025-10-30,6860.5000,6880.7500,6820.6899,6822.3398
2025-10-31,6879.1699,6879.1699,6814.2598,6840.2002
2025-11-03,6882.3198,6882.3198,6820.6201,6851.9702
2025-11-04,6788.5200,6820.2100,6766.7100,6771.5498
2025-11-05,6769.7700,6829.7798,6763.1099,6796.2900
2025-11-06,6787.5898,6796.6802,6707.5098,6720.3198
2025-11-07,6696.1802,6730.1099,6631.4399,6728.7998
2025-11-10,6785.3599,6841.3198,6770.5601,6832.4302
2025-11-11,6815.6401,6855.1299,6806.8701,6846.6099
2025-11-12,6867.7700,6869.9102,6829.6201,6850.9199
2025-11-13,6826.4702,6828.0498,6724.7202,6737.4902
2025-11-14,6672.1401,6774.3101,6646.8701,6734.1099
2025-11-17,6713.6099,6754.5000,6638.8999,6672.4102
2025-11-18,6641.1899,6666.6299,6574.3198,6617.3198
2025-11-19,6625.8398,6689.7500,6603.5000,6642.1602
2025-11-20,6737.9302,6770.3501,6534.0498,6538.7598
2025-11-21,6555.7700,6660.0498,6521.9199,6602.9902
2025-11-24,6636.5400,6715.7500,6630.7002,6705.1201
2025-11-25,6697.0298,6776.3999,6659.9800,6765.8799
2025-11-26,6793.5498,6831.4399,6783.8701,6812.6099
2025-11-28,6822.5200,6850.8599,6819.7500,6849.0898
2025-12-01,6812.2998,6843.6499,6799.9399,6812.6299
2025-12-02,6830.9600,6851.5498,6806.7100,6829.3701
2025-12-03,6815.2900,6862.4199,6810.4302,6849.7202
2025-12-04,6866.4702,6866.4702,6827.1201,6857.1201
2025-12-05,6866.3198,6895.7798,6858.2900,6870.3999
2025-12-08,6875.2002,6878.2700,6827.1899,6846.5098
2025-12-09,6840.6099,6864.9199,6837.4302,6840.5098
2025-12-10,6833.4902,6900.6699,6824.6899,6886.6802
2025-12-11,6861.2998,6903.4600,6833.4502,6901.0000
2025-12-12,6886.8501,6899.8501,6801.7900,6827.4102
2025-12-15,6860.1899,6861.5898,6801.4902,6816.5098
2025-12-16,6800.1201,6819.2700,6759.7402,6800.2598
2025-12-17,6802.8799,6812.2598,6720.4302,6721.4302
2025-12-18,6778.0601,6816.1299,6758.5000,6774.7598
2025-12-19,6792.6201,6840.0200,6792.6201,6834.5000
2025-12-22,6865.2100,6882.0298,6855.7402,6878.4902
2025-12-23,6872.4102,6910.8799,6868.8101,6909.7900
2025-12-24,6904.9102,6937.3198,6904.9102,6932.0498
2025-12-26,6936.0200,6945.7700,6921.6001,6929.9399
2025-12-29,6903.6001,6920.2100,6888.7598,6905.7402
2025-12-30,6900.4399,6913.2500,6893.4702,6896.2402
2025-12-31,6898.8198,6901.4199,6844.5498,6845.5000
2026-01-02,6878.1099,6894.8701,6824.3101,6858.4702
2026-01-05,6892.1899,6920.3799,6891.5601,6902.0498
2026-01-06,6908.0298,6948.6899,6904.0200,6944.8198
2026-01-07,6945.0698,6965.6899,6919.1899,6920.9302
2026-01-08,6914.1099,6931.2798,6899.3301,6921.4600
2026-01-09,6927.8301,6978.3599,6917.6401,6966.2798
2026-01-12,6944.1201,6986.3301,6934.0698,6977.2700
2026-01-13,6977.4102,6985.8301,6938.7700,6963.7402
2026-01-14,6937.4102,6941.2998,6885.7402,6926.6001
2026-01-15,6969.4600,6979.3398,6937.9302,6944.4702
2026-01-16,6960.5400,6967.2998,6925.0898,6940.0098
2026-01-20,6865.2402,6871.1699,6789.0498,6796.8599
2026-01-21,6810.7100,6910.3901,6804.9600,6875.6201
2026-01-22,6914.4399,6934.7500,6893.6201,6913.3501
2026-01-23,6907.8501,6932.9600,6895.5000,6915.6099
2026-01-26,6923.2300,6964.6602,6921.6001,6950.2300
2026-01-27,6965.9600,6988.8198,6958.8301,6978.6001
2026-01-28,7002.0000,7002.2798,6963.4600,6978.0298
2026-01-29,6977.7402,6992.8398,6870.7998,6969.0098
2026-01-30,6947.2700,6964.0898,6893.4800,6939.0298
2026-02-02,6916.6401,6991.9199,6914.3398,6976.4399
2026-02-03,6985.4502,6993.0801,6862.0498,6917.8101
2026-02-04,6924.5000,6936.0898,6838.7998,6882.7202
2026-02-05,6837.3901,6857.8501,6780.1299,6798.3999
2026-02-06,6816.7402,6944.8901,6816.7402,6932.2998
2026-02-09,6917.2598,6980.1001,6905.8701,6964.8198
2026-02-10,6974.4902,6986.8301,6937.5298,6941.8101
2026-02-11,6976.4800,6993.4800,6911.9702,6941.4702
2026-02-12,6957.5400,6973.2202,6824.0400,6832.7598
2026-02-13,6834.2700,6881.9600,6794.5498,6836.1699
2026-02-17,6819.8599,6866.9902,6775.5000,6843.2202
2026-02-18,6855.4800,6909.1201,6849.6602,6881.3101
2026-02-19,6861.3398,6879.1201,6833.0601,6861.8901
2026-02-20,6843.2598,6915.8599,6836.3301,6909.5098
2026-02-23,6901.2500,6916.9600,6819.8198,6837.7500
2026-02-24,6837.3701,6899.1699,6815.4302,6890.0698
2026-02-25,6915.1499,6952.5098,6915.1499,6946.1299
2026-02-26,6944.7402,6947.2500,6859.7300,6908.8599
2026-02-27,6856.5400,6882.9600,6831.7402,6878.8799
2026-03-02,6824.3599,6901.0098,6796.8501,6881.6201
2026-03-03,6800.2598,6840.0498,6710.4199,6816.6299
2026-03-04,6831.6899,6885.9399,6811.6401,6869.5000
2026-03-05,6851.0801,6870.4302,6770.7798,6830.7100
2026-03-06,6769.0298,6773.4199,6711.5601,6740.0200
2026-03-09,6699.7998,6810.4399,6636.0400,6795.9902
2026-03-10,6796.5601,6845.0801,6759.7402,6781.4800
2026-03-11,6790.0898,6811.1499,6745.5898,6775.7998
2026-03-12,6740.8799,6740.8799,6670.3999,6672.6201
2026-03-13,6673.4902,6733.2998,6623.9199,6632.1899
2026-03-16,6674.3701,6729.7900,6674.3701,6699.3799
2026-03-17,6722.3501,6754.2998,6710.7998,6716.0898
2026-03-18,6697.1602,6705.1802,6621.6602,6624.7002
2026-03-19,6583.1201,6636.7402,6557.8198,6606.4902
2026-03-20,6594.6602,6594.6602,6473.5200,6506.4800
2026-03-23,6574.9600,6651.6201,6565.5498,6581.0000
2026-03-24,6552.0898,6595.7500,6525.1099,6556.3701
2026-03-25,6598.3501,6633.9399,6568.4102,6591.8999
2026-03-26,6555.8599,6573.2202,6473.7900,6477.1602
2026-03-27,6453.8901,6453.8901,6356.0801,6368.8501
2026-03-30,6403.3701,6427.3101,6316.9102,6343.7202
2026-03-31,6395.8799,6539.0498,6395.8799,6528.5200
2026-04-01,6556.5601,6609.6699,6554.2900,6575.3198
2026-04-02,6512.6099,6601.9102,6474.9399,6582.6899
2026-04-06,6587.6602,6618.1299,6579.7202,6611.8301
2026-04-07,6601.9302,6618.2598,6534.5498,6616.8501
2026-04-08,6754.3599,6793.5000,6740.2798,6782.8101
2026-04-09,6783.6899,6835.3101,6761.5498,6824.6602
2026-04-10,6839.2402,6845.7700,6808.4600,6816.8901
2026-04-13,6806.4702,6887.0000,6790.0200,6886.2402
2026-04-14,6910.2002,6969.4199,6905.1699,6967.3799
2026-04-15,6978.1699,7026.2402,6967.1299,7022.9502
2026-04-16,7037.7798,7051.2300,7008.5200,7041.2798
2026-04-17,7074.5498,7147.5200,7074.5498,7126.0601
2026-04-20,7117.0498,7122.6499,7084.4102,7109.1401
2026-04-21,7122.6401,7137.2700,7050.2002,7064.0098
2026-04-22,7102.9102,7138.6401,7102.9102,7137.8999
2026-04-23,7118.7998,7147.7798,7046.5498,7108.3999
2026-04-24,7136.4800,7168.5898,7112.8198,7165.0801
2026-04-27,7152.7202,7178.7402,7146.7202,7173.9102
2026-04-28,7133.7402,7152.5200,7115.1699,7138.7998
2026-04-29,7131.6099,7145.6299,7107.8599,7135.9502
2026-04-30,7161.7500,7219.8301,7126.1499,7209.0098
2026-05-01,7234.5400,7272.5200,7229.3198,7230.1201
2026-05-04,7228.3799,7244.5400,7174.1201,7200.7500
2026-05-05,7233.6201,7273.2598,7233.6201,7259.2202
2026-05-06,7294.1401,7369.2202,7294.1401,7365.1201
2026-05-07,7376.7798,7385.0200,7321.2500,7337.1099
2026-05-08,7362.9702,7401.5000,7362.9702,7398.9302
2026-05-11,7385.3101,7428.9702,7384.2002,7412.8398
2026-05-12,7390.6299,7409.5698,7338.5400,7400.9600
2026-05-13,7409.1201,7460.0400,7375.1299,7444.2500
2026-05-14,7454.3999,7517.1201,7454.3999,7501.2402
2026-05-15,7445.1099,7454.8501,7397.5000,7408.5000
2026-05-18,7415.0698,7434.0601,7353.1699,7403.0498
2026-05-19,7375.7500,7395.3198,7333.6802,7353.6099
2026-05-20,7369.1899,7435.6899,7357.4600,7432.9702
2026-05-21,7410.7798,7465.9600,7389.4800,7445.7202
2026-05-22,7468.8198,7506.3198,7463.2900,7473.4702
2026-05-26,7511.7900,7539.0898,7501.1001,7519.1201
2026-05-27,7526.0098,7530.7202,7499.7202,7520.3599
2026-05-28,7519.8198,7568.7202,7508.0400,7563.6299
2026-05-29,7579.3301,7599.3799,7563.5498,7580.0601
2026-06-01,7582.2900,7617.6602,7562.6099,7599.9600
2026-06-02,7595.3999,7620.8999,7582.9902,7609.7798
2026-06-03,7605.3101,7605.3501,7551.2202,7553.6802
2026-06-04,7516.5400,7598.1899,7516.5400,7584.3101
2026-06-05,7537.3599,7541.8101,7368.6299,7383.7402
2026-06-08,7440.5698,7466.8101,7395.1299,7405.7300
2026-06-09,7438.6602,7483.1499,7237.8501,7386.6499
2026-06-10,7350.5400,7396.5601,7265.9302,7266.9902
2026-06-11,7287.6699,7412.6802,7257.3301,7394.2998
2026-06-12,7410.8501,7456.3999,7363.0098,7431.4600
2026-06-15,7516.7500,7577.9199,7516.7500,7554.2900
2026-06-16,7548.7798,7564.9600,7508.6802,7511.3501
2026-06-17,7524.5000,7532.1699,7402.6099,7420.1001
2026-06-18,7487.3599,7511.0698,7468.3198,7500.5801
2026-06-22,7500.4399,7530.0098,7460.0098,7472.7900
2026-06-23,7366.5098,7424.1699,7347.6001,7365.4600
2026-06-24,7370.8799,7428.0601,7336.8198,7358.2202
2026-06-25,7404.9102,7419.0801,7323.5000,7357.4902
2026-06-26,7312.7402,7392.9502,7294.1802,7354.0200
2026-06-29,7391.8799,7444.3198,7348.8799,7440.4302
2026-06-30,7441.2700,7508.2900,7438.0400,7499.3599
2026-07-01,7478.8398,7521.8101,7449.6299,7483.2300
2026-07-02,7495.1401,7540.7500,7427.5498,7483.2402
2026-07-06,7506.9600,7551.3101,7500.9702,7537.4302
2026-07-07,7516.6299,7536.0601,7478.6299,7503.8501
2026-07-08,7476.5400,7488.5098,7421.8198,7482.7100
2026-07-09,7491.6001,7546.8901,7481.7300,7543.6401
2026-07-10,7547.6401,7579.9302,7508.1602,7575.3901
2026-07-13,7547.5298,7565.3701,7506.4102,7515.3398
2026-07-14,7536.7002,7557.4399,7513.2300,7543.5898
2026-07-15,7571.7202,7581.5000,7526.9502,7572.3999
2026-07-16,7558.7998,7570.7402,7504.0200,7533.7700
2026-07-17,7447.5200,7498.4702,7431.2598,7457.6899
2026-07-20,7489.1802,7513.2300,7440.5298,7443.2798
2026-07-21,7489.9502,7515.3101,7467.8599,7509.2002
2026-07-22,7497.4702,7525.9399,7485.8501,7498.9600
2026-07-23,7418.2900,7450.1201,7376.0000,7408.2998
2026-07-24,7406.2998,7460.9800,7396.5298,7411.9800
2026-07-27,7464.2002,7480.5698,7382.7402,7413.1802
2026-07-28,7395.5498,7452.0898,7382.9502,7428.7798
2026-07-29,7418.1602,7450.8398,7313.9199,7316.1499
2026-07-30,7390.4502,7448.7500,7370.9800,7437.6299
2026-07-31,7462.1299,7512.0400,7399.8301,7489.7202
2026-08-03,7504.7798,7610.0400,7504.7798,7600.5000
2026-08-04,7630.6201,7758.2100,7629.1001,7736.5200
2026-08-05,7771.6201,7793.6802,7720.1699,7723.5498
2026-08-06,7713.7900,7742.8501,7698.1499,7709.9600
2026-08-07,7735.1802,7763.0801,7719.1899,7757.6401
2026-08-10,7751.7402,7773.7598,7743.1099,7753.1099
2026-08-11,7767.5098,7767.5098,7717.2500,7728.2002
2026-08-12,7765.4600,7766.0098,7737.9502,7748.5000
2026-08-13,7763.1802,7816.7002,7763.1802,7798.9902
2026-08-14,7806.6001,7810.0098,7776.3101,7785.7598
2026-08-17,7790.6802,7790.6802,7744.8799,7745.0601
2026-08-18,7700.0400,7713.9502,7688.6299,7691.7598
2026-08-19,7716.7402,7743.9302,7700.0698,7707.9800
2026-08-20,7690.4902,7699.9600,7639.0098,7641.1602
2026-08-21,7665.6802,7697.1099,7660.0601,7674.3701
2026-08-24,7663.3799,7670.2998,7638.1699,7652.8599
2026-08-25,7676.6602,7686.1099,7650.9199,7677.2798
2026-08-26,7666.8799,7690.7300,7657.4102,7675.7002
2026-08-27,7710.3398,7741.2700,7689.8901,7730.9902
2026-08-28,7735.1699,7771.4800,7700.9102,7711.7598
2026-08-31,7697.5200,7697.5200,7665.0601,7686.1401
2026-09-01,7635.4702,7663.6299,7611.2002,7631.4702
2026-09-02,7634.5801,7681.1899,7633.6201,7666.6001
2026-09-03,7686.7100,7756.7598,7686.7100,7747.7100
2026-09-04,7750.1899,7750.1899,7706.1201,7718.6001
2026-09-08,7717.8101,7717.8101,7666.9902,7673.5200
2026-09-09,7660.6802,7660.6802,7624.1602,7636.3599
2026-09-10,7594.7402,7612.8599,7580.0601,7591.7002
2026-09-11,7636.7500,7677.0200,7636.7500,7656.9800
2026-09-14,7611.4399,7647.9902,7592.2798,7619.9800
2026-09-15,7612.2998,7617.2598,7572.6899,7585.7300
2026-09-16,7601.2500,7626.7900,7507.7700,7551.8101
2026-09-17,7631.4399,7646.8599,7611.8101,7637.7598
