date,time,volume
2026-06-24,09:30,2382376
2026-06-24,09:35,809752
2026-06-24,09:40,969292
2026-06-24,09:45,1311945
2026-06-24,09:50,966421
2026-06-24,09:55,535342
2026-06-24,10:00,360022
2026-06-24,10:05,392817
2026-06-24,10:10,892574
2026-06-24,10:15,331358
2026-06-24,10:20,493511
2026-06-24,10:25,285032
2026-06-24,10:30,559618
2026-06-24,10:35,422055
2026-06-24,10:40,272103
2026-06-24,10:45,521402
2026-06-24,10:50,487918
2026-06-24,10:55,359928
2026-06-24,11:00,586642
2026-06-24,11:05,313686
2026-06-24,11:10,358371
2026-06-24,11:15,410261
2026-06-24,11:20,279863
2026-06-24,11:25,422828
2026-06-24,11:30,414655
2026-06-24,11:35,296174
2026-06-24,11:40,298363
2026-06-24,11:45,363312
2026-06-24,11:50,222441
2026-06-24,11:55,187955
2026-06-24,12:00,190916
2026-06-24,12:05,121414
2026-06-24,12:10,141561
2026-06-24,12:15,115296
2026-06-24,12:20,170065
2026-06-24,12:25,184404
2026-06-24,12:30,236587
2026-06-24,12:35,375928
2026-06-24,12:40,524417
2026-06-24,12:45,373852
2026-06-24,12:50,222221
2026-06-24,12:55,327345
2026-06-24,13:00,368124
2026-06-24,13:05,427355
2026-06-24,13:10,390261
2026-06-24,13:15,609435
2026-06-24,13:20,468611
2026-06-24,13:25,438050
2026-06-24,13:30,661357
2026-06-24,13:35,460801
2026-06-24,13:40,377457
2026-06-24,13:45,345856
2026-06-24,13:50,218681
2026-06-24,13:55,437794
2026-06-24,14:00,464765
2026-06-24,14:05,347464
2026-06-24,14:10,1333594
2026-06-24,14:15,552156
2026-06-24,14:20,381391
2026-06-24,14:25,464287
2026-06-24,14:30,446611
2026-06-24,14:35,411602
2026-06-24,14:40,556350
2026-06-24,14:45,596787
2026-06-24,14:50,876052
2026-06-24,14:55,446993
2026-06-24,15:00,583380
2026-06-24,15:05,741157
2026-06-24,15:10,781000
2026-06-24,15:15,735379
2026-06-24,15:20,435937
2026-06-24,15:25,653041
2026-06-24,15:30,621434
2026-06-24,15:35,597248
2026-06-24,15:40,1004610
2026-06-24,15:45,927484
2026-06-24,15:50,1460238
2026-06-24,15:55,4087093
2026-06-25,09:30,2290954
2026-06-25,09:35,728645
2026-06-25,09:40,956280
2026-06-25,09:45,1504795
2026-06-25,09:50,1122053
2026-06-25,09:55,1333328
2026-06-25,10:00,1285270
2026-06-25,10:05,975194
2026-06-25,10:10,942601
2026-06-25,10:15,572213
2026-06-25,10:20,684376
2026-06-25,10:25,468631
2026-06-25,10:30,690777
2026-06-25,10:35,389804
2026-06-25,10:40,511150
2026-06-25,10:45,460281
2026-06-25,10:50,570673
2026-06-25,10:55,682515
2026-06-25,11:00,360286
2026-06-25,11:05,573608
2026-06-25,11:10,759178
2026-06-25,11:15,869307
2026-06-25,11:20,438640
2026-06-25,11:25,318833
2026-06-25,11:30,363481
2026-06-25,11:35,262389
2026-06-25,11:40,243193
2026-06-25,11:45,353941
2026-06-25,11:50,350497
2026-06-25,11:55,312731
2026-06-25,12:00,419773
2026-06-25,12:05,313185
2026-06-25,12:10,275271
2026-06-25,12:15,459374
2026-06-25,12:20,231278
2026-06-25,12:25,145748
2026-06-25,12:30,270861
2026-06-25,12:35,236045
2026-06-25,12:40,307419
2026-06-25,12:45,483054
2026-06-25,12:50,185405
2026-06-25,12:55,263554
2026-06-25,13:00,272270
2026-06-25,13:05,170339
2026-06-25,13:10,300186
2026-06-25,13:15,303872
2026-06-25,13:20,265270
2026-06-25,13:25,176168
2026-06-25,13:30,473496
2026-06-25,13:35,221327
2026-06-25,13:40,280614
2026-06-25,13:45,272022
2026-06-25,13:50,1049173
2026-06-25,13:55,277407
2026-06-25,14:00,684404
2026-06-25,14:05,389947
2026-06-25,14:10,290147
2026-06-25,14:15,423139
2026-06-25,14:20,545511
2026-06-25,14:25,503430
2026-06-25,14:30,487104
2026-06-25,14:35,429100
2026-06-25,14:40,240605
2026-06-25,14:45,472887
2026-06-25,14:50,225129
2026-06-25,14:55,557703
2026-06-25,15:00,278761
2026-06-25,15:05,637429
2026-06-25,15:10,802619
2026-06-25,15:15,600012
2026-06-25,15:20,473041
2026-06-25,15:25,639433
2026-06-25,15:30,613613
2026-06-25,15:35,1177683
2026-06-25,15:40,706812
2026-06-25,15:45,1173970
2026-06-25,15:50,1067447
2026-06-25,15:55,3008874
2026-06-26,09:30,2579437
2026-06-26,09:35,774922
2026-06-26,09:40,583008
2026-06-26,09:45,691468
2026-06-26,09:50,529081
2026-06-26,09:55,791514
2026-06-26,10:00,962854
2026-06-26,10:05,670601
2026-06-26,10:10,636854
2026-06-26,10:15,625122
2026-06-26,10:20,590355
2026-06-26,10:25,418348
2026-06-26,10:30,437501
2026-06-26,10:35,490183
2026-06-26,10:40,719234
2026-06-26,10:45,328567
2026-06-26,10:50,324677
2026-06-26,10:55,330085
2026-06-26,11:00,275083
2026-06-26,11:05,311474
2026-06-26,11:10,325345
2026-06-26,11:15,422362
2026-06-26,11:20,459844
2026-06-26,11:25,572714
2026-06-26,11:30,485293
2026-06-26,11:35,459799
2026-06-26,11:40,1067168
2026-06-26,11:45,299213
2026-06-26,11:50,702130
2026-06-26,11:55,411465
2026-06-26,12:00,307618
2026-06-26,12:05,493308
2026-06-26,12:10,298964
2026-06-26,12:15,378112
2026-06-26,12:20,683169
2026-06-26,12:25,248333
2026-06-26,12:30,399655
2026-06-26,12:35,387603
2026-06-26,12:40,282984
2026-06-26,12:45,242152
2026-06-26,12:50,308567
2026-06-26,12:55,553633
2026-06-26,13:00,1072586
2026-06-26,13:05,503894
2026-06-26,13:10,269283
2026-06-26,13:15,312733
2026-06-26,13:20,254430
2026-06-26,13:25,299790
2026-06-26,13:30,607375
2026-06-26,13:35,210745
2026-06-26,13:40,256537
2026-06-26,13:45,308354
2026-06-26,13:50,490773
2026-06-26,13:55,257240
2026-06-26,14:00,425897
2026-06-26,14:05,414628
2026-06-26,14:10,410104
2026-06-26,14:15,401311
2026-06-26,14:20,362582
2026-06-26,14:25,523588
2026-06-26,14:30,500496
2026-06-26,14:35,653782
2026-06-26,14:40,275589
2026-06-26,14:45,1343333
2026-06-26,14:50,705681
2026-06-26,14:55,642203
2026-06-26,15:00,747871
2026-06-26,15:05,584108
2026-06-26,15:10,743956
2026-06-26,15:15,904491
2026-06-26,15:20,666454
2026-06-26,15:25,457110
2026-06-26,15:30,779885
2026-06-26,15:35,923723
2026-06-26,15:40,602325
2026-06-26,15:45,1278652
2026-06-26,15:50,1508906
2026-06-26,15:55,6846621
2026-06-29,09:30,2570080
2026-06-29,09:35,804156
2026-06-29,09:40,641410
2026-06-29,09:45,956993
2026-06-29,09:50,575442
2026-06-29,09:55,891566
2026-06-29,10:00,956842
2026-06-29,10:05,781976
2026-06-29,10:10,880684
2026-06-29,10:15,1327368
2026-06-29,10:20,806300
2026-06-29,10:25,972450
2026-06-29,10:30,811881
2026-06-29,10:35,585582
2026-06-29,10:40,444038
2026-06-29,10:45,868092
2026-06-29,10:50,573435
2026-06-29,10:55,400504
2026-06-29,11:00,481912
2026-06-29,11:05,272363
2026-06-29,11:10,372214
2026-06-29,11:15,308183
2026-06-29,11:20,432927
2026-06-29,11:25,252935
2026-06-29,11:30,531255
2026-06-29,11:35,319713
2026-06-29,11:40,290035
2026-06-29,11:45,474121
2026-06-29,11:50,201728
2026-06-29,11:55,241579
2026-06-29,12:00,582153
2026-06-29,12:05,480507
2026-06-29,12:10,184103
2026-06-29,12:15,1903895
2026-06-29,12:20,192392
2026-06-29,12:25,278007
2026-06-29,12:30,245356
2026-06-29,12:35,262037
2026-06-29,12:40,149573
2026-06-29,12:45,163806
2026-06-29,12:50,255152
2026-06-29,12:55,756865
2026-06-29,13:00,156207
2026-06-29,13:05,188961
2026-06-29,13:10,554729
2026-06-29,13:15,250101
2026-06-29,13:20,443003
2026-06-29,13:25,346510
2026-06-29,13:30,280931
2026-06-29,13:35,197183
2026-06-29,13:40,136083
2026-06-29,13:45,177140
2026-06-29,13:50,179744
2026-06-29,13:55,184755
2026-06-29,14:00,290116
2026-06-29,14:05,523343
2026-06-29,14:10,709069
2026-06-29,14:15,298207
2026-06-29,14:20,263078
2026-06-29,14:25,514123
2026-06-29,14:30,309890
2026-06-29,14:35,295728
2026-06-29,14:40,290475
2026-06-29,14:45,308883
2026-06-29,14:50,334165
2026-06-29,14:55,428554
2026-06-29,15:00,1115678
2026-06-29,15:05,336859
2026-06-29,15:10,989256
2026-06-29,15:15,812481
2026-06-29,15:20,420945
2026-06-29,15:25,591095
2026-06-29,15:30,535172
2026-06-29,15:35,571833
2026-06-29,15:40,1205474
2026-06-29,15:45,923273
2026-06-29,15:50,2384337
2026-06-29,15:55,4054970
2026-06-30,09:30,1787543
2026-06-30,09:35,778822
2026-06-30,09:40,910901
2026-06-30,09:45,592726
2026-06-30,09:50,1009884
2026-06-30,09:55,547698
2026-06-30,10:00,3100579
2026-06-30,10:05,369176
2026-06-30,10:10,418594
2026-06-30,10:15,298480
2026-06-30,10:20,299097
2026-06-30,10:25,237314
2026-06-30,10:30,434445
2026-06-30,10:35,625219
2026-06-30,10:40,334239
2026-06-30,10:45,317645
2026-06-30,10:50,341395
2026-06-30,10:55,263306
2026-06-30,11:00,269756
2026-06-30,11:05,284409
2026-06-30,11:10,466836
2026-06-30,11:15,225849
2026-06-30,11:20,346595
2026-06-30,11:25,317186
2026-06-30,11:30,457431
2026-06-30,11:35,262459
2026-06-30,11:40,194669
2026-06-30,11:45,244820
2026-06-30,11:50,221972
2026-06-30,11:55,353269
2026-06-30,12:00,391433
2026-06-30,12:05,333250
2026-06-30,12:10,226252
2026-06-30,12:15,380723
2026-06-30,12:20,239427
2026-06-30,12:25,366476
2026-06-30,12:30,298510
2026-06-30,12:35,185406
2026-06-30,12:40,293982
2026-06-30,12:45,282884
2026-06-30,12:50,406701
2026-06-30,12:55,231170
2026-06-30,13:00,222298
2026-06-30,13:05,192471
2026-06-30,13:10,176597
2026-06-30,13:15,442476
2026-06-30,13:20,203658
2026-06-30,13:25,222828
2026-06-30,13:30,206833
2026-06-30,13:35,430786
2026-06-30,13:40,313834
2026-06-30,13:45,275184
2026-06-30,13:50,188357
2026-06-30,13:55,171685
2026-06-30,14:00,283412
2026-06-30,14:05,284579
2026-06-30,14:10,225522
2026-06-30,14:15,236989
2026-06-30,14:20,364063
2026-06-30,14:25,207765
2026-06-30,14:30,299568
2026-06-30,14:35,240346
2026-06-30,14:40,299062
2026-06-30,14:45,407624
2026-06-30,14:50,358764
2026-06-30,14:55,363398
2026-06-30,15:00,336809
2026-06-30,15:05,375077
2026-06-30,15:10,470204
2026-06-30,15:15,660814
2026-06-30,15:20,1152773
2026-06-30,15:25,952990
2026-06-30,15:30,683924
2026-06-30,15:35,706926
2026-06-30,15:40,732755
2026-06-30,15:45,885649
2026-06-30,15:50,1610289
2026-06-30,15:55,8282003
2026-07-01,09:30,2388004
2026-07-01,09:35,912760
2026-07-01,09:40,1153801
2026-07-01,09:45,913819
2026-07-01,09:50,846149
2026-07-01,09:55,828006
2026-07-01,10:00,483830
2026-07-01,10:05,543302
2026-07-01,10:10,628072
2026-07-01,10:15,750140
2026-07-01,10:20,454617
2026-07-01,10:25,300827
2026-07-01,10:30,419233
2026-07-01,10:35,487713
2026-07-01,10:40,546225
2026-07-01,10:45,481804
2026-07-01,10:50,379682
2026-07-01,10:55,306704
2026-07-01,11:00,506271
2026-07-01,11:05,718027
2026-07-01,11:10,407140
2026-07-01,11:15,573080
2026-07-01,11:20,527674
2026-07-01,11:25,768037
2026-07-01,11:30,320244
2026-07-01,11:35,360520
2026-07-01,11:40,248668
2026-07-01,11:45,336484
2026-07-01,11:50,193883
2026-07-01,11:55,286282
2026-07-01,12:00,262549
2026-07-01,12:05,152324
2026-07-01,12:10,177492
2026-07-01,12:15,385667
2026-07-01,12:20,236481
2026-07-01,12:25,204706
2026-07-01,12:30,137705
2026-07-01,12:35,250109
2026-07-01,12:40,295509
2026-07-01,12:45,283186
2026-07-01,12:50,313846
2026-07-01,12:55,318935
2026-07-01,13:00,250031
2026-07-01,13:05,456779
2026-07-01,13:10,178588
2026-07-01,13:15,321515
2026-07-01,13:20,179773
2026-07-01,13:25,271513
2026-07-01,13:30,210559
2026-07-01,13:35,218628
2026-07-01,13:40,119831
2026-07-01,13:45,225530
2026-07-01,13:50,184187
2026-07-01,13:55,234030
2026-07-01,14:00,420904
2026-07-01,14:05,194348
2026-07-01,14:10,184084
2026-07-01,14:15,339707
2026-07-01,14:20,338516
2026-07-01,14:25,204926
2026-07-01,14:30,233101
2026-07-01,14:35,212911
2026-07-01,14:40,232956
2026-07-01,14:45,372970
2026-07-01,14:50,435589
2026-07-01,14:55,284593
2026-07-01,15:00,441118
2026-07-01,15:05,412872
2026-07-01,15:10,441600
2026-07-01,15:15,225077
2026-07-01,15:20,254844
2026-07-01,15:25,601085
2026-07-01,15:30,546729
2026-07-01,15:35,426906
2026-07-01,15:40,953912
2026-07-01,15:45,673954
2026-07-01,15:50,1424220
2026-07-01,15:55,4176329
2026-07-02,09:30,2508520
2026-07-02,09:35,539873
2026-07-02,09:40,706026
2026-07-02,09:45,474360
2026-07-02,09:50,707106
2026-07-02,09:55,435326
2026-07-02,10:00,387736
2026-07-02,10:05,505269
2026-07-02,10:10,578904
2026-07-02,10:15,390691
2026-07-02,10:20,628550
2026-07-02,10:25,986129
2026-07-02,10:30,701328
2026-07-02,10:35,417189
2026-07-02,10:40,636437
2026-07-02,10:45,489508
2026-07-02,10:50,459111
2026-07-02,10:55,266821
2026-07-02,11:00,526444
2026-07-02,11:05,915252
2026-07-02,11:10,405388
2026-07-02,11:15,523939
2026-07-02,11:20,448169
2026-07-02,11:25,406656
2026-07-02,11:30,379207
2026-07-02,11:35,483631
2026-07-02,11:40,348866
2026-07-02,11:45,166238
2026-07-02,11:50,311294
2026-07-02,11:55,324263
2026-07-02,12:00,728464
2026-07-02,12:05,193043
2026-07-02,12:10,211939
2026-07-02,12:15,219089
2026-07-02,12:20,333837
2026-07-02,12:25,266933
2026-07-02,12:30,734008
2026-07-02,12:35,479644
2026-07-02,12:40,523397
2026-07-02,12:45,241683
2026-07-02,12:50,289710
2026-07-02,12:55,340170
2026-07-02,13:00,475859
2026-07-02,13:05,513056
2026-07-02,13:10,340622
2026-07-02,13:15,1007248
2026-07-02,13:20,859947
2026-07-02,13:25,688107
2026-07-02,13:30,263261
2026-07-02,13:35,513240
2026-07-02,13:40,259671
2026-07-02,13:45,336425
2026-07-02,13:50,255859
2026-07-02,13:55,476222
2026-07-02,14:00,462007
2026-07-02,14:05,548620
2026-07-02,14:10,287109
2026-07-02,14:15,302712
2026-07-02,14:20,218599
2026-07-02,14:25,224082
2026-07-02,14:30,397918
2026-07-02,14:35,263336
2026-07-02,14:40,239079
2026-07-02,14:45,345624
2026-07-02,14:50,510746
2026-07-02,14:55,223207
2026-07-02,15:00,316834
2026-07-02,15:05,465790
2026-07-02,15:10,272595
2026-07-02,15:15,286971
2026-07-02,15:20,728011
2026-07-02,15:25,628453
2026-07-02,15:30,484616
2026-07-02,15:35,464160
2026-07-02,15:40,614894
2026-07-02,15:45,899053
2026-07-02,15:50,2388157
2026-07-02,15:55,5949984
2026-07-06,09:30,1901032
2026-07-06,09:35,667148
2026-07-06,09:40,683589
2026-07-06,09:45,796538
2026-07-06,09:50,807576
2026-07-06,09:55,440195
2026-07-06,10:00,369303
2026-07-06,10:05,335369
2026-07-06,10:10,432665
2026-07-06,10:15,1553172
2026-07-06,10:20,813372
2026-07-06,10:25,702714
2026-07-06,10:30,539237
2026-07-06,10:35,459219
2026-07-06,10:40,356776
2026-07-06,10:45,259281
2026-07-06,10:50,439754
2026-07-06,10:55,387027
2026-07-06,11:00,407756
2026-07-06,11:05,308518
2026-07-06,11:10,427011
2026-07-06,11:15,275695
2026-07-06,11:20,369123
2026-07-06,11:25,777787
2026-07-06,11:30,388160
2026-07-06,11:35,324331
2026-07-06,11:40,309989
2026-07-06,11:45,318060
2026-07-06,11:50,351942
2026-07-06,11:55,307064
2026-07-06,12:00,196362
2026-07-06,12:05,335347
2026-07-06,12:10,410148
2026-07-06,12:15,337273
2026-07-06,12:20,285370
2026-07-06,12:25,293745
2026-07-06,12:30,394515
2026-07-06,12:35,268717
2026-07-06,12:40,181265
2026-07-06,12:45,320021
2026-07-06,12:50,233763
2026-07-06,12:55,451795
2026-07-06,13:00,268503
2026-07-06,13:05,455392
2026-07-06,13:10,222312
2026-07-06,13:15,560672
2026-07-06,13:20,202340
2026-07-06,13:25,447552
2026-07-06,13:30,315372
2026-07-06,13:35,218173
2026-07-06,13:40,478553
2026-07-06,13:45,178229
2026-07-06,13:50,190389
2026-07-06,13:55,164282
2026-07-06,14:00,376150
2026-07-06,14:05,408703
2026-07-06,14:10,322665
2026-07-06,14:15,357395
2026-07-06,14:20,296442
2026-07-06,14:25,264314
2026-07-06,14:30,328390
2026-07-06,14:35,622291
2026-07-06,14:40,235840
2026-07-06,14:45,260397
2026-07-06,14:50,269865
2026-07-06,14:55,393445
2026-07-06,15:00,344140
2026-07-06,15:05,831736
2026-07-06,15:10,365360
2026-07-06,15:15,876464
2026-07-06,15:20,684081
2026-07-06,15:25,548469
2026-07-06,15:30,632983
2026-07-06,15:35,1458343
2026-07-06,15:40,444293
2026-07-06,15:45,925725
2026-07-06,15:50,2227157
2026-07-06,15:55,5168682
2026-07-07,09:30,2008176
2026-07-07,09:35,633195
2026-07-07,09:40,682340
2026-07-07,09:45,622507
2026-07-07,09:50,580944
2026-07-07,09:55,750127
2026-07-07,10:00,448314
2026-07-07,10:05,383710
2026-07-07,10:10,777076
2026-07-07,10:15,743850
2026-07-07,10:20,421552
2026-07-07,10:25,838358
2026-07-07,10:30,687134
2026-07-07,10:35,632548
2026-07-07,10:40,775993
2026-07-07,10:45,496856
2026-07-07,10:50,490024
2026-07-07,10:55,408609
2026-07-07,11:00,482982
2026-07-07,11:05,335094
2026-07-07,11:10,364875
2026-07-07,11:15,299834
2026-07-07,11:20,230533
2026-07-07,11:25,232311
2026-07-07,11:30,224539
2026-07-07,11:35,245432
2026-07-07,11:40,259401
2026-07-07,11:45,517932
2026-07-07,11:50,325676
2026-07-07,11:55,262281
2026-07-07,12:00,332994
2026-07-07,12:05,345258
2026-07-07,12:10,270305
2026-07-07,12:15,394558
2026-07-07,12:20,533271
2026-07-07,12:25,366371
2026-07-07,12:30,424389
2026-07-07,12:35,223593
2026-07-07,12:40,406224
2026-07-07,12:45,443469
2026-07-07,12:50,288795
2026-07-07,12:55,323810
2026-07-07,13:00,201021
2026-07-07,13:05,490250
2026-07-07,13:10,190037
2026-07-07,13:15,235662
2026-07-07,13:20,235895
2026-07-07,13:25,228833
2026-07-07,13:30,221909
2026-07-07,13:35,250926
2026-07-07,13:40,198795
2026-07-07,13:45,311444
2026-07-07,13:50,160103
2026-07-07,13:55,190357
2026-07-07,14:00,305510
2026-07-07,14:05,178724
2026-07-07,14:10,346659
2026-07-07,14:15,406214
2026-07-07,14:20,214625
2026-07-07,14:25,189553
2026-07-07,14:30,418308
2026-07-07,14:35,257120
2026-07-07,14:40,408160
2026-07-07,14:45,446637
2026-07-07,14:50,633556
2026-07-07,14:55,505309
2026-07-07,15:00,878388
2026-07-07,15:05,701270
2026-07-07,15:10,770342
2026-07-07,15:15,943688
2026-07-07,15:20,564601
2026-07-07,15:25,460710
2026-07-07,15:30,606140
2026-07-07,15:35,525934
2026-07-07,15:40,704955
2026-07-07,15:45,990271
2026-07-07,15:50,1271051
2026-07-07,15:55,2942974
2026-07-08,09:30,3113957
2026-07-08,09:35,835165
2026-07-08,09:40,603095
2026-07-08,09:45,1008334
2026-07-08,09:50,589677
2026-07-08,09:55,703915
2026-07-08,10:00,549242
2026-07-08,10:05,556244
2026-07-08,10:10,595716
2026-07-08,10:15,578912
2026-07-08,10:20,632267
2026-07-08,10:25,468132
2026-07-08,10:30,478327
2026-07-08,10:35,580585
2026-07-08,10:40,505123
2026-07-08,10:45,582546
2026-07-08,10:50,812582
2026-07-08,10:55,325792
2026-07-08,11:00,235469
2026-07-08,11:05,342367
2026-07-08,11:10,351963
2026-07-08,11:15,597418
2026-07-08,11:20,560931
2026-07-08,11:25,698137
2026-07-08,11:30,572448
2026-07-08,11:35,396502
2026-07-08,11:40,232555
2026-07-08,11:45,290627
2026-07-08,11:50,476006
2026-07-08,11:55,430967
2026-07-08,12:00,390387
2026-07-08,12:05,322584
2026-07-08,12:10,348047
2026-07-08,12:15,437682
2026-07-08,12:20,400624
2026-07-08,12:25,264525
2026-07-08,12:30,328898
2026-07-08,12:35,507501
2026-07-08,12:40,431671
2026-07-08,12:45,417133
2026-07-08,12:50,366260
2026-07-08,12:55,300279
2026-07-08,13:00,322369
2026-07-08,13:05,309047
2026-07-08,13:10,352487
2026-07-08,13:15,277739
2026-07-08,13:20,352432
2026-07-08,13:25,256535
2026-07-08,13:30,313575
2026-07-08,13:35,362237
2026-07-08,13:40,349507
2026-07-08,13:45,303764
2026-07-08,13:50,208058
2026-07-08,13:55,250451
2026-07-08,14:00,653580
2026-07-08,14:05,222634
2026-07-08,14:10,287744
2026-07-08,14:15,283448
2026-07-08,14:20,191908
2026-07-08,14:25,230637
2026-07-08,14:30,263695
2026-07-08,14:35,268681
2026-07-08,14:40,214897
2026-07-08,14:45,189434
2026-07-08,14:50,389759
2026-07-08,14:55,201555
2026-07-08,15:00,362839
2026-07-08,15:05,240649
2026-07-08,15:10,327549
2026-07-08,15:15,251633
2026-07-08,15:20,241820
2026-07-08,15:25,251953
2026-07-08,15:30,277760
2026-07-08,15:35,365064
2026-07-08,15:40,385543
2026-07-08,15:45,850847
2026-07-08,15:50,851758
2026-07-08,15:55,3054338
2026-07-09,09:30,2486544
2026-07-09,09:35,704785
2026-07-09,09:40,461671
2026-07-09,09:45,475555
2026-07-09,09:50,1449695
2026-07-09,09:55,457388
2026-07-09,10:00,329240
2026-07-09,10:05,423110
2026-07-09,10:10,471240
2026-07-09,10:15,1456170
2026-07-09,10:20,703987
2026-07-09,10:25,697765
2026-07-09,10:30,225965
2026-07-09,10:35,212739
2026-07-09,10:40,192076
2026-07-09,10:45,226563
2026-07-09,10:50,411178
2026-07-09,10:55,314693
2026-07-09,11:00,297352
2026-07-09,11:05,369154
2026-07-09,11:10,293939
2026-07-09,11:15,316150
2026-07-09,11:20,215873
2026-07-09,11:25,324864
2026-07-09,11:30,215318
2026-07-09,11:35,182820
2026-07-09,11:40,263604
2026-07-09,11:45,163099
2026-07-09,11:50,185723
2026-07-09,11:55,193083
2026-07-09,12:00,258866
2026-07-09,12:05,225574
2026-07-09,12:10,183901
2026-07-09,12:15,201571
2026-07-09,12:20,280654
2026-07-09,12:25,1491905
2026-07-09,12:30,266054
2026-07-09,12:35,279523
2026-07-09,12:40,183015
2026-07-09,12:45,181236
2026-07-09,12:50,200371
2026-07-09,12:55,663809
2026-07-09,13:00,174654
2026-07-09,13:05,304715
2026-07-09,13:10,246238
2026-07-09,13:15,168952
2026-07-09,13:20,250581
2026-07-09,13:25,244090
2026-07-09,13:30,300959
2026-07-09,13:35,211758
2026-07-09,13:40,182383
2026-07-09,13:45,272284
2026-07-09,13:50,235938
2026-07-09,13:55,322261
2026-07-09,14:00,292088
2026-07-09,14:05,288164
2026-07-09,14:10,243271
2026-07-09,14:15,219393
2026-07-09,14:20,317386
2026-07-09,14:25,309616
2026-07-09,14:30,282941
2026-07-09,14:35,293451
2026-07-09,14:40,488916
2026-07-09,14:45,354478
2026-07-09,14:50,515492
2026-07-09,14:55,382493
2026-07-09,15:00,407176
2026-07-09,15:05,307281
2026-07-09,15:10,296623
2026-07-09,15:15,386727
2026-07-09,15:20,370584
2026-07-09,15:25,305276
2026-07-09,15:30,435133
2026-07-09,15:35,338426
2026-07-09,15:40,423006
2026-07-09,15:45,666632
2026-07-09,15:50,1824225
2026-07-09,15:55,2520041
2026-07-10,09:30,1607405
2026-07-10,09:35,391046
2026-07-10,09:40,489799
2026-07-10,09:45,343826
2026-07-10,09:50,401390
2026-07-10,09:55,375957
2026-07-10,10:00,310003
2026-07-10,10:05,308962
2026-07-10,10:10,286316
2026-07-10,10:15,339067
2026-07-10,10:20,338961
2026-07-10,10:25,362496
2026-07-10,10:30,2744953
2026-07-10,10:35,744224
2026-07-10,10:40,463649
2026-07-10,10:45,210520
2026-07-10,10:50,342414
2026-07-10,10:55,342347
2026-07-10,11:00,290927
2026-07-10,11:05,223687
2026-07-10,11:10,156974
2026-07-10,11:15,338334
2026-07-10,11:20,208873
2026-07-10,11:25,311585
2026-07-10,11:30,313342
2026-07-10,11:35,244694
2026-07-10,11:40,330081
2026-07-10,11:45,518279
2026-07-10,11:50,152020
2026-07-10,11:55,159677
2026-07-10,12:00,253414
2026-07-10,12:05,205122
2026-07-10,12:10,184791
2026-07-10,12:15,367214
2026-07-10,12:20,240851
2026-07-10,12:25,209731
2026-07-10,12:30,313520
2026-07-10,12:35,245833
2026-07-10,12:40,180911
2026-07-10,12:45,342896
2026-07-10,12:50,448965
2026-07-10,12:55,211146
2026-07-10,13:00,181495
2026-07-10,13:05,134399
2026-07-10,13:10,139771
2026-07-10,13:15,2138956
2026-07-10,13:20,145929
2026-07-10,13:25,192008
2026-07-10,13:30,222825
2026-07-10,13:35,309887
2026-07-10,13:40,225041
2026-07-10,13:45,169081
2026-07-10,13:50,161166
2026-07-10,13:55,200422
2026-07-10,14:00,453796
2026-07-10,14:05,267686
2026-07-10,14:10,309509
2026-07-10,14:15,219111
2026-07-10,14:20,245144
2026-07-10,14:25,380133
2026-07-10,14:30,230429
2026-07-10,14:35,196853
2026-07-10,14:40,246786
2026-07-10,14:45,214333
2026-07-10,14:50,210078
2026-07-10,14:55,284786
2026-07-10,15:00,1099158
2026-07-10,15:05,412594
2026-07-10,15:10,459634
2026-07-10,15:15,461031
2026-07-10,15:20,378636
2026-07-10,15:25,529890
2026-07-10,15:30,1047153
2026-07-10,15:35,578388
2026-07-10,15:40,688105
2026-07-10,15:45,1494252
2026-07-10,15:50,1727368
2026-07-10,15:55,2320555
2026-07-13,09:30,1766189
2026-07-13,09:35,739583
2026-07-13,09:40,670022
2026-07-13,09:45,459487
2026-07-13,09:50,627458
2026-07-13,09:55,402162
2026-07-13,10:00,610120
2026-07-13,10:05,377173
2026-07-13,10:10,302173
2026-07-13,10:15,1718968
2026-07-13,10:20,513811
2026-07-13,10:25,418865
2026-07-13,10:30,371113
2026-07-13,10:35,298941
2026-07-13,10:40,300779
2026-07-13,10:45,470823
2026-07-13,10:50,560864
2026-07-13,10:55,254720
2026-07-13,11:00,288482
2026-07-13,11:05,140544
2026-07-13,11:10,210377
2026-07-13,11:15,129290
2026-07-13,11:20,152214
2026-07-13,11:25,185614
2026-07-13,11:30,183639
2026-07-13,11:35,194743
2026-07-13,11:40,183891
2026-07-13,11:45,332289
2026-07-13,11:50,311812
2026-07-13,11:55,198778
2026-07-13,12:00,218598
2026-07-13,12:05,217999
2026-07-13,12:10,241111
2026-07-13,12:15,406017
2026-07-13,12:20,358544
2026-07-13,12:25,419345
2026-07-13,12:30,468099
2026-07-13,12:35,728131
2026-07-13,12:40,357078
2026-07-13,12:45,393010
2026-07-13,12:50,379829
2026-07-13,12:55,318317
2026-07-13,13:00,236198
2026-07-13,13:05,186998
2026-07-13,13:10,379093
2026-07-13,13:15,245888
2026-07-13,13:20,297597
2026-07-13,13:25,305821
2026-07-13,13:30,211126
2026-07-13,13:35,184001
2026-07-13,13:40,268269
2026-07-13,13:45,223742
2026-07-13,13:50,287485
2026-07-13,13:55,229884
2026-07-13,14:00,296300
2026-07-13,14:05,317834
2026-07-13,14:10,318911
2026-07-13,14:15,523341
2026-07-13,14:20,299846
2026-07-13,14:25,441428
2026-07-13,14:30,427713
2026-07-13,14:35,433754
2026-07-13,14:40,1249524
2026-07-13,14:45,716289
2026-07-13,14:50,277476
2026-07-13,14:55,362792
2026-07-13,15:00,325046
2026-07-13,15:05,269781
2026-07-13,15:10,431612
2026-07-13,15:15,857684
2026-07-13,15:20,590732
2026-07-13,15:25,772061
2026-07-13,15:30,809967
2026-07-13,15:35,643633
2026-07-13,15:40,799858
2026-07-13,15:45,1496325
2026-07-13,15:50,2128159
2026-07-13,15:55,3520350
2026-07-14,09:30,3082389
2026-07-14,09:35,746974
2026-07-14,09:40,446418
2026-07-14,09:45,519379
2026-07-14,09:50,506535
2026-07-14,09:55,382569
2026-07-14,10:00,444625
2026-07-14,10:05,382671
2026-07-14,10:10,400013
2026-07-14,10:15,554982
2026-07-14,10:20,391420
2026-07-14,10:25,376221
2026-07-14,10:30,1053181
2026-07-14,10:35,503256
2026-07-14,10:40,301720
2026-07-14,10:45,285252
2026-07-14,10:50,231046
2026-07-14,10:55,272376
2026-07-14,11:00,656361
2026-07-14,11:05,573488
2026-07-14,11:10,263606
2026-07-14,11:15,289094
2026-07-14,11:20,206966
2026-07-14,11:25,219382
2026-07-14,11:30,427144
2026-07-14,11:35,213412
2026-07-14,11:40,839263
2026-07-14,11:45,195864
2026-07-14,11:50,227158
2026-07-14,11:55,201199
2026-07-14,12:00,324296
2026-07-14,12:05,271227
2026-07-14,12:10,363862
2026-07-14,12:15,187051
2026-07-14,12:20,248993
2026-07-14,12:25,327748
2026-07-14,12:30,215746
2026-07-14,12:35,246418
2026-07-14,12:40,273026
2026-07-14,12:45,192444
2026-07-14,12:50,123836
2026-07-14,12:55,136622
2026-07-14,13:00,241857
2026-07-14,13:05,141361
2026-07-14,13:10,260806
2026-07-14,13:15,223187
2026-07-14,13:20,205631
2026-07-14,13:25,143521
2026-07-14,13:30,137820
2026-07-14,13:35,164530
2026-07-14,13:40,137379
2026-07-14,13:45,138101
2026-07-14,13:50,123216
2026-07-14,13:55,143473
2026-07-14,14:00,229483
2026-07-14,14:05,143498
2026-07-14,14:10,149750
2026-07-14,14:15,197275
2026-07-14,14:20,174450
2026-07-14,14:25,261376
2026-07-14,14:30,196639
2026-07-14,14:35,311116
2026-07-14,14:40,409466
2026-07-14,14:45,236819
2026-07-14,14:50,1189488
2026-07-14,14:55,211229
2026-07-14,15:00,388032
2026-07-14,15:05,342304
2026-07-14,15:10,312246
2026-07-14,15:15,802910
2026-07-14,15:20,245238
2026-07-14,15:25,263064
2026-07-14,15:30,538087
2026-07-14,15:35,423156
2026-07-14,15:40,365949
2026-07-14,15:45,576226
2026-07-14,15:50,1178683
2026-07-14,15:55,2436651
2026-07-15,09:30,1860971
2026-07-15,09:35,635841
2026-07-15,09:40,488224
2026-07-15,09:45,605047
2026-07-15,09:50,833149
2026-07-15,09:55,462875
2026-07-15,10:00,660710
2026-07-15,10:05,516448
2026-07-15,10:10,345983
2026-07-15,10:15,351336
2026-07-15,10:20,925807
2026-07-15,10:25,714426
2026-07-15,10:30,490534
2026-07-15,10:35,420871
2026-07-15,10:40,471107
2026-07-15,10:45,461978
2026-07-15,10:50,412255
2026-07-15,10:55,287590
2026-07-15,11:00,246355
2026-07-15,11:05,272481
2026-07-15,11:10,346951
2026-07-15,11:15,491451
2026-07-15,11:20,289074
2026-07-15,11:25,389621
2026-07-15,11:30,333737
2026-07-15,11:35,268186
2026-07-15,11:40,192917
2026-07-15,11:45,296635
2026-07-15,11:50,352785
2026-07-15,11:55,188506
2026-07-15,12:00,442535
2026-07-15,12:05,418461
2026-07-15,12:10,302078
2026-07-15,12:15,408972
2026-07-15,12:20,474285
2026-07-15,12:25,351428
2026-07-15,12:30,330946
2026-07-15,12:35,312851
2026-07-15,12:40,329120
2026-07-15,12:45,769995
2026-07-15,12:50,325864
2026-07-15,12:55,310052
2026-07-15,13:00,331458
2026-07-15,13:05,671669
2026-07-15,13:10,281877
2026-07-15,13:15,301258
2026-07-15,13:20,137027
2026-07-15,13:25,291833
2026-07-15,13:30,412691
2026-07-15,13:35,300636
2026-07-15,13:40,222664
2026-07-15,13:45,310038
2026-07-15,13:50,386878
2026-07-15,13:55,458575
2026-07-15,14:00,285025
2026-07-15,14:05,288219
2026-07-15,14:10,391860
2026-07-15,14:15,528603
2026-07-15,14:20,315746
2026-07-15,14:25,460728
2026-07-15,14:30,462961
2026-07-15,14:35,264606
2026-07-15,14:40,284690
2026-07-15,14:45,461585
2026-07-15,14:50,495806
2026-07-15,14:55,281419
2026-07-15,15:00,352061
2026-07-15,15:05,329593
2026-07-15,15:10,371501
2026-07-15,15:15,250645
2026-07-15,15:20,395568
2026-07-15,15:25,383228
2026-07-15,15:30,924330
2026-07-15,15:35,598236
2026-07-15,15:40,642535
2026-07-15,15:45,779156
2026-07-15,15:50,1454644
2026-07-15,15:55,2213854
2026-07-16,09:30,2043117
2026-07-16,09:35,556064
2026-07-16,09:40,660254
2026-07-16,09:45,704345
2026-07-16,09:50,569436
2026-07-16,09:55,356333
2026-07-16,10:00,660715
2026-07-16,10:05,524923
2026-07-16,10:10,399437
2026-07-16,10:15,316165
2026-07-16,10:20,516302
2026-07-16,10:25,507544
2026-07-16,10:30,373892
2026-07-16,10:35,294450
2026-07-16,10:40,342619
2026-07-16,10:45,368465
2026-07-16,10:50,362500
2026-07-16,10:55,452264
2026-07-16,11:00,234055
2026-07-16,11:05,390780
2026-07-16,11:10,224791
2026-07-16,11:15,336034
2026-07-16,11:20,309732
2026-07-16,11:25,302836
2026-07-16,11:30,294692
2026-07-16,11:35,195474
2026-07-16,11:40,225776
2026-07-16,11:45,240122
2026-07-16,11:50,362195
2026-07-16,11:55,203375
2026-07-16,12:00,158344
2026-07-16,12:05,643228
2026-07-16,12:10,494795
2026-07-16,12:15,319281
2026-07-16,12:20,441782
2026-07-16,12:25,199395
2026-07-16,12:30,222424
2026-07-16,12:35,171786
2026-07-16,12:40,251292
2026-07-16,12:45,283777
2026-07-16,12:50,226146
2026-07-16,12:55,513213
2026-07-16,13:00,260222
2026-07-16,13:05,198029
2026-07-16,13:10,197377
2026-07-16,13:15,146370
2026-07-16,13:20,903887
2026-07-16,13:25,179454
2026-07-16,13:30,147944
2026-07-16,13:35,377853
2026-07-16,13:40,664324
2026-07-16,13:45,345693
2026-07-16,13:50,154170
2026-07-16,13:55,197753
2026-07-16,14:00,298249
2026-07-16,14:05,549605
2026-07-16,14:10,426432
2026-07-16,14:15,427658
2026-07-16,14:20,337512
2026-07-16,14:25,389898
2026-07-16,14:30,208525
2026-07-16,14:35,262718
2026-07-16,14:40,515040
2026-07-16,14:45,286190
2026-07-16,14:50,264072
2026-07-16,14:55,597119
2026-07-16,15:00,297832
2026-07-16,15:05,393706
2026-07-16,15:10,355767
2026-07-16,15:15,701998
2026-07-16,15:20,913161
2026-07-16,15:25,632627
2026-07-16,15:30,751215
2026-07-16,15:35,626528
2026-07-16,15:40,1807922
2026-07-16,15:45,1519249
2026-07-16,15:50,2764428
2026-07-16,15:55,3634040
2026-07-17,09:30,3646013
2026-07-17,09:35,2254283
2026-07-17,09:40,1285131
2026-07-17,09:45,1050322
2026-07-17,09:50,640475
2026-07-17,09:55,707927
2026-07-17,10:00,799754
2026-07-17,10:05,712291
2026-07-17,10:10,788566
2026-07-17,10:15,721960
2026-07-17,10:20,564846
2026-07-17,10:25,2399160
2026-07-17,10:30,576136
2026-07-17,10:35,478420
2026-07-17,10:40,510674
2026-07-17,10:45,744414
2026-07-17,10:50,314683
2026-07-17,10:55,416999
2026-07-17,11:00,832834
2026-07-17,11:05,393491
2026-07-17,11:10,394536
2026-07-17,11:15,447458
2026-07-17,11:20,496269
2026-07-17,11:25,332841
2026-07-17,11:30,811194
2026-07-17,11:35,345546
2026-07-17,11:40,314654
2026-07-17,11:45,505214
2026-07-17,11:50,245141
2026-07-17,11:55,436523
2026-07-17,12:00,845719
2026-07-17,12:05,2514622
2026-07-17,12:10,308586
2026-07-17,12:15,295906
2026-07-17,12:20,405591
2026-07-17,12:25,333302
2026-07-17,12:30,328325
2026-07-17,12:35,197300
2026-07-17,12:40,227125
2026-07-17,12:45,299535
2026-07-17,12:50,445804
2026-07-17,12:55,259543
2026-07-17,13:00,346995
2026-07-17,13:05,228704
2026-07-17,13:10,265228
2026-07-17,13:15,297175
2026-07-17,13:20,434477
2026-07-17,13:25,1326653
2026-07-17,13:30,259241
2026-07-17,13:35,578118
2026-07-17,13:40,307718
2026-07-17,13:45,285280
2026-07-17,13:50,294086
2026-07-17,13:55,353606
2026-07-17,14:00,516377
2026-07-17,14:05,416314
2026-07-17,14:10,301115
2026-07-17,14:15,355599
2026-07-17,14:20,954726
2026-07-17,14:25,469769
2026-07-17,14:30,395985
2026-07-17,14:35,199582
2026-07-17,14:40,316384
2026-07-17,14:45,795556
2026-07-17,14:50,397373
2026-07-17,14:55,336557
2026-07-17,15:00,408602
2026-07-17,15:05,238804
2026-07-17,15:10,768193
2026-07-17,15:15,477727
2026-07-17,15:20,447454
2026-07-17,15:25,746844
2026-07-17,15:30,1127405
2026-07-17,15:35,844183
2026-07-17,15:40,736663
2026-07-17,15:45,1120911
2026-07-17,15:50,1759257
2026-07-17,15:55,3182293
2026-07-20,09:30,1851776
2026-07-20,09:35,833394
2026-07-20,09:40,511709
2026-07-20,09:45,805592
2026-07-20,09:50,874876
2026-07-20,09:55,671795
2026-07-20,10:00,524174
2026-07-20,10:05,475704
2026-07-20,10:10,414066
2026-07-20,10:15,420432
2026-07-20,10:20,561519
2026-07-20,10:25,355120
2026-07-20,10:30,475390
2026-07-20,10:35,453223
2026-07-20,10:40,258874
2026-07-20,10:45,323848
2026-07-20,10:50,539597
2026-07-20,10:55,429824
2026-07-20,11:00,297794
2026-07-20,11:05,502571
2026-07-20,11:10,226403
2026-07-20,11:15,295430
2026-07-20,11:20,316075
2026-07-20,11:25,503848
2026-07-20,11:30,192342
2026-07-20,11:35,214063
2026-07-20,11:40,214146
2026-07-20,11:45,254897
2026-07-20,11:50,400298
2026-07-20,11:55,310885
2026-07-20,12:00,407969
2026-07-20,12:05,588741
2026-07-20,12:10,297597
2026-07-20,12:15,314922
2026-07-20,12:20,227319
2026-07-20,12:25,323898
2026-07-20,12:30,328389
2026-07-20,12:35,240742
2026-07-20,12:40,1044388
2026-07-20,12:45,420926
2026-07-20,12:50,316124
2026-07-20,12:55,481423
2026-07-20,13:00,307945
2026-07-20,13:05,288703
2026-07-20,13:10,294244
2026-07-20,13:15,383022
2026-07-20,13:20,228512
2026-07-20,13:25,258856
2026-07-20,13:30,243517
2026-07-20,13:35,267253
2026-07-20,13:40,344669
2026-07-20,13:45,281957
2026-07-20,13:50,290349
2026-07-20,13:55,261761
2026-07-20,14:00,363635
2026-07-20,14:05,239896
2026-07-20,14:10,219433
2026-07-20,14:15,387343
2026-07-20,14:20,618991
2026-07-20,14:25,343916
2026-07-20,14:30,473873
2026-07-20,14:35,340647
2026-07-20,14:40,546380
2026-07-20,14:45,685176
2026-07-20,14:50,302428
2026-07-20,14:55,308207
2026-07-20,15:00,616940
2026-07-20,15:05,525097
2026-07-20,15:10,591743
2026-07-20,15:15,970049
2026-07-20,15:20,614806
2026-07-20,15:25,683468
2026-07-20,15:30,709918
2026-07-20,15:35,647393
2026-07-20,15:40,568417
2026-07-20,15:45,993664
2026-07-20,15:50,1894670
2026-07-20,15:55,4361321
2026-07-21,09:30,1901011
2026-07-21,09:35,824912
2026-07-21,09:40,600352
2026-07-21,09:45,420126
2026-07-21,09:50,386215
2026-07-21,09:55,344126
2026-07-21,10:00,348723
2026-07-21,10:05,212358
2026-07-21,10:10,284660
2026-07-21,10:15,302137
2026-07-21,10:20,224452
2026-07-21,10:25,450689
2026-07-21,10:30,340012
2026-07-21,10:35,301549
2026-07-21,10:40,298164
2026-07-21,10:45,401228
2026-07-21,10:50,166050
2026-07-21,10:55,202701
2026-07-21,11:00,310493
2026-07-21,11:05,292853
2026-07-21,11:10,337144
2026-07-21,11:15,202955
2026-07-21,11:20,426494
2026-07-21,11:25,191435
2026-07-21,11:30,364371
2026-07-21,11:35,267226
2026-07-21,11:40,235112
2026-07-21,11:45,165894
2026-07-21,11:50,270841
2026-07-21,11:55,178981
2026-07-21,12:00,235413
2026-07-21,12:05,157808
2026-07-21,12:10,163585
2026-07-21,12:15,456214
2026-07-21,12:20,202970
2026-07-21,12:25,119457
2026-07-21,12:30,186951
2026-07-21,12:35,101468
2026-07-21,12:40,120496
2026-07-21,12:45,125200
2026-07-21,12:50,215362
2026-07-21,12:55,620830
2026-07-21,13:00,170343
2026-07-21,13:05,356355
2026-07-21,13:10,478893
2026-07-21,13:15,335585
2026-07-21,13:20,192939
2026-07-21,13:25,175614
2026-07-21,13:30,225080
2026-07-21,13:35,247679
2026-07-21,13:40,142384
2026-07-21,13:45,161776
2026-07-21,13:50,306097
2026-07-21,13:55,232952
2026-07-21,14:00,295577
2026-07-21,14:05,163057
2026-07-21,14:10,245581
2026-07-21,14:15,219304
2026-07-21,14:20,200541
2026-07-21,14:25,316580
2026-07-21,14:30,218286
2026-07-21,14:35,227217
2026-07-21,14:40,215354
2026-07-21,14:45,161869
2026-07-21,14:50,185937
2026-07-21,14:55,314496
2026-07-21,15:00,225750
2026-07-21,15:05,277072
2026-07-21,15:10,308319
2026-07-21,15:15,190314
2026-07-21,15:20,183500
2026-07-21,15:25,375104
2026-07-21,15:30,361485
2026-07-21,15:35,332389
2026-07-21,15:40,742764
2026-07-21,15:45,605051
2026-07-21,15:50,1277177
2026-07-21,15:55,1743645
2026-07-22,09:30,1723196
2026-07-22,09:35,398272
2026-07-22,09:40,386033
2026-07-22,09:45,387195
2026-07-22,09:50,499544
2026-07-22,09:55,496342
2026-07-22,10:00,393130
2026-07-22,10:05,386190
2026-07-22,10:10,289947
2026-07-22,10:15,251758
2026-07-22,10:20,390741
2026-07-22,10:25,311511
2026-07-22,10:30,405856
2026-07-22,10:35,396475
2026-07-22,10:40,250611
2026-07-22,10:45,297686
2026-07-22,10:50,348917
2026-07-22,10:55,280430
2026-07-22,11:00,277938
2026-07-22,11:05,333941
2026-07-22,11:10,275844
2026-07-22,11:15,382048
2026-07-22,11:20,177372
2026-07-22,11:25,274008
2026-07-22,11:30,258364
2026-07-22,11:35,184888
2026-07-22,11:40,123396
2026-07-22,11:45,251782
2026-07-22,11:50,154286
2026-07-22,11:55,157530
2026-07-22,12:00,191780
2026-07-22,12:05,230076
2026-07-22,12:10,200353
2026-07-22,12:15,195351
2026-07-22,12:20,234835
2026-07-22,12:25,242635
2026-07-22,12:30,178756
2026-07-22,12:35,313848
2026-07-22,12:40,179533
2026-07-22,12:45,179344
2026-07-22,12:50,132286
2026-07-22,12:55,146439
2026-07-22,13:00,233695
2026-07-22,13:05,580307
2026-07-22,13:10,361788
2026-07-22,13:15,502612
2026-07-22,13:20,195943
2026-07-22,13:25,196990
2026-07-22,13:30,244761
2026-07-22,13:35,210400
2026-07-22,13:40,175551
2026-07-22,13:45,126164
2026-07-22,13:50,166578
2026-07-22,13:55,645620
2026-07-22,14:00,297919
2026-07-22,14:05,295069
2026-07-22,14:10,232207
2026-07-22,14:15,203582
2026-07-22,14:20,238646
2026-07-22,14:25,188785
2026-07-22,14:30,276360
2026-07-22,14:35,188524
2026-07-22,14:40,288221
2026-07-22,14:45,216078
2026-07-22,14:50,245576
2026-07-22,14:55,183536
2026-07-22,15:00,208281
2026-07-22,15:05,162600
2026-07-22,15:10,248523
2026-07-22,15:15,189199
2026-07-22,15:20,205636
2026-07-22,15:25,415094
2026-07-22,15:30,616066
2026-07-22,15:35,522654
2026-07-22,15:40,556526
2026-07-22,15:45,742707
2026-07-22,15:50,870972
2026-07-22,15:55,3100017
2026-07-23,09:30,4201871
2026-07-23,09:35,793095
2026-07-23,09:40,612613
2026-07-23,09:45,807521
2026-07-23,09:50,1031948
2026-07-23,09:55,676870
2026-07-23,10:00,531714
2026-07-23,10:05,443580
2026-07-23,10:10,445606
2026-07-23,10:15,449562
2026-07-23,10:20,577693
2026-07-23,10:25,545442
2026-07-23,10:30,449770
2026-07-23,10:35,780782
2026-07-23,10:40,432500
2026-07-23,10:45,422993
2026-07-23,10:50,527804
2026-07-23,10:55,354913
2026-07-23,11:00,456987
2026-07-23,11:05,831070
2026-07-23,11:10,985434
2026-07-23,11:15,637201
2026-07-23,11:20,1020234
2026-07-23,11:25,857021
2026-07-23,11:30,810901
2026-07-23,11:35,696790
2026-07-23,11:40,544099
2026-07-23,11:45,352859
2026-07-23,11:50,320277
2026-07-23,11:55,333004
2026-07-23,12:00,421746
2026-07-23,12:05,343277
2026-07-23,12:10,409071
2026-07-23,12:15,1292232
2026-07-23,12:20,484093
2026-07-23,12:25,378385
2026-07-23,12:30,328174
2026-07-23,12:35,333622
2026-07-23,12:40,222903
2026-07-23,12:45,351531
2026-07-23,12:50,299219
2026-07-23,12:55,271435
2026-07-23,13:00,175458
2026-07-23,13:05,423821
2026-07-23,13:10,405299
2026-07-23,13:15,519411
2026-07-23,13:20,1506693
2026-07-23,13:25,374258
2026-07-23,13:30,647896
2026-07-23,13:35,154118
2026-07-23,13:40,189087
2026-07-23,13:45,179442
2026-07-23,13:50,140875
2026-07-23,13:55,149773
2026-07-23,14:00,212506
2026-07-23,14:05,209211
2026-07-23,14:10,593695
2026-07-23,14:15,281077
2026-07-23,14:20,183660
2026-07-23,14:25,218263
2026-07-23,14:30,279276
2026-07-23,14:35,327191
2026-07-23,14:40,415699
2026-07-23,14:45,583968
2026-07-23,14:50,295039
2026-07-23,14:55,491634
2026-07-23,15:00,340647
2026-07-23,15:05,257690
2026-07-23,15:10,201871
2026-07-23,15:15,339486
2026-07-23,15:20,451009
2026-07-23,15:25,493815
2026-07-23,15:30,580631
2026-07-23,15:35,702327
2026-07-23,15:40,1754270
2026-07-23,15:45,988958
2026-07-23,15:50,2437408
2026-07-23,15:55,5113800
2026-07-24,09:30,1467113
2026-07-24,09:35,415105
2026-07-24,09:40,406628
2026-07-24,09:45,482528
2026-07-24,09:50,758616
2026-07-24,09:55,480275
2026-07-24,10:00,777067
2026-07-24,10:05,489734
2026-07-24,10:10,932941
2026-07-24,10:15,993924
2026-07-24,10:20,401286
2026-07-24,10:25,390349
2026-07-24,10:30,412680
2026-07-24,10:35,331563
2026-07-24,10:40,667881
2026-07-24,10:45,341313
2026-07-24,10:50,368611
2026-07-24,10:55,457825
2026-07-24,11:00,1066983
2026-07-24,11:05,310429
2026-07-24,11:10,772738
2026-07-24,11:15,736171
2026-07-24,11:20,453802
2026-07-24,11:25,413289
2026-07-24,11:30,242596
2026-07-24,11:35,318123
2026-07-24,11:40,273038
2026-07-24,11:45,215877
2026-07-24,11:50,351940
2026-07-24,11:55,310650
2026-07-24,12:00,667546
2026-07-24,12:05,454257
2026-07-24,12:10,340403
2026-07-24,12:15,255553
2026-07-24,12:20,200917
2026-07-24,12:25,178237
2026-07-24,12:30,390307
2026-07-24,12:35,210497
2026-07-24,12:40,236074
2026-07-24,12:45,405413
2026-07-24,12:50,279526
2026-07-24,12:55,199361
2026-07-24,13:00,182715
2026-07-24,13:05,386540
2026-07-24,13:10,255564
2026-07-24,13:15,184125
2026-07-24,13:20,327532
2026-07-24,13:25,196903
2026-07-24,13:30,156146
2026-07-24,13:35,162452
2026-07-24,13:40,184684
2026-07-24,13:45,162181
2026-07-24,13:50,270661
2026-07-24,13:55,244499
2026-07-24,14:00,188906
2026-07-24,14:05,338674
2026-07-24,14:10,257613
2026-07-24,14:15,387838
2026-07-24,14:20,433579
2026-07-24,14:25,473174
2026-07-24,14:30,593684
2026-07-24,14:35,879485
2026-07-24,14:40,439073
2026-07-24,14:45,392359
2026-07-24,14:50,417134
2026-07-24,14:55,302475
2026-07-24,15:00,895698
2026-07-24,15:05,779209
2026-07-24,15:10,705769
2026-07-24,15:15,1036183
2026-07-24,15:20,521023
2026-07-24,15:25,459031
2026-07-24,15:30,822160
2026-07-24,15:35,1074359
2026-07-24,15:40,800742
2026-07-24,15:45,1069183
2026-07-24,15:50,1055109
2026-07-24,15:55,3826336
2026-07-27,09:30,1905497
2026-07-27,09:35,673895
2026-07-27,09:40,563061
2026-07-27,09:45,584594
2026-07-27,09:50,404221
2026-07-27,09:55,587019
2026-07-27,10:00,1099633
2026-07-27,10:05,612508
2026-07-27,10:10,653122
2026-07-27,10:15,610851
2026-07-27,10:20,539015
2026-07-27,10:25,1004967
2026-07-27,10:30,902868
2026-07-27,10:35,720749
2026-07-27,10:40,636446
2026-07-27,10:45,542379
2026-07-27,10:50,597315
2026-07-27,10:55,566206
2026-07-27,11:00,442765
2026-07-27,11:05,910063
2026-07-27,11:10,360377
2026-07-27,11:15,363940
2026-07-27,11:20,265057
2026-07-27,11:25,433314
2026-07-27,11:30,264012
2026-07-27,11:35,409638
2026-07-27,11:40,334033
2026-07-27,11:45,243039
2026-07-27,11:50,183387
2026-07-27,11:55,217265
2026-07-27,12:00,221283
2026-07-27,12:05,196164
2026-07-27,12:10,226422
2026-07-27,12:15,543560
2026-07-27,12:20,156681
2026-07-27,12:25,763317
2026-07-27,12:30,183224
2026-07-27,12:35,218445
2026-07-27,12:40,162992
2026-07-27,12:45,138429
2026-07-27,12:50,209793
2026-07-27,12:55,188221
2026-07-27,13:00,289830
2026-07-27,13:05,201760
2026-07-27,13:10,343362
2026-07-27,13:15,231599
2026-07-27,13:20,266710
2026-07-27,13:25,195724
2026-07-27,13:30,231267
2026-07-27,13:35,171705
2026-07-27,13:40,114163
2026-07-27,13:45,125647
2026-07-27,13:50,141067
2026-07-27,13:55,184185
2026-07-27,14:00,212283
2026-07-27,14:05,299969
2026-07-27,14:10,216631
2026-07-27,14:15,250125
2026-07-27,14:20,163252
2026-07-27,14:25,244690
2026-07-27,14:30,198582
2026-07-27,14:35,226540
2026-07-27,14:40,682693
2026-07-27,14:45,236413
2026-07-27,14:50,328213
2026-07-27,14:55,485661
2026-07-27,15:00,417093
2026-07-27,15:05,422423
2026-07-27,15:10,283609
2026-07-27,15:15,257850
2026-07-27,15:20,409953
2026-07-27,15:25,268266
2026-07-27,15:30,448729
2026-07-27,15:35,650122
2026-07-27,15:40,627623
2026-07-27,15:45,1084314
2026-07-27,15:50,1543745
2026-07-27,15:55,4015323
2026-07-28,09:30,2837977
2026-07-28,09:35,824055
2026-07-28,09:40,1041103
2026-07-28,09:45,893500
2026-07-28,09:50,748968
2026-07-28,09:55,520934
2026-07-28,10:00,402300
2026-07-28,10:05,500278
2026-07-28,10:10,454557
2026-07-28,10:15,789147
2026-07-28,10:20,483313
2026-07-28,10:25,463346
2026-07-28,10:30,548219
2026-07-28,10:35,535883
2026-07-28,10:40,676154
2026-07-28,10:45,660577
2026-07-28,10:50,626397
2026-07-28,10:55,364229
2026-07-28,11:00,677367
2026-07-28,11:05,254071
2026-07-28,11:10,420180
2026-07-28,11:15,658227
2026-07-28,11:20,702554
2026-07-28,11:25,664777
2026-07-28,11:30,233448
2026-07-28,11:35,249016
2026-07-28,11:40,288552
2026-07-28,11:45,347047
2026-07-28,11:50,326561
2026-07-28,11:55,198277
2026-07-28,12:00,433367
2026-07-28,12:05,298787
2026-07-28,12:10,270948
2026-07-28,12:15,244630
2026-07-28,12:20,209637
2026-07-28,12:25,176750
2026-07-28,12:30,180477
2026-07-28,12:35,173601
2026-07-28,12:40,353730
2026-07-28,12:45,309539
2026-07-28,12:50,383824
2026-07-28,12:55,167506
2026-07-28,13:00,297007
2026-07-28,13:05,228247
2026-07-28,13:10,343721
2026-07-28,13:15,175637
2026-07-28,13:20,357005
2026-07-28,13:25,124272
2026-07-28,13:30,189957
2026-07-28,13:35,125230
2026-07-28,13:40,323917
2026-07-28,13:45,273765
2026-07-28,13:50,136456
2026-07-28,13:55,222469
2026-07-28,14:00,273418
2026-07-28,14:05,233917
2026-07-28,14:10,380289
2026-07-28,14:15,292465
2026-07-28,14:20,165059
2026-07-28,14:25,250657
2026-07-28,14:30,265820
2026-07-28,14:35,170009
2026-07-28,14:40,255894
2026-07-28,14:45,338437
2026-07-28,14:50,229256
2026-07-28,14:55,237145
2026-07-28,15:00,375364
2026-07-28,15:05,1364659
2026-07-28,15:10,221720
2026-07-28,15:15,345562
2026-07-28,15:20,1094845
2026-07-28,15:25,398036
2026-07-28,15:30,690086
2026-07-28,15:35,391016
2026-07-28,15:40,476767
2026-07-28,15:45,919399
2026-07-28,15:50,1198938
2026-07-28,15:55,5045104
2026-07-29,09:30,2005035
2026-07-29,09:35,395710
2026-07-29,09:40,838844
2026-07-29,09:45,525174
2026-07-29,09:50,613806
2026-07-29,09:55,627156
2026-07-29,10:00,917628
2026-07-29,10:05,415704
2026-07-29,10:10,727128
2026-07-29,10:15,540169
2026-07-29,10:20,520529
2026-07-29,10:25,838779
2026-07-29,10:30,86016
2026-07-29,10:35,657612
2026-07-29,10:40,577499
2026-07-29,10:45,442505
2026-07-29,10:50,479301
2026-07-29,10:55,281205
2026-07-29,11:00,373832
2026-07-29,11:05,345938
2026-07-29,11:10,354996
2026-07-29,11:15,303515
2026-07-29,11:20,284631
2026-07-29,11:25,209233
2026-07-29,11:30,204830
2026-07-29,11:35,232836
2026-07-29,11:40,263869
2026-07-29,11:45,217372
2026-07-29,11:50,235884
2026-07-29,11:55,406160
2026-07-29,12:00,327099
2026-07-29,12:05,472886
2026-07-29,12:10,325022
2026-07-29,12:15,660736
2026-07-29,12:20,399286
2026-07-29,12:25,356148
2026-07-29,12:30,393943
2026-07-29,12:35,663020
2026-07-29,12:40,303600
2026-07-29,12:45,274572
2026-07-29,12:50,254201
2026-07-29,12:55,220409
2026-07-29,13:00,362702
2026-07-29,13:05,353415
2026-07-29,13:10,429716
2026-07-29,13:15,384861
2026-07-29,13:20,368551
2026-07-29,13:25,388325
2026-07-29,13:30,374541
2026-07-29,13:35,222045
2026-07-29,13:40,231375
2026-07-29,13:45,217402
2026-07-29,13:50,369375
2026-07-29,13:55,330588
2026-07-29,14:00,1893154
2026-07-29,14:05,665191
2026-07-29,14:10,613643
2026-07-29,14:15,481252
2026-07-29,14:20,396281
2026-07-29,14:25,490315
2026-07-29,14:30,834015
2026-07-29,14:35,532500
2026-07-29,14:40,906270
2026-07-29,14:45,1062438
2026-07-29,14:50,924783
2026-07-29,14:55,608207
2026-07-29,15:00,862845
2026-07-29,15:05,878279
2026-07-29,15:10,711858
2026-07-29,15:15,868891
2026-07-29,15:20,1214289
2026-07-29,15:25,1201050
2026-07-29,15:30,2836755
2026-07-29,15:35,1571024
2026-07-29,15:40,1726730
2026-07-29,15:45,2456951
2026-07-29,15:50,2247582
2026-07-29,15:55,8906932
2026-07-30,09:30,3476633
2026-07-30,09:35,1026329
2026-07-30,09:40,1100592
2026-07-30,09:45,1294931
2026-07-30,09:50,1047074
2026-07-30,09:55,963366
2026-07-30,10:00,1379841
2026-07-30,10:05,792218
2026-07-30,10:10,670183
2026-07-30,10:15,539046
2026-07-30,10:20,489609
2026-07-30,10:25,683208
2026-07-30,10:30,817739
2026-07-30,10:35,301325
2026-07-30,10:40,454847
2026-07-30,10:45,592163
2026-07-30,10:50,1178122
2026-07-30,10:55,956670
2026-07-30,11:00,712620
2026-07-30,11:05,702778
2026-07-30,11:10,633889
2026-07-30,11:15,615652
2026-07-30,11:20,514103
2026-07-30,11:25,560256
2026-07-30,11:30,392420
2026-07-30,11:35,333094
2026-07-30,11:40,399337
2026-07-30,11:45,815781
2026-07-30,11:50,524660
2026-07-30,11:55,590600
2026-07-30,12:00,768816
2026-07-30,12:05,385370
2026-07-30,12:10,745890
2026-07-30,12:15,285061
2026-07-30,12:20,409762
2026-07-30,12:25,208936
2026-07-30,12:30,308487
2026-07-30,12:35,232896
2026-07-30,12:40,409450
2026-07-30,12:45,291951
2026-07-30,12:50,254477
2026-07-30,12:55,203497
2026-07-30,13:00,534185
2026-07-30,13:05,327734
2026-07-30,13:10,579955
2026-07-30,13:15,240039
2026-07-30,13:20,232907
2026-07-30,13:25,463383
2026-07-30,13:30,320664
2026-07-30,13:35,482773
2026-07-30,13:40,439077
2026-07-30,13:45,460648
2026-07-30,13:50,264502
2026-07-30,13:55,174042
2026-07-30,14:00,587491
2026-07-30,14:05,350183
2026-07-30,14:10,379776
2026-07-30,14:15,258804
2026-07-30,14:20,271499
2026-07-30,14:25,220586
2026-07-30,14:30,461007
2026-07-30,14:35,362920
2026-07-30,14:40,447102
2026-07-30,14:45,286530
2026-07-30,14:50,396608
2026-07-30,14:55,300577
2026-07-30,15:00,486213
2026-07-30,15:05,587863
2026-07-30,15:10,562828
2026-07-30,15:15,459565
2026-07-30,15:20,853964
2026-07-30,15:25,539449
2026-07-30,15:30,573565
2026-07-30,15:35,1137061
2026-07-30,15:40,840977
2026-07-30,15:45,2424614
2026-07-30,15:50,2223414
2026-07-30,15:55,5384123
2026-07-31,09:30,2361327
2026-07-31,09:35,1141953
2026-07-31,09:40,1343432
2026-07-31,09:45,1072726
2026-07-31,09:50,928049
2026-07-31,09:55,719610
2026-07-31,10:00,846677
2026-07-31,10:05,1217952
2026-07-31,10:10,1280307
2026-07-31,10:15,1235745
2026-07-31,10:20,945580
2026-07-31,10:25,755236
2026-07-31,10:30,679280
2026-07-31,10:35,539441
2026-07-31,10:40,505040
2026-07-31,10:45,562833
2026-07-31,10:50,528639
2026-07-31,10:55,410682
2026-07-31,11:00,325179
2026-07-31,11:05,379746
2026-07-31,11:10,315476
2026-07-31,11:15,388881
2026-07-31,11:20,387515
2026-07-31,11:25,606756
2026-07-31,11:30,471108
2026-07-31,11:35,665735
2026-07-31,11:40,268217
2026-07-31,11:45,257942
2026-07-31,11:50,322510
2026-07-31,11:55,412576
2026-07-31,12:00,378058
2026-07-31,12:05,495945
2026-07-31,12:10,393988
2026-07-31,12:15,277585
2026-07-31,12:20,397448
2026-07-31,12:25,244371
2026-07-31,12:30,373165
2026-07-31,12:35,308507
2026-07-31,12:40,269195
2026-07-31,12:45,238591
2026-07-31,12:50,216358
2026-07-31,12:55,193880
2026-07-31,13:00,387170
2026-07-31,13:05,268677
2026-07-31,13:10,478960
2026-07-31,13:15,259359
2026-07-31,13:20,354634
2026-07-31,13:25,724209
2026-07-31,13:30,349311
2026-07-31,13:35,541313
2026-07-31,13:40,340151
2026-07-31,13:45,772408
2026-07-31,13:50,350266
2026-07-31,13:55,278582
2026-07-31,14:00,421654
2026-07-31,14:05,275172
2026-07-31,14:10,241354
2026-07-31,14:15,322018
2026-07-31,14:20,391030
2026-07-31,14:25,1032930
2026-07-31,14:30,295203
2026-07-31,14:35,588344
2026-07-31,14:40,397597
2026-07-31,14:45,442739
2026-07-31,14:50,498599
2026-07-31,14:55,435798
2026-07-31,15:00,384081
2026-07-31,15:05,540213
2026-07-31,15:10,628266
2026-07-31,15:15,1294128
2026-07-31,15:20,1001378
2026-07-31,15:25,1336398
2026-07-31,15:30,952697
2026-07-31,15:35,974739
2026-07-31,15:40,1014375
2026-07-31,15:45,1566180
2026-07-31,15:50,1539906
2026-07-31,15:55,4267686
2026-08-03,09:30,2814090
2026-08-03,09:35,1182383
2026-08-03,09:40,779930
2026-08-03,09:45,989041
2026-08-03,09:50,1051955
2026-08-03,09:55,865548
2026-08-03,10:00,687378
2026-08-03,10:05,569103
2026-08-03,10:10,756162
2026-08-03,10:15,705702
2026-08-03,10:20,855195
2026-08-03,10:25,917643
2026-08-03,10:30,856562
2026-08-03,10:35,622383
2026-08-03,10:40,728742
2026-08-03,10:45,546306
2026-08-03,10:50,714168
2026-08-03,10:55,552651
2026-08-03,11:00,761862
2026-08-03,11:05,416538
2026-08-03,11:10,536919
2026-08-03,11:15,574404
2026-08-03,11:20,525449
2026-08-03,11:25,700928
2026-08-03,11:30,546004
2026-08-03,11:35,1677014
2026-08-03,11:40,425499
2026-08-03,11:45,683205
2026-08-03,11:50,315176
2026-08-03,11:55,392424
2026-08-03,12:00,297262
2026-08-03,12:05,536475
2026-08-03,12:10,388291
2026-08-03,12:15,587120
2026-08-03,12:20,268717
2026-08-03,12:25,433356
2026-08-03,12:30,704767
2026-08-03,12:35,399778
2026-08-03,12:40,360899
2026-08-03,12:45,370115
2026-08-03,12:50,431609
2026-08-03,12:55,282492
2026-08-03,13:00,416913
2026-08-03,13:05,492900
2026-08-03,13:10,303766
2026-08-03,13:15,375228
2026-08-03,13:20,380249
2026-08-03,13:25,412070
2026-08-03,13:30,386141
2026-08-03,13:35,462426
2026-08-03,13:40,187564
2026-08-03,13:45,568490
2026-08-03,13:50,1919089
2026-08-03,13:55,506377
2026-08-03,14:00,585793
2026-08-03,14:05,589387
2026-08-03,14:10,498353
2026-08-03,14:15,469204
2026-08-03,14:20,331124
2026-08-03,14:25,399077
2026-08-03,14:30,611117
2026-08-03,14:35,565082
2026-08-03,14:40,395689
2026-08-03,14:45,559451
2026-08-03,14:50,385601
2026-08-03,14:55,344276
2026-08-03,15:00,433642
2026-08-03,15:05,388446
2026-08-03,15:10,373906
2026-08-03,15:15,451729
2026-08-03,15:20,419583
2026-08-03,15:25,495251
2026-08-03,15:30,719106
2026-08-03,15:35,821114
2026-08-03,15:40,1008223
2026-08-03,15:45,1089275
2026-08-03,15:50,1585858
2026-08-03,15:55,3196714
2026-08-04,09:30,2403799
2026-08-04,09:35,853271
2026-08-04,09:40,645544
2026-08-04,09:45,868173
2026-08-04,09:50,838596
2026-08-04,09:55,792816
2026-08-04,10:00,1027586
2026-08-04,10:05,757078
2026-08-04,10:10,522181
2026-08-04,10:15,671630
2026-08-04,10:20,916082
2026-08-04,10:25,596876
2026-08-04,10:30,643452
2026-08-04,10:35,734396
2026-08-04,10:40,737613
2026-08-04,10:45,632872
2026-08-04,10:50,491238
2026-08-04,10:55,905205
2026-08-04,11:00,540916
2026-08-04,11:05,698891
2026-08-04,11:10,418177
2026-08-04,11:15,639315
2026-08-04,11:20,576418
2026-08-04,11:25,734509
2026-08-04,11:30,459242
2026-08-04,11:35,620918
2026-08-04,11:40,1316760
2026-08-04,11:45,599127
2026-08-04,11:50,639140
2026-08-04,11:55,359098
2026-08-04,12:00,508135
2026-08-04,12:05,485229
2026-08-04,12:10,936859
2026-08-04,12:15,697184
2026-08-04,12:20,385414
2026-08-04,12:25,520302
2026-08-04,12:30,597144
2026-08-04,12:35,828303
2026-08-04,12:40,634595
2026-08-04,12:45,437651
2026-08-04,12:50,360572
2026-08-04,12:55,313627
2026-08-04,13:00,777474
2026-08-04,13:05,822525
2026-08-04,13:10,542050
2026-08-04,13:15,696042
2026-08-04,13:20,394203
2026-08-04,13:25,388198
2026-08-04,13:30,443758
2026-08-04,13:35,412817
2026-08-04,13:40,732752
2026-08-04,13:45,857661
2026-08-04,13:50,975625
2026-08-04,13:55,599267
2026-08-04,14:00,742742
2026-08-04,14:05,509851
2026-08-04,14:10,541494
2026-08-04,14:15,330958
2026-08-04,14:20,585209
2026-08-04,14:25,326080
2026-08-04,14:30,563294
2026-08-04,14:35,729539
2026-08-04,14:40,450817
2026-08-04,14:45,806972
2026-08-04,14:50,422817
2026-08-04,14:55,364367
2026-08-04,15:00,745681
2026-08-04,15:05,1289457
2026-08-04,15:10,513920
2026-08-04,15:15,552704
2026-08-04,15:20,540114
2026-08-04,15:25,625520
2026-08-04,15:30,853642
2026-08-04,15:35,704223
2026-08-04,15:40,703836
2026-08-04,15:45,1200912
2026-08-04,15:50,2794903
2026-08-04,15:55,4757221
2026-08-05,09:30,2356246
2026-08-05,09:35,2059541
2026-08-05,09:40,566173
2026-08-05,09:45,716822
2026-08-05,09:50,921681
2026-08-05,09:55,646807
2026-08-05,10:00,704641
2026-08-05,10:05,580664
2026-08-05,10:10,344032
2026-08-05,10:15,268012
2026-08-05,10:20,429630
2026-08-05,10:25,494368
2026-08-05,10:30,617880
2026-08-05,10:35,774546
2026-08-05,10:40,595251
2026-08-05,10:45,435589
2026-08-05,10:50,720034
2026-08-05,10:55,518821
2026-08-05,11:00,378838
2026-08-05,11:05,413264
2026-08-05,11:10,298736
2026-08-05,11:15,1022215
2026-08-05,11:20,339239
2026-08-05,11:25,530737
2026-08-05,11:30,300651
2026-08-05,11:35,317439
2026-08-05,11:40,279873
2026-08-05,11:45,299266
2026-08-05,11:50,350842
2026-08-05,11:55,644598
2026-08-05,12:00,677692
2026-08-05,12:05,536649
2026-08-05,12:10,392332
2026-08-05,12:15,499198
2026-08-05,12:20,564366
2026-08-05,12:25,567115
2026-08-05,12:30,427057
2026-08-05,12:35,247331
2026-08-05,12:40,324240
2026-08-05,12:45,195315
2026-08-05,12:50,449350
2026-08-05,12:55,304185
2026-08-05,13:00,237862
2026-08-05,13:05,245234
2026-08-05,13:10,687575
2026-08-05,13:15,245593
2026-08-05,13:20,175531
2026-08-05,13:25,154836
2026-08-05,13:30,171307
2026-08-05,13:35,182867
2026-08-05,13:40,187951
2026-08-05,13:45,134714
2026-08-05,13:50,269325
2026-08-05,13:55,170417
2026-08-05,14:00,511807
2026-08-05,14:05,319230
2026-08-05,14:10,441258
2026-08-05,14:15,235339
2026-08-05,14:20,229902
2026-08-05,14:25,341463
2026-08-05,14:30,400700
2026-08-05,14:35,359926
2026-08-05,14:40,293527
2026-08-05,14:45,280759
2026-08-05,14:50,254521
2026-08-05,14:55,433572
2026-08-05,15:00,346157
2026-08-05,15:05,269928
2026-08-05,15:10,350175
2026-08-05,15:15,304657
2026-08-05,15:20,532595
2026-08-05,15:25,495459
2026-08-05,15:30,453945
2026-08-05,15:35,584306
2026-08-05,15:40,482574
2026-08-05,15:45,719357
2026-08-05,15:50,711237
2026-08-05,15:55,3030101
2026-08-06,09:30,1913009
2026-08-06,09:35,578769
2026-08-06,09:40,314301
2026-08-06,09:45,344237
2026-08-06,09:50,360772
2026-08-06,09:55,312956
2026-08-06,10:00,270466
2026-08-06,10:05,250838
2026-08-06,10:10,399828
2026-08-06,10:15,230239
2026-08-06,10:20,279760
2026-08-06,10:25,384013
2026-08-06,10:30,476066
2026-08-06,10:35,485367
2026-08-06,10:40,283552
2026-08-06,10:45,351513
2026-08-06,10:50,387204
2026-08-06,10:55,256400
2026-08-06,11:00,908147
2026-08-06,11:05,225382
2026-08-06,11:10,210453
2026-08-06,11:15,612056
2026-08-06,11:20,381693
2026-08-06,11:25,289608
2026-08-06,11:30,287297
2026-08-06,11:35,364377
2026-08-06,11:40,458842
2026-08-06,11:45,363673
2026-08-06,11:50,517615
2026-08-06,11:55,457255
2026-08-06,12:00,433878
2026-08-06,12:05,317306
2026-08-06,12:10,269314
2026-08-06,12:15,447162
2026-08-06,12:20,1189073
2026-08-06,12:25,488835
2026-08-06,12:30,265709
2026-08-06,12:35,259145
2026-08-06,12:40,288107
2026-08-06,12:45,205713
2026-08-06,12:50,207398
2026-08-06,12:55,150600
2026-08-06,13:00,286134
2026-08-06,13:05,363159
2026-08-06,13:10,162088
2026-08-06,13:15,199311
2026-08-06,13:20,227981
2026-08-06,13:25,254712
2026-08-06,13:30,197360
2026-08-06,13:35,178647
2026-08-06,13:40,363757
2026-08-06,13:45,206530
2026-08-06,13:50,315523
2026-08-06,13:55,368849
2026-08-06,14:00,380717
2026-08-06,14:05,311812
2026-08-06,14:10,254657
2026-08-06,14:15,591778
2026-08-06,14:20,319553
2026-08-06,14:25,298281
2026-08-06,14:30,232178
2026-08-06,14:35,260758
2026-08-06,14:40,222400
2026-08-06,14:45,344433
2026-08-06,14:50,218040
2026-08-06,14:55,245763
2026-08-06,15:00,477380
2026-08-06,15:05,248781
2026-08-06,15:10,269217
2026-08-06,15:15,360889
2026-08-06,15:20,441472
2026-08-06,15:25,549048
2026-08-06,15:30,472779
2026-08-06,15:35,474387
2026-08-06,15:40,423734
2026-08-06,15:45,830017
2026-08-06,15:50,1720823
2026-08-06,15:55,2485588
2026-08-07,09:30,2853922
2026-08-07,09:35,529092
2026-08-07,09:40,498047
2026-08-07,09:45,485208
2026-08-07,09:50,367189
2026-08-07,09:55,524553
2026-08-07,10:00,375913
2026-08-07,10:05,335775
2026-08-07,10:10,650116
2026-08-07,10:15,675465
2026-08-07,10:20,446551
2026-08-07,10:25,430651
2026-08-07,10:30,473336
2026-08-07,10:35,360704
2026-08-07,10:40,373525
2026-08-07,10:45,314230
2026-08-07,10:50,237498
2026-08-07,10:55,285701
2026-08-07,11:00,255311
2026-08-07,11:05,985747
2026-08-07,11:10,440029
2026-08-07,11:15,252251
2026-08-07,11:20,330541
2026-08-07,11:25,428634
2026-08-07,11:30,703196
2026-08-07,11:35,320907
2026-08-07,11:40,252931
2026-08-07,11:45,208770
2026-08-07,11:50,236401
2026-08-07,11:55,251081
2026-08-07,12:00,401586
2026-08-07,12:05,208248
2026-08-07,12:10,271262
2026-08-07,12:15,301270
2026-08-07,12:20,304859
2026-08-07,12:25,436150
2026-08-07,12:30,1275956
2026-08-07,12:35,408761
2026-08-07,12:40,198371
2026-08-07,12:45,285979
2026-08-07,12:50,189549
2026-08-07,12:55,609854
2026-08-07,13:00,223605
2026-08-07,13:05,168889
2026-08-07,13:10,142993
2026-08-07,13:15,164223
2026-08-07,13:20,204177
2026-08-07,13:25,163027
2026-08-07,13:30,231652
2026-08-07,13:35,144880
2026-08-07,13:40,137361
2026-08-07,13:45,178812
2026-08-07,13:50,156607
2026-08-07,13:55,128891
2026-08-07,14:00,283862
2026-08-07,14:05,334083
2026-08-07,14:10,562177
2026-08-07,14:15,326722
2026-08-07,14:20,169024
2026-08-07,14:25,195297
2026-08-07,14:30,263426
2026-08-07,14:35,420610
2026-08-07,14:40,284861
2026-08-07,14:45,190814
2026-08-07,14:50,444613
2026-08-07,14:55,316460
2026-08-07,15:00,572579
2026-08-07,15:05,528850
2026-08-07,15:10,494134
2026-08-07,15:15,598593
2026-08-07,15:20,320971
2026-08-07,15:25,475399
2026-08-07,15:30,544858
2026-08-07,15:35,581500
2026-08-07,15:40,569447
2026-08-07,15:45,658932
2026-08-07,15:50,1143195
2026-08-07,15:55,2978910
2026-08-10,09:30,1394672
2026-08-10,09:35,580217
2026-08-10,09:40,512584
2026-08-10,09:45,570720
2026-08-10,09:50,604359
2026-08-10,09:55,365858
2026-08-10,10:00,1022823
2026-08-10,10:05,411551
2026-08-10,10:10,536935
2026-08-10,10:15,352830
2026-08-10,10:20,624972
2026-08-10,10:25,407563
2026-08-10,10:30,616342
2026-08-10,10:35,384364
2026-08-10,10:40,378768
2026-08-10,10:45,830372
2026-08-10,10:50,618461
2026-08-10,10:55,473579
2026-08-10,11:00,435586
2026-08-10,11:05,341452
2026-08-10,11:10,302087
2026-08-10,11:15,283525
2026-08-10,11:20,267595
2026-08-10,11:25,197255
2026-08-10,11:30,216002
2026-08-10,11:35,354915
2026-08-10,11:40,189257
2026-08-10,11:45,172417
2026-08-10,11:50,248757
2026-08-10,11:55,335269
2026-08-10,12:00,242067
2026-08-10,12:05,219466
2026-08-10,12:10,282665
2026-08-10,12:15,240699
2026-08-10,12:20,183608
2026-08-10,12:25,233503
2026-08-10,12:30,936642
2026-08-10,12:35,396668
2026-08-10,12:40,399488
2026-08-10,12:45,343625
2026-08-10,12:50,163277
2026-08-10,12:55,217374
2026-08-10,13:00,313484
2026-08-10,13:05,194299
2026-08-10,13:10,222041
2026-08-10,13:15,199345
2026-08-10,13:20,196008
2026-08-10,13:25,156557
2026-08-10,13:30,176726
2026-08-10,13:35,176600
2026-08-10,13:40,159893
2026-08-10,13:45,154297
2026-08-10,13:50,209840
2026-08-10,13:55,240959
2026-08-10,14:00,232718
2026-08-10,14:05,265829
2026-08-10,14:10,249045
2026-08-10,14:15,567494
2026-08-10,14:20,223977
2026-08-10,14:25,280755
2026-08-10,14:30,520433
2026-08-10,14:35,314908
2026-08-10,14:40,723242
2026-08-10,14:45,357552
2026-08-10,14:50,214897
2026-08-10,14:55,330679
2026-08-10,15:00,380984
2026-08-10,15:05,229464
2026-08-10,15:10,315994
2026-08-10,15:15,265632
2026-08-10,15:20,338157
2026-08-10,15:25,285647
2026-08-10,15:30,337947
2026-08-10,15:35,381510
2026-08-10,15:40,319656
2026-08-10,15:45,951188
2026-08-10,15:50,1210259
2026-08-10,15:55,2364437
2026-08-11,09:30,1428648
2026-08-11,09:35,424993
2026-08-11,09:40,324717
2026-08-11,09:45,532137
2026-08-11,09:50,298670
2026-08-11,09:55,380944
2026-08-11,10:00,453452
2026-08-11,10:05,329331
2026-08-11,10:10,251067
2026-08-11,10:15,160206
2026-08-11,10:20,291938
2026-08-11,10:25,406585
2026-08-11,10:30,243033
2026-08-11,10:35,383084
2026-08-11,10:40,201888
2026-08-11,10:45,542338
2026-08-11,10:50,260399
2026-08-11,10:55,271133
2026-08-11,11:00,207831
2026-08-11,11:05,460078
2026-08-11,11:10,361674
2026-08-11,11:15,401588
2026-08-11,11:20,296732
2026-08-11,11:25,200505
2026-08-11,11:30,336602
2026-08-11,11:35,395830
2026-08-11,11:40,295888
2026-08-11,11:45,214007
2026-08-11,11:50,246644
2026-08-11,11:55,315282
2026-08-11,12:00,212708
2026-08-11,12:05,592824
2026-08-11,12:10,306205
2026-08-11,12:15,986294
2026-08-11,12:20,296802
2026-08-11,12:25,681860
2026-08-11,12:30,295572
2026-08-11,12:35,216327
2026-08-11,12:40,290232
2026-08-11,12:45,599549
2026-08-11,12:50,178651
2026-08-11,12:55,464586
2026-08-11,13:00,268966
2026-08-11,13:05,198827
2026-08-11,13:10,245008
2026-08-11,13:15,285392
2026-08-11,13:20,191635
2026-08-11,13:25,158315
2026-08-11,13:30,156705
2026-08-11,13:35,235620
2026-08-11,13:40,230686
2026-08-11,13:45,140117
2026-08-11,13:50,150583
2026-08-11,13:55,168385
2026-08-11,14:00,288249
2026-08-11,14:05,192607
2026-08-11,14:10,284970
2026-08-11,14:15,189412
2026-08-11,14:20,275517
2026-08-11,14:25,469509
2026-08-11,14:30,831651
2026-08-11,14:35,308649
2026-08-11,14:40,386285
2026-08-11,14:45,239434
2026-08-11,14:50,287103
2026-08-11,14:55,163546
2026-08-11,15:00,208970
2026-08-11,15:05,301661
2026-08-11,15:10,215690
2026-08-11,15:15,319523
2026-08-11,15:20,276727
2026-08-11,15:25,434929
2026-08-11,15:30,500789
2026-08-11,15:35,320188
2026-08-11,15:40,377306
2026-08-11,15:45,798025
2026-08-11,15:50,610583
2026-08-11,15:55,2662022
2026-08-12,09:30,2473063
2026-08-12,09:35,545687
2026-08-12,09:40,541526
2026-08-12,09:45,681812
2026-08-12,09:50,475100
2026-08-12,09:55,420109
2026-08-12,10:00,502816
2026-08-12,10:05,468985
2026-08-12,10:10,329490
2026-08-12,10:15,397238
2026-08-12,10:20,308692
2026-08-12,10:25,350688
2026-08-12,10:30,941071
2026-08-12,10:35,327442
2026-08-12,10:40,357018
2026-08-12,10:45,247235
2026-08-12,10:50,270283
2026-08-12,10:55,311084
2026-08-12,11:00,217138
2026-08-12,11:05,281952
2026-08-12,11:10,234332
2026-08-12,11:15,143342
2026-08-12,11:20,539655
2026-08-12,11:25,116530
2026-08-12,11:30,235675
2026-08-12,11:35,186942
2026-08-12,11:40,555093
2026-08-12,11:45,131275
2026-08-12,11:50,155260
2026-08-12,11:55,160609
2026-08-12,12:00,187168
2026-08-12,12:05,174934
2026-08-12,12:10,407843
2026-08-12,12:15,245911
2026-08-12,12:20,209073
2026-08-12,12:25,181309
2026-08-12,12:30,269932
2026-08-12,12:35,190220
2026-08-12,12:40,204084
2026-08-12,12:45,185898
2026-08-12,12:50,264200
2026-08-12,12:55,222871
2026-08-12,13:00,206060
2026-08-12,13:05,223812
2026-08-12,13:10,166664
2026-08-12,13:15,300930
2026-08-12,13:20,153404
2026-08-12,13:25,175028
2026-08-12,13:30,307687
2026-08-12,13:35,161672
2026-08-12,13:40,175230
2026-08-12,13:45,145350
2026-08-12,13:50,203119
2026-08-12,13:55,134379
2026-08-12,14:00,195541
2026-08-12,14:05,154186
2026-08-12,14:10,219976
2026-08-12,14:15,323123
2026-08-12,14:20,208122
2026-08-12,14:25,189330
2026-08-12,14:30,198769
2026-08-12,14:35,213080
2026-08-12,14:40,222541
2026-08-12,14:45,248126
2026-08-12,14:50,198072
2026-08-12,14:55,299380
2026-08-12,15:00,222436
2026-08-12,15:05,490028
2026-08-12,15:10,204145
2026-08-12,15:15,400179
2026-08-12,15:20,256993
2026-08-12,15:25,338557
2026-08-12,15:30,322257
2026-08-12,15:35,369107
2026-08-12,15:40,301466
2026-08-12,15:45,452702
2026-08-12,15:50,838012
2026-08-12,15:55,1530781
2026-08-13,09:30,1376104
2026-08-13,09:35,709923
2026-08-13,09:40,478545
2026-08-13,09:45,560229
2026-08-13,09:50,516829
2026-08-13,09:55,518195
2026-08-13,10:00,529056
2026-08-13,10:05,448939
2026-08-13,10:10,353311
2026-08-13,10:15,348225
2026-08-13,10:20,453879
2026-08-13,10:25,271731
2026-08-13,10:30,464862
2026-08-13,10:35,416718
2026-08-13,10:40,391491
2026-08-13,10:45,489939
2026-08-13,10:50,628299
2026-08-13,10:55,299201
2026-08-13,11:00,292865
2026-08-13,11:05,364453
2026-08-13,11:10,379276
2026-08-13,11:15,269694
2026-08-13,11:20,311149
2026-08-13,11:25,783714
2026-08-13,11:30,364892
2026-08-13,11:35,843741
2026-08-13,11:40,345484
2026-08-13,11:45,237331
2026-08-13,11:50,194043
2026-08-13,11:55,263486
2026-08-13,12:00,207585
2026-08-13,12:05,204513
2026-08-13,12:10,154007
2026-08-13,12:15,198565
2026-08-13,12:20,207324
2026-08-13,12:25,543639
2026-08-13,12:30,278306
2026-08-13,12:35,258151
2026-08-13,12:40,159458
2026-08-13,12:45,180286
2026-08-13,12:50,160969
2026-08-13,12:55,126149
2026-08-13,13:00,156097
2026-08-13,13:05,168554
2026-08-13,13:10,121079
2026-08-13,13:15,139804
2026-08-13,13:20,122761
2026-08-13,13:25,134965
2026-08-13,13:30,139366
2026-08-13,13:35,170159
2026-08-13,13:40,115385
2026-08-13,13:45,109112
2026-08-13,13:50,86696
2026-08-13,13:55,148652
2026-08-13,14:00,137327
2026-08-13,14:05,335929
2026-08-13,14:10,201122
2026-08-13,14:15,468879
2026-08-13,14:20,225428
2026-08-13,14:25,253739
2026-08-13,14:30,236949
2026-08-13,14:35,252989
2026-08-13,14:40,251157
2026-08-13,14:45,166152
2026-08-13,14:50,244315
2026-08-13,14:55,176845
2026-08-13,15:00,292028
2026-08-13,15:05,309207
2026-08-13,15:10,399339
2026-08-13,15:15,470137
2026-08-13,15:20,318573
2026-08-13,15:25,312743
2026-08-13,15:30,648879
2026-08-13,15:35,1055543
2026-08-13,15:40,394536
2026-08-13,15:45,715586
2026-08-13,15:50,1408773
2026-08-13,15:55,2781625
2026-08-14,09:30,1160934
2026-08-14,09:35,478796
2026-08-14,09:40,509871
2026-08-14,09:45,335338
2026-08-14,09:50,384936
2026-08-14,09:55,228278
2026-08-14,10:00,232658
2026-08-14,10:05,274925
2026-08-14,10:10,205626
2026-08-14,10:15,353296
2026-08-14,10:20,414251
2026-08-14,10:25,381514
2026-08-14,10:30,435292
2026-08-14,10:35,277615
2026-08-14,10:40,225269
2026-08-14,10:45,298480
2026-08-14,10:50,253978
2026-08-14,10:55,199305
2026-08-14,11:00,186300
2026-08-14,11:05,223936
2026-08-14,11:10,238187
2026-08-14,11:15,265969
2026-08-14,11:20,463188
2026-08-14,11:25,485454
2026-08-14,11:30,430442
2026-08-14,11:35,381075
2026-08-14,11:40,349847
2026-08-14,11:45,346623
2026-08-14,11:50,358905
2026-08-14,11:55,218846
2026-08-14,12:00,283320
2026-08-14,12:05,189294
2026-08-14,12:10,359889
2026-08-14,12:15,463051
2026-08-14,12:20,208944
2026-08-14,12:25,206619
2026-08-14,12:30,266514
2026-08-14,12:35,202947
2026-08-14,12:40,183890
2026-08-14,12:45,180390
2026-08-14,12:50,180647
2026-08-14,12:55,233654
2026-08-14,13:00,183720
2026-08-14,13:05,169827
2026-08-14,13:10,224927
2026-08-14,13:15,138172
2026-08-14,13:20,206717
2026-08-14,13:25,134375
2026-08-14,13:30,172892
2026-08-14,13:35,148579
2026-08-14,13:40,238174
2026-08-14,13:45,188872
2026-08-14,13:50,154521
2026-08-14,13:55,124476
2026-08-14,14:00,490127
2026-08-14,14:05,195210
2026-08-14,14:10,236277
2026-08-14,14:15,504091
2026-08-14,14:20,200261
2026-08-14,14:25,131096
2026-08-14,14:30,182489
2026-08-14,14:35,311403
2026-08-14,14:40,220569
2026-08-14,14:45,165278
2026-08-14,14:50,279514
2026-08-14,14:55,123002
2026-08-14,15:00,212320
2026-08-14,15:05,109170
2026-08-14,15:10,406662
2026-08-14,15:15,478012
2026-08-14,15:20,375563
2026-08-14,15:25,218832
2026-08-14,15:30,314674
2026-08-14,15:35,643297
2026-08-14,15:40,290616
2026-08-14,15:45,398764
2026-08-14,15:50,620968
2026-08-14,15:55,1512056
2026-08-17,09:30,1534766
2026-08-17,09:35,495067
2026-08-17,09:40,234312
2026-08-17,09:45,491370
2026-08-17,09:50,256324
2026-08-17,09:55,272021
2026-08-17,10:00,352408
2026-08-17,10:05,324799
2026-08-17,10:10,267380
2026-08-17,10:15,250538
2026-08-17,10:20,208298
2026-08-17,10:25,303355
2026-08-17,10:30,262806
2026-08-17,10:35,247573
2026-08-17,10:40,249271
2026-08-17,10:45,254667
2026-08-17,10:50,461284
2026-08-17,10:55,327036
2026-08-17,11:00,260821
2026-08-17,11:05,202964
2026-08-17,11:10,171675
2026-08-17,11:15,200356
2026-08-17,11:20,233700
2026-08-17,11:25,171067
2026-08-17,11:30,208647
2026-08-17,11:35,265539
2026-08-17,11:40,412020
2026-08-17,11:45,210075
2026-08-17,11:50,250662
2026-08-17,11:55,161832
2026-08-17,12:00,152249
2026-08-17,12:05,200896
2026-08-17,12:10,218467
2026-08-17,12:15,142448
2026-08-17,12:20,138618
2026-08-17,12:25,119019
2026-08-17,12:30,153351
2026-08-17,12:35,129886
2026-08-17,12:40,162965
2026-08-17,12:45,213328
2026-08-17,12:50,180503
2026-08-17,12:55,205635
2026-08-17,13:00,203950
2026-08-17,13:05,242930
2026-08-17,13:10,294702
2026-08-17,13:15,349125
2026-08-17,13:20,438645
2026-08-17,13:25,357085
2026-08-17,13:30,401629
2026-08-17,13:35,274573
2026-08-17,13:40,426708
2026-08-17,13:45,209291
2026-08-17,13:50,243333
2026-08-17,13:55,179368
2026-08-17,14:00,416637
2026-08-17,14:05,309578
2026-08-17,14:10,260321
2026-08-17,14:15,237162
2026-08-17,14:20,297506
2026-08-17,14:25,230399
2026-08-17,14:30,387643
2026-08-17,14:35,193441
2026-08-17,14:40,239373
2026-08-17,14:45,286347
2026-08-17,14:50,222482
2026-08-17,14:55,170976
2026-08-17,15:00,298525
2026-08-17,15:05,303874
2026-08-17,15:10,579610
2026-08-17,15:15,285425
2026-08-17,15:20,258956
2026-08-17,15:25,295472
2026-08-17,15:30,624398
2026-08-17,15:35,604289
2026-08-17,15:40,583838
2026-08-17,15:45,842549
2026-08-17,15:50,1025199
2026-08-17,15:55,4905007
2026-08-18,09:30,2622640
2026-08-18,09:35,756092
2026-08-18,09:40,636495
2026-08-18,09:45,689642
2026-08-18,09:50,472300
2026-08-18,09:55,373690
2026-08-18,10:00,485647
2026-08-18,10:05,541217
2026-08-18,10:10,806006
2026-08-18,10:15,508100
2026-08-18,10:20,456557
2026-08-18,10:25,444417
2026-08-18,10:30,387090
2026-08-18,10:35,546474
2026-08-18,10:40,404735
2026-08-18,10:45,375061
2026-08-18,10:50,497885
2026-08-18,10:55,469333
2026-08-18,11:00,462120
2026-08-18,11:05,342508
2026-08-18,11:10,301549
2026-08-18,11:15,348711
2026-08-18,11:20,326194
2026-08-18,11:25,263936
2026-08-18,11:30,386741
2026-08-18,11:35,260768
2026-08-18,11:40,398746
2026-08-18,11:45,416330
2026-08-18,11:50,194237
2026-08-18,11:55,229765
2026-08-18,12:00,198610
2026-08-18,12:05,185821
2026-08-18,12:10,122339
2026-08-18,12:15,166128
2026-08-18,12:20,155592
2026-08-18,12:25,240325
2026-08-18,12:30,155634
2026-08-18,12:35,202447
2026-08-18,12:40,113118
2026-08-18,12:45,168244
2026-08-18,12:50,149309
2026-08-18,12:55,412159
2026-08-18,13:00,257158
2026-08-18,13:05,208302
2026-08-18,13:10,126300
2026-08-18,13:15,123137
2026-08-18,13:20,149089
2026-08-18,13:25,148242
2026-08-18,13:30,302759
2026-08-18,13:35,138634
2026-08-18,13:40,121558
2026-08-18,13:45,104516
2026-08-18,13:50,100285
2026-08-18,13:55,203563
2026-08-18,14:00,373405
2026-08-18,14:05,1146482
2026-08-18,14:10,332283
2026-08-18,14:15,402236
2026-08-18,14:20,250132
2026-08-18,14:25,230834
2026-08-18,14:30,225951
2026-08-18,14:35,177403
2026-08-18,14:40,221217
2026-08-18,14:45,281604
2026-08-18,14:50,291691
2026-08-18,14:55,264171
2026-08-18,15:00,384418
2026-08-18,15:05,218237
2026-08-18,15:10,262138
2026-08-18,15:15,227850
2026-08-18,15:20,373300
2026-08-18,15:25,269239
2026-08-18,15:30,418605
2026-08-18,15:35,351624
2026-08-18,15:40,562829
2026-08-18,15:45,986099
2026-08-18,15:50,1662877
2026-08-18,15:55,5893584
2026-08-19,09:30,2772579
2026-08-19,09:35,576086
2026-08-19,09:40,491390
2026-08-19,09:45,654143
2026-08-19,09:50,710671
2026-08-19,09:55,365577
2026-08-19,10:00,357200
2026-08-19,10:05,301719
2026-08-19,10:10,531369
2026-08-19,10:15,409215
2026-08-19,10:20,230384
2026-08-19,10:25,317779
2026-08-19,10:30,318762
2026-08-19,10:35,505359
2026-08-19,10:40,401978
2026-08-19,10:45,343048
2026-08-19,10:50,295702
2026-08-19,10:55,416878
2026-08-19,11:00,328587
2026-08-19,11:05,242869
2026-08-19,11:10,233858
2026-08-19,11:15,189957
2026-08-19,11:20,209185
2026-08-19,11:25,429972
2026-08-19,11:30,205650
2026-08-19,11:35,259272
2026-08-19,11:40,753451
2026-08-19,11:45,223318
2026-08-19,11:50,309116
2026-08-19,11:55,172805
2026-08-19,12:00,215066
2026-08-19,12:05,203134
2026-08-19,12:10,160110
2026-08-19,12:15,252767
2026-08-19,12:20,166996
2026-08-19,12:25,195941
2026-08-19,12:30,592691
2026-08-19,12:35,376918
2026-08-19,12:40,188831
2026-08-19,12:45,320128
2026-08-19,12:50,281749
2026-08-19,12:55,266580
2026-08-19,13:00,299283
2026-08-19,13:05,197155
2026-08-19,13:10,188068
2026-08-19,13:15,133715
2026-08-19,13:20,462496
2026-08-19,13:25,138959
2026-08-19,13:30,226553
2026-08-19,13:35,179273
2026-08-19,13:40,232366
2026-08-19,13:45,153701
2026-08-19,13:50,131694
2026-08-19,13:55,214806
2026-08-19,14:00,344237
2026-08-19,14:05,355048
2026-08-19,14:10,219193
2026-08-19,14:15,359299
2026-08-19,14:20,219192
2026-08-19,14:25,169152
2026-08-19,14:30,246735
2026-08-19,14:35,112470
2026-08-19,14:40,274173
2026-08-19,14:45,169729
2026-08-19,14:50,424967
2026-08-19,14:55,163110
2026-08-19,15:00,205676
2026-08-19,15:05,290410
2026-08-19,15:10,130313
2026-08-19,15:15,607852
2026-08-19,15:20,553735
2026-08-19,15:25,637699
2026-08-19,15:30,457266
2026-08-19,15:35,789867
2026-08-19,15:40,361742
2026-08-19,15:45,649946
2026-08-19,15:50,937871
2026-08-19,15:55,4596251
2026-08-20,09:30,1861245
2026-08-20,09:35,936615
2026-08-20,09:40,448531
2026-08-20,09:45,619548
2026-08-20,09:50,482422
2026-08-20,09:55,415264
2026-08-20,10:00,346518
2026-08-20,10:05,445379
2026-08-20,10:10,399204
2026-08-20,10:15,532728
2026-08-20,10:20,491794
2026-08-20,10:25,264369
2026-08-20,10:30,250402
2026-08-20,10:35,241881
2026-08-20,10:40,538852
2026-08-20,10:45,374604
2026-08-20,10:50,245764
2026-08-20,10:55,266129
2026-08-20,11:00,903821
2026-08-20,11:05,708991
2026-08-20,11:10,657901
2026-08-20,11:15,348262
2026-08-20,11:20,556408
2026-08-20,11:25,361681
2026-08-20,11:30,260742
2026-08-20,11:35,580915
2026-08-20,11:40,308538
2026-08-20,11:45,334990
2026-08-20,11:50,387050
2026-08-20,11:55,290791
2026-08-20,12:00,302130
2026-08-20,12:05,176474
2026-08-20,12:10,193733
2026-08-20,12:15,156878
2026-08-20,12:20,342804
2026-08-20,12:25,159033
2026-08-20,12:30,168451
2026-08-20,12:35,193454
2026-08-20,12:40,264812
2026-08-20,12:45,302471
2026-08-20,12:50,198469
2026-08-20,12:55,240863
2026-08-20,13:00,203595
2026-08-20,13:05,264638
2026-08-20,13:10,312538
2026-08-20,13:15,416957
2026-08-20,13:20,354371
2026-08-20,13:25,274481
2026-08-20,13:30,275149
2026-08-20,13:35,281544
2026-08-20,13:40,285937
2026-08-20,13:45,295092
2026-08-20,13:50,252014
2026-08-20,13:55,232520
2026-08-20,14:00,372938
2026-08-20,14:05,384327
2026-08-20,14:10,506521
2026-08-20,14:15,556079
2026-08-20,14:20,331078
2026-08-20,14:25,234431
2026-08-20,14:30,305119
2026-08-20,14:35,285566
2026-08-20,14:40,277240
2026-08-20,14:45,400838
2026-08-20,14:50,488047
2026-08-20,14:55,388955
2026-08-20,15:00,424049
2026-08-20,15:05,417845
2026-08-20,15:10,378938
2026-08-20,15:15,395078
2026-08-20,15:20,498238
2026-08-20,15:25,477204
2026-08-20,15:30,938372
2026-08-20,15:35,878204
2026-08-20,15:40,875171
2026-08-20,15:45,1420528
2026-08-20,15:50,1367383
2026-08-20,15:55,5284942
2026-08-21,09:30,2183133
2026-08-21,09:35,936515
2026-08-21,09:40,694462
2026-08-21,09:45,636844
2026-08-21,09:50,409975
2026-08-21,09:55,338253
2026-08-21,10:00,266966
2026-08-21,10:05,394655
2026-08-21,10:10,271319
2026-08-21,10:15,373509
2026-08-21,10:20,1395844
2026-08-21,10:25,295025
2026-08-21,10:30,202029
2026-08-21,10:35,307472
2026-08-21,10:40,256214
2026-08-21,10:45,258973
2026-08-21,10:50,204246
2026-08-21,10:55,314945
2026-08-21,11:00,828488
2026-08-21,11:05,426005
2026-08-21,11:10,184850
2026-08-21,11:15,311709
2026-08-21,11:20,271128
2026-08-21,11:25,366942
2026-08-21,11:30,3359717
2026-08-21,11:35,369121
2026-08-21,11:40,356768
2026-08-21,11:45,326336
2026-08-21,11:50,242298
2026-08-21,11:55,330383
2026-08-21,12:00,421378
2026-08-21,12:05,442629
2026-08-21,12:10,258800
2026-08-21,12:15,1156821
2026-08-21,12:20,510661
2026-08-21,12:25,149120
2026-08-21,12:30,181668
2026-08-21,12:35,289266
2026-08-21,12:40,160418
2026-08-21,12:45,171097
2026-08-21,12:50,497354
2026-08-21,12:55,222703
2026-08-21,13:00,166320
2026-08-21,13:05,192721
2026-08-21,13:10,140492
2026-08-21,13:15,251335
2026-08-21,13:20,457856
2026-08-21,13:25,211275
2026-08-21,13:30,193141
2026-08-21,13:35,133709
2026-08-21,13:40,134439
2026-08-21,13:45,144525
2026-08-21,13:50,137048
2026-08-21,13:55,173800
2026-08-21,14:00,289550
2026-08-21,14:05,153182
2026-08-21,14:10,175619
2026-08-21,14:15,179232
2026-08-21,14:20,121496
2026-08-21,14:25,125743
2026-08-21,14:30,241643
2026-08-21,14:35,146811
2026-08-21,14:40,208006
2026-08-21,14:45,271561
2026-08-21,14:50,409399
2026-08-21,14:55,365782
2026-08-21,15:00,587367
2026-08-21,15:05,297398
2026-08-21,15:10,237724
2026-08-21,15:15,518302
2026-08-21,15:20,250765
2026-08-21,15:25,225112
2026-08-21,15:30,324330
2026-08-21,15:35,403725
2026-08-21,15:40,725547
2026-08-21,15:45,969624
2026-08-21,15:50,898459
2026-08-21,15:55,2638693
2026-08-24,09:30,2161631
2026-08-24,09:35,468492
2026-08-24,09:40,577255
2026-08-24,09:45,842395
2026-08-24,09:50,409135
2026-08-24,09:55,395002
2026-08-24,10:00,555214
2026-08-24,10:05,226955
2026-08-24,10:10,243334
2026-08-24,10:15,211854
2026-08-24,10:20,578408
2026-08-24,10:25,1048163
2026-08-24,10:30,301253
2026-08-24,10:35,193939
2026-08-24,10:40,2476986
2026-08-24,10:45,378023
2026-08-24,10:50,211239
2026-08-24,10:55,310423
2026-08-24,11:00,232119
2026-08-24,11:05,230631
2026-08-24,11:10,218279
2026-08-24,11:15,138358
2026-08-24,11:20,408099
2026-08-24,11:25,480586
2026-08-24,11:30,356346
2026-08-24,11:35,264624
2026-08-24,11:40,274454
2026-08-24,11:45,303002
2026-08-24,11:50,157315
2026-08-24,11:55,272226
2026-08-24,12:00,428076
2026-08-24,12:05,163853
2026-08-24,12:10,108004
2026-08-24,12:15,245039
2026-08-24,12:20,245677
2026-08-24,12:25,174251
2026-08-24,12:30,274900
2026-08-24,12:35,143081
2026-08-24,12:40,287270
2026-08-24,12:45,143128
2026-08-24,12:50,129084
2026-08-24,12:55,131861
2026-08-24,13:00,135437
2026-08-24,13:05,194862
2026-08-24,13:10,314038
2026-08-24,13:15,164433
2026-08-24,13:20,337394
2026-08-24,13:25,193172
2026-08-24,13:30,192457
2026-08-24,13:35,161284
2026-08-24,13:40,221499
2026-08-24,13:45,173204
2026-08-24,13:50,168380
2026-08-24,13:55,226742
2026-08-24,14:00,190948
2026-08-24,14:05,203890
2026-08-24,14:10,213906
2026-08-24,14:15,213948
2026-08-24,14:20,345017
2026-08-24,14:25,324066
2026-08-24,14:30,261335
2026-08-24,14:35,229992
2026-08-24,14:40,233608
2026-08-24,14:45,196161
2026-08-24,14:50,150055
2026-08-24,14:55,197493
2026-08-24,15:00,204008
2026-08-24,15:05,172444
2026-08-24,15:10,148121
2026-08-24,15:15,189753
2026-08-24,15:20,192402
2026-08-24,15:25,200097
2026-08-24,15:30,255565
2026-08-24,15:35,276731
2026-08-24,15:40,344874
2026-08-24,15:45,608012
2026-08-24,15:50,685812
2026-08-24,15:55,2331037
2026-08-25,09:30,1531753
2026-08-25,09:35,346646
2026-08-25,09:40,311712
2026-08-25,09:45,323890
2026-08-25,09:50,484134
2026-08-25,09:55,375118
2026-08-25,10:00,385077
2026-08-25,10:05,371268
2026-08-25,10:10,311307
2026-08-25,10:15,372009
2026-08-25,10:20,341315
2026-08-25,10:25,359484
2026-08-25,10:30,1112263
2026-08-25,10:35,552248
2026-08-25,10:40,329732
2026-08-25,10:45,277883
2026-08-25,10:50,227423
2026-08-25,10:55,265460
2026-08-25,11:00,154049
2026-08-25,11:05,172782
2026-08-25,11:10,117091
2026-08-25,11:15,176392
2026-08-25,11:20,206458
2026-08-25,11:25,280575
2026-08-25,11:30,302084
2026-08-25,11:35,256493
2026-08-25,11:40,216396
2026-08-25,11:45,141450
2026-08-25,11:50,250704
2026-08-25,11:55,185520
2026-08-25,12:00,388840
2026-08-25,12:05,133742
2026-08-25,12:10,163347
2026-08-25,12:15,237051
2026-08-25,12:20,430987
2026-08-25,12:25,111754
2026-08-25,12:30,113569
2026-08-25,12:35,126282
2026-08-25,12:40,109315
2026-08-25,12:45,154720
2026-08-25,12:50,100659
2026-08-25,12:55,104137
2026-08-25,13:00,138537
2026-08-25,13:05,178066
2026-08-25,13:10,318957
2026-08-25,13:15,74882
2026-08-25,13:20,122697
2026-08-25,13:25,337552
2026-08-25,13:30,150576
2026-08-25,13:35,1130602
2026-08-25,13:40,82982
2026-08-25,13:45,142516
2026-08-25,13:50,174975
2026-08-25,13:55,111072
2026-08-25,14:00,200372
2026-08-25,14:05,132198
2026-08-25,14:10,170947
2026-08-25,14:15,163510
2026-08-25,14:20,190635
2026-08-25,14:25,164895
2026-08-25,14:30,204141
2026-08-25,14:35,224387
2026-08-25,14:40,142607
2026-08-25,14:45,347738
2026-08-25,14:50,336027
2026-08-25,14:55,326416
2026-08-25,15:00,256437
2026-08-25,15:05,282020
2026-08-25,15:10,545118
2026-08-25,15:15,365534
2026-08-25,15:20,278849
2026-08-25,15:25,192156
2026-08-25,15:30,250291
2026-08-25,15:35,578069
2026-08-25,15:40,358867
2026-08-25,15:45,566282
2026-08-25,15:50,750870
2026-08-25,15:55,1898464
2026-08-26,09:30,1144518
2026-08-26,09:35,429945
2026-08-26,09:40,420779
2026-08-26,09:45,373090
2026-08-26,09:50,297119
2026-08-26,09:55,293775
2026-08-26,10:00,204963
2026-08-26,10:05,240176
2026-08-26,10:10,264544
2026-08-26,10:15,221140
2026-08-26,10:20,193323
2026-08-26,10:25,397863
2026-08-26,10:30,253224
2026-08-26,10:35,210121
2026-08-26,10:40,181698
2026-08-26,10:45,201711
2026-08-26,10:50,227712
2026-08-26,10:55,174692
2026-08-26,11:00,205272
2026-08-26,11:05,178368
2026-08-26,11:10,415345
2026-08-26,11:15,259550
2026-08-26,11:20,169433
2026-08-26,11:25,142136
2026-08-26,11:30,193551
2026-08-26,11:35,181729
2026-08-26,11:40,165128
2026-08-26,11:45,165291
2026-08-26,11:50,394460
2026-08-26,11:55,225334
2026-08-26,12:00,327388
2026-08-26,12:05,187752
2026-08-26,12:10,143823
2026-08-26,12:15,276896
2026-08-26,12:20,178243
2026-08-26,12:25,171838
2026-08-26,12:30,170029
2026-08-26,12:35,383983
2026-08-26,12:40,296818
2026-08-26,12:45,253226
2026-08-26,12:50,173927
2026-08-26,12:55,324047
2026-08-26,13:00,152710
2026-08-26,13:05,155219
2026-08-26,13:10,177797
2026-08-26,13:15,199620
2026-08-26,13:20,214656
2026-08-26,13:25,277001
2026-08-26,13:30,212724
2026-08-26,13:35,162198
2026-08-26,13:40,212544
2026-08-26,13:45,231353
2026-08-26,13:50,121755
2026-08-26,13:55,109454
2026-08-26,14:00,251503
2026-08-26,14:05,189514
2026-08-26,14:10,190451
2026-08-26,14:15,177850
2026-08-26,14:20,215818
2026-08-26,14:25,191404
2026-08-26,14:30,243282
2026-08-26,14:35,230244
2026-08-26,14:40,421512
2026-08-26,14:45,336781
2026-08-26,14:50,402036
2026-08-26,14:55,263941
2026-08-26,15:00,465035
2026-08-26,15:05,150152
2026-08-26,15:10,305193
2026-08-26,15:15,287064
2026-08-26,15:20,275185
2026-08-26,15:25,293639
2026-08-26,15:30,373935
2026-08-26,15:35,418674
2026-08-26,15:40,684352
2026-08-26,15:45,755475
2026-08-26,15:50,1217561
2026-08-26,15:55,1630545
2026-08-27,09:30,2348700
2026-08-27,09:35,525672
2026-08-27,09:40,717668
2026-08-27,09:45,994450
2026-08-27,09:50,722341
2026-08-27,09:55,588090
2026-08-27,10:00,580218
2026-08-27,10:05,304076
2026-08-27,10:10,315771
2026-08-27,10:15,470757
2026-08-27,10:20,304222
2026-08-27,10:25,375978
2026-08-27,10:30,208017
2026-08-27,10:35,291257
2026-08-27,10:40,144726
2026-08-27,10:45,282886
2026-08-27,10:50,285754
2026-08-27,10:55,211617
2026-08-27,11:00,351905
2026-08-27,11:05,264591
2026-08-27,11:10,174918
2026-08-27,11:15,243951
2026-08-27,11:20,248394
2026-08-27,11:25,203770
2026-08-27,11:30,544965
2026-08-27,11:35,248213
2026-08-27,11:40,463270
2026-08-27,11:45,238609
2026-08-27,11:50,245185
2026-08-27,11:55,238924
2026-08-27,12:00,201115
2026-08-27,12:05,203359
2026-08-27,12:10,119828
2026-08-27,12:15,101617
2026-08-27,12:20,123570
2026-08-27,12:25,241088
2026-08-27,12:30,193918
2026-08-27,12:35,226517
2026-08-27,12:40,226714
2026-08-27,12:45,190693
2026-08-27,12:50,241641
2026-08-27,12:55,208420
2026-08-27,13:00,202343
2026-08-27,13:05,217071
2026-08-27,13:10,143701
2026-08-27,13:15,225144
2026-08-27,13:20,303960
2026-08-27,13:25,478660
2026-08-27,13:30,203362
2026-08-27,13:35,126804
2026-08-27,13:40,264748
2026-08-27,13:45,273019
2026-08-27,13:50,208262
2026-08-27,13:55,278355
2026-08-27,14:00,453717
2026-08-27,14:05,254651
2026-08-27,14:10,346669
2026-08-27,14:15,194327
2026-08-27,14:20,192404
2026-08-27,14:25,411160
2026-08-27,14:30,420777
2026-08-27,14:35,310402
2026-08-27,14:40,122501
2026-08-27,14:45,219319
2026-08-27,14:50,293598
2026-08-27,14:55,397264
2026-08-27,15:00,427887
2026-08-27,15:05,604997
2026-08-27,15:10,219694
2026-08-27,15:15,351737
2026-08-27,15:20,277348
2026-08-27,15:25,386174
2026-08-27,15:30,269612
2026-08-27,15:35,341980
2026-08-27,15:40,454321
2026-08-27,15:45,572686
2026-08-27,15:50,773924
2026-08-27,15:55,3081226
2026-08-28,09:30,1185700
2026-08-28,09:35,359329
2026-08-28,09:40,283565
2026-08-28,09:45,367203
2026-08-28,09:50,366210
2026-08-28,09:55,326392
2026-08-28,10:00,930125
2026-08-28,10:05,735377
2026-08-28,10:10,692198
2026-08-28,10:15,725171
2026-08-28,10:20,500677
2026-08-28,10:25,498738
2026-08-28,10:30,371897
2026-08-28,10:35,324347
2026-08-28,10:40,374829
2026-08-28,10:45,549211
2026-08-28,10:50,578937
2026-08-28,10:55,644611
2026-08-28,11:00,545947
2026-08-28,11:05,505790
2026-08-28,11:10,364453
2026-08-28,11:15,221236
2026-08-28,11:20,217533
2026-08-28,11:25,388341
2026-08-28,11:30,236755
2026-08-28,11:35,286963
2026-08-28,11:40,665456
2026-08-28,11:45,461804
2026-08-28,11:50,476354
2026-08-28,11:55,436442
2026-08-28,12:00,581209
2026-08-28,12:05,456579
2026-08-28,12:10,335237
2026-08-28,12:15,369719
2026-08-28,12:20,456257
2026-08-28,12:25,261618
2026-08-28,12:30,324747
2026-08-28,12:35,252162
2026-08-28,12:40,201958
2026-08-28,12:45,735803
2026-08-28,12:50,237594
2026-08-28,12:55,296481
2026-08-28,13:00,381643
2026-08-28,13:05,302494
2026-08-28,13:10,304153
2026-08-28,13:15,272741
2026-08-28,13:20,247381
2026-08-28,13:25,176927
2026-08-28,13:30,165108
2026-08-28,13:35,234228
2026-08-28,13:40,187361
2026-08-28,13:45,164535
2026-08-28,13:50,146107
2026-08-28,13:55,140284
2026-08-28,14:00,192034
2026-08-28,14:05,153586
2026-08-28,14:10,198963
2026-08-28,14:15,146788
2026-08-28,14:20,191276
2026-08-28,14:25,157562
2026-08-28,14:30,178395
2026-08-28,14:35,293078
2026-08-28,14:40,217427
2026-08-28,14:45,138564
2026-08-28,14:50,307478
2026-08-28,14:55,207462
2026-08-28,15:00,177222
2026-08-28,15:05,364153
2026-08-28,15:10,373847
2026-08-28,15:15,298514
2026-08-28,15:20,495071
2026-08-28,15:25,260564
2026-08-28,15:30,395715
2026-08-28,15:35,389938
2026-08-28,15:40,701539
2026-08-28,15:45,802394
2026-08-28,15:50,1057313
2026-08-28,15:55,2670344
2026-08-31,09:30,2007748
2026-08-31,09:35,559315
2026-08-31,09:40,440840
2026-08-31,09:45,596028
2026-08-31,09:50,335539
2026-08-31,09:55,357326
2026-08-31,10:00,369270
2026-08-31,10:05,317612
2026-08-31,10:10,262560
2026-08-31,10:15,300984
2026-08-31,10:20,291138
2026-08-31,10:25,421453
2026-08-31,10:30,266103
2026-08-31,10:35,309293
2026-08-31,10:40,282020
2026-08-31,10:45,215483
2026-08-31,10:50,168835
2026-08-31,10:55,290970
2026-08-31,11:00,361583
2026-08-31,11:05,175330
2026-08-31,11:10,291550
2026-08-31,11:15,181202
2026-08-31,11:20,189790
2026-08-31,11:25,154133
2026-08-31,11:30,251352
2026-08-31,11:35,212571
2026-08-31,11:40,146851
2026-08-31,11:45,118165
2026-08-31,11:50,246037
2026-08-31,11:55,169298
2026-08-31,12:00,233605
2026-08-31,12:05,251338
2026-08-31,12:10,201127
2026-08-31,12:15,205946
2026-08-31,12:20,184921
2026-08-31,12:25,185065
2026-08-31,12:30,272440
2026-08-31,12:35,160154
2026-08-31,12:40,283496
2026-08-31,12:45,177902
2026-08-31,12:50,162079
2026-08-31,12:55,133980
2026-08-31,13:00,154882
2026-08-31,13:05,119731
2026-08-31,13:10,103713
2026-08-31,13:15,142761
2026-08-31,13:20,112812
2026-08-31,13:25,149256
2026-08-31,13:30,227087
2026-08-31,13:35,96701
2026-08-31,13:40,153606
2026-08-31,13:45,158956
2026-08-31,13:50,210208
2026-08-31,13:55,254319
2026-08-31,14:00,262456
2026-08-31,14:05,111087
2026-08-31,14:10,150759
2026-08-31,14:15,255706
2026-08-31,14:20,201499
2026-08-31,14:25,178821
2026-08-31,14:30,648554
2026-08-31,14:35,443699
2026-08-31,14:40,375543
2026-08-31,14:45,168128
2026-08-31,14:50,303154
2026-08-31,14:55,243168
2026-08-31,15:00,287123
2026-08-31,15:05,444544
2026-08-31,15:10,214565
2026-08-31,15:15,170588
2026-08-31,15:20,227803
2026-08-31,15:25,292548
2026-08-31,15:30,272201
2026-08-31,15:35,399217
2026-08-31,15:40,555216
2026-08-31,15:45,1090556
2026-08-31,15:50,3108863
2026-08-31,15:55,5474019
2026-09-01,09:30,2402466
2026-09-01,09:35,586625
2026-09-01,09:40,476228
2026-09-01,09:45,484559
2026-09-01,09:50,398859
2026-09-01,09:55,410744
2026-09-01,10:00,426329
2026-09-01,10:05,353248
2026-09-01,10:10,341229
2026-09-01,10:15,402467
2026-09-01,10:20,360586
2026-09-01,10:25,336408
2026-09-01,10:30,512464
2026-09-01,10:35,401985
2026-09-01,10:40,308914
2026-09-01,10:45,352920
2026-09-01,10:50,262548
2026-09-01,10:55,348913
2026-09-01,11:00,259723
2026-09-01,11:05,412531
2026-09-01,11:10,285042
2026-09-01,11:15,215011
2026-09-01,11:20,222401
2026-09-01,11:25,235867
2026-09-01,11:30,238973
2026-09-01,11:35,237135
2026-09-01,11:40,260867
2026-09-01,11:45,335095
2026-09-01,11:50,283491
2026-09-01,11:55,307879
2026-09-01,12:00,315458
2026-09-01,12:05,222141
2026-09-01,12:10,242293
2026-09-01,12:15,310203
2026-09-01,12:20,568958
2026-09-01,12:25,495920
2026-09-01,12:30,594124
2026-09-01,12:35,303533
2026-09-01,12:40,299538
2026-09-01,12:45,188674
2026-09-01,12:50,170145
2026-09-01,12:55,215350
2026-09-01,13:00,205705
2026-09-01,13:05,273568
2026-09-01,13:10,275642
2026-09-01,13:15,291021
2026-09-01,13:20,183689
2026-09-01,13:25,532099
2026-09-01,13:30,278948
2026-09-01,13:35,489639
2026-09-01,13:40,175555
2026-09-01,13:45,218659
2026-09-01,13:50,256975
2026-09-01,13:55,203629
2026-09-01,14:00,313717
2026-09-01,14:05,291646
2026-09-01,14:10,193232
2026-09-01,14:15,421555
2026-09-01,14:20,201808
2026-09-01,14:25,293422
2026-09-01,14:30,340205
2026-09-01,14:35,998670
2026-09-01,14:40,524835
2026-09-01,14:45,554686
2026-09-01,14:50,302891
2026-09-01,14:55,355619
2026-09-01,15:00,430144
2026-09-01,15:05,305716
2026-09-01,15:10,373222
2026-09-01,15:15,392104
2026-09-01,15:20,402465
2026-09-01,15:25,393790
2026-09-01,15:30,661009
2026-09-01,15:35,428622
2026-09-01,15:40,869539
2026-09-01,15:45,898002
2026-09-01,15:50,1079394
2026-09-01,15:55,2640618
2026-09-02,09:30,1569469
2026-09-02,09:35,371901
2026-09-02,09:40,562336
2026-09-02,09:45,509124
2026-09-02,09:50,251949
2026-09-02,09:55,336212
2026-09-02,10:00,412591
2026-09-02,10:05,529703
2026-09-02,10:10,301881
2026-09-02,10:15,475220
2026-09-02,10:20,531779
2026-09-02,10:25,328278
2026-09-02,10:30,332397
2026-09-02,10:35,329724
2026-09-02,10:40,337667
2026-09-02,10:45,281696
2026-09-02,10:50,333784
2026-09-02,10:55,258783
2026-09-02,11:00,239119
2026-09-02,11:05,233056
2026-09-02,11:10,223916
2026-09-02,11:15,170105
2026-09-02,11:20,207631
2026-09-02,11:25,151733
2026-09-02,11:30,270772
2026-09-02,11:35,236576
2026-09-02,11:40,191837
2026-09-02,11:45,247425
2026-09-02,11:50,191562
2026-09-02,11:55,143575
2026-09-02,12:00,134800
2026-09-02,12:05,106702
2026-09-02,12:10,89799
2026-09-02,12:15,115240
2026-09-02,12:20,111155
2026-09-02,12:25,158043
2026-09-02,12:30,184910
2026-09-02,12:35,102128
2026-09-02,12:40,128712
2026-09-02,12:45,81412
2026-09-02,12:50,128133
2026-09-02,12:55,100758
2026-09-02,13:00,130166
2026-09-02,13:05,181148
2026-09-02,13:10,98043
2026-09-02,13:15,176779
2026-09-02,13:20,150357
2026-09-02,13:25,143218
2026-09-02,13:30,123498
2026-09-02,13:35,130768
2026-09-02,13:40,170531
2026-09-02,13:45,190390
2026-09-02,13:50,126805
2026-09-02,13:55,132615
2026-09-02,14:00,460628
2026-09-02,14:05,181129
2026-09-02,14:10,172143
2026-09-02,14:15,498093
2026-09-02,14:20,233237
2026-09-02,14:25,169936
2026-09-02,14:30,172653
2026-09-02,14:35,337466
2026-09-02,14:40,157215
2026-09-02,14:45,182633
2026-09-02,14:50,346314
2026-09-02,14:55,733951
2026-09-02,15:00,330667
2026-09-02,15:05,164375
2026-09-02,15:10,340201
2026-09-02,15:15,177394
2026-09-02,15:20,298344
2026-09-02,15:25,558394
2026-09-02,15:30,261957
2026-09-02,15:35,269145
2026-09-02,15:40,397059
2026-09-02,15:45,552016
2026-09-02,15:50,774152
2026-09-02,15:55,1604251
2026-09-03,09:30,2112896
2026-09-03,09:35,762218
2026-09-03,09:40,478156
2026-09-03,09:45,1706469
2026-09-03,09:50,717790
2026-09-03,09:55,337533
2026-09-03,10:00,704241
2026-09-03,10:05,1018043
2026-09-03,10:10,479518
2026-09-03,10:15,278402
2026-09-03,10:20,264295
2026-09-03,10:25,244802
2026-09-03,10:30,357312
2026-09-03,10:35,248848
2026-09-03,10:40,200507
2026-09-03,10:45,252163
2026-09-03,10:50,249777
2026-09-03,10:55,990788
2026-09-03,11:00,594653
2026-09-03,11:05,668816
2026-09-03,11:10,529425
2026-09-03,11:15,815434
2026-09-03,11:20,572291
2026-09-03,11:25,519605
2026-09-03,11:30,625247
2026-09-03,11:35,383967
2026-09-03,11:40,307075
2026-09-03,11:45,293714
2026-09-03,11:50,339859
2026-09-03,11:55,286583
2026-09-03,12:00,369949
2026-09-03,12:05,437318
2026-09-03,12:10,343372
2026-09-03,12:15,219124
2026-09-03,12:20,242002
2026-09-03,12:25,209582
2026-09-03,12:30,324485
2026-09-03,12:35,238637
2026-09-03,12:40,194848
2026-09-03,12:45,216038
2026-09-03,12:50,174753
2026-09-03,12:55,162155
2026-09-03,13:00,136158
2026-09-03,13:05,216400
2026-09-03,13:10,180852
2026-09-03,13:15,152291
2026-09-03,13:20,149498
2026-09-03,13:25,159902
2026-09-03,13:30,164085
2026-09-03,13:35,307313
2026-09-03,13:40,159017
2026-09-03,13:45,171149
2026-09-03,13:50,230685
2026-09-03,13:55,239274
2026-09-03,14:00,372756
2026-09-03,14:05,386301
2026-09-03,14:10,187218
2026-09-03,14:15,390712
2026-09-03,14:20,208865
2026-09-03,14:25,163178
2026-09-03,14:30,200435
2026-09-03,14:35,241823
2026-09-03,14:40,217196
2026-09-03,14:45,225737
2026-09-03,14:50,274984
2026-09-03,14:55,332034
2026-09-03,15:00,569241
2026-09-03,15:05,383697
2026-09-03,15:10,246635
2026-09-03,15:15,334128
2026-09-03,15:20,793525
2026-09-03,15:25,446759
2026-09-03,15:30,765286
2026-09-03,15:35,424468
2026-09-03,15:40,772818
2026-09-03,15:45,793691
2026-09-03,15:50,942875
2026-09-03,15:55,3714208
2026-09-04,09:30,2320462
2026-09-04,09:35,461007
2026-09-04,09:40,744330
2026-09-04,09:45,488907
2026-09-04,09:50,425739
2026-09-04,09:55,434785
2026-09-04,10:00,495033
2026-09-04,10:05,302228
2026-09-04,10:10,552988
2026-09-04,10:15,346972
2026-09-04,10:20,347613
2026-09-04,10:25,209779
2026-09-04,10:30,247223
2026-09-04,10:35,176748
2026-09-04,10:40,265491
2026-09-04,10:45,355108
2026-09-04,10:50,326746
2026-09-04,10:55,447607
2026-09-04,11:00,359925
2026-09-04,11:05,330518
2026-09-04,11:10,338139
2026-09-04,11:15,498148
2026-09-04,11:20,482387
2026-09-04,11:25,306137
2026-09-04,11:30,250511
2026-09-04,11:35,207379
2026-09-04,11:40,211426
2026-09-04,11:45,206011
2026-09-04,11:50,228700
2026-09-04,11:55,156009
2026-09-04,12:00,184128
2026-09-04,12:05,209465
2026-09-04,12:10,185912
2026-09-04,12:15,313217
2026-09-04,12:20,275973
2026-09-04,12:25,142972
2026-09-04,12:30,216009
2026-09-04,12:35,129825
2026-09-04,12:40,146231
2026-09-04,12:45,190173
2026-09-04,12:50,166851
2026-09-04,12:55,148980
2026-09-04,13:00,195504
2026-09-04,13:05,203464
2026-09-04,13:10,159752
2026-09-04,13:15,161796
2026-09-04,13:20,155159
2026-09-04,13:25,163518
2026-09-04,13:30,232672
2026-09-04,13:35,183720
2026-09-04,13:40,223426
2026-09-04,13:45,247062
2026-09-04,13:50,462630
2026-09-04,13:55,240046
2026-09-04,14:00,259734
2026-09-04,14:05,199670
2026-09-04,14:10,216126
2026-09-04,14:15,130021
2026-09-04,14:20,178324
2026-09-04,14:25,149608
2026-09-04,14:30,423547
2026-09-04,14:35,133087
2026-09-04,14:40,204947
2026-09-04,14:45,139905
2026-09-04,14:50,184309
2026-09-04,14:55,193194
2026-09-04,15:00,385979
2026-09-04,15:05,628252
2026-09-04,15:10,261089
2026-09-04,15:15,385942
2026-09-04,15:20,366945
2026-09-04,15:25,417107
2026-09-04,15:30,309117
2026-09-04,15:35,589058
2026-09-04,15:40,557561
2026-09-04,15:45,620026
2026-09-04,15:50,809057
2026-09-04,15:55,2998905
2026-09-08,09:30,2234251
2026-09-08,09:35,495132
2026-09-08,09:40,588050
2026-09-08,09:45,789904
2026-09-08,09:50,662823
2026-09-08,09:55,472362
2026-09-08,10:00,459341
2026-09-08,10:05,435467
2026-09-08,10:10,505895
2026-09-08,10:15,580319
2026-09-08,10:20,601233
2026-09-08,10:25,288926
2026-09-08,10:30,284680
2026-09-08,10:35,336865
2026-09-08,10:40,211263
2026-09-08,10:45,197440
2026-09-08,10:50,331391
2026-09-08,10:55,255375
2026-09-08,11:00,218496
2026-09-08,11:05,204706
2026-09-08,11:10,408665
2026-09-08,11:15,288265
2026-09-08,11:20,340333
2026-09-08,11:25,713177
2026-09-08,11:30,273459
2026-09-08,11:35,228802
2026-09-08,11:40,201733
2026-09-08,11:45,321756
2026-09-08,11:50,399772
2026-09-08,11:55,303327
2026-09-08,12:00,535808
2026-09-08,12:05,136517
2026-09-08,12:10,231640
2026-09-08,12:15,311809
2026-09-08,12:20,292911
2026-09-08,12:25,171878
2026-09-08,12:30,273954
2026-09-08,12:35,145241
2026-09-08,12:40,154919
2026-09-08,12:45,186806
2026-09-08,12:50,232878
2026-09-08,12:55,826900
2026-09-08,13:00,200642
2026-09-08,13:05,237571
2026-09-08,13:10,149182
2026-09-08,13:15,195500
2026-09-08,13:20,141823
2026-09-08,13:25,134179
2026-09-08,13:30,164330
2026-09-08,13:35,245812
2026-09-08,13:40,216439
2026-09-08,13:45,259716
2026-09-08,13:50,185590
2026-09-08,13:55,145649
2026-09-08,14:00,211316
2026-09-08,14:05,221605
2026-09-08,14:10,184101
2026-09-08,14:15,179786
2026-09-08,14:20,188283
2026-09-08,14:25,178343
2026-09-08,14:30,168947
2026-09-08,14:35,221348
2026-09-08,14:40,198628
2026-09-08,14:45,850175
2026-09-08,14:50,840808
2026-09-08,14:55,323560
2026-09-08,15:00,281507
2026-09-08,15:05,183294
2026-09-08,15:10,371685
2026-09-08,15:15,327761
2026-09-08,15:20,414412
2026-09-08,15:25,339686
2026-09-08,15:30,452310
2026-09-08,15:35,472835
2026-09-08,15:40,714200
2026-09-08,15:45,714029
2026-09-08,15:50,1757909
2026-09-08,15:55,3928473
2026-09-09,09:30,1528226
2026-09-09,09:35,510819
2026-09-09,09:40,261008
2026-09-09,09:45,466114
2026-09-09,09:50,314399
2026-09-09,09:55,247683
2026-09-09,10:00,322423
2026-09-09,10:05,286557
2026-09-09,10:10,287288
2026-09-09,10:15,479030
2026-09-09,10:20,523999
2026-09-09,10:25,493929
2026-09-09,10:30,254961
2026-09-09,10:35,282439
2026-09-09,10:40,157614
2026-09-09,10:45,112604
2026-09-09,10:50,150881
2026-09-09,10:55,150988
2026-09-09,11:00,564768
2026-09-09,11:05,466396
2026-09-09,11:10,618359
2026-09-09,11:15,434599
2026-09-09,11:20,406933
2026-09-09,11:25,420870
2026-09-09,11:30,695993
2026-09-09,11:35,310344
2026-09-09,11:40,415793
2026-09-09,11:45,133563
2026-09-09,11:50,159786
2026-09-09,11:55,226597
2026-09-09,12:00,185090
2026-09-09,12:05,296852
2026-09-09,12:10,204389
2026-09-09,12:15,146801
2026-09-09,12:20,205313
2026-09-09,12:25,157041
2026-09-09,12:30,420127
2026-09-09,12:35,197503
2026-09-09,12:40,146309
2026-09-09,12:45,139716
2026-09-09,12:50,238661
2026-09-09,12:55,93496
2026-09-09,13:00,276679
2026-09-09,13:05,245444
2026-09-09,13:10,203272
2026-09-09,13:15,222962
2026-09-09,13:20,132228
2026-09-09,13:25,148209
2026-09-09,13:30,154173
2026-09-09,13:35,110526
2026-09-09,13:40,106650
2026-09-09,13:45,160958
2026-09-09,13:50,144408
2026-09-09,13:55,111456
2026-09-09,14:00,172515
2026-09-09,14:05,221438
2026-09-09,14:10,417762
2026-09-09,14:15,449614
2026-09-09,14:20,123298
2026-09-09,14:25,222033
2026-09-09,14:30,165114
2026-09-09,14:35,109094
2026-09-09,14:40,161685
2026-09-09,14:45,172106
2026-09-09,14:50,180294
2026-09-09,14:55,174577
2026-09-09,15:00,286844
2026-09-09,15:05,354565
2026-09-09,15:10,600146
2026-09-09,15:15,272317
2026-09-09,15:20,374906
2026-09-09,15:25,244897
2026-09-09,15:30,323748
2026-09-09,15:35,367055
2026-09-09,15:40,497079
2026-09-09,15:45,620927
2026-09-09,15:50,1156206
2026-09-09,15:55,4415251
2026-09-10,09:30,3091654
2026-09-10,09:35,546462
2026-09-10,09:40,922645
2026-09-10,09:45,1958780
2026-09-10,09:50,822530
2026-09-10,09:55,813561
2026-09-10,10:00,765413
2026-09-10,10:05,814897
2026-09-10,10:10,598746
2026-09-10,10:15,393903
2026-09-10,10:20,1324122
2026-09-10,10:25,1036400
2026-09-10,10:30,444910
2026-09-10,10:35,398360
2026-09-10,10:40,451963
2026-09-10,10:45,463779
2026-09-10,10:50,329988
2026-09-10,10:55,841893
2026-09-10,11:00,507133
2026-09-10,11:05,423314
2026-09-10,11:10,254160
2026-09-10,11:15,321166
2026-09-10,11:20,940536
2026-09-10,11:25,204033
2026-09-10,11:30,238896
2026-09-10,11:35,434782
2026-09-10,11:40,170467
2026-09-10,11:45,311284
2026-09-10,11:50,311200
2026-09-10,11:55,314824
2026-09-10,12:00,459360
2026-09-10,12:05,199982
2026-09-10,12:10,351837
2026-09-10,12:15,200431
2026-09-10,12:20,155791
2026-09-10,12:25,189444
2026-09-10,12:30,560864
2026-09-10,12:35,233990
2026-09-10,12:40,174927
2026-09-10,12:45,338907
2026-09-10,12:50,255445
2026-09-10,12:55,344828
2026-09-10,13:00,461261
2026-09-10,13:05,164211
2026-09-10,13:10,241450
2026-09-10,13:15,93713
2026-09-10,13:20,143875
2026-09-10,13:25,287214
2026-09-10,13:30,171278
2026-09-10,13:35,175589
2026-09-10,13:40,254469
2026-09-10,13:45,87430
2026-09-10,13:50,142499
2026-09-10,13:55,220083
2026-09-10,14:00,297048
2026-09-10,14:05,243787
2026-09-10,14:10,278292
2026-09-10,14:15,214756
2026-09-10,14:20,355815
2026-09-10,14:25,226822
2026-09-10,14:30,246687
2026-09-10,14:35,157185
2026-09-10,14:40,165644
2026-09-10,14:45,237906
2026-09-10,14:50,574101
2026-09-10,14:55,207139
2026-09-10,15:00,341448
2026-09-10,15:05,394179
2026-09-10,15:10,404593
2026-09-10,15:15,419344
2026-09-10,15:20,454711
2026-09-10,15:25,567088
2026-09-10,15:30,461172
2026-09-10,15:35,314857
2026-09-10,15:40,819948
2026-09-10,15:45,832936
2026-09-10,15:50,1068297
2026-09-10,15:55,2980952
2026-09-11,09:30,4205683
2026-09-11,09:35,769423
2026-09-11,09:40,829435
2026-09-11,09:45,762224
2026-09-11,09:50,443437
2026-09-11,09:55,445940
2026-09-11,10:00,542787
2026-09-11,10:05,372761
2026-09-11,10:10,405671
2026-09-11,10:15,488857
2026-09-11,10:20,343584
2026-09-11,10:25,286702
2026-09-11,10:30,429465
2026-09-11,10:35,546936
2026-09-11,10:40,407838
2026-09-11,10:45,754627
2026-09-11,10:50,280128
2026-09-11,10:55,773529
2026-09-11,11:00,194568
2026-09-11,11:05,261249
2026-09-11,11:10,252479
2026-09-11,11:15,273070
2026-09-11,11:20,189265
2026-09-11,11:25,287743
2026-09-11,11:30,168884
2026-09-11,11:35,686844
2026-09-11,11:40,204618
2026-09-11,11:45,198972
2026-09-11,11:50,390945
2026-09-11,11:55,234935
2026-09-11,12:00,1518720
2026-09-11,12:05,308945
2026-09-11,12:10,142257
2026-09-11,12:15,160955
2026-09-11,12:20,210740
2026-09-11,12:25,329045
2026-09-11,12:30,300257
2026-09-11,12:35,358442
2026-09-11,12:40,230372
2026-09-11,12:45,157822
2026-09-11,12:50,501051
2026-09-11,12:55,500841
2026-09-11,13:00,1361794
2026-09-11,13:05,159685
2026-09-11,13:10,183128
2026-09-11,13:15,262400
2026-09-11,13:20,208368
2026-09-11,13:25,269591
2026-09-11,13:30,172407
2026-09-11,13:35,454293
2026-09-11,13:40,406972
2026-09-11,13:45,349285
2026-09-11,13:50,160600
2026-09-11,13:55,164816
2026-09-11,14:00,237769
2026-09-11,14:05,189779
2026-09-11,14:10,251917
2026-09-11,14:15,273300
2026-09-11,14:20,593144
2026-09-11,14:25,461589
2026-09-11,14:30,212652
2026-09-11,14:35,127680
2026-09-11,14:40,378014
2026-09-11,14:45,240617
2026-09-11,14:50,299921
2026-09-11,14:55,311427
2026-09-11,15:00,428806
2026-09-11,15:05,511995
2026-09-11,15:10,475037
2026-09-11,15:15,225774
2026-09-11,15:20,371497
2026-09-11,15:25,482925
2026-09-11,15:30,510203
2026-09-11,15:35,459681
2026-09-11,15:40,640436
2026-09-11,15:45,1015795
2026-09-11,15:50,1537156
2026-09-11,15:55,4353192
2026-09-14,09:30,2425368
2026-09-14,09:35,617747
2026-09-14,09:40,490763
2026-09-14,09:45,550712
2026-09-14,09:50,447456
2026-09-14,09:55,457216
2026-09-14,10:00,457179
2026-09-14,10:05,458914
2026-09-14,10:10,388199
2026-09-14,10:15,316861
2026-09-14,10:20,667645
2026-09-14,10:25,613192
2026-09-14,10:30,390303
2026-09-14,10:35,398387
2026-09-14,10:40,407536
2026-09-14,10:45,324806
2026-09-14,10:50,436256
2026-09-14,10:55,486267
2026-09-14,11:00,247181
2026-09-14,11:05,1247075
2026-09-14,11:10,241672
2026-09-14,11:15,255926
2026-09-14,11:20,241692
2026-09-14,11:25,258921
2026-09-14,11:30,962916
2026-09-14,11:35,628639
2026-09-14,11:40,632695
2026-09-14,11:45,404994
2026-09-14,11:50,346092
2026-09-14,11:55,235656
2026-09-14,12:00,209530
2026-09-14,12:05,187834
2026-09-14,12:10,162707
2026-09-14,12:15,319007
2026-09-14,12:20,254832
2026-09-14,12:25,273563
2026-09-14,12:30,280539
2026-09-14,12:35,157961
2026-09-14,12:40,143809
2026-09-14,12:45,605816
2026-09-14,12:50,254748
2026-09-14,12:55,291218
2026-09-14,13:00,200411
2026-09-14,13:05,185673
2026-09-14,13:10,349782
2026-09-14,13:15,175150
2026-09-14,13:20,131624
2026-09-14,13:25,143667
2026-09-14,13:30,176537
2026-09-14,13:35,216462
2026-09-14,13:40,281589
2026-09-14,13:45,182983
2026-09-14,13:50,175566
2026-09-14,13:55,184587
2026-09-14,14:00,1056284
2026-09-14,14:05,313661
2026-09-14,14:10,147010
2026-09-14,14:15,118110
2026-09-14,14:20,277152
2026-09-14,14:25,292809
2026-09-14,14:30,192009
2026-09-14,14:35,158181
2026-09-14,14:40,278640
2026-09-14,14:45,311517
2026-09-14,14:50,4909895
2026-09-14,14:55,302336
2026-09-14,15:00,365228
2026-09-14,15:05,269220
2026-09-14,15:10,325500
2026-09-14,15:15,280779
2026-09-14,15:20,1419679
2026-09-14,15:25,221021
2026-09-14,15:30,336536
2026-09-14,15:35,388332
2026-09-14,15:40,484226
2026-09-14,15:45,901672
2026-09-14,15:50,1059247
2026-09-14,15:55,3592827
2026-09-15,09:30,1766259
2026-09-15,09:35,445082
2026-09-15,09:40,323265
2026-09-15,09:45,399546
2026-09-15,09:50,344390
2026-09-15,09:55,225769
2026-09-15,10:00,369444
2026-09-15,10:05,1309203
2026-09-15,10:10,593055
2026-09-15,10:15,388983
2026-09-15,10:20,460516
2026-09-15,10:25,272287
2026-09-15,10:30,542394
2026-09-15,10:35,502250
2026-09-15,10:40,330206
2026-09-15,10:45,377182
2026-09-15,10:50,985094
2026-09-15,10:55,443115
2026-09-15,11:00,325099
2026-09-15,11:05,337258
2026-09-15,11:10,436788
2026-09-15,11:15,553762
2026-09-15,11:20,293243
2026-09-15,11:25,224242
2026-09-15,11:30,408689
2026-09-15,11:35,192302
2026-09-15,11:40,381439
2026-09-15,11:45,137069
2026-09-15,11:50,503794
2026-09-15,11:55,317750
2026-09-15,12:00,183657
2026-09-15,12:05,253588
2026-09-15,12:10,168102
2026-09-15,12:15,201479
2026-09-15,12:20,210041
2026-09-15,12:25,198188
2026-09-15,12:30,858791
2026-09-15,12:35,103668
2026-09-15,12:40,113361
2026-09-15,12:45,171720
2026-09-15,12:50,229184
2026-09-15,12:55,216808
2026-09-15,13:00,315434
2026-09-15,13:05,312112
2026-09-15,13:10,126249
2026-09-15,13:15,165845
2026-09-15,13:20,183140
2026-09-15,13:25,175692
2026-09-15,13:30,236720
2026-09-15,13:35,129339
2026-09-15,13:40,169440
2026-09-15,13:45,109375
2026-09-15,13:50,93265
2026-09-15,13:55,104746
2026-09-15,14:00,401207
2026-09-15,14:05,147877
2026-09-15,14:10,165759
2026-09-15,14:15,221510
2026-09-15,14:20,162811
2026-09-15,14:25,141779
2026-09-15,14:30,4683922
2026-09-15,14:35,642216
2026-09-15,14:40,1453348
2026-09-15,14:45,394530
2026-09-15,14:50,346662
2026-09-15,14:55,300970
2026-09-15,15:00,332120
2026-09-15,15:05,164949
2026-09-15,15:10,232514
2026-09-15,15:15,482212
2026-09-15,15:20,227695
2026-09-15,15:25,277041
2026-09-15,15:30,474490
2026-09-15,15:35,1018434
2026-09-15,15:40,570086
2026-09-15,15:45,1075372
2026-09-15,15:50,970967
2026-09-15,15:55,2522995
2026-09-16,09:30,1391527
2026-09-16,09:35,715762
2026-09-16,09:40,584456
2026-09-16,09:45,645084
2026-09-16,09:50,338155
2026-09-16,09:55,328381
2026-09-16,10:00,349657
2026-09-16,10:05,369867
2026-09-16,10:10,466763
2026-09-16,10:15,206768
2026-09-16,10:20,341334
2026-09-16,10:25,150442
2026-09-16,10:30,270587
2026-09-16,10:35,266470
2026-09-16,10:40,246421
2026-09-16,10:45,226024
2026-09-16,10:50,168133
2026-09-16,10:55,213192
2026-09-16,11:00,460498
2026-09-16,11:05,391450
2026-09-16,11:10,670681
2026-09-16,11:15,757493
2026-09-16,11:20,356425
2026-09-16,11:25,175817
2026-09-16,11:30,201215
2026-09-16,11:35,190363
2026-09-16,11:40,339309
2026-09-16,11:45,413337
2026-09-16,11:50,211304
2026-09-16,11:55,176949
2026-09-16,12:00,204554
2026-09-16,12:05,110231
2026-09-16,12:10,373636
2026-09-16,12:15,144332
2026-09-16,12:20,278696
2026-09-16,12:25,406955
2026-09-16,12:30,136479
2026-09-16,12:35,116571
2026-09-16,12:40,225911
2026-09-16,12:45,154026
2026-09-16,12:50,113003
2026-09-16,12:55,161252
2026-09-16,13:00,294844
2026-09-16,13:05,233028
2026-09-16,13:10,242043
2026-09-16,13:15,149008
2026-09-16,13:20,243854
2026-09-16,13:25,109475
2026-09-16,13:30,310508
2026-09-16,13:35,135403
2026-09-16,13:40,166861
2026-09-16,13:45,175309
2026-09-16,13:50,190243
2026-09-16,13:55,244780
2026-09-16,14:00,1803727
2026-09-16,14:05,787000
2026-09-16,14:10,517198
2026-09-16,14:15,283888
2026-09-16,14:20,239455
2026-09-16,14:25,443684
2026-09-16,14:30,915645
2026-09-16,14:35,1864326
2026-09-16,14:40,967779
2026-09-16,14:45,702872
2026-09-16,14:50,1091942
2026-09-16,14:55,1283563
2026-09-16,15:00,1599361
2026-09-16,15:05,1039449
2026-09-16,15:10,1679548
2026-09-16,15:15,1860934
2026-09-16,15:20,1758519
2026-09-16,15:25,1667443
2026-09-16,15:30,1606304
2026-09-16,15:35,1295713
2026-09-16,15:40,1597146
2026-09-16,15:45,2400160
2026-09-16,15:50,1896297
2026-09-16,15:55,4148308
2026-09-17,09:30,3515147
2026-09-17,09:35,968485
2026-09-17,09:40,614507
2026-09-17,09:45,1047493
2026-09-17,09:50,625996
2026-09-17,09:55,300488
2026-09-17,10:00,608076
2026-09-17,10:05,482159
2026-09-17,10:10,610023
2026-09-17,10:15,484662
2026-09-17,10:20,490892
2026-09-17,10:25,584871
2026-09-17,10:30,522720
2026-09-17,10:35,316537
2026-09-17,10:40,298049
2026-09-17,10:45,546005
2026-09-17,10:50,342764
2026-09-17,10:55,394055
2026-09-17,11:00,364979
2026-09-17,11:05,820112
2026-09-17,11:10,186568
2026-09-17,11:15,267834
2026-09-17,11:20,199427
2026-09-17,11:25,342459
2026-09-17,11:30,233126
2026-09-17,11:35,225972
2026-09-17,11:40,341874
2026-09-17,11:45,489394
2026-09-17,11:50,233750
2026-09-17,11:55,172695
2026-09-17,12:00,145194
2026-09-17,12:05,296146
2026-09-17,12:10,176613
2026-09-17,12:15,421441
2026-09-17,12:20,161779
2026-09-17,12:25,274693
2026-09-17,12:30,217095
2026-09-17,12:35,193095
2026-09-17,12:40,189242
2026-09-17,12:45,145688
2026-09-17,12:50,155674
2026-09-17,12:55,423421
2026-09-17,13:00,177102
2026-09-17,13:05,157988
2026-09-17,13:10,447016
2026-09-17,13:15,186563
2026-09-17,13:20,324080
2026-09-17,13:25,169003
2026-09-17,13:30,164450
2026-09-17,13:35,131286
2026-09-17,13:40,160296
2026-09-17,13:45,148154
2026-09-17,13:50,151263
2026-09-17,13:55,236278
2026-09-17,14:00,308984
2026-09-17,14:05,234513
2026-09-17,14:10,315555
2026-09-17,14:15,269415
2026-09-17,14:20,393178
2026-09-17,14:25,185662
2026-09-17,14:30,317795
2026-09-17,14:35,328013
2026-09-17,14:40,209596
2026-09-17,14:45,315476
2026-09-17,14:50,255499
2026-09-17,14:55,144948
2026-09-17,15:00,346814
2026-09-17,15:05,341777
2026-09-17,15:10,270490
2026-09-17,15:15,609528
2026-09-17,15:20,610505
2026-09-17,15:25,438644
2026-09-17,15:30,467682
2026-09-17,15:35,748224
2026-09-17,15:40,984860
2026-09-17,15:45,1598909
2026-09-17,15:50,1993886
2026-09-17,15:55,3030287
2026-09-17,16:00,0
