date,close
2002-07-30,81.5200
2002-07-31,82.5300
2002-08-01,83.0000
2002-08-02,83.8500
2002-08-05,84.2200
2002-08-06,83.5000
2002-08-07,83.7000
2002-08-08,83.7000
2002-08-09,84.8800
2002-08-12,85.4000
2002-08-13,86.4500
2002-08-14,86.7800
2002-08-15,86.0200
2002-08-16,85.0600
2002-08-19,85.3200
2002-08-20,86.2700
2002-08-21,85.8100
2002-08-22,85.0600
2002-08-23,85.9000
2002-08-26,85.9800
2002-08-27,85.4400
2002-08-28,85.8700
2002-08-29,86.5600
2002-08-30,87.0800
2002-09-03,88.0400
2002-09-04,88.0200
2002-09-05,88.5000
2002-09-06,87.4600
2002-09-09,87.3300
2002-09-10,87.7500
2002-09-11,87.2900
2002-09-12,87.9700
2002-09-13,88.7800
2002-09-16,88.9300
2002-09-17,89.1000
2002-09-18,89.1200
2002-09-19,89.7200
2002-09-20,89.3000
2002-09-23,90.1000
2002-09-24,90.6800
2002-09-25,89.5800
2002-09-26,89.3700
2002-09-27,90.0400
2002-09-30,90.4000
2002-10-01,88.9400
2002-10-02,89.4500
2002-10-03,89.2300
2002-10-04,89.5100
2002-10-07,89.6600
2002-10-08,89.6900
2002-10-09,90.1500
2002-10-10,89.4400
2002-10-11,88.3800
2002-10-14,88.2500
2002-10-15,86.1600
2002-10-16,86.2000
2002-10-17,85.1500
2002-10-18,85.3700
2002-10-21,84.5400
2002-10-22,84.3000
2002-10-23,84.3300
2002-10-24,85.0700
2002-10-25,85.3800
2002-10-28,85.2600
2002-10-29,86.3700
2002-10-30,86.3400
2002-10-31,86.7300
2002-11-01,85.9800
2002-11-04,85.6000
2002-11-05,85.2700
2002-11-06,85.6100
2002-11-07,87.7300
2002-11-08,88.4400
2002-11-11,88.9200
2002-11-12,88.4100
2002-11-13,88.6000
2002-11-14,86.7600
2002-11-15,87.1100
2002-11-18,87.5000
2002-11-19,87.8200
2002-11-20,86.9600
2002-11-21,86.1200
2002-11-22,86.0400
2002-11-25,85.8800
2002-11-26,86.9600
2002-11-27,85.0000
2002-11-29,85.5500
2002-12-02,85.2400
2002-12-03,85.3600
2002-12-04,85.8000
2002-12-05,86.0200
2002-12-06,86.1700
2002-12-09,86.6500
2002-12-10,86.8800
2002-12-11,87.4600
2002-12-12,87.3800
2002-12-13,86.5300
2002-12-16,85.8800
2002-12-17,85.8800
2002-12-18,86.5500
2002-12-19,87.3200
2002-12-20,87.3800
2002-12-23,87.4000
2002-12-24,87.8900
2002-12-26,88.0600
2002-12-27,89.0300
2002-12-30,89.2400
2002-12-31,88.5700
2003-01-02,86.2800
2003-01-03,86.4800
2003-01-06,86.2500
2003-01-07,86.5600
2003-01-08,86.9900
2003-01-09,85.3200
2003-01-10,85.5400
2003-01-13,85.6800
2003-01-14,85.9800
2003-01-15,86.4000
2003-01-16,86.5200
2003-01-17,86.9500
2003-01-21,87.4500
2003-01-22,87.8800
2003-01-23,87.4500
2003-01-24,87.9700
2003-01-27,87.6500
2003-01-28,87.6500
2003-01-29,87.1700
2003-01-30,87.8200
2003-01-31,88.0600
2003-02-03,87.8800
2003-02-04,88.2700
2003-02-05,87.5100
2003-02-06,88.2200
2003-02-07,88.4200
2003-02-10,87.8000
2003-02-11,87.7800
2003-02-12,88.0900
2003-02-13,88.5700
2003-02-14,87.8100
2003-02-18,87.9200
2003-02-19,88.5200
2003-02-20,88.8200
2003-02-21,88.3000
2003-02-24,88.7200
2003-02-25,89.1300
2003-02-26,89.7500
2003-02-27,89.9000
2003-02-28,90.4700
2003-03-03,90.2400
2003-03-04,90.3000
2003-03-05,90.6000
2003-03-06,90.2500
2003-03-07,90.5600
2003-03-10,91.0300
2003-03-11,90.8700
2003-03-12,91.2000
2003-03-13,89.5200
2003-03-14,89.9600
2003-03-17,88.8800
2003-03-18,88.0400
2003-03-19,87.3900
2003-03-20,87.2500
2003-03-21,86.0500
2003-03-24,87.4100
2003-03-25,87.3100
2003-03-26,87.4900
2003-03-27,87.5500
2003-03-28,87.7500
2003-03-31,88.9000
2003-04-01,88.2700
2003-04-02,87.3500
2003-04-03,87.3000
2003-04-04,87.0500
2003-04-07,86.8500
2003-04-08,87.5500
2003-04-09,87.8100
2003-04-10,87.4000
2003-04-11,87.2600
2003-04-14,87.0200
2003-04-15,87.4900
2003-04-16,87.8500
2003-04-17,87.9900
2003-04-21,87.8000
2003-04-22,87.7500
2003-04-23,87.9300
2003-04-24,88.7200
2003-04-25,88.9200
2003-04-28,88.7800
2003-04-29,88.6300
2003-04-30,89.4500
2003-05-01,89.0200
2003-05-02,88.3200
2003-05-05,88.7900
2003-05-06,89.2300
2003-05-07,90.2700
2003-05-08,90.4900
2003-05-09,90.5800
2003-05-12,91.1500
2003-05-13,91.3500
2003-05-14,92.7500
2003-05-15,93.0400
2003-05-16,93.7200
2003-05-19,93.4000
2003-05-20,94.7800
2003-05-21,94.7700
2003-05-22,95.6100
2003-05-23,95.8500
2003-05-27,94.1200
2003-05-28,93.9600
2003-05-29,94.7800
2003-05-30,94.6000
2003-06-02,93.5100
2003-06-03,94.2600
2003-06-04,94.5400
2003-06-05,93.8000
2003-06-06,94.1400
2003-06-09,94.7700
2003-06-10,95.9000
2003-06-11,95.7800
2003-06-12,96.5300
2003-06-13,97.1800
2003-06-16,96.2600
2003-06-17,95.5000
2003-06-18,94.2800
2003-06-19,94.1000
2003-06-20,93.7500
2003-06-23,94.3100
2003-06-24,95.1800
2003-06-25,93.6600
2003-06-26,92.4000
2003-06-27,92.0700
2003-06-30,92.5000
2003-07-01,91.6900
2003-07-02,91.9200
2003-07-03,90.6000
2003-07-07,90.0200
2003-07-08,90.1000
2003-07-09,90.3900
2003-07-10,90.3600
2003-07-11,90.7900
2003-07-14,89.7500
2003-07-15,87.6500
2003-07-16,88.1500
2003-07-17,87.8800
2003-07-18,87.7000
2003-07-21,85.8400
2003-07-22,86.2600
2003-07-23,86.5500
2003-07-24,85.7900
2003-07-25,85.5600
2003-07-28,84.4100
2003-07-29,83.2600
2003-07-30,84.2000
2003-07-31,82.9500
2003-08-01,82.5100
2003-08-04,83.2200
2003-08-05,82.0300
2003-08-06,83.6500
2003-08-07,84.0000
2003-08-08,83.6600
2003-08-11,83.2400
2003-08-12,82.8500
2003-08-13,81.2500
2003-08-14,82.0500
2003-08-15,82.0000
2003-08-18,82.3800
2003-08-19,83.6500
2003-08-20,83.2000
2003-08-21,83.0000
2003-08-22,83.3700
2003-08-25,82.7200
2003-08-26,83.3700
2003-08-27,82.9900
2003-08-28,83.8500
2003-08-29,83.6500
2003-09-02,82.0600
2003-09-03,82.1900
2003-09-04,82.6500
2003-09-05,84.0700
2003-09-08,83.2000
2003-09-09,83.8000
2003-09-10,84.6500
2003-09-11,84.1000
2003-09-12,84.6800
2003-09-15,84.5500
2003-09-16,84.4200
2003-09-17,85.4700
2003-09-18,85.5300
2003-09-19,85.6300
2003-09-22,84.9500
2003-09-23,85.5300
2003-09-24,86.2700
2003-09-25,86.7000
2003-09-26,87.4800
2003-09-29,86.7800
2003-09-30,88.2200
2003-10-01,87.5200
2003-10-02,87.1200
2003-10-03,85.2900
2003-10-06,85.6600
2003-10-07,84.6700
2003-10-08,84.6500
2003-10-09,84.0500
2003-10-10,84.5500
2003-10-13,84.2200
2003-10-14,83.6400
2003-10-15,83.2300
2003-10-16,82.9000
2003-10-17,83.5400
2003-10-20,83.8200
2003-10-21,84.1300
2003-10-22,84.9500
2003-10-23,84.3300
2003-10-24,85.2700
2003-10-27,85.1000
2003-10-28,85.5500
2003-10-29,84.7800
2003-10-30,84.4000
2003-10-31,85.1900
2003-11-03,84.4400
2003-11-04,84.9200
2003-11-05,84.3400
2003-11-06,83.5500
2003-11-07,83.5000
2003-11-10,83.4300
2003-11-11,83.4400
2003-11-12,84.0500
2003-11-13,85.3500
2003-11-14,85.9200
2003-11-17,86.0500
2003-11-18,86.5800
2003-11-19,85.6200
2003-11-20,86.4500
2003-11-21,86.5000
2003-11-24,85.7900
2003-11-25,86.2600
2003-11-26,85.9100
2003-11-28,85.1300
2003-12-01,84.2400
2003-12-02,84.6000
2003-12-03,84.2600
2003-12-04,84.4500
2003-12-05,85.8000
2003-12-08,85.2000
2003-12-09,84.6000
2003-12-10,84.7400
2003-12-11,85.3500
2003-12-12,85.5100
2003-12-15,85.4600
2003-12-16,85.7400
2003-12-17,86.3200
2003-12-18,87.1000
2003-12-19,87.0700
2003-12-22,86.8300
2003-12-23,85.8500
2003-12-24,86.6600
2003-12-26,86.9800
2003-12-29,86.2000
2003-12-30,85.8500
2003-12-31,85.4500
2004-01-02,84.4400
2004-01-05,84.2200
2004-01-06,85.1500
2004-01-07,85.4900
2004-01-08,85.4600
2004-01-09,86.9500
2004-01-12,86.8800
2004-01-13,87.4700
2004-01-14,87.9000
2004-01-15,88.2300
2004-01-16,87.6100
2004-01-20,87.5900
2004-01-21,87.8000
2004-01-22,88.4400
2004-01-23,87.3800
2004-01-26,86.8500
2004-01-27,87.3900
2004-01-28,86.6200
2004-01-29,86.4400
2004-01-30,87.0400
2004-02-02,86.5000
2004-02-03,86.9400
2004-02-04,86.7700
2004-02-05,86.4300
2004-02-06,87.3800
2004-02-09,87.6400
2004-02-10,87.1500
2004-02-11,87.8000
2004-02-12,87.4300
2004-02-13,87.8000
2004-02-17,87.7400
2004-02-18,87.8600
2004-02-19,87.9500
2004-02-20,87.3400
2004-02-23,87.8800
2004-02-24,88.0400
2004-02-25,88.1800
2004-02-26,87.9000
2004-02-27,88.6600
2004-03-01,88.2700
2004-03-02,87.7100
2004-03-03,87.5500
2004-03-04,87.9400
2004-03-05,89.6400
2004-03-08,90.1700
2004-03-09,90.7700
2004-03-10,90.7100
2004-03-11,90.8400
2004-03-12,90.2800
2004-03-15,90.4300
2004-03-16,91.1800
2004-03-17,91.0300
2004-03-18,90.5500
2004-03-19,90.4300
2004-03-22,90.9800
2004-03-23,91.1400
2004-03-24,91.0900
2004-03-25,90.7400
2004-03-26,89.7800
2004-03-29,89.1800
2004-03-30,89.1200
2004-03-31,89.5500
2004-04-01,88.9100
2004-04-02,86.7100
2004-04-05,86.0300
2004-04-06,86.5000
2004-04-07,86.3000
2004-04-08,86.0500
2004-04-12,85.7400
2004-04-13,84.8100
2004-04-14,84.7400
2004-04-15,84.2400
2004-04-16,84.5600
2004-04-19,84.3800
2004-04-20,83.6100
2004-04-21,84.0200
2004-04-22,84.5200
2004-04-23,84.0400
2004-04-26,84.1800
2004-04-27,84.5000
2004-04-28,83.7100
2004-04-29,83.3000
2004-04-30,83.6400
2004-05-03,83.4200
2004-05-04,82.8500
2004-05-05,82.6200
2004-05-06,82.4000
2004-05-07,81.3200
2004-05-10,81.1300
2004-05-11,81.5000
2004-05-12,80.9600
2004-05-13,80.6500
2004-05-14,81.3100
2004-05-17,82.0300
2004-05-18,81.7100
2004-05-19,81.4400
2004-05-20,82.0700
2004-05-21,81.7400
2004-05-24,82.0000
2004-05-25,82.2400
2004-05-26,82.6800
2004-05-27,83.3300
2004-05-28,83.1000
2004-06-01,82.0200
2004-06-02,81.8100
2004-06-03,81.9800
2004-06-04,81.5000
2004-06-07,81.5200
2004-06-08,81.6700
2004-06-09,81.3200
2004-06-10,81.4800
2004-06-14,80.8300
2004-06-15,82.5400
2004-06-16,82.2200
2004-06-17,82.7600
2004-06-18,82.5800
2004-06-21,82.6400
2004-06-22,82.3900
2004-06-23,82.5500
2004-06-24,83.0500
2004-06-25,83.1300
2004-06-28,82.2800
2004-06-29,82.8000
2004-06-30,83.6500
2004-07-01,83.4700
2004-07-02,84.3500
2004-07-06,84.2100
2004-07-07,84.2400
2004-07-08,84.2900
2004-07-09,84.3800
2004-07-12,84.5000
2004-07-13,84.2500
2004-07-14,84.2800
2004-07-15,84.3700
2004-07-16,85.4900
2004-07-19,85.5500
2004-07-20,84.7800
2004-07-21,84.5500
2004-07-22,84.6700
2004-07-23,84.9500
2004-07-26,84.5500
2004-07-27,83.4100
2004-07-28,83.4200
2004-07-29,83.6100
2004-07-30,84.5900
2004-08-02,84.3700
2004-08-03,84.7100
2004-08-04,84.7500
2004-08-05,84.9900
2004-08-06,86.4200
2004-08-09,86.1200
2004-08-10,85.8100
2004-08-11,86.1800
2004-08-12,86.3600
2004-08-13,86.6400
2004-08-16,86.3400
2004-08-17,86.8300
2004-08-18,86.4100
2004-08-19,86.6200
2004-08-20,86.5400
2004-08-23,86.0400
2004-08-24,86.0900
2004-08-25,86.3900
2004-08-26,86.8800
2004-08-27,86.8200
2004-08-30,87.2300
2004-08-31,87.7700
2004-09-01,87.5100
2004-09-02,86.6500
2004-09-03,86.6600
2004-09-07,86.5700
2004-09-08,87.3000
2004-09-09,86.9700
2004-09-10,87.1000
2004-09-13,87.4800
2004-09-14,87.5700
2004-09-15,87.3700
2004-09-16,88.3600
2004-09-17,87.9200
2004-09-20,88.5000
2004-09-21,88.7600
2004-09-22,89.6800
2004-09-23,89.3200
2004-09-24,89.4300
2004-09-27,89.8200
2004-09-28,89.4600
2004-09-29,88.5900
2004-09-30,88.2500
2004-10-01,87.4500
2004-10-04,87.5800
2004-10-05,87.5800
2004-10-06,87.1800
2004-10-07,86.8000
2004-10-08,87.9500
2004-10-11,88.0400
2004-10-12,88.2400
2004-10-13,88.5600
2004-10-14,88.9800
2004-10-15,88.6700
2004-10-18,88.7100
2004-10-19,88.9400
2004-10-20,89.5500
2004-10-21,89.6100
2004-10-22,89.8200
2004-10-25,89.8900
2004-10-26,89.6200
2004-10-27,88.7400
2004-10-28,89.0300
2004-10-29,89.4400
2004-11-01,88.5200
2004-11-02,88.6500
2004-11-03,88.6900
2004-11-04,88.7800
2004-11-05,87.8100
2004-11-08,87.5000
2004-11-09,87.4500
2004-11-10,87.1200
2004-11-11,86.9300
2004-11-12,87.8700
2004-11-15,87.9500
2004-11-16,87.9500
2004-11-17,88.7000
2004-11-18,88.9700
2004-11-19,88.2600
2004-11-22,88.7200
2004-11-23,88.8300
2004-11-24,88.8300
2004-11-26,88.2500
2004-11-29,87.3100
2004-11-30,86.9400
2004-12-01,86.4500
2004-12-02,86.1000
2004-12-03,87.4400
2004-12-06,87.7400
2004-12-07,87.8500
2004-12-08,89.2200
2004-12-09,88.6300
2004-12-10,88.8500
2004-12-13,89.0400
2004-12-14,89.3900
2004-12-15,90.2000
2004-12-16,88.8700
2004-12-17,88.7500
2004-12-20,88.9100
2004-12-21,89.1800
2004-12-22,88.8800
2004-12-23,88.5900
2004-12-27,87.9000
2004-12-28,87.8300
2004-12-29,87.7400
2004-12-30,88.3300
2004-12-31,88.5500
2005-01-03,88.7400
2005-01-04,87.8100
2005-01-05,88.2800
2005-01-06,88.3400
2005-01-07,88.5400
2005-01-10,88.6800
2005-01-11,89.2000
2005-01-12,89.3200
2005-01-13,90.1800
2005-01-14,90.1700
2005-01-18,90.4700
2005-01-19,90.7300
2005-01-20,90.9100
2005-01-21,91.0100
2005-01-24,91.4000
2005-01-25,90.5400
2005-01-26,90.7100
2005-01-27,90.5400
2005-01-28,91.4500
2005-01-31,91.7100
2005-02-01,91.2200
2005-02-02,91.4300
2005-02-03,91.3800
2005-02-04,92.6500
2005-02-07,93.3400
2005-02-08,93.8700
2005-02-09,94.1200
2005-02-10,92.8500
2005-02-11,92.7900
2005-02-14,93.0800
2005-02-15,92.6100
2005-02-16,92.2600
2005-02-17,91.6800
2005-02-18,90.8600
2005-02-22,90.4600
2005-02-23,90.7600
2005-02-24,90.5600
2005-02-25,91.0000
2005-02-28,90.0200
2005-03-01,89.7100
2005-03-02,89.5900
2005-03-03,89.5400
2005-03-04,90.5100
2005-03-07,90.8700
2005-03-08,90.0100
2005-03-09,88.5400
2005-03-10,89.0800
2005-03-11,88.4300
2005-03-14,88.9600
2005-03-15,88.4000
2005-03-16,88.9400
2005-03-17,89.2300
2005-03-18,88.6700
2005-03-21,88.4200
2005-03-22,87.6700
2005-03-23,88.0900
2005-03-24,88.2700
2005-03-28,87.7300
2005-03-29,88.2500
2005-03-30,88.6900
2005-03-31,89.3300
2005-04-01,89.3000
2005-04-04,89.2800
2005-04-05,89.0500
2005-04-06,89.3600
2005-04-07,88.6400
2005-04-08,88.9500
2005-04-11,89.4300
2005-04-12,90.2600
2005-04-13,90.0400
2005-04-14,89.9000
2005-04-15,91.0900
2005-04-18,91.0200
2005-04-19,91.9000
2005-04-20,91.6700
2005-04-21,90.7100
2005-04-22,91.4700
2005-04-25,91.7400
2005-04-26,91.6000
2005-04-27,91.9200
2005-04-28,92.6000
2005-04-29,92.4400
2005-05-02,92.0900
2005-05-03,92.3400
2005-05-04,91.5300
2005-05-05,91.7400
2005-05-06,91.0600
2005-05-09,91.1500
2005-05-10,91.8000
2005-05-11,92.0800
2005-05-12,92.4400
2005-05-13,92.8000
2005-05-16,92.6900
2005-05-17,92.9500
2005-05-18,93.5700
2005-05-19,93.3300
2005-05-20,93.4400
2005-05-23,94.1700
2005-05-24,94.4300
2005-05-25,93.7700
2005-05-26,93.7400
2005-05-27,93.8400
2005-05-31,95.0000
2005-06-01,95.8100
2005-06-02,96.0400
2005-06-03,95.2500
2005-06-06,95.7500
2005-06-07,96.5100
2005-06-08,96.0500
2005-06-09,95.9700
2005-06-10,94.8900
2005-06-13,94.3200
2005-06-14,93.7000
2005-06-15,93.8700
2005-06-16,94.3400
2005-06-17,94.3300
2005-06-20,94.1700
2005-06-21,94.8600
2005-06-22,96.0100
2005-06-23,95.9100
2005-06-24,96.3900
2005-06-27,96.6500
2005-06-28,95.9900
2005-06-29,95.8400
2005-06-30,96.7000
2005-07-01,95.2000
2005-07-05,94.3000
2005-07-06,94.8200
2005-07-07,95.0200
2005-07-08,94.6300
2005-07-11,94.6300
2005-07-12,94.1000
2005-07-13,93.9600
2005-07-14,93.7200
2005-07-15,93.9700
2005-07-18,93.2700
2005-07-19,93.6000
2005-07-20,94.1100
2005-07-21,92.8300
2005-07-22,93.5500
2005-07-25,93.2100
2005-07-26,93.3600
2005-07-27,93.2100
2005-07-28,94.0400
2005-07-29,93.1100
2005-08-01,92.4200
2005-08-02,92.1200
2005-08-03,92.5700
2005-08-04,92.3800
2005-08-05,91.6600
2005-08-08,91.4900
2005-08-09,91.8300
2005-08-10,91.7300
2005-08-11,92.3700
2005-08-12,93.3100
2005-08-15,93.0700
2005-08-16,93.7200
2005-08-17,93.1000
2005-08-18,93.7900
2005-08-19,93.7800
2005-08-22,93.6800
2005-08-23,94.1100
2005-08-24,94.2000
2005-08-25,94.5000
2005-08-26,94.4700
2005-08-29,94.5900
2005-08-30,95.1900
2005-08-31,95.9900
2005-09-01,95.0800
2005-09-02,95.1600
2005-09-06,94.4900
2005-09-07,93.6000
2005-09-08,93.7000
2005-09-09,94.0000
2005-09-12,93.3500
2005-09-13,93.8400
2005-09-14,93.4800
2005-09-15,92.7100
2005-09-16,92.1000
2005-09-19,92.3000
2005-09-20,92.5400
2005-09-21,93.4000
2005-09-22,93.3100
2005-09-23,92.6100
2005-09-26,92.1900
2005-09-27,92.3200
2005-09-28,92.9400
2005-09-29,92.5200
2005-09-30,92.2000
2005-10-03,91.1200
2005-10-04,91.4200
2005-10-05,91.8200
2005-10-06,91.4700
2005-10-07,91.8400
2005-10-10,91.7800
2005-10-11,91.5900
2005-10-12,90.7000
2005-10-13,90.3700
2005-10-14,90.2300
2005-10-17,90.2100
2005-10-18,90.3100
2005-10-19,90.3500
2005-10-20,90.5900
2005-10-21,91.4300
2005-10-24,90.7200
2005-10-25,89.9400
2005-10-26,89.2800
2005-10-27,89.6000
2005-10-28,89.6100
2005-10-31,89.7800
2005-11-01,89.2800
2005-11-02,88.8600
2005-11-03,88.2600
2005-11-04,88.1200
2005-11-07,88.4200
2005-11-08,89.2800
2005-11-09,88.3600
2005-11-10,89.4400
2005-11-11,89.4900
2005-11-14,88.8200
2005-11-15,89.4000
2005-11-16,90.3400
2005-11-17,90.5600
2005-11-18,90.1400
2005-11-21,90.4100
2005-11-22,90.5300
2005-11-23,90.1800
2005-11-25,90.5100
2005-11-28,90.9600
2005-11-29,90.1000
2005-11-30,90.0000
2005-12-01,89.4700
2005-12-02,89.5000
2005-12-05,89.1000
2005-12-06,90.0100
2005-12-07,89.6700
2005-12-08,90.2500
2005-12-09,89.5400
2005-12-12,89.3700
2005-12-13,89.7000
2005-12-14,90.6200
2005-12-15,90.4000
2005-12-16,90.7000
2005-12-19,90.7900
2005-12-20,90.6800
2005-12-21,90.5200
2005-12-22,91.2400
2005-12-23,91.8000
2005-12-27,92.5500
2005-12-28,91.9100
2005-12-29,92.1100
2005-12-30,91.9000
2006-01-03,91.7800
2006-01-04,92.0000
2006-01-05,91.8900
2006-01-06,91.7200
2006-01-09,91.7800
2006-01-10,91.0400
2006-01-11,90.8900
2006-01-12,91.5000
2006-01-13,92.0300
2006-01-17,92.4400
2006-01-18,92.4100
2006-01-19,92.1400
2006-01-20,92.3800
2006-01-23,92.3500
2006-01-24,91.9000
2006-01-25,90.9000
2006-01-26,90.5100
2006-01-27,90.5100
2006-01-30,90.4200
2006-01-31,90.6700
2006-02-01,90.0400
2006-02-02,90.2100
2006-02-03,90.8500
2006-02-06,91.0300
2006-02-07,90.6000
2006-02-08,90.3900
2006-02-09,90.8000
2006-02-10,90.3000
2006-02-13,90.3100
2006-02-14,89.9900
2006-02-15,90.2100
2006-02-16,90.2300
2006-02-17,90.9500
2006-02-21,90.8000
2006-02-22,91.4200
2006-02-23,91.1900
2006-02-24,91.0500
2006-02-27,90.9000
2006-02-28,91.3500
2006-03-01,90.4800
2006-03-02,89.8500
2006-03-03,89.3300
2006-03-06,88.5500
2006-03-07,88.6100
2006-03-08,88.5800
2006-03-09,88.6100
2006-03-10,88.2800
2006-03-13,88.2100
2006-03-14,88.8000
2006-03-15,88.3200
2006-03-16,89.1200
2006-03-17,88.8500
2006-03-20,88.9900
2006-03-21,88.5300
2006-03-22,88.7200
2006-03-23,88.4400
2006-03-24,89.0900
2006-03-27,88.7600
2006-03-28,87.9300
2006-03-29,87.5100
2006-03-30,86.9000
2006-03-31,86.8700
2006-04-03,86.5700
2006-04-04,86.4800
2006-04-05,86.6000
2006-04-06,85.9400
2006-04-07,85.1000
2006-04-10,85.2600
2006-04-11,85.5600
2006-04-12,85.0400
2006-04-13,84.4400
2006-04-17,84.7500
2006-04-18,84.9000
2006-04-19,84.3800
2006-04-20,84.3100
2006-04-21,84.8000
2006-04-24,85.1400
2006-04-25,84.1300
2006-04-26,83.9900
2006-04-27,84.1000
2006-04-28,84.1600
2006-05-01,83.2000
2006-05-02,83.4200
2006-05-03,83.2400
2006-05-04,83.1000
2006-05-05,83.6000
2006-05-08,83.6500
2006-05-09,83.6000
2006-05-10,83.7500
2006-05-11,83.3400
2006-05-12,82.6500
2006-05-15,82.9800
2006-05-16,83.6000
2006-05-17,83.0800
2006-05-18,84.2100
2006-05-19,84.4300
2006-05-22,84.6100
2006-05-23,84.5600
2006-05-24,84.6000
2006-05-25,84.2700
2006-05-26,84.2100
2006-05-30,84.1700
2006-05-31,83.6700
2006-06-01,83.7100
2006-06-02,84.7900
2006-06-05,84.6800
2006-06-06,85.0800
2006-06-07,85.1000
2006-06-08,85.2700
2006-06-09,85.7200
2006-06-12,85.7900
2006-06-13,85.8500
2006-06-14,84.9900
2006-06-15,84.5000
2006-06-16,84.3100
2006-06-19,84.1900
2006-06-20,84.0500
2006-06-21,84.0700
2006-06-22,83.5900
2006-06-23,83.4200
2006-06-26,83.2600
2006-06-27,83.6700
2006-06-28,83.2300
2006-06-29,83.5100
2006-06-30,84.3200
2006-07-03,83.9100
2006-07-05,83.2400
2006-07-06,83.7500
2006-07-07,84.2900
2006-07-10,84.3700
2006-07-11,84.6400
2006-07-12,84.6600
2006-07-13,84.9900
2006-07-14,85.0400
2006-07-17,85.1700
2006-07-18,84.4400
2006-07-19,85.2400
2006-07-20,85.4900
2006-07-21,85.3300
2006-07-24,85.2800
2006-07-25,85.0300
2006-07-26,85.3400
2006-07-27,85.2100
2006-07-28,85.7000
2006-07-31,85.8100
2006-08-01,85.4600
2006-08-02,85.7800
2006-08-03,85.8000
2006-08-04,86.3200
2006-08-07,86.3700
2006-08-08,86.1800
2006-08-09,85.9000
2006-08-10,85.7700
2006-08-11,85.4000
2006-08-14,85.2500
2006-08-15,85.9700
2006-08-16,86.5500
2006-08-17,86.5200
2006-08-18,86.7700
2006-08-21,87.0800
2006-08-22,87.1100
2006-08-23,87.1500
2006-08-24,87.3100
2006-08-25,87.4400
2006-08-28,87.5200
2006-08-29,87.6400
2006-08-30,87.8700
2006-08-31,88.0800
2006-09-01,87.7600
2006-09-05,87.2100
2006-09-06,87.0900
2006-09-07,87.2600
2006-09-08,87.3300
2006-09-11,87.2500
2006-09-12,87.6900
2006-09-13,87.7300
2006-09-14,87.5300
2006-09-15,87.4600
2006-09-18,87.3200
2006-09-19,88.3000
2006-09-20,88.4300
2006-09-21,89.2400
2006-09-22,89.6800
2006-09-25,90.3100
2006-09-26,89.9300
2006-09-27,89.6700
2006-09-28,89.5200
2006-09-29,89.4100
2006-10-02,89.3000
2006-10-03,89.1800
2006-10-04,89.8300
2006-10-05,89.2000
2006-10-06,88.2700
2006-10-09,88.5100
2006-10-10,87.8100
2006-10-11,87.5500
2006-10-12,87.6000
2006-10-13,87.1600
2006-10-16,87.5500
2006-10-17,87.6200
2006-10-18,87.8000
2006-10-19,87.6400
2006-10-20,87.5500
2006-10-23,87.2000
2006-10-24,87.2000
2006-10-25,87.8900
2006-10-26,88.4600
2006-10-27,88.8700
2006-10-30,89.1200
2006-10-31,89.8100
2006-11-01,89.9600
2006-11-02,89.5900
2006-11-03,88.5300
2006-11-06,88.7900
2006-11-07,89.2000
2006-11-08,89.5200
2006-11-09,89.4700
2006-11-10,89.8600
2006-11-13,89.8400
2006-11-14,90.1900
2006-11-15,89.8500
2006-11-16,89.4400
2006-11-17,89.9500
2006-11-20,90.0900
2006-11-21,90.3100
2006-11-22,90.4600
2006-11-24,90.6200
2006-11-27,90.9500
2006-11-28,91.1400
2006-11-29,90.9300
2006-11-30,91.5300
2006-12-01,91.4200
2006-12-04,91.5800
2006-12-05,91.1500
2006-12-06,90.9700
2006-12-07,90.9000
2006-12-08,90.2400
2006-12-11,90.6300
2006-12-12,90.8200
2006-12-13,90.0100
2006-12-14,89.6800
2006-12-15,89.7300
2006-12-18,89.7600
2006-12-19,89.6400
2006-12-20,89.6300
2006-12-21,90.0800
2006-12-22,89.3900
2006-12-26,89.6600
2006-12-27,88.7000
2006-12-28,88.5000
2006-12-29,88.4300
2007-01-03,89.0600
2007-01-04,89.6000
2007-01-05,89.2100
2007-01-08,89.3700
2007-01-09,89.3700
2007-01-10,88.9700
2007-01-11,88.4500
2007-01-12,88.0400
2007-01-16,88.2300
2007-01-17,87.9600
2007-01-18,88.2300
2007-01-19,87.9900
2007-01-22,88.2000
2007-01-23,87.6200
2007-01-24,87.6100
2007-01-25,86.9800
2007-01-26,86.9100
2007-01-29,86.7200
2007-01-30,86.8200
2007-01-31,87.5500
2007-02-01,87.0900
2007-02-02,87.2000
2007-02-05,87.3200
2007-02-06,87.8000
2007-02-07,88.0600
2007-02-08,88.1300
2007-02-09,87.6300
2007-02-12,87.4300
2007-02-13,87.2400
2007-02-14,88.0700
2007-02-15,88.3300
2007-02-16,88.6400
2007-02-20,88.8400
2007-02-21,88.6900
2007-02-22,88.2100
2007-02-23,88.8400
2007-02-26,89.4300
2007-02-27,90.5600
2007-02-28,90.1500
2007-03-01,89.7500
2007-03-02,90.2000
2007-03-05,90.3500
2007-03-06,90.0800
2007-03-07,90.4300
2007-03-08,90.3500
2007-03-09,89.4000
2007-03-12,89.7500
2007-03-13,90.2900
2007-03-14,89.8800
2007-03-15,89.8700
2007-03-16,89.8500
2007-03-19,89.6600
2007-03-20,89.7100
2007-03-21,89.7500
2007-03-22,89.0400
2007-03-23,88.7900
2007-03-26,88.9000
2007-03-27,88.7500
2007-03-28,88.5700
2007-03-29,88.4500
2007-03-30,88.2800
2007-04-02,88.1000
2007-04-03,87.9900
2007-04-04,88.0800
2007-04-05,87.7500
2007-04-09,87.1700
2007-04-10,87.4300
2007-04-11,87.3700
2007-04-12,87.3900
2007-04-13,87.1200
2007-04-16,87.6000
2007-04-17,88.0900
2007-04-18,88.5300
2007-04-19,88.3800
2007-04-20,88.1500
2007-04-23,88.4700
2007-04-24,88.8000
2007-04-25,88.4900
2007-04-26,87.8500
2007-04-27,87.8300
2007-04-30,88.7500
2007-05-01,88.4900
2007-05-02,88.4400
2007-05-03,88.2400
2007-05-04,88.6000
2007-05-07,88.8400
2007-05-08,88.6400
2007-05-09,88.2900
2007-05-10,88.5000
2007-05-11,88.1900
2007-05-14,87.9600
2007-05-15,87.9300
2007-05-16,87.8700
2007-05-17,87.5100
2007-05-18,86.9300
2007-05-21,87.1900
2007-05-22,86.7400
2007-05-23,86.4900
2007-05-24,86.5700
2007-05-25,86.3700
2007-05-29,86.3600
2007-05-30,86.5400
2007-05-31,86.3800
2007-06-01,85.5900
2007-06-04,85.9800
2007-06-05,85.4400
2007-06-06,85.4000
2007-06-07,83.8700
2007-06-08,83.8000
2007-06-11,83.5600
2007-06-12,82.3500
2007-06-13,83.3300
2007-06-14,83.1200
2007-06-15,83.6900
2007-06-18,83.5200
2007-06-19,84.3000
2007-06-20,83.6200
2007-06-21,83.2200
2007-06-22,83.7600
2007-06-25,84.2200
2007-06-26,84.2400
2007-06-27,84.3200
2007-06-28,84.3000
2007-06-29,85.1700
2007-07-02,85.2900
2007-07-03,84.7700
2007-07-05,83.8200
2007-07-06,83.4800
2007-07-09,83.7800
2007-07-10,85.2000
2007-07-11,84.3200
2007-07-12,84.0300
2007-07-13,84.2600
2007-07-16,85.0700
2007-07-17,84.8900
2007-07-18,85.2100
2007-07-19,85.1900
2007-07-20,85.9600
2007-07-23,85.8200
2007-07-24,86.1400
2007-07-25,86.3100
2007-07-26,87.0300
2007-07-27,87.2800
2007-07-30,87.0300
2007-07-31,87.6600
2007-08-01,87.1300
2007-08-02,87.3500
2007-08-03,87.9300
2007-08-06,87.2900
2007-08-07,87.2200
2007-08-08,86.1600
2007-08-09,86.2800
2007-08-10,86.0800
2007-08-13,86.3300
2007-08-14,86.5600
2007-08-15,86.2500
2007-08-16,87.1400
2007-08-17,86.7900
2007-08-20,86.8400
2007-08-21,87.2600
2007-08-22,87.1200
2007-08-23,87.4200
2007-08-24,87.8500
2007-08-27,88.3100
2007-08-28,88.4600
2007-08-29,88.2200
2007-08-30,88.8100
2007-08-31,88.8800
2007-09-04,88.5600
2007-09-05,89.2700
2007-09-06,89.0400
2007-09-07,90.3000
2007-09-10,91.0000
2007-09-11,90.9300
2007-09-12,90.5900
2007-09-13,89.7800
2007-09-14,89.9100
2007-09-17,90.3400
2007-09-18,89.6600
2007-09-19,88.8300
2007-09-20,87.1500
2007-09-21,87.8900
2007-09-24,88.1400
2007-09-25,87.8300
2007-09-26,87.9100
2007-09-27,88.5200
2007-09-28,88.7200
2007-10-01,88.8800
2007-10-02,89.1600
2007-10-03,88.9000
2007-10-04,89.2400
2007-10-05,88.2800
2007-10-08,88.2100
2007-10-09,88.1000
2007-10-10,88.1500
2007-10-11,88.0600
2007-10-12,87.6300
2007-10-15,87.6500
2007-10-16,87.6800
2007-10-17,88.6400
2007-10-18,89.1300
2007-10-19,90.4600
2007-10-22,90.4700
2007-10-23,90.3500
2007-10-24,91.0200
2007-10-25,90.7100
2007-10-26,90.5000
2007-10-29,90.8500
2007-10-30,90.8000
2007-10-31,89.9800
2007-11-01,90.7500
2007-11-02,91.0400
2007-11-05,91.0000
2007-11-06,90.5600
2007-11-07,90.7200
2007-11-08,90.5600
2007-11-09,91.3300
2007-11-12,91.6600
2007-11-13,91.3200
2007-11-14,91.4200
2007-11-15,92.2800
2007-11-16,92.4100
2007-11-19,93.0100
2007-11-20,92.9100
2007-11-21,93.4500
2007-11-23,93.7300
2007-11-26,95.5800
2007-11-27,94.6700
2007-11-28,94.0300
2007-11-29,94.8400
2007-11-30,94.3800
2007-12-03,94.7500
2007-12-04,94.7400
2007-12-05,93.6100
2007-12-06,92.7900
2007-12-07,91.7500
2007-12-10,91.2000
2007-12-11,92.9900
2007-12-12,92.0300
2007-12-13,91.0300
2007-12-14,90.6100
2007-12-17,91.4200
2007-12-18,92.0100
2007-12-19,93.2300
2007-12-20,93.0300
2007-12-21,91.6700
2007-12-24,91.2400
2007-12-26,90.4400
2007-12-27,91.0600
2007-12-28,92.4800
2007-12-31,93.0400
2008-01-02,94.3800
2008-01-03,94.2500
2008-01-04,94.2700
2008-01-07,94.6800
2008-01-08,94.5700
2008-01-09,94.7500
2008-01-10,93.4700
2008-01-11,94.2000
2008-01-14,94.5500
2008-01-15,95.6100
2008-01-16,94.9200
2008-01-17,96.1500
2008-01-18,95.4900
2008-01-22,96.5100
2008-01-23,96.2900
2008-01-24,94.3600
2008-01-25,95.9500
2008-01-28,95.5900
2008-01-29,94.9400
2008-01-30,94.3200
2008-01-31,94.9900
2008-02-01,95.2300
2008-02-04,94.2500
2008-02-05,94.9700
2008-02-06,94.6800
2008-02-07,92.6400
2008-02-08,93.7000
2008-02-11,94.0900
2008-02-12,93.5300
2008-02-13,92.5400
2008-02-14,91.1800
2008-02-15,91.8800
2008-02-19,90.9500
2008-02-20,91.5800
2008-02-21,92.5500
2008-02-22,92.0200
2008-02-25,91.0800
2008-02-26,91.1100
2008-02-27,91.1900
2008-02-28,92.8100
2008-02-29,94.2300
2008-03-03,93.6400
2008-03-04,92.7300
2008-03-05,91.6200
2008-03-06,92.1100
2008-03-07,92.2300
2008-03-10,93.5900
2008-03-11,92.7900
2008-03-12,94.5800
2008-03-13,93.8400
2008-03-14,95.0000
2008-03-17,95.7300
2008-03-18,95.3600
2008-03-19,96.9400
2008-03-20,97.1800
2008-03-24,95.3000
2008-03-25,95.7000
2008-03-26,95.3000
2008-03-27,94.6300
2008-03-28,95.5500
2008-03-31,95.8900
2008-04-01,93.9300
2008-04-02,94.1300
2008-04-03,94.3400
2008-04-04,95.2000
2008-04-07,94.7000
2008-04-08,94.3700
2008-04-09,95.3500
2008-04-10,95.0300
2008-04-11,95.6700
2008-04-14,95.1100
2008-04-15,93.9300
2008-04-16,93.0100
2008-04-17,92.8500
2008-04-18,92.7700
2008-04-21,93.1400
2008-04-22,93.4600
2008-04-23,93.1500
2008-04-24,92.3600
2008-04-25,91.8200
2008-04-28,92.1000
2008-04-29,92.4500
2008-04-30,93.1100
2008-05-01,92.7800
2008-05-02,91.6100
2008-05-05,91.6100
2008-05-06,90.9500
2008-05-07,91.3400
2008-05-08,92.1600
2008-05-09,92.5000
2008-05-12,92.3600
2008-05-13,91.3500
2008-05-14,91.3900
2008-05-15,92.2200
2008-05-16,91.8400
2008-05-19,91.9600
2008-05-20,92.4400
2008-05-21,92.4600
2008-05-22,91.3700
2008-05-23,91.7700
2008-05-27,91.1500
2008-05-28,90.3400
2008-05-29,89.6900
2008-05-30,90.2800
2008-06-02,90.3000
2008-06-03,90.9500
2008-06-04,90.1400
2008-06-05,89.6000
2008-06-06,90.7600
2008-06-09,90.7600
2008-06-10,90.1700
2008-06-11,89.9600
2008-06-12,89.0600
2008-06-13,88.8700
2008-06-16,88.8900
2008-06-17,89.0700
2008-06-18,89.8200
2008-06-19,89.2900
2008-06-20,89.8100
2008-06-23,90.0000
2008-06-24,90.6000
2008-06-25,90.6400
2008-06-26,91.2500
2008-06-27,92.3200
2008-06-30,92.3400
2008-07-01,91.7900
2008-07-02,92.2700
2008-07-03,92.0700
2008-07-07,92.4900
2008-07-08,93.0900
2008-07-09,93.5000
2008-07-10,93.4900
2008-07-11,92.1600
2008-07-14,92.9700
2008-07-15,92.9400
2008-07-16,91.2600
2008-07-17,90.7900
2008-07-18,90.4500
2008-07-21,90.8000
2008-07-22,90.3500
2008-07-23,90.1700
2008-07-24,91.0500
2008-07-25,90.1400
2008-07-28,91.0500
2008-07-29,90.6800
2008-07-30,90.7700
2008-07-31,91.6700
2008-08-01,91.5400
2008-08-04,91.3300
2008-08-05,90.6500
2008-08-06,90.2800
2008-08-07,91.7500
2008-08-08,92.0000
2008-08-11,91.1200
2008-08-12,91.9700
2008-08-13,91.6500
2008-08-14,92.2400
2008-08-15,93.0400
2008-08-18,93.4100
2008-08-19,93.0500
2008-08-20,93.3100
2008-08-21,93.1400
2008-08-22,93.0800
2008-08-25,94.0100
2008-08-26,94.0900
2008-08-27,94.2500
2008-08-28,94.2600
2008-08-29,93.8400
2008-09-02,94.3700
2008-09-03,94.7700
2008-09-04,95.5300
2008-09-05,95.4800
2008-09-08,95.8800
2008-09-09,96.8300
2008-09-10,96.2300
2008-09-11,96.1800
2008-09-12,94.9400
2008-09-15,98.0200
2008-09-16,98.0000
2008-09-17,98.4900
2008-09-18,97.0500
2008-09-19,93.9700
2008-09-22,93.9600
2008-09-23,93.6000
2008-09-24,94.0100
2008-09-25,93.8200
2008-09-26,94.5000
2008-09-29,97.2500
2008-09-30,94.8800
2008-10-01,95.7800
2008-10-02,96.5500
2008-10-03,97.4000
2008-10-06,99.1700
2008-10-07,98.8700
2008-10-08,97.4500
2008-10-09,96.6300
2008-10-10,95.9500
2008-10-13,94.7200
2008-10-14,94.1100
2008-10-15,95.0100
2008-10-16,94.5200
2008-10-17,93.8700
2008-10-20,94.6200
2008-10-21,95.1200
2008-10-22,97.0500
2008-10-23,97.7700
2008-10-24,96.7300
2008-10-27,96.8000
2008-10-28,95.3900
2008-10-29,94.9100
2008-10-30,94.0500
2008-10-31,92.8300
2008-11-03,92.7100
2008-11-04,94.4500
2008-11-05,95.5700
2008-11-06,94.8800
2008-11-07,94.2600
2008-11-10,94.7200
2008-11-11,95.0000
2008-11-12,95.6100
2008-11-13,93.3200
2008-11-14,95.1700
2008-11-17,95.5900
2008-11-18,96.8200
2008-11-19,99.3000
2008-11-20,104.4300
2008-11-21,102.9200
2008-11-24,101.3100
2008-11-25,104.2900
2008-11-26,104.4300
2008-11-28,105.7200
2008-12-01,109.4000
2008-12-02,109.8200
2008-12-03,110.1300
2008-12-04,112.3000
2008-12-05,110.4800
2008-12-08,110.2400
2008-12-09,112.4200
2008-12-10,112.1500
2008-12-11,112.3700
2008-12-12,112.3700
2008-12-15,113.6500
2008-12-16,116.4600
2008-12-17,119.6200
2008-12-18,122.1300
2008-12-19,122.2600
2008-12-22,121.3200
2008-12-23,121.1600
2008-12-24,120.9000
2008-12-26,121.3000
2008-12-29,120.7500
2008-12-30,121.9000
2008-12-31,119.3500
2009-01-02,116.3500
2009-01-05,113.3500
2009-01-06,112.2100
2009-01-07,112.6500
2009-01-08,112.5600
2009-01-09,112.7300
2009-01-12,113.9000
2009-01-13,114.0200
2009-01-14,115.9000
2009-01-15,116.0900
2009-01-16,114.3000
2009-01-20,114.2800
2009-01-21,110.6700
2009-01-22,108.5400
2009-01-23,107.6900
2009-01-26,106.7500
2009-01-27,109.2600
2009-01-28,106.5300
2009-01-29,104.0800
2009-01-30,103.7500
2009-02-02,105.3900
2009-02-03,102.8800
2009-02-04,102.5200
2009-02-05,102.6100
2009-02-06,102.2900
2009-02-09,102.6200
2009-02-10,104.8500
2009-02-11,106.2100
2009-02-12,105.2100
2009-02-13,102.4100
2009-02-17,105.6000
2009-02-18,104.7000
2009-02-19,102.9200
2009-02-20,103.9200
2009-02-23,104.8800
2009-02-24,104.7700
2009-02-25,103.5600
2009-02-26,102.4700
2009-02-27,101.8800
2009-03-02,103.2800
2009-03-03,102.5900
2009-03-04,102.1200
2009-03-05,104.9600
2009-03-06,104.2600
2009-03-09,103.6500
2009-03-10,101.6600
2009-03-11,102.7600
2009-03-12,103.2500
2009-03-13,102.7300
2009-03-16,101.1100
2009-03-17,100.5600
2009-03-18,104.3700
2009-03-19,104.5000
2009-03-20,103.9200
2009-03-23,103.0200
2009-03-24,104.0000
2009-03-25,102.6000
2009-03-26,103.7900
2009-03-27,104.5600
2009-03-30,104.9600
2009-03-31,105.7100
2009-04-01,106.3700
2009-04-02,105.0700
2009-04-03,102.9200
2009-04-06,102.4800
2009-04-07,102.7400
2009-04-08,103.6500
2009-04-09,102.3500
2009-04-13,103.2900
2009-04-14,103.8300
2009-04-15,103.6500
2009-04-16,102.8300
2009-04-17,101.7000
2009-04-20,103.2400
2009-04-21,102.2200
2009-04-22,101.6000
2009-04-23,101.5900
2009-04-24,100.5700
2009-04-27,101.0000
2009-04-28,99.3500
2009-04-29,98.4700
2009-04-30,98.0800
2009-05-01,97.1100
2009-05-04,97.4300
2009-05-05,97.3100
2009-05-06,97.0800
2009-05-07,94.7100
2009-05-08,94.9400
2009-05-11,96.2900
2009-05-12,96.6400
2009-05-13,97.6900
2009-05-14,98.0700
2009-05-15,98.0400
2009-05-18,96.5200
2009-05-19,96.0100
2009-05-20,97.0200
2009-05-21,94.5800
2009-05-22,93.5300
2009-05-26,92.1200
2009-05-27,90.4900
2009-05-28,91.8000
2009-05-29,94.1700
2009-06-01,91.0900
2009-06-02,91.5800
2009-06-03,92.4400
2009-06-04,90.5300
2009-06-05,89.8400
2009-06-08,89.6100
2009-06-09,89.6000
2009-06-10,88.1900
2009-06-11,89.1700
2009-06-12,89.9700
2009-06-15,90.7800
2009-06-16,92.3600
2009-06-17,91.8400
2009-06-18,90.4500
2009-06-19,91.6900
2009-06-22,92.5800
2009-06-23,93.6700
2009-06-24,92.7300
2009-06-25,94.4300
2009-06-26,94.5900
2009-06-29,94.7300
2009-06-30,94.5700
2009-07-01,94.0800
2009-07-02,94.3000
2009-07-06,94.1200
2009-07-07,94.7500
2009-07-08,96.5000
2009-07-09,95.3500
2009-07-10,96.2300
2009-07-13,95.6900
2009-07-14,94.1000
2009-07-15,91.6800
2009-07-16,92.6700
2009-07-17,91.2400
2009-07-20,91.7200
2009-07-21,93.5500
2009-07-22,92.7100
2009-07-23,91.0100
2009-07-24,91.4500
2009-07-27,90.4000
2009-07-28,91.2000
2009-07-29,91.7000
2009-07-30,93.0000
2009-07-31,94.8100
2009-08-03,93.0600
2009-08-04,92.3200
2009-08-05,90.9400
2009-08-06,91.2500
2009-08-07,90.4900
2009-08-10,91.6200
2009-08-11,92.6800
2009-08-12,91.6900
2009-08-13,92.9900
2009-08-14,93.3500
2009-08-17,94.7300
2009-08-18,94.1800
2009-08-19,94.9600
2009-08-20,95.7400
2009-08-21,93.7700
2009-08-24,95.4700
2009-08-25,96.0100
2009-08-26,96.4500
2009-08-27,96.0700
2009-08-28,96.5100
2009-08-31,96.6000
2009-09-01,96.0600
2009-09-02,97.4600
2009-09-03,96.8600
2009-09-04,95.2100
2009-09-08,94.5400
2009-09-09,94.4300
2009-09-10,96.1700
2009-09-11,96.7000
2009-09-14,95.7400
2009-09-15,95.2500
2009-09-16,95.4200
2009-09-17,96.6200
2009-09-18,95.7600
2009-09-21,95.9800
2009-09-22,96.1800
2009-09-23,96.4700
2009-09-24,96.7500
2009-09-25,97.9800
2009-09-28,98.8400
2009-09-29,98.7500
2009-09-30,98.6600
2009-10-01,99.7000
2009-10-02,99.0100
2009-10-05,99.0200
2009-10-06,98.0400
2009-10-07,99.1900
2009-10-08,98.1500
2009-10-09,95.9000
2009-10-12,96.0500
2009-10-13,96.5500
2009-10-14,95.1200
2009-10-15,94.6800
2009-10-16,95.4500
2009-10-19,96.2000
2009-10-20,96.7200
2009-10-21,96.1400
2009-10-22,95.6700
2009-10-23,94.9500
2009-10-26,93.7200
2009-10-27,95.0000
2009-10-28,95.4500
2009-10-29,94.4100
2009-10-30,95.7800
2009-11-02,95.0500
2009-11-03,94.1000
2009-11-04,93.2400
2009-11-05,93.2400
2009-11-06,93.3300
2009-11-09,93.4400
2009-11-10,93.2700
2009-11-11,93.6600
2009-11-12,93.4900
2009-11-13,93.9200
2009-11-16,95.0200
2009-11-17,95.5300
2009-11-18,94.9700
2009-11-19,95.1400
2009-11-20,95.1200
2009-11-23,95.0000
2009-11-24,95.6000
2009-11-25,96.0400
2009-11-27,96.4000
2009-11-30,96.6300
2009-12-01,95.2500
2009-12-02,95.3300
2009-12-03,94.3400
2009-12-04,93.3400
2009-12-07,93.4600
2009-12-08,93.6000
2009-12-09,93.1700
2009-12-10,92.1000
2009-12-11,92.0900
2009-12-14,92.2000
2009-12-15,91.7900
2009-12-16,91.6800
2009-12-17,93.1900
2009-12-18,92.7900
2009-12-21,91.1400
2009-12-22,90.6300
2009-12-23,90.6500
2009-12-24,89.7100
2009-12-28,89.4600
2009-12-29,89.7300
2009-12-30,90.3200
2009-12-31,89.8900
2010-01-04,89.8100
2010-01-05,90.3900
2010-01-06,89.1800
2010-01-07,89.3300
2010-01-08,89.2900
2010-01-11,88.8000
2010-01-12,90.3200
2010-01-13,89.2700
2010-01-14,90.5200
2010-01-15,91.0800
2010-01-19,90.8200
2010-01-20,91.7400
2010-01-21,92.1600
2010-01-22,92.0000
2010-01-25,91.5800
2010-01-26,91.6100
2010-01-27,91.5600
2010-01-28,91.5100
2010-01-29,92.3100
2010-02-01,91.1500
2010-02-02,91.4100
2010-02-03,90.3500
2010-02-04,91.7800
2010-02-05,91.9800
2010-02-08,92.1000
2010-02-09,91.1800
2010-02-10,90.3100
2010-02-11,89.8200
2010-02-12,90.1900
2010-02-16,90.3600
2010-02-17,89.3300
2010-02-18,88.9700
2010-02-19,89.4500
2010-02-22,89.0800
2010-02-23,90.4700
2010-02-24,90.6900
2010-02-25,91.2000
2010-02-26,91.6700
2010-03-01,91.3400
2010-03-02,91.2200
2010-03-03,90.9900
2010-03-04,91.4700
2010-03-05,90.2700
2010-03-08,89.8000
2010-03-09,89.8200
2010-03-10,89.5900
2010-03-11,89.9200
2010-03-12,90.4800
2010-03-15,90.3600
2010-03-16,91.0800
2010-03-17,91.4700
2010-03-18,91.1700
2010-03-19,91.2600
2010-03-22,91.3600
2010-03-23,90.9300
2010-03-24,89.2700
2010-03-25,88.7000
2010-03-26,88.9500
2010-03-29,88.6100
2010-03-30,88.8900
2010-03-31,89.5000
2010-04-01,88.9500
2010-04-05,87.4700
2010-04-06,87.6100
2010-04-07,88.7300
2010-04-08,88.7700
2010-04-09,88.9800
2010-04-12,89.4500
2010-04-13,89.7400
2010-04-14,89.1100
2010-04-15,89.2100
2010-04-16,89.8600
2010-04-19,89.6400
2010-04-20,89.9600
2010-04-21,90.7000
2010-04-22,90.4300
2010-04-23,90.1100
2010-04-26,90.2100
2010-04-27,91.4800
2010-04-28,90.7000
2010-04-29,91.0800
2010-04-30,92.1300
2010-05-03,91.6900
2010-05-04,93.3400
2010-05-05,93.8900
2010-05-06,96.7900
2010-05-07,95.5800
2010-05-10,93.6000
2010-05-11,93.3600
2010-05-12,92.6500
2010-05-13,93.2600
2010-05-14,94.8800
2010-05-17,94.5300
2010-05-18,95.9800
2010-05-19,96.3000
2010-05-20,98.3300
2010-05-21,98.4300
2010-05-24,98.0900
2010-05-25,98.5700
2010-05-26,98.2900
2010-05-27,96.0600
2010-05-28,96.5000
2010-06-01,96.8500
2010-06-02,95.9300
2010-06-03,95.2300
2010-06-04,97.7900
2010-06-07,98.5400
2010-06-08,98.0500
2010-06-09,97.9400
2010-06-10,96.1900
2010-06-11,97.4100
2010-06-14,96.9100
2010-06-15,96.5100
2010-06-16,97.0600
2010-06-17,97.8500
2010-06-18,97.6900
2010-06-21,97.4100
2010-06-22,98.5700
2010-06-23,99.2400
2010-06-24,98.6500
2010-06-25,99.0500
2010-06-28,99.9800
2010-06-29,101.0700
2010-06-30,101.7500
2010-07-01,101.6000
2010-07-02,100.7900
2010-07-06,101.6200
2010-07-07,100.4300
2010-07-08,99.7900
2010-07-09,99.2200
2010-07-12,99.1800
2010-07-13,98.3300
2010-07-14,99.3200
2010-07-15,100.3100
2010-07-16,100.8000
2010-07-19,100.1800
2010-07-20,100.3300
2010-07-21,102.0300
2010-07-22,100.8500
2010-07-23,99.7800
2010-07-26,99.6100
2010-07-27,98.6500
2010-07-28,98.9700
2010-07-29,98.9400
2010-07-30,100.4800
2010-08-02,98.7500
2010-08-03,99.3200
2010-08-04,98.5600
2010-08-05,99.0200
2010-08-06,100.1000
2010-08-09,99.7300
2010-08-10,99.9400
2010-08-11,101.2800
2010-08-12,101.0300
2010-08-13,102.2900
2010-08-16,104.8500
2010-08-17,104.2500
2010-08-18,104.5300
2010-08-19,106.1600
2010-08-20,106.0400
2010-08-23,106.0600
2010-08-24,107.7600
2010-08-25,107.4100
2010-08-26,108.4200
2010-08-27,105.3500
2010-08-30,107.3700
2010-08-31,108.5600
2010-09-01,106.0000
2010-09-02,104.8800
2010-09-03,103.5800
2010-09-07,105.7000
2010-09-08,104.8600
2010-09-09,102.7900
2010-09-10,102.3200
2010-09-13,102.8200
2010-09-14,103.8100
2010-09-15,102.2700
2010-09-16,101.2600
2010-09-17,101.6700
2010-09-20,102.2600
2010-09-21,103.6800
2010-09-22,104.6100
2010-09-23,104.9100
2010-09-24,103.5000
2010-09-27,105.3000
2010-09-28,106.0200
2010-09-29,105.5800
2010-09-30,105.5100
2010-10-01,104.6100
2010-10-04,104.8800
2010-10-05,104.2500
2010-10-06,105.5600
2010-10-07,104.6800
2010-10-08,104.2200
2010-10-11,104.2400
2010-10-12,103.2100
2010-10-13,103.0500
2010-10-14,101.5100
2010-10-15,100.2700
2010-10-18,101.0800
2010-10-19,101.6900
2010-10-20,101.9100
2010-10-21,100.7000
2010-10-22,101.3800
2010-10-25,101.6700
2010-10-26,100.1000
2010-10-27,99.2200
2010-10-28,99.4900
2010-10-29,100.4200
2010-11-01,99.6700
2010-11-02,100.9800
2010-11-03,98.9200
2010-11-04,99.6900
2010-11-05,97.9800
2010-11-08,98.4200
2010-11-09,96.2500
2010-11-10,96.3800
2010-11-11,96.3300
2010-11-12,95.8100
2010-11-15,93.8100
2010-11-16,96.1400
2010-11-17,95.6100
2010-11-18,96.0000
2010-11-19,96.5900
2010-11-22,97.0000
2010-11-23,97.4800
2010-11-24,95.7400
2010-11-26,97.0700
2010-11-29,97.9000
2010-11-30,98.4100
2010-12-01,95.8900
2010-12-02,95.6400
2010-12-03,94.8900
2010-12-06,96.2300
2010-12-07,94.1700
2010-12-08,93.2600
2010-12-09,93.7200
2010-12-10,93.1500
2010-12-13,93.5000
2010-12-14,92.1400
2010-12-15,90.9400
2010-12-16,91.5700
2010-12-17,93.2400
2010-12-20,93.1400
2010-12-21,93.7900
2010-12-22,93.1200
2010-12-23,92.9300
2010-12-27,93.7600
2010-12-28,91.6100
2010-12-29,93.1600
2010-12-30,93.0900
2010-12-31,94.1200
2011-01-03,93.4100
2011-01-04,93.5200
2011-01-05,91.4600
2011-01-06,91.8600
2011-01-07,92.3500
2011-01-10,92.8500
2011-01-11,92.3300
2011-01-12,91.6100
2011-01-13,92.4300
2011-01-14,91.8400
2011-01-18,91.4100
2011-01-19,92.0700
2011-01-20,90.8000
2011-01-21,91.5200
2011-01-24,91.5600
2011-01-25,92.4300
2011-01-26,91.0300
2011-01-27,91.4400
2011-01-28,91.9200
2011-01-31,91.2200
2011-02-01,90.4500
2011-02-02,90.4700
2011-02-03,89.7200
2011-02-04,88.8100
2011-02-07,89.2700
2011-02-08,88.4500
2011-02-09,89.2200
2011-02-10,88.1900
2011-02-11,89.4600
2011-02-14,89.5200
2011-02-15,89.9200
2011-02-16,89.6300
2011-02-17,89.7700
2011-02-18,89.4900
2011-02-22,90.8300
2011-02-23,91.1600
2011-02-24,91.7400
2011-02-25,92.2800
2011-02-28,92.4000
2011-03-01,92.3700
2011-03-02,90.9500
2011-03-03,90.0600
2011-03-04,90.8100
2011-03-07,90.2300
2011-03-08,89.6800
2011-03-09,90.5500
2011-03-10,92.0700
2011-03-11,91.5500
2011-03-14,91.5100
2011-03-15,92.8800
2011-03-16,93.9300
2011-03-17,93.2100
2011-03-18,93.4600
2011-03-21,92.9100
2011-03-22,93.2200
2011-03-23,93.1000
2011-03-24,92.4000
2011-03-25,92.1700
2011-03-28,92.3000
2011-03-29,91.5900
2011-03-30,92.3200
2011-03-31,92.1300
2011-04-01,92.1900
2011-04-04,92.2900
2011-04-05,91.9200
2011-04-06,90.5400
2011-04-07,90.3600
2011-04-08,89.8800
2011-04-11,89.9600
2011-04-12,90.9300
2011-04-13,91.5000
2011-04-14,91.4300
2011-04-15,92.6700
2011-04-18,92.8800
2011-04-19,93.2800
2011-04-20,92.6800
2011-04-21,92.6000
2011-04-25,92.9500
2011-04-26,93.8500
2011-04-27,92.8900
2011-04-28,93.6000
2011-04-29,93.8900
2011-05-02,93.6400
2011-05-03,94.1700
2011-05-04,94.5900
2011-05-05,95.4900
2011-05-06,95.0700
2011-05-09,94.9700
2011-05-10,94.2900
2011-05-11,94.8300
2011-05-12,94.2300
2011-05-13,95.0800
2011-05-16,95.6100
2011-05-17,96.5900
2011-05-18,95.3100
2011-05-19,95.2700
2011-05-20,95.3200
2011-05-23,95.7800
2011-05-24,96.1400
2011-05-25,95.6900
2011-05-26,96.5100
2011-05-27,96.4700
2011-05-31,96.6900
2011-06-01,97.6400
2011-06-02,95.7800
2011-06-03,96.3300
2011-06-06,95.6000
2011-06-07,96.0400
2011-06-08,96.7900
2011-06-09,96.4000
2011-06-10,97.1400
2011-06-13,96.6500
2011-06-14,95.1900
2011-06-15,96.9200
2011-06-16,97.3600
2011-06-17,96.9000
2011-06-20,97.0200
2011-06-21,96.5900
2011-06-22,96.6500
2011-06-23,97.3900
2011-06-24,96.9800
2011-06-27,95.6500
2011-06-28,94.8800
2011-06-29,94.2500
2011-06-30,94.1000
2011-07-01,93.6300
2011-07-05,93.8400
2011-07-06,94.3200
2011-07-07,94.0400
2011-07-08,95.3700
2011-07-11,96.8000
2011-07-12,97.1300
2011-07-13,97.4000
2011-07-14,96.0100
2011-07-15,96.1700
2011-07-18,95.2400
2011-07-19,97.2200
2011-07-20,96.0700
2011-07-21,95.3300
2011-07-22,96.0500
2011-07-25,95.0000
2011-07-26,95.6500
2011-07-27,95.6600
2011-07-28,96.0200
2011-07-29,97.9200
2011-08-01,98.5800
2011-08-02,101.5400
2011-08-03,101.7400
2011-08-04,105.3600
2011-08-05,102.3200
2011-08-08,105.5500
2011-08-09,105.8700
2011-08-10,109.0200
2011-08-11,103.5200
2011-08-12,105.5700
2011-08-15,104.5000
2011-08-16,106.2300
2011-08-17,108.0900
2011-08-18,110.3100
2011-08-19,111.2000
2011-08-22,110.9200
2011-08-23,109.3900
2011-08-24,106.2800
2011-08-25,107.4300
2011-08-26,108.4900
2011-08-29,106.9900
2011-08-30,108.7100
2011-08-31,107.0300
2011-09-01,108.9700
2011-09-02,112.5100
2011-09-06,113.6800
2011-09-07,111.5100
2011-09-08,112.5100
2011-09-09,113.7100
2011-09-12,113.8300
2011-09-13,112.2100
2011-09-14,113.1600
2011-09-15,111.4300
2011-09-16,112.2400
2011-09-19,114.3800
2011-09-20,114.8600
2011-09-21,118.6600
2011-09-22,123.1200
2011-09-23,120.8300
2011-09-26,118.8900
2011-09-27,117.0700
2011-09-28,117.0300
2011-09-29,117.8400
2011-09-30,120.8000
2011-10-03,123.8100
2011-10-04,122.2400
2011-10-05,121.3600
2011-10-06,119.1200
2011-10-07,118.2400
2011-10-10,116.5700
2011-10-11,116.1800
2011-10-12,114.4900
2011-10-13,115.6300
2011-10-14,113.9500
2011-10-17,115.9200
2011-10-18,115.2000
2011-10-19,115.1600
2011-10-20,114.3400
2011-10-21,113.1300
2011-10-24,113.3200
2011-10-25,116.2000
2011-10-26,114.1700
2011-10-27,110.3000
2011-10-28,111.4600
2011-10-31,115.8800
2011-11-01,119.4500
2011-11-02,117.9600
2011-11-03,116.3400
2011-11-04,116.4800
2011-11-07,117.2200
2011-11-08,115.7200
2011-11-09,118.1200
2011-11-10,116.3600
2011-11-11,115.6500
2011-11-14,117.5100
2011-11-15,117.3500
2011-11-16,118.4200
2011-11-17,119.3700
2011-11-18,119.3400
2011-11-21,120.0500
2011-11-22,121.3900
2011-11-23,122.5800
2011-11-25,120.8000
2011-11-28,120.7400
2011-11-29,119.7500
2011-11-30,117.8800
2011-12-01,117.0000
2011-12-02,118.6400
2011-12-05,118.4000
2011-12-06,117.2700
2011-12-07,117.6900
2011-12-08,119.1600
2011-12-09,116.7100
2011-12-12,118.0100
2011-12-13,119.1100
2011-12-14,121.3600
2011-12-15,120.9100
2011-12-16,122.3200
2011-12-19,123.8700
2011-12-20,120.7800
2011-12-21,119.1000
2011-12-22,119.6000
2011-12-23,118.2700
2011-12-27,118.4500
2011-12-28,120.6400
2011-12-29,120.8600
2011-12-30,121.2500
2012-01-03,119.4300
2012-01-04,118.0100
2012-01-05,117.8000
2012-01-06,118.7300
2012-01-09,118.5200
2012-01-10,118.3200
2012-01-11,119.8600
2012-01-12,119.6900
2012-01-13,120.8800
2012-01-17,121.4400
2012-01-18,119.9700
2012-01-19,118.3200
2012-01-20,116.9800
2012-01-23,116.2400
2012-01-24,116.4500
2012-01-25,116.1700
2012-01-26,117.7100
2012-01-27,118.0800
2012-01-30,119.4700
2012-01-31,120.8500
2012-02-01,119.1800
2012-02-02,119.1300
2012-02-03,116.5700
2012-02-06,117.7300
2012-02-07,116.2700
2012-02-08,116.3600
2012-02-09,115.4900
2012-02-10,116.9900
2012-02-13,117.1400
2012-02-14,117.7600
2012-02-15,117.5500
2012-02-16,116.6100
2012-02-17,116.5800
2012-02-21,115.2900
2012-02-22,116.7400
2012-02-23,116.7400
2012-02-24,117.5000
2012-02-27,118.5400
2012-02-28,118.1500
2012-02-29,117.4300
2012-03-01,116.0600
2012-03-02,117.1500
2012-03-05,116.2200
2012-03-06,117.6300
2012-03-07,116.9100
2012-03-08,115.7400
2012-03-09,115.9700
2012-03-12,115.9500
2012-03-13,113.9100
2012-03-14,111.0400
2012-03-15,111.2100
2012-03-16,111.4300
2012-03-19,110.1000
2012-03-20,110.5400
2012-03-21,111.7900
2012-03-22,112.1500
2012-03-23,113.2100
2012-03-26,112.6300
2012-03-27,113.4400
2012-03-28,113.2800
2012-03-29,114.1300
2012-03-30,112.2000
2012-04-02,112.5300
2012-04-03,110.5800
2012-04-04,112.1000
2012-04-05,112.9100
2012-04-09,115.5500
2012-04-10,116.8600
2012-04-11,115.4600
2012-04-12,114.9800
2012-04-13,116.8400
2012-04-16,116.6700
2012-04-17,116.6000
2012-04-18,116.9400
2012-04-19,117.0500
2012-04-20,117.0700
2012-04-23,117.9200
2012-04-24,117.0900
2012-04-25,116.4900
2012-04-26,117.1900
2012-04-27,117.2900
2012-04-30,117.3200
2012-05-01,116.4300
2012-05-02,117.2500
2012-05-03,117.2200
2012-05-04,118.1400
2012-05-07,118.1600
2012-05-08,118.7900
2012-05-09,118.8700
2012-05-10,118.5200
2012-05-11,119.5000
2012-05-14,121.1700
2012-05-15,121.6600
2012-05-16,122.0100
2012-05-17,124.1700
2012-05-18,124.2000
2012-05-21,123.9400
2012-05-22,122.5600
2012-05-23,123.4100
2012-05-24,122.9400
2012-05-25,123.4000
2012-05-29,123.0200
2012-05-30,126.1400
2012-05-31,127.6000
2012-06-01,130.3600
2012-06-04,129.3300
2012-06-05,127.6000
2012-06-06,125.0500
2012-06-07,125.2400
2012-06-08,125.2100
2012-06-11,125.7800
2012-06-12,124.6300
2012-06-13,125.8600
2012-06-14,125.7000
2012-06-15,126.4000
2012-06-18,127.0800
2012-06-19,125.4200
2012-06-20,126.0400
2012-06-21,126.7100
2012-06-22,125.0200
2012-06-25,126.8400
2012-06-26,126.3400
2012-06-27,126.5400
2012-06-28,126.8500
2012-06-29,125.2000
2012-07-02,126.2200
2012-07-03,125.2500
2012-07-05,125.8900
2012-07-06,127.0600
2012-07-09,128.1800
2012-07-10,128.4400
2012-07-11,128.6000
2012-07-12,129.5100
2012-07-13,129.1700
2012-07-16,129.7700
2012-07-17,128.7500
2012-07-18,128.8200
2012-07-19,128.4900
2012-07-20,130.0600
2012-07-23,130.7900
2012-07-24,131.8200
2012-07-25,132.1600
2012-07-26,130.9500
2012-07-27,128.4800
2012-07-30,129.4400
2012-07-31,129.7000
2012-08-01,128.7800
2012-08-02,129.5100
2012-08-03,127.4200
2012-08-06,127.4700
2012-08-07,125.8300
2012-08-08,125.1600
2012-08-09,125.0700
2012-08-10,125.7000
2012-08-13,125.4900
2012-08-14,123.7900
2012-08-15,122.0500
2012-08-16,121.0100
2012-08-17,121.6000
2012-08-20,121.8500
2012-08-21,122.3900
2012-08-22,124.4100
2012-08-23,124.9300
2012-08-24,124.8100
2012-08-27,125.5400
2012-08-28,125.8400
2012-08-29,125.2900
2012-08-30,125.9400
2012-08-31,127.7200
2012-09-04,127.3200
2012-09-05,126.7200
2012-09-06,124.6100
2012-09-07,124.0300
2012-09-10,124.3300
2012-09-11,123.5500
2012-09-12,122.0100
2012-09-13,121.5300
2012-09-14,118.3000
2012-09-17,119.7200
2012-09-18,120.3200
2012-09-19,121.1100
2012-09-20,121.4100
2012-09-21,121.5500
2012-09-24,122.5000
2012-09-25,123.7100
2012-09-26,125.0400
2012-09-27,124.1500
2012-09-28,124.2200
2012-10-01,124.4200
2012-10-02,124.2500
2012-10-03,124.2900
2012-10-04,122.7400
2012-10-05,121.1500
2012-10-08,122.1700
2012-10-09,121.9500
2012-10-10,122.8100
2012-10-11,123.6600
2012-10-12,123.9700
2012-10-15,123.6900
2012-10-16,121.9800
2012-10-17,120.8500
2012-10-18,120.1100
2012-10-19,121.7400
2012-10-22,120.9600
2012-10-23,122.6900
2012-10-24,121.4800
2012-10-25,120.8600
2012-10-26,122.6400
2012-10-31,123.3600
2012-11-01,122.3500
2012-11-02,122.2600
2012-11-05,122.9500
2012-11-06,121.7900
2012-11-07,124.0000
2012-11-08,125.8400
2012-11-09,125.9800
2012-11-12,126.1900
2012-11-13,126.6100
2012-11-14,126.7300
2012-11-15,126.4800
2012-11-16,126.3700
2012-11-19,125.6600
2012-11-20,124.4000
2012-11-21,124.3300
2012-11-23,124.2100
2012-11-26,124.8000
2012-11-27,125.2900
2012-11-28,125.1100
2012-11-29,125.1300
2012-11-30,124.7900
2012-12-03,124.6600
2012-12-04,125.3800
2012-12-05,125.3200
2012-12-06,125.5900
2012-12-07,124.4300
2012-12-10,124.9800
2012-12-11,124.0300
2012-12-12,122.5900
2012-12-13,122.6800
2012-12-14,123.6000
2012-12-17,121.7500
2012-12-18,120.5100
2012-12-19,120.9100
2012-12-20,120.9300
2012-12-21,122.2500
2012-12-24,122.0300
2012-12-26,122.2000
2012-12-27,122.6100
2012-12-28,123.3100
2012-12-31,121.1800
2013-01-02,119.5600
2013-01-03,117.9400
2013-01-04,118.4000
2013-01-07,118.4500
2013-01-08,119.2300
2013-01-09,119.1200
2013-01-10,118.7900
2013-01-11,119.8500
2013-01-14,119.5200
2013-01-15,120.0700
2013-01-16,120.3200
2013-01-17,119.1200
2013-01-18,120.0400
2013-01-22,120.2700
2013-01-23,120.0900
2013-01-24,119.6700
2013-01-25,118.0300
2013-01-28,117.6000
2013-01-29,116.9500
2013-01-30,116.7500
2013-01-31,117.3200
2013-02-01,115.5400
2013-02-04,117.0200
2013-02-05,115.9800
2013-02-06,116.9300
2013-02-07,116.6700
2013-02-08,117.1200
2013-02-11,117.0300
2013-02-12,116.7400
2013-02-13,115.7900
2013-02-14,116.8400
2013-02-15,116.5000
2013-02-19,115.9200
2013-02-20,116.2700
2013-02-21,116.9500
2013-02-22,117.0300
2013-02-25,119.3300
2013-02-26,118.6400
2013-02-27,118.2900
2013-02-28,118.5100
2013-03-01,118.9000
2013-03-04,118.2700
2013-03-05,117.9300
2013-03-06,116.8600
2013-03-07,115.9600
2013-03-08,114.7500
2013-03-11,114.8600
2013-03-12,115.6900
2013-03-13,115.5700
2013-03-14,115.2200
2013-03-15,115.7600
2013-03-18,116.6400
2013-03-19,117.4300
2013-03-20,116.1200
2013-03-21,117.2400
2013-03-22,117.3300
2013-03-25,117.2200
2013-03-26,117.3600
2013-03-27,118.3600
2013-03-28,117.7600
2013-04-01,118.3900
2013-04-02,117.9100
2013-04-03,118.9700
2013-04-04,120.3900
2013-04-05,122.8200
2013-04-08,121.8800
2013-04-09,121.5800
2013-04-10,119.9100
2013-04-11,120.1400
2013-04-12,121.9300
2013-04-15,122.9900
2013-04-16,121.9800
2013-04-17,122.7900
2013-04-18,123.0900
2013-04-19,122.8300
2013-04-22,122.9200
2013-04-23,122.4900
2013-04-24,122.8000
2013-04-25,122.2700
2013-04-26,123.3900
2013-04-29,122.9400
2013-04-30,123.0100
2013-05-01,124.0100
2013-05-02,123.8500
2013-05-03,120.9300
2013-05-06,120.6300
2013-05-07,120.1600
2013-05-08,120.3500
2013-05-09,120.0400
2013-05-10,118.7500
2013-05-13,117.8400
2013-05-14,116.5600
2013-05-15,117.3400
2013-05-16,118.5600
2013-05-17,117.0600
2013-05-20,116.9200
2013-05-21,117.8400
2013-05-22,116.0900
2013-05-23,116.6400
2013-05-24,116.8000
2013-05-28,113.8400
2013-05-29,115.1200
2013-05-30,114.8400
2013-05-31,114.4500
2013-06-03,114.7800
2013-06-04,113.7200
2013-06-05,115.2900
2013-06-06,115.2200
2013-06-07,113.1600
2013-06-10,112.6200
2013-06-11,113.9600
2013-06-12,112.3300
2013-06-13,114.0900
2013-06-14,113.8200
2013-06-17,113.2200
2013-06-18,113.2800
2013-06-19,112.1100
2013-06-20,110.2700
2013-06-21,108.4000
2013-06-24,108.8500
2013-06-25,107.8800
2013-06-26,108.5800
2013-06-27,109.6900
2013-06-28,110.4400
2013-07-01,110.4100
2013-07-02,110.3400
2013-07-03,110.0100
2013-07-05,106.2600
2013-07-08,107.2900
2013-07-09,107.4000
2013-07-10,106.5600
2013-07-11,107.8100
2013-07-12,107.7200
2013-07-15,108.2900
2013-07-16,108.6600
2013-07-17,108.8600
2013-07-18,107.5000
2013-07-19,109.2000
2013-07-22,109.3600
2013-07-23,108.9000
2013-07-24,107.5200
2013-07-25,107.4800
2013-07-26,108.1400
2013-07-29,107.3500
2013-07-30,107.3100
2013-07-31,107.7000
2013-08-01,105.3600
2013-08-02,106.5200
2013-08-05,105.7000
2013-08-06,106.0100
2013-08-07,106.8000
2013-08-08,107.0900
2013-08-09,107.2600
2013-08-12,106.5300
2013-08-13,104.9900
2013-08-14,105.1500
2013-08-15,103.7300
2013-08-16,103.3700
2013-08-19,102.4700
2013-08-20,103.2600
2013-08-21,102.1300
2013-08-22,103.1700
2013-08-23,104.2900
2013-08-26,104.8100
2013-08-27,106.1300
2013-08-28,105.2700
2013-08-29,106.1100
2013-08-30,105.9900
2013-09-03,104.2200
2013-09-04,103.9900
2013-09-05,102.5400
2013-09-06,103.0500
2013-09-09,103.1000
2013-09-10,102.3800
2013-09-11,103.2900
2013-09-12,103.1500
2013-09-13,103.5500
2013-09-16,102.8600
2013-09-17,103.7100
2013-09-18,104.9900
2013-09-19,104.3700
2013-09-20,104.9200
2013-09-23,105.6900
2013-09-24,106.8300
2013-09-25,107.0500
2013-09-26,106.3000
2013-09-27,106.5600
2013-09-30,106.4000
2013-10-01,105.8000
2013-10-02,105.9600
2013-10-03,105.7900
2013-10-04,105.7100
2013-10-07,106.1400
2013-10-08,106.1700
2013-10-09,105.3200
2013-10-10,105.4900
2013-10-11,105.4600
2013-10-14,104.6100
2013-10-15,104.5400
2013-10-16,105.8500
2013-10-17,106.8100
2013-10-18,107.0400
2013-10-21,106.7000
2013-10-22,107.8900
2013-10-23,108.3100
2013-10-24,107.8900
2013-10-25,108.2900
2013-10-28,107.9200
2013-10-29,108.0600
2013-10-30,107.4100
2013-10-31,107.6400
2013-11-01,106.1900
2013-11-04,106.2900
2013-11-05,105.0200
2013-11-06,105.0700
2013-11-07,105.9600
2013-11-08,103.4100
2013-11-11,103.0200
2013-11-12,103.5000
2013-11-13,103.8800
2013-11-14,104.5200
2013-11-15,104.7300
2013-11-18,105.3600
2013-11-19,104.5600
2013-11-20,102.7800
2013-11-21,102.9500
2013-11-22,103.9100
2013-11-25,104.2100
2013-11-26,104.6000
2013-11-27,104.4200
2013-11-29,104.4500
2013-12-02,103.3300
2013-12-03,103.7100
2013-12-04,102.7200
2013-12-05,102.4300
2013-12-06,102.9200
2013-12-09,103.1600
2013-12-10,103.9000
2013-12-11,103.1000
2013-12-12,102.7100
2013-12-13,103.2100
2013-12-16,102.8300
2013-12-17,103.2900
2013-12-18,102.7700
2013-12-19,102.6700
2013-12-20,104.2500
2013-12-23,103.6600
2013-12-24,102.8300
2013-12-26,102.1000
2013-12-27,101.8100
2013-12-30,102.5100
2013-12-31,101.8600
2014-01-02,102.1700
2014-01-03,102.1700
2014-01-06,102.6000
2014-01-07,102.8600
2014-01-08,102.5800
2014-01-09,103.1800
2014-01-10,104.4100
2014-01-13,104.9300
2014-01-14,104.4500
2014-01-15,104.3400
2014-01-16,105.0400
2014-01-17,105.4800
2014-01-21,105.5600
2014-01-22,105.3000
2014-01-23,106.7900
2014-01-24,107.4800
2014-01-27,106.7300
2014-01-28,106.9900
2014-01-29,107.8700
2014-01-30,107.5600
2014-01-31,108.2800
2014-02-03,109.3200
2014-02-04,108.1600
2014-02-05,107.1600
2014-02-06,106.7000
2014-02-07,106.7900
2014-02-10,107.0900
2014-02-11,106.4700
2014-02-12,105.9200
2014-02-13,106.5200
2014-02-14,106.5800
2014-02-18,106.8200
2014-02-19,106.3700
2014-02-20,106.1100
2014-02-21,106.6700
2014-02-24,106.4000
2014-02-25,107.3500
2014-02-26,107.9200
2014-02-27,108.5100
2014-02-28,108.5700
2014-03-03,109.0300
2014-03-04,107.3900
2014-03-05,107.6200
2014-03-06,106.5600
2014-03-07,105.8900
2014-03-10,106.0400
2014-03-11,106.3200
2014-03-12,107.0600
2014-03-13,108.5000
2014-03-14,108.5200
2014-03-17,107.7100
2014-03-18,108.1000
2014-03-19,107.2600
2014-03-20,107.0700
2014-03-21,108.2300
2014-03-24,109.0000
2014-03-25,108.5900
2014-03-26,109.4400
2014-03-27,109.9900
2014-03-28,109.3700
2014-03-31,109.1000
2014-04-01,107.8900
2014-04-02,107.2700
2014-04-03,107.7400
2014-04-04,108.4600
2014-04-07,109.1100
2014-04-08,109.3700
2014-04-09,108.8300
2014-04-10,109.8400
2014-04-11,110.7300
2014-04-14,110.4400
2014-04-15,111.1300
2014-04-16,111.2700
2014-04-17,110.0500
2014-04-21,109.9600
2014-04-22,110.3300
2014-04-23,110.9600
2014-04-24,111.1700
2014-04-25,111.3300
2014-04-28,110.7900
2014-04-29,110.6400
2014-04-30,111.1000
2014-05-01,112.0200
2014-05-02,112.7100
2014-05-05,112.0300
2014-05-06,112.4800
2014-05-07,112.0800
2014-05-08,111.6000
2014-05-09,111.2400
2014-05-12,110.7900
2014-05-13,111.7500
2014-05-14,112.9600
2014-05-15,113.8600
2014-05-16,113.5400
2014-05-19,112.7000
2014-05-20,112.9500
2014-05-21,112.2600
2014-05-22,112.1000
2014-05-23,112.7000
2014-05-27,113.3600
2014-05-28,114.7600
2014-05-29,114.1500
2014-05-30,114.1000
2014-06-02,112.9600
2014-06-03,111.5700
2014-06-04,111.5400
2014-06-05,111.5900
2014-06-06,111.5900
2014-06-09,111.4300
2014-06-10,111.0200
2014-06-11,111.2200
2014-06-12,112.2100
2014-06-13,112.1500
2014-06-16,112.4300
2014-06-17,111.5400
2014-06-18,112.4000
2014-06-19,110.9600
2014-06-20,111.8000
2014-06-23,111.4500
2014-06-24,112.5800
2014-06-25,112.8700
2014-06-26,113.4100
2014-06-27,113.2400
2014-06-30,113.5200
2014-07-01,112.2800
2014-07-02,111.0800
2014-07-03,110.6800
2014-07-07,111.4900
2014-07-08,112.7400
2014-07-09,112.8300
2014-07-10,112.8600
2014-07-11,113.5800
2014-07-14,113.0900
2014-07-15,112.8600
2014-07-16,113.4600
2014-07-17,114.8900
2014-07-18,114.5200
2014-07-21,115.0900
2014-07-22,115.3300
2014-07-23,115.1800
2014-07-24,114.3200
2014-07-25,115.6700
2014-07-28,115.5100
2014-07-29,115.9300
2014-07-30,114.3200
2014-07-31,113.9800
2014-08-01,114.5600
2014-08-04,114.2600
2014-08-05,114.6300
2014-08-06,114.7000
2014-08-07,115.7700
2014-08-08,115.5200
2014-08-11,115.5100
2014-08-12,114.7600
2014-08-13,115.5100
2014-08-14,116.4400
2014-08-15,117.7100
2014-08-18,116.5400
2014-08-19,116.1800
2014-08-20,115.9900
2014-08-21,116.6400
2014-08-22,117.2900
2014-08-25,117.7300
2014-08-26,117.3500
2014-08-27,118.3500
2014-08-28,118.9700
2014-08-29,119.0500
2014-09-02,116.7300
2014-09-03,117.3800
2014-09-04,115.9500
2014-09-05,115.7300
2014-09-08,115.7800
2014-09-09,115.6900
2014-09-10,114.9600
2014-09-11,114.5800
2014-09-12,113.3800
2014-09-15,113.5500
2014-09-16,113.0900
2014-09-17,112.8000
2014-09-18,113.1600
2014-09-19,114.6000
2014-09-22,114.7400
2014-09-23,115.4500
2014-09-24,114.8100
2014-09-25,116.1700
2014-09-26,116.0000
2014-09-29,116.9300
2014-09-30,116.2700
2014-10-01,118.2300
2014-10-02,117.2000
2014-10-03,117.7000
2014-10-06,117.7700
2014-10-07,119.3600
2014-10-08,119.3900
2014-10-09,118.8700
2014-10-10,120.0500
2014-10-13,120.7800
2014-10-14,121.5700
2014-10-15,122.5300
2014-10-16,121.7500
2014-10-17,121.0700
2014-10-20,121.5100
2014-10-21,120.5400
2014-10-22,120.6700
2014-10-23,119.6000
2014-10-24,119.7200
2014-10-27,119.9400
2014-10-28,119.1900
2014-10-29,119.4600
2014-10-30,119.5600
2014-10-31,119.2500
2014-11-03,118.9600
2014-11-04,119.3300
2014-11-05,119.1600
2014-11-06,118.3900
2014-11-07,119.7500
2014-11-10,118.6500
2014-11-11,118.7300
2014-11-12,118.6300
2014-11-13,118.9100
2014-11-14,119.4900
2014-11-17,119.1900
2014-11-18,119.5200
2014-11-19,118.7600
2014-11-20,119.3800
2014-11-21,120.1000
2014-11-24,120.2000
2014-11-25,121.2000
2014-11-26,121.5300
2014-11-28,122.4900
2014-12-01,121.5000
2014-12-02,120.3200
2014-12-03,120.7900
2014-12-04,121.8000
2014-12-05,121.0900
2014-12-08,122.5700
2014-12-09,123.2000
2014-12-10,124.1000
2014-12-11,124.6100
2014-12-12,126.3000
2014-12-15,126.0400
2014-12-16,127.6000
2014-12-17,126.4500
2014-12-18,124.2000
2014-12-19,125.8700
2014-12-22,126.0400
2014-12-23,123.5400
2014-12-24,123.9500
2014-12-26,124.4100
2014-12-29,125.3400
2014-12-30,125.6800
2014-12-31,125.9200
2015-01-02,127.3200
2015-01-05,129.3200
2015-01-06,131.6500
2015-01-07,131.3900
2015-01-08,129.6500
2015-01-09,131.0700
2015-01-12,131.8200
2015-01-13,131.8200
2015-01-14,132.8200
2015-01-15,134.9100
2015-01-16,133.1900
2015-01-20,134.9600
2015-01-21,133.4000
2015-01-22,132.9200
2015-01-23,134.7700
2015-01-26,134.3600
2015-01-27,134.5700
2015-01-28,136.7700
2015-01-29,135.8700
2015-01-30,138.2800
2015-02-02,137.4800
2015-02-03,134.5700
2015-02-04,134.8000
2015-02-05,133.3200
2015-02-06,130.9600
2015-02-09,130.7500
2015-02-10,129.7100
2015-02-11,129.9500
2015-02-12,129.5200
2015-02-13,128.1900
2015-02-17,126.2600
2015-02-18,127.0100
2015-02-19,126.1700
2015-02-20,126.5400
2015-02-23,127.9900
2015-02-24,129.6700
2015-02-25,130.2300
2015-02-26,128.4500
2015-02-27,129.5300
2015-03-02,126.8700
2015-03-03,126.4100
2015-03-04,126.4500
2015-03-05,126.2900
2015-03-06,123.5000
2015-03-09,124.6400
2015-03-10,126.2800
2015-03-11,127.2000
2015-03-12,127.1100
2015-03-13,126.7200
2015-03-16,127.9400
2015-03-17,129.0000
2015-03-18,131.4900
2015-03-19,130.8200
2015-03-20,131.5100
2015-03-23,131.3500
2015-03-24,132.6200
2015-03-25,131.5000
2015-03-26,129.4500
2015-03-27,131.0600
2015-03-30,130.4100
2015-03-31,130.6900
2015-04-01,132.1300
2015-04-02,130.7300
2015-04-06,130.0000
2015-04-07,131.0900
2015-04-08,131.1300
2015-04-09,129.4300
2015-04-10,129.6200
2015-04-13,129.8000
2015-04-14,130.7200
2015-04-15,130.6100
2015-04-16,129.9600
2015-04-17,131.4500
2015-04-20,130.2900
2015-04-21,129.7000
2015-04-22,127.7200
2015-04-23,128.2700
2015-04-24,129.0700
2015-04-27,129.0700
2015-04-28,127.2900
2015-04-29,125.7300
2015-04-30,125.9500
2015-05-01,124.0000
2015-05-04,122.8300
2015-05-05,122.6600
2015-05-06,120.5600
2015-05-07,122.1800
2015-05-08,122.5100
2015-05-11,119.5300
2015-05-12,119.8400
2015-05-13,118.8800
2015-05-14,119.2000
2015-05-15,121.5900
2015-05-18,119.5500
2015-05-19,118.4900
2015-05-20,118.6900
2015-05-21,120.3500
2015-05-22,120.4000
2015-05-26,122.4600
2015-05-27,122.7400
2015-05-28,122.4400
2015-05-29,122.7100
2015-06-01,121.1300
2015-06-02,119.4400
2015-06-03,117.5200
2015-06-04,119.0500
2015-06-05,117.6000
2015-06-08,117.4700
2015-06-09,116.5400
2015-06-10,115.5200
2015-06-11,117.9500
2015-06-12,117.9500
2015-06-15,118.1400
2015-06-16,119.0700
2015-06-17,118.1500
2015-06-18,117.5700
2015-06-19,119.0800
2015-06-22,116.6500
2015-06-23,115.9500
2015-06-24,116.9500
2015-06-25,116.5400
2015-06-26,115.2300
2015-06-29,118.2800
2015-06-30,117.4600
2015-07-01,115.6200
2015-07-02,116.0000
2015-07-06,118.1500
2015-07-07,119.2600
2015-07-08,120.2900
2015-07-09,117.9200
2015-07-10,116.0500
2015-07-13,115.6900
2015-07-14,116.0700
2015-07-15,117.3000
2015-07-16,118.1100
2015-07-17,118.7200
2015-07-20,118.2200
2015-07-21,118.8600
2015-07-22,119.6000
2015-07-23,121.0900
2015-07-24,121.3900
2015-07-27,122.0400
2015-07-28,121.1500
2015-07-29,120.7000
2015-07-30,121.6300
2015-07-31,122.5300
2015-08-03,123.5500
2015-08-04,122.5700
2015-08-05,121.6500
2015-08-06,122.7300
2015-08-07,124.3400
2015-08-10,122.8000
2015-08-11,124.7500
2015-08-12,124.0700
2015-08-13,123.6700
2015-08-14,123.9600
2015-08-17,124.5200
2015-08-18,123.5400
2015-08-19,124.7600
2015-08-20,126.0200
2015-08-21,126.4000
2015-08-24,126.3600
2015-08-25,124.3300
2015-08-26,121.9300
2015-08-27,122.0000
2015-08-28,122.3600
2015-08-31,121.4200
2015-09-01,122.0300
2015-09-02,120.9800
2015-09-03,121.5700
2015-09-04,122.6800
2015-09-08,120.8700
2015-09-09,121.4500
2015-09-10,120.6300
2015-09-11,121.3900
2015-09-14,121.5800
2015-09-15,119.2500
2015-09-16,118.8000
2015-09-17,120.2500
2015-09-18,122.1000
2015-09-21,120.1100
2015-09-22,121.7800
2015-09-23,121.7700
2015-09-24,122.6000
2015-09-25,121.5400
2015-09-28,123.6200
2015-09-29,123.9700
2015-09-30,123.5400
2015-10-01,123.8100
2015-10-02,124.5600
2015-10-05,122.8700
2015-10-06,123.4000
2015-10-07,122.9900
2015-10-08,121.9600
2015-10-09,122.2800
2015-10-12,123.2100
2015-10-13,123.4200
2015-10-14,124.5000
2015-10-15,123.8900
2015-10-16,123.9300
2015-10-19,123.5900
2015-10-20,122.8300
2015-10-21,124.0500
2015-10-22,124.2600
2015-10-23,123.2000
2015-10-26,124.0200
2015-10-27,124.3300
2015-10-28,123.8300
2015-10-29,121.8600
2015-10-30,122.7800
2015-11-02,121.9500
2015-11-03,120.9500
2015-11-04,121.0900
2015-11-05,120.7700
2015-11-06,119.0000
2015-11-09,118.3300
2015-11-10,118.6800
2015-11-11,118.4300
2015-11-12,119.0000
2015-11-13,119.6800
2015-11-16,119.5700
2015-11-17,119.7700
2015-11-18,120.0200
2015-11-19,120.8200
2015-11-20,120.4500
2015-11-23,120.8200
2015-11-24,120.8100
2015-11-25,121.0900
2015-11-27,120.9700
2015-11-30,121.4500
2015-12-01,122.8300
2015-12-02,122.8700
2015-12-03,119.5300
2015-12-04,120.5800
2015-12-07,121.7500
2015-12-08,121.8100
2015-12-09,121.6800
2015-12-10,121.8400
2015-12-11,123.7600
2015-12-14,122.1600
2015-12-15,121.4400
2015-12-16,121.1800
2015-12-17,122.5500
2015-12-18,123.2300
2015-12-21,123.2000
2015-12-22,122.3100
2015-12-23,121.3900
2015-12-24,121.8300
2015-12-28,122.1900
2015-12-29,120.1600
2015-12-30,120.0400
2015-12-31,120.5800
2016-01-04,121.4500
2016-01-05,120.9600
2016-01-06,122.5900
2016-01-07,122.8100
2016-01-08,123.3600
2016-01-11,122.0100
2016-01-12,123.7700
2016-01-13,124.9900
2016-01-14,123.8200
2016-01-15,125.7500
2016-01-19,125.3600
2016-01-20,126.6800
2016-01-21,125.8200
2016-01-22,125.3400
2016-01-25,126.0200
2016-01-26,126.0800
2016-01-27,126.0500
2016-01-28,126.2300
2016-01-29,127.3000
2016-02-01,126.6700
2016-02-02,129.0200
2016-02-03,127.9500
2016-02-04,128.5700
2016-02-05,128.7200
2016-02-08,131.4900
2016-02-09,131.6300
2016-02-10,132.7900
2016-02-11,133.7200
2016-02-12,131.5000
2016-02-16,130.1100
2016-02-17,129.3100
2016-02-18,130.9000
2016-02-19,131.0100
2016-02-22,130.9400
2016-02-23,131.4700
2016-02-24,131.2100
2016-02-25,131.6800
2016-02-26,130.4100
2016-02-29,130.9800
2016-03-01,128.4300
2016-03-02,128.9600
2016-03-03,129.4300
2016-03-04,128.6000
2016-03-07,128.5600
2016-03-08,129.9800
2016-03-09,129.1900
2016-03-10,128.6600
2016-03-11,127.3600
2016-03-14,127.7600
2016-03-15,127.8800
2016-03-16,128.2600
2016-03-17,128.7900
2016-03-18,129.0600
2016-03-21,128.0700
2016-03-22,128.0400
2016-03-23,129.4900
2016-03-24,129.5400
2016-03-28,129.7100
2016-03-29,131.0700
2016-03-30,129.6900
2016-03-31,130.6100
2016-04-01,130.6800
2016-04-04,130.7600
2016-04-05,132.1900
2016-04-06,131.2300
2016-04-07,132.8500
2016-04-08,132.0100
2016-04-11,131.8400
2016-04-12,130.9300
2016-04-13,131.3900
2016-04-14,130.7600
2016-04-15,131.8800
2016-04-18,131.3100
2016-04-19,130.9000
2016-04-20,129.4600
2016-04-21,128.6900
2016-04-22,128.3600
2016-04-25,127.8300
2016-04-26,127.2500
2016-04-27,128.5200
2016-04-28,129.0500
2016-04-29,129.3800
2016-05-02,127.8200
2016-05-03,129.4300
2016-05-04,130.1400
2016-05-05,131.0100
2016-05-06,130.4500
2016-05-09,130.8600
2016-05-10,130.8700
2016-05-11,131.6100
2016-05-12,131.0100
2016-05-13,132.2800
2016-05-16,131.1400
2016-05-17,131.3600
2016-05-18,129.4900
2016-05-19,130.0500
2016-05-20,130.1500
2016-05-23,130.4400
2016-05-24,129.8600
2016-05-25,129.3700
2016-05-26,130.0400
2016-05-27,129.8500
2016-05-31,130.1600
2016-06-01,130.4200
2016-06-02,131.3600
2016-06-03,133.2300
2016-06-06,132.2400
2016-06-07,132.5600
2016-06-08,133.2700
2016-06-09,134.1300
2016-06-10,134.7800
2016-06-13,135.3800
2016-06-14,135.2800
2016-06-15,135.8000
2016-06-16,136.4600
2016-06-17,135.6100
2016-06-20,134.1600
2016-06-21,133.5400
2016-06-22,133.7600
2016-06-23,132.2300
2016-06-24,135.7800
2016-06-27,139.1700
2016-06-28,139.4600
2016-06-29,138.3900
2016-06-30,138.9000
2016-07-01,140.5700
2016-07-05,142.3300
2016-07-06,142.5600
2016-07-07,142.5500
2016-07-08,143.6000
2016-07-11,142.3400
2016-07-12,140.0000
2016-07-13,141.6500
2016-07-14,139.5900
2016-07-15,138.3900
2016-07-18,138.2600
2016-07-19,139.0400
2016-07-20,138.2800
2016-07-21,138.5600
2016-07-22,138.8000
2016-07-25,138.7000
2016-07-26,138.9200
2016-07-27,140.6500
2016-07-28,140.3900
2016-07-29,141.5600
2016-08-01,139.7700
2016-08-02,138.3300
2016-08-03,138.4100
2016-08-04,139.4500
2016-08-05,138.0000
2016-08-08,138.2600
2016-08-09,139.6200
2016-08-10,140.1600
2016-08-11,138.9100
2016-08-12,140.0800
2016-08-15,138.7600
2016-08-16,138.3900
2016-08-17,139.2200
2016-08-18,139.4400
2016-08-19,138.7100
2016-08-22,139.8800
2016-08-23,140.0300
2016-08-24,139.7000
2016-08-25,139.1700
2016-08-26,138.3600
2016-08-29,140.2100
2016-08-30,139.6700
2016-08-31,139.8700
2016-09-01,139.7700
2016-09-02,138.6300
2016-09-06,139.6400
2016-09-07,139.5400
2016-09-08,137.7900
2016-09-09,135.5200
2016-09-12,135.5900
2016-09-13,134.0500
2016-09-14,134.2500
2016-09-15,133.6700
2016-09-16,134.7500
2016-09-19,134.3100
2016-09-20,134.7800
2016-09-21,135.8700
2016-09-22,136.9500
2016-09-23,136.8200
2016-09-26,137.6900
2016-09-27,138.7000
2016-09-28,138.4000
2016-09-29,138.7500
2016-09-30,137.5100
2016-10-03,136.8100
2016-10-04,135.2100
2016-10-05,134.5800
2016-10-06,133.8300
2016-10-07,133.9200
2016-10-10,133.1300
2016-10-11,132.8300
2016-10-12,132.9600
2016-10-13,133.4600
2016-10-14,131.5900
2016-10-17,132.4300
2016-10-18,132.8600
2016-10-19,132.9700
2016-10-20,133.1100
2016-10-21,133.3100
2016-10-24,132.7300
2016-10-25,133.0800
2016-10-26,132.1800
2016-10-27,130.7400
2016-10-28,130.4500
2016-10-31,131.2500
2016-11-01,131.0100
2016-11-02,131.5800
2016-11-03,130.5700
2016-11-04,131.7400
2016-11-07,130.6200
2016-11-08,130.0900
2016-11-09,124.5700
2016-11-10,122.7300
2016-11-11,122.0400
2016-11-14,121.3100
2016-11-15,121.9100
2016-11-16,123.0100
2016-11-17,121.2000
2016-11-18,120.8500
2016-11-21,121.1500
2016-11-22,121.1100
2016-11-23,120.6400
2016-11-25,120.8200
2016-11-28,121.7100
2016-11-29,122.2200
2016-11-30,120.2400
2016-12-01,118.7300
2016-12-02,119.6000
2016-12-05,119.4700
2016-12-06,119.3800
2016-12-07,120.4000
2016-12-08,118.9800
2016-12-09,117.5000
2016-12-12,117.7200
2016-12-13,118.1400
2016-12-14,116.8200
2016-12-15,117.4100
2016-12-16,117.1400
2016-12-19,118.4000
2016-12-20,117.8100
2016-12-21,118.3300
2016-12-22,117.8100
2016-12-23,118.0500
2016-12-27,117.6700
2016-12-28,118.5300
2016-12-29,118.9500
2016-12-30,119.1300
2017-01-03,119.6400
2017-01-04,120.1000
2017-01-05,121.9800
2017-01-06,120.8600
2017-01-09,121.8300
2017-01-10,121.7500
2017-01-11,122.1600
2017-01-12,121.8900
2017-01-13,121.3100
2017-01-17,122.5800
2017-01-18,121.0100
2017-01-19,120.1800
2017-01-20,119.9400
2017-01-23,121.1400
2017-01-24,120.3100
2017-01-25,118.8000
2017-01-26,119.2000
2017-01-27,119.6300
2017-01-30,119.2700
2017-01-31,120.1000
2017-02-01,119.1000
2017-02-02,119.0500
2017-02-03,119.0000
2017-02-06,119.7200
2017-02-07,120.6000
2017-02-08,122.2400
2017-02-09,120.8300
2017-02-10,120.7600
2017-02-13,120.3800
2017-02-14,119.5100
2017-02-15,118.9600
2017-02-16,119.6100
2017-02-17,120.3200
2017-02-21,120.1100
2017-02-22,120.3100
2017-02-23,120.6700
2017-02-24,122.0100
2017-02-27,121.2900
2017-02-28,121.7400
2017-03-01,119.4700
2017-03-02,119.0400
2017-03-03,119.3500
2017-03-06,118.7800
2017-03-07,118.4200
2017-03-08,117.7800
2017-03-09,116.8400
2017-03-10,117.2500
2017-03-13,116.5100
2017-03-14,117.0700
2017-03-15,118.5000
2017-03-16,117.9000
2017-03-17,118.6400
2017-03-20,119.1500
2017-03-21,120.1400
2017-03-22,120.6200
2017-03-23,120.4500
2017-03-24,120.8800
2017-03-27,121.4300
2017-03-28,120.6200
2017-03-29,121.3400
2017-03-30,120.3600
2017-03-31,120.7100
2017-04-03,121.6700
2017-04-04,121.0100
2017-04-05,121.3800
2017-04-06,121.2000
2017-04-07,120.7100
2017-04-10,121.2700
2017-04-11,122.4200
2017-04-12,123.0900
2017-04-13,123.4700
2017-04-17,123.0900
2017-04-18,124.7000
2017-04-19,124.0200
2017-04-20,123.5400
2017-04-21,123.5400
2017-04-24,122.9300
2017-04-25,121.4500
2017-04-26,122.1200
2017-04-27,122.0800
2017-04-28,122.3500
2017-05-01,121.0800
2017-05-02,121.7000
2017-05-03,121.7800
2017-05-04,121.1800
2017-05-05,121.2900
2017-05-08,120.6300
2017-05-09,120.6200
2017-05-10,120.4800
2017-05-11,120.4800
2017-05-12,121.3900
2017-05-15,121.0600
2017-05-16,121.5100
2017-05-17,123.2800
2017-05-18,123.4200
2017-05-19,123.7100
2017-05-22,123.3700
2017-05-23,122.5400
2017-05-24,123.2300
2017-05-25,123.2700
2017-05-26,123.4800
2017-05-30,124.0900
2017-05-31,124.4000
2017-06-01,124.1500
2017-06-02,125.6200
2017-06-05,124.8400
2017-06-06,125.5200
2017-06-07,124.9200
2017-06-08,124.5900
2017-06-09,124.4000
2017-06-12,124.3600
2017-06-13,124.3800
2017-06-14,126.3000
2017-06-15,126.1000
2017-06-16,126.3500
2017-06-19,126.1700
2017-06-20,127.3000
2017-06-21,127.5600
2017-06-22,127.8400
2017-06-23,127.7800
2017-06-26,128.2600
2017-06-27,126.8900
2017-06-28,126.4700
2017-06-29,125.4100
2017-06-30,125.1200
2017-07-03,124.4600
2017-07-05,124.4900
2017-07-06,123.4600
2017-07-07,122.7200
2017-07-10,122.9000
2017-07-11,123.1100
2017-07-12,123.9600
2017-07-13,123.1800
2017-07-14,123.3300
2017-07-17,123.6700
2017-07-18,124.7500
2017-07-19,124.8000
2017-07-20,125.1600
2017-07-21,125.6900
2017-07-24,125.2000
2017-07-25,123.5700
2017-07-26,123.7700
2017-07-27,123.1600
2017-07-28,123.8900
2017-07-31,124.0400
2017-08-01,124.6400
2017-08-02,124.7100
2017-08-03,126.0000
2017-08-04,124.9300
2017-08-07,125.0700
2017-08-08,124.6200
2017-08-09,125.3000
2017-08-10,126.3700
2017-08-11,126.4300
2017-08-14,125.7800
2017-08-15,125.2500
2017-08-16,125.7100
2017-08-17,126.6500
2017-08-18,126.6200
2017-08-21,126.9300
2017-08-22,126.4400
2017-08-23,127.3000
2017-08-24,126.8300
2017-08-25,127.3200
2017-08-28,127.2400
2017-08-29,127.6500
2017-08-30,127.6100
2017-08-31,127.9900
2017-09-01,126.7500
2017-09-05,128.7600
2017-09-06,127.9700
2017-09-07,129.2800
2017-09-08,129.0000
2017-09-11,127.4600
2017-09-12,126.7900
2017-09-13,126.2900
2017-09-14,126.8100
2017-09-15,126.8600
2017-09-18,126.1300
2017-09-19,125.8200
2017-09-20,125.9100
2017-09-21,125.8400
2017-09-22,126.2000
2017-09-25,126.9900
2017-09-26,126.7600
2017-09-27,124.8500
2017-09-28,124.4800
2017-09-29,124.7600
2017-10-02,124.2800
2017-10-03,124.4000
2017-10-04,124.4100
2017-10-05,123.9400
2017-10-06,123.5900
2017-10-09,123.9800
2017-10-10,124.1800
2017-10-11,124.4200
2017-10-12,124.9500
2017-10-13,125.8500
2017-10-16,125.7600
2017-10-17,125.9200
2017-10-18,125.0900
2017-10-19,125.3100
2017-10-20,123.9800
2017-10-23,124.2000
2017-10-24,123.4300
2017-10-25,122.8400
2017-10-26,122.4300
2017-10-27,123.2400
2017-10-30,124.4200
2017-10-31,124.4600
2017-11-01,124.7500
2017-11-02,125.3000
2017-11-03,125.6400
2017-11-06,126.1100
2017-11-07,126.6400
2017-11-08,126.3600
2017-11-09,126.0000
2017-11-10,124.1000
2017-11-13,124.3600
2017-11-14,125.2000
2017-11-15,126.5600
2017-11-16,125.4600
2017-11-17,126.3900
2017-11-20,126.3400
2017-11-21,126.7400
2017-11-22,127.1500
2017-11-24,126.8000
2017-11-27,126.6200
2017-11-28,126.7900
2017-11-29,125.5400
2017-11-30,125.1200
2017-12-01,126.5500
2017-12-04,126.6100
2017-12-05,127.2400
2017-12-06,127.6800
2017-12-07,126.6800
2017-12-08,126.6900
2017-12-11,126.4300
2017-12-12,126.3800
2017-12-13,127.3300
2017-12-14,127.8700
2017-12-15,128.3500
2017-12-18,127.1800
2017-12-19,125.5300
2017-12-20,124.1400
2017-12-21,124.6000
2017-12-22,124.7700
2017-12-26,125.1400
2017-12-27,126.7700
2017-12-28,126.6600
2017-12-29,126.8600
2018-01-02,125.4900
2018-01-03,126.0900
2018-01-04,126.0700
2018-01-05,125.7100
2018-01-08,125.6300
2018-01-09,123.9500
2018-01-10,123.8000
2018-01-11,124.3100
2018-01-12,124.5200
2018-01-16,125.0400
2018-01-17,124.8700
2018-01-18,123.7100
2018-01-19,123.0600
2018-01-22,123.1800
2018-01-23,123.7100
2018-01-24,123.0400
2018-01-25,124.0500
2018-01-26,123.5900
2018-01-29,122.7300
2018-01-30,122.0100
2018-01-31,122.7300
2018-02-01,120.7000
2018-02-02,119.5800
2018-02-05,120.7100
2018-02-06,119.9600
2018-02-07,118.8200
2018-02-08,118.6900
2018-02-09,117.9400
2018-02-12,118.4600
2018-02-13,118.9900
2018-02-14,117.6700
2018-02-15,118.0700
2018-02-16,118.7100
2018-02-20,118.1900
2018-02-21,116.7400
2018-02-22,117.0900
2018-02-23,118.1300
2018-02-26,118.1700
2018-02-27,118.0000
2018-02-28,118.7500
2018-03-01,119.3200
2018-03-02,118.3500
2018-03-05,118.0300
2018-03-06,118.1400
2018-03-07,118.0100
2018-03-08,118.6900
2018-03-09,117.9100
2018-03-12,118.5900
2018-03-13,119.1900
2018-03-14,120.2400
2018-03-15,120.2400
2018-03-16,119.8100
2018-03-19,119.4300
2018-03-20,118.9500
2018-03-21,119.0800
2018-03-22,120.2600
2018-03-23,120.1700
2018-03-26,119.7100
2018-03-27,120.9900
2018-03-28,121.3100
2018-03-29,121.9000
2018-04-02,121.8800
2018-04-03,120.9400
2018-04-04,120.6900
2018-04-05,119.7900
2018-04-06,121.1000
2018-04-09,121.3000
2018-04-10,121.0800
2018-04-11,121.5100
2018-04-12,120.6200
2018-04-13,120.9000
2018-04-16,120.9400
2018-04-17,121.2700
2018-04-18,120.3000
2018-04-19,119.3200
2018-04-20,118.4600
2018-04-23,118.4900
2018-04-24,117.9500
2018-04-25,117.1600
2018-04-26,117.9800
2018-04-27,118.8900
2018-04-30,119.1000
2018-05-01,118.4100
2018-05-02,118.2800
2018-05-03,118.8100
2018-05-04,118.9900
2018-05-07,118.8000
2018-05-08,118.6900
2018-05-09,117.9800
2018-05-10,118.9300
2018-05-11,119.2300
2018-05-14,118.6000
2018-05-15,117.2500
2018-05-16,116.8000
2018-05-17,116.2100
2018-05-18,117.2100
2018-05-21,117.2700
2018-05-22,117.0900
2018-05-23,117.9400
2018-05-24,118.8800
2018-05-25,119.6200
2018-05-29,122.2400
2018-05-30,121.4200
2018-05-31,121.2200
2018-06-01,120.3000
2018-06-04,119.4300
2018-06-05,119.7100
2018-06-06,118.7400
2018-06-07,119.8900
2018-06-08,119.5300
2018-06-11,119.3100
2018-06-12,119.3400
2018-06-13,119.2800
2018-06-14,120.2700
2018-06-15,120.3800
2018-06-18,120.2700
2018-06-19,120.9700
2018-06-20,119.9100
2018-06-21,120.5400
2018-06-22,120.5300
2018-06-25,120.8000
2018-06-26,120.9700
2018-06-27,122.1100
2018-06-28,122.1400
2018-06-29,121.7200
2018-07-02,121.3500
2018-07-03,122.0000
2018-07-05,122.3500
2018-07-06,122.7500
2018-07-09,121.9600
2018-07-10,121.9500
2018-07-11,122.4200
2018-07-12,122.4100
2018-07-13,122.7200
2018-07-16,122.2100
2018-07-17,121.9800
2018-07-18,121.4900
2018-07-19,122.2600
2018-07-20,120.7600
2018-07-23,119.2700
2018-07-24,119.6800
2018-07-25,119.4900
2018-07-26,119.2600
2018-07-27,119.4600
2018-07-30,119.0500
2018-07-31,119.7000
2018-08-01,118.4600
2018-08-02,118.6300
2018-08-03,119.2200
2018-08-06,119.2900
2018-08-07,118.6700
2018-08-08,118.7900
2018-08-09,119.7900
2018-08-10,120.6600
2018-08-13,120.4100
2018-08-14,120.1400
2018-08-15,120.8400
2018-08-16,120.8300
2018-08-17,120.9800
2018-08-20,121.7900
2018-08-21,121.3800
2018-08-22,121.8600
2018-08-23,122.0500
2018-08-24,122.2900
2018-08-27,121.5900
2018-08-28,120.8600
2018-08-29,121.0200
2018-08-30,121.2800
2018-08-31,121.0000
2018-09-04,120.0300
2018-09-05,119.7100
2018-09-06,120.1500
2018-09-07,119.1300
2018-09-10,119.5700
2018-09-11,118.6600
2018-09-12,118.9400
2018-09-13,119.1200
2018-09-14,118.5500
2018-09-17,118.5500
2018-09-18,117.3100
2018-09-19,116.6100
2018-09-20,117.1500
2018-09-21,117.1000
2018-09-24,116.8000
2018-09-25,116.6800
2018-09-26,117.5000
2018-09-27,117.5800
2018-09-28,117.2700
2018-10-01,116.1500
2018-10-02,116.8600
2018-10-03,114.8300
2018-10-04,114.0200
2018-10-05,113.0400
2018-10-08,112.6600
2018-10-09,113.8000
2018-10-10,113.4900
2018-10-11,114.8700
2018-10-12,114.4700
2018-10-15,114.4200
2018-10-16,114.6800
2018-10-17,114.0000
2018-10-18,113.9600
2018-10-19,113.7100
2018-10-22,113.5600
2018-10-23,113.9200
2018-10-24,114.7800
2018-10-25,114.3000
2018-10-26,114.9900
2018-10-29,114.7300
2018-10-30,114.1600
2018-10-31,113.5800
2018-11-01,113.4100
2018-11-02,112.0000
2018-11-05,112.4400
2018-11-06,112.3700
2018-11-07,112.5200
2018-11-08,112.5100
2018-11-09,113.3500
2018-11-12,114.0900
2018-11-13,114.0200
2018-11-14,114.0900
2018-11-15,114.0400
2018-11-16,114.7000
2018-11-19,115.0200
2018-11-20,115.0600
2018-11-21,115.0200
2018-11-23,115.1400
2018-11-26,114.8800
2018-11-27,115.0100
2018-11-28,114.4500
2018-11-29,114.9000
2018-11-30,115.3300
2018-12-03,115.8800
2018-12-04,117.8200
2018-12-06,118.1900
2018-12-07,118.4100
2018-12-10,118.9000
2018-12-11,118.8800
2018-12-12,118.3500
2018-12-13,118.0700
2018-12-14,118.4800
2018-12-17,119.1700
2018-12-18,119.6000
2018-12-19,121.1800
2018-12-20,120.7400
2018-12-21,120.7200
2018-12-24,121.3200
2018-12-26,120.0200
2018-12-27,120.0400
2018-12-28,121.0500
2018-12-31,121.5100
2019-01-02,122.1500
2019-01-03,123.5400
2019-01-04,122.1100
2019-01-07,121.7500
2019-01-08,121.4300
2019-01-09,121.2400
2019-01-10,120.4600
2019-01-11,120.9300
2019-01-14,120.4800
2019-01-15,120.0400
2019-01-16,120.1600
2019-01-17,120.1900
2019-01-18,119.5600
2019-01-22,120.3700
2019-01-23,120.3200
2019-01-24,121.1100
2019-01-25,120.5300
2019-01-28,120.4100
2019-01-29,121.0200
2019-01-30,120.9300
2019-01-31,121.9700
2019-02-01,120.9600
2019-02-04,120.4200
2019-02-05,120.9700
2019-02-06,121.0300
2019-02-07,121.8300
2019-02-08,122.3500
2019-02-11,121.8700
2019-02-12,121.5600
2019-02-13,121.1000
2019-02-14,121.7900
2019-02-15,121.9800
2019-02-19,122.2900
2019-02-20,121.9400
2019-02-21,120.8500
2019-02-22,121.5700
2019-02-25,121.2100
2019-02-26,121.8100
2019-02-27,120.4300
2019-02-28,120.0200
2019-03-01,118.6600
2019-03-04,119.5900
2019-03-05,119.8400
2019-03-06,120.2800
2019-03-07,121.0600
2019-03-08,121.5700
2019-03-11,121.2100
2019-03-12,122.0600
2019-03-13,121.8300
2019-03-14,120.9500
2019-03-15,121.7500
2019-03-18,121.6800
2019-03-19,121.4100
2019-03-20,122.6800
2019-03-21,122.9500
2019-03-22,124.8600
2019-03-25,125.0600
2019-03-26,124.9700
2019-03-27,126.1200
2019-03-28,126.5600
2019-03-29,126.4400
2019-04-01,124.3700
2019-04-02,124.6000
2019-04-03,123.5200
2019-04-04,123.8700
2019-04-05,124.0300
2019-04-08,123.5900
2019-04-09,123.9800
2019-04-10,124.2800
2019-04-11,123.5500
2019-04-12,122.6700
2019-04-15,122.9800
2019-04-16,122.2100
2019-04-17,122.2600
2019-04-18,122.9000
2019-04-22,122.3100
2019-04-23,122.5700
2019-04-24,123.5700
2019-04-25,123.3900
2019-04-26,123.8100
2019-04-29,123.0200
2019-04-30,123.6500
2019-05-01,123.9000
2019-05-02,123.3100
2019-05-03,123.6600
2019-05-06,124.0000
2019-05-07,124.9500
2019-05-08,124.4100
2019-05-09,124.9200
2019-05-10,124.7500
2019-05-13,125.7300
2019-05-14,125.3600
2019-05-15,126.1300
2019-05-16,125.7100
2019-05-17,125.9900
2019-05-20,125.7300
2019-05-21,125.5300
2019-05-22,126.2500
2019-05-23,127.6700
2019-05-24,127.7800
2019-05-28,128.7000
2019-05-29,129.0900
2019-05-30,130.2000
2019-05-31,131.8300
2019-06-03,132.4400
2019-06-04,130.9300
2019-06-05,130.1900
2019-06-06,130.6100
2019-06-07,131.7400
2019-06-10,130.5000
2019-06-11,130.5800
2019-06-12,130.6800
2019-06-13,131.1300
2019-06-14,131.4600
2019-06-17,131.6900
2019-06-18,132.3500
2019-06-19,132.5400
2019-06-20,132.8900
2019-06-21,131.4300
2019-06-24,132.4100
2019-06-25,132.8200
2019-06-26,131.9700
2019-06-27,132.9000
2019-06-28,132.8100
2019-07-01,132.2400
2019-07-02,133.2600
2019-07-03,134.2100
2019-07-05,132.4300
2019-07-08,132.6100
2019-07-09,132.5600
2019-07-10,131.8300
2019-07-11,130.0700
2019-07-12,130.2200
2019-07-15,130.9700
2019-07-16,130.5800
2019-07-17,131.9900
2019-07-18,132.0000
2019-07-19,131.6900
2019-07-22,131.9400
2019-07-23,131.2200
2019-07-24,131.7900
2019-07-25,131.1600
2019-07-26,131.4700
2019-07-29,131.5100
2019-07-30,131.8300
2019-07-31,132.8900
2019-08-01,135.2600
2019-08-02,136.5100
2019-08-05,138.8700
2019-08-06,139.9800
2019-08-07,140.0300
2019-08-08,140.3300
2019-08-09,140.0500
2019-08-12,142.9700
2019-08-13,142.4800
2019-08-14,145.6900
2019-08-15,147.3100
2019-08-16,146.1300
2019-08-19,144.0400
2019-08-20,145.5300
2019-08-21,144.5600
2019-08-22,143.6000
2019-08-23,145.9600
2019-08-26,145.3700
2019-08-27,147.6100
2019-08-28,147.8000
2019-08-29,147.2400
2019-08-30,147.2800
2019-09-03,147.2100
2019-09-04,147.4300
2019-09-05,144.7600
2019-09-06,145.7900
2019-09-09,143.2000
2019-09-10,140.6900
2019-09-11,140.4400
2019-09-12,139.5200
2019-09-13,136.5400
2019-09-16,138.2800
2019-09-17,139.0300
2019-09-18,139.6200
2019-09-19,140.0400
2019-09-20,141.8900
2019-09-23,141.8600
2019-09-24,143.5700
2019-09-25,141.4700
2019-09-26,142.3800
2019-09-27,142.7300
2019-09-30,143.0800
2019-10-01,143.2600
2019-10-02,143.6100
2019-10-03,144.9200
2019-10-04,145.9900
2019-10-07,144.7800
2019-10-08,145.1700
2019-10-09,144.3500
2019-10-10,142.2000
2019-10-11,140.4400
2019-10-14,141.4600
2019-10-15,139.7500
2019-10-16,139.9200
2019-10-17,139.5800
2019-10-18,139.5800
2019-10-21,138.5300
2019-10-22,139.3400
2019-10-23,139.4800
2019-10-24,139.2000
2019-10-25,138.5200
2019-10-28,137.2600
2019-10-29,137.3500
2019-10-30,139.3600
2019-10-31,141.2400
2019-11-01,140.5600
2019-11-04,138.7100
2019-11-05,137.1500
2019-11-06,137.9800
2019-11-07,135.4800
2019-11-08,134.9100
2019-11-11,135.0000
2019-11-12,135.6200
2019-11-13,136.5000
2019-11-14,137.9100
2019-11-15,137.7600
2019-11-18,138.0100
2019-11-19,139.1600
2019-11-20,140.6000
2019-11-21,139.7200
2019-11-22,139.9000
2019-11-25,140.3100
2019-11-26,141.1300
2019-11-27,140.7200
2019-11-29,140.4200
2019-12-02,138.3100
2019-12-03,141.2100
2019-12-04,139.8000
2019-12-05,139.1200
2019-12-06,138.3500
2019-12-09,138.6500
2019-12-10,138.6600
2019-12-11,139.7500
2019-12-12,137.4500
2019-12-13,139.0400
2019-12-16,137.7900
2019-12-17,137.6000
2019-12-18,136.4700
2019-12-19,136.4700
2019-12-20,136.6500
2019-12-23,136.4500
2019-12-24,136.8400
2019-12-26,137.1700
2019-12-27,137.3200
2019-12-30,136.8200
2019-12-31,135.4800
2020-01-02,137.0100
2020-01-03,139.1200
2020-01-06,138.3300
2020-01-07,137.6500
2020-01-08,136.7400
2020-01-09,137.2200
2020-01-10,138.4400
2020-01-13,138.0200
2020-01-14,138.7300
2020-01-15,139.6500
2020-01-16,139.2100
2020-01-17,138.0200
2020-01-21,139.4700
2020-01-22,139.9600
2020-01-23,140.9400
2020-01-24,142.0800
2020-01-27,144.2900
2020-01-28,143.1600
2020-01-29,144.5600
2020-01-30,144.5800
2020-01-31,145.9000
2020-02-03,145.5400
2020-02-04,143.5800
2020-02-05,142.0100
2020-02-06,142.6500
2020-02-07,144.4300
2020-02-10,144.8300
2020-02-11,144.1000
2020-02-12,143.3700
2020-02-13,143.9200
2020-02-14,144.5500
2020-02-18,145.5400
2020-02-19,145.5300
2020-02-20,146.6700
2020-02-21,148.0400
2020-02-24,150.2500
2020-02-25,151.0500
2020-02-26,150.2500
2020-02-27,151.8800
2020-02-28,155.3100
2020-03-02,153.9400
2020-03-03,156.3300
2020-03-04,154.6700
2020-03-05,158.5200
2020-03-06,166.7700
2020-03-09,171.2900
2020-03-10,162.5100
2020-03-11,156.5300
2020-03-12,157.5000
2020-03-13,153.9400
2020-03-16,163.9100
2020-03-17,152.9800
2020-03-18,144.3500
2020-03-19,148.2800
2020-03-20,159.4300
2020-03-23,166.0000
2020-03-24,162.9100
2020-03-25,162.5400
2020-03-26,163.3400
2020-03-27,167.7000
2020-03-30,166.3200
2020-03-31,164.9700
2020-04-01,167.0400
2020-04-02,168.1000
2020-04-03,168.5000
2020-04-06,168.0600
2020-04-07,166.3000
2020-04-08,165.0900
2020-04-09,165.3900
2020-04-13,163.8800
2020-04-14,163.8400
2020-04-15,168.1800
2020-04-16,170.0900
2020-04-17,167.8100
2020-04-20,169.1600
2020-04-21,171.2900
2020-04-22,169.5400
2020-04-23,170.4400
2020-04-24,170.8400
2020-04-27,167.6600
2020-04-28,169.5900
2020-04-29,168.7100
2020-04-30,166.7400
2020-05-01,167.9500
2020-05-04,167.1600
2020-05-05,166.0900
2020-05-06,163.4100
2020-05-07,166.1400
2020-05-08,163.9800
2020-05-11,162.7000
2020-05-12,164.3700
2020-05-13,165.5200
2020-05-14,167.1400
2020-05-15,166.7100
2020-05-18,163.0500
2020-05-19,163.6600
2020-05-20,164.1500
2020-05-21,164.5600
2020-05-22,165.5500
2020-05-26,163.3300
2020-05-27,163.0300
2020-05-28,162.4300
2020-05-29,163.5900
2020-06-01,162.2800
2020-06-02,161.6900
2020-06-03,159.5400
2020-06-04,157.2300
2020-06-05,156.1100
2020-06-08,156.7100
2020-06-09,158.4900
2020-06-10,160.8400
2020-06-11,163.8800
2020-06-12,162.3000
2020-06-15,162.3900
2020-06-16,159.9000
2020-06-17,160.5600
2020-06-18,162.2600
2020-06-19,162.3900
2020-06-22,162.4100
2020-06-23,161.3000
2020-06-24,163.0300
2020-06-25,163.5000
2020-06-26,165.2500
2020-06-29,164.7300
2020-06-30,163.9300
2020-07-01,163.4200
2020-07-02,163.5900
2020-07-06,162.9200
2020-07-07,165.2100
2020-07-08,164.5500
2020-07-09,167.1700
2020-07-10,166.3300
2020-07-13,166.8800
2020-07-14,167.1200
2020-07-15,166.3400
2020-07-16,167.1300
2020-07-17,166.7800
2020-07-20,167.1900
2020-07-21,167.2900
2020-07-22,167.7900
2020-07-23,169.7500
2020-07-24,169.7400
2020-07-27,169.1100
2020-07-28,170.2800
2020-07-29,169.9900
2020-07-30,171.1100
2020-07-31,171.0000
2020-08-03,169.9500
2020-08-04,171.5700
2020-08-05,170.0700
2020-08-06,171.0200
2020-08-07,169.8800
2020-08-10,169.1200
2020-08-11,167.1100
2020-08-12,165.5900
2020-08-13,163.8200
2020-08-14,163.1800
2020-08-17,163.5900
2020-08-18,164.7600
2020-08-19,163.7300
2020-08-20,165.2100
2020-08-21,166.2000
2020-08-24,165.9300
2020-08-25,164.6600
2020-08-26,164.0300
2020-08-27,161.2400
2020-08-28,161.1200
2020-08-31,162.1900
2020-09-01,163.8600
2020-09-02,165.4200
2020-09-03,165.8900
2020-09-04,162.7400
2020-09-08,163.7400
2020-09-09,163.3000
2020-09-10,164.1300
2020-09-11,164.4800
2020-09-14,164.4700
2020-09-15,164.0700
2020-09-16,163.5800
2020-09-17,164.0800
2020-09-18,163.5700
2020-09-21,164.4000
2020-09-22,164.2700
2020-09-23,164.4900
2020-09-24,165.1200
2020-09-25,165.1200
2020-09-28,164.6500
2020-09-29,164.8400
2020-09-30,163.2600
2020-10-01,163.3600
2020-10-02,162.7500
2020-10-05,159.5700
2020-10-06,160.4300
2020-10-07,159.2600
2020-10-08,160.1200
2020-10-09,160.0900
2020-10-12,160.6000
2020-10-13,161.7500
2020-10-14,162.1200
2020-10-15,161.8400
2020-10-16,161.3900
2020-10-19,160.7800
2020-10-20,159.2500
2020-10-21,158.7000
2020-10-22,157.0500
2020-10-23,158.0100
2020-10-26,159.4800
2020-10-27,160.5500
2020-10-28,160.7000
2020-10-29,159.1400
2020-10-30,157.5700
2020-11-02,158.5800
2020-11-03,157.6600
2020-11-04,161.0800
2020-11-05,161.3600
2020-11-06,159.4100
2020-11-09,156.0600
2020-11-10,155.1600
2020-11-11,155.7200
2020-11-12,158.3700
2020-11-13,158.1600
2020-11-16,157.7800
2020-11-17,158.8100
2020-11-18,159.2700
2020-11-19,160.0900
2020-11-20,161.5100
2020-11-23,160.7700
2020-11-24,159.1700
2020-11-25,158.6800
2020-11-27,160.2200
2020-11-30,160.0200
2020-12-01,157.5000
2020-12-02,156.2500
2020-12-03,157.5100
2020-12-04,155.2000
2020-12-07,156.6000
2020-12-08,157.3400
2020-12-09,156.8200
2020-12-10,158.2100
2020-12-11,158.7700
2020-12-14,158.3300
2020-12-15,157.8000
2020-12-16,157.3800
2020-12-17,156.8000
2020-12-18,156.3300
2020-12-21,156.9500
2020-12-22,157.7600
2020-12-23,156.6700
2020-12-24,157.2900
2020-12-28,157.3600
2020-12-29,157.1600
2020-12-30,157.5000
2020-12-31,157.7300
2021-01-04,157.5400
2021-01-05,156.3700
2021-01-06,153.1600
2021-01-07,151.8100
2021-01-08,151.3200
2021-01-11,151.0700
2021-01-12,150.9500
2021-01-13,152.6500
2021-01-14,151.2200
2021-01-15,151.8200
2021-01-19,152.3100
2021-01-20,152.4600
2021-01-21,151.3900
2021-01-22,151.8800
2021-01-25,153.6700
2021-01-26,153.3800
2021-01-27,153.7700
2021-01-28,152.9200
2021-01-29,152.0000
2021-02-01,152.0000
2021-02-02,151.0200
2021-02-03,149.6800
2021-02-04,149.2800
2021-02-05,148.0300
2021-02-08,148.6800
2021-02-09,148.7900
2021-02-10,149.7800
2021-02-11,148.9600
2021-02-12,147.1100
2021-02-16,144.8700
2021-02-17,145.7900
2021-02-18,145.2000
2021-02-19,143.2700
2021-02-22,142.1800
2021-02-23,141.7700
2021-02-24,140.8400
2021-02-25,138.5400
2021-02-26,143.1200
2021-03-01,141.0600
2021-03-02,141.0700
2021-03-03,139.5400
2021-03-04,138.6400
2021-03-05,138.9100
2021-03-08,137.8300
2021-03-09,139.7400
2021-03-10,140.0200
2021-03-11,139.0100
2021-03-12,136.0600
2021-03-15,136.8600
2021-03-16,136.3100
2021-03-17,135.2900
2021-03-18,133.9200
2021-03-19,134.7500
2021-03-22,136.2600
2021-03-23,137.4900
2021-03-24,138.2300
2021-03-25,137.1400
2021-03-26,136.6600
2021-03-29,135.5000
2021-03-30,136.2100
2021-03-31,135.4500
2021-04-01,137.5100
2021-04-05,136.9100
2021-04-06,137.8400
2021-04-07,136.8800
2021-04-08,138.0100
2021-04-09,137.5100
2021-04-12,137.4500
2021-04-13,138.4800
2021-04-14,138.0400
2021-04-15,140.3500
2021-04-16,139.2600
2021-04-19,138.8600
2021-04-20,139.5000
2021-04-21,139.7800
2021-04-22,140.3900
2021-04-23,140.0600
2021-04-26,139.8600
2021-04-27,138.6400
2021-04-28,138.7300
2021-04-29,138.3200
2021-04-30,138.6400
2021-05-03,138.5200
2021-05-04,139.4600
2021-05-05,139.6900
2021-05-06,139.9200
2021-05-07,139.2300
2021-05-10,137.8200
2021-05-11,137.0400
2021-05-12,135.6000
2021-05-13,135.8100
2021-05-14,137.0800
2021-05-17,136.7900
2021-05-18,136.4400
2021-05-19,136.1100
2021-05-20,137.2300
2021-05-21,137.6700
2021-05-24,138.1800
2021-05-25,139.4600
2021-05-26,139.2200
2021-05-27,138.6600
2021-05-28,138.4400
2021-06-01,138.2100
2021-06-02,138.5300
2021-06-03,138.0100
2021-06-04,139.9000
2021-06-07,139.4700
2021-06-08,140.4500
2021-06-09,141.6900
2021-06-10,142.5400
2021-06-11,142.3100
2021-06-14,141.2200
2021-06-15,141.0500
2021-06-16,140.9300
2021-06-17,143.0400
2021-06-18,145.7300
2021-06-21,143.2900
2021-06-22,143.6400
2021-06-23,143.2700
2021-06-24,143.5000
2021-06-25,142.0100
2021-06-28,143.4700
2021-06-29,143.7100
2021-06-30,144.3500
2021-07-01,144.1700
2021-07-02,145.0400
2021-07-06,146.7400
2021-07-07,148.0400
2021-07-08,148.6200
2021-07-09,146.5300
2021-07-12,146.3400
2021-07-13,145.2200
2021-07-14,146.8700
2021-07-15,148.4900
2021-07-16,148.2100
2021-07-19,151.4600
2021-07-20,150.0000
2021-07-21,148.1000
2021-07-22,149.5000
2021-07-23,148.5000
2021-07-26,148.0600
2021-07-27,149.6400
2021-07-28,149.6500
2021-07-29,148.8200
2021-07-30,149.5200
2021-08-02,150.6700
2021-08-03,150.7500
2021-08-04,151.0600
2021-08-05,150.2900
2021-08-06,147.7800
2021-08-09,147.2500
2021-08-10,146.5700
2021-08-11,146.4800
2021-08-12,146.2400
2021-08-13,148.5500
2021-08-16,148.9100
2021-08-17,148.8500
2021-08-18,149.3500
2021-08-19,150.4500
2021-08-20,150.5500
2021-08-23,150.4500
2021-08-24,149.2800
2021-08-25,148.0400
2021-08-26,148.4500
2021-08-27,149.4600
2021-08-30,149.8500
2021-08-31,148.8300
2021-09-01,148.8900
2021-09-02,149.5400
2021-09-03,148.1800
2021-09-07,146.9300
2021-09-08,147.9300
2021-09-09,149.7200
2021-09-10,148.4000
2021-09-13,149.3000
2021-09-14,151.1100
2021-09-15,150.5800
2021-09-16,149.8900
2021-09-17,149.1700
2021-09-20,151.0200
2021-09-21,150.8900
2021-09-22,151.7900
2021-09-23,148.3600
2021-09-24,146.9100
2021-09-27,146.3700
2021-09-28,144.0900
2021-09-29,144.3400
2021-09-30,144.3200
2021-10-01,145.3500
2021-10-04,144.9800
2021-10-05,143.5800
2021-10-06,144.3900
2021-10-07,142.8800
2021-10-08,141.8800
2021-10-11,141.5200
2021-10-12,143.9400
2021-10-13,145.3400
2021-10-14,145.8800
2021-10-15,145.0300
2021-10-18,145.7100
2021-10-19,143.7000
2021-10-20,142.7300
2021-10-21,142.5600
2021-10-22,144.1300
2021-10-25,143.9100
2021-10-26,145.1000
2021-10-27,147.7400
2021-10-28,147.2400
2021-10-29,147.6900
2021-11-01,146.4400
2021-11-02,147.0900
2021-11-03,145.5700
2021-11-04,147.1000
2021-11-05,149.3000
2021-11-08,149.0200
2021-11-09,150.9600
2021-11-10,148.2000
2021-11-11,147.9800
2021-11-12,147.3300
2021-11-15,145.4800
2021-11-16,145.1100
2021-11-17,146.2600
2021-11-18,146.8100
2021-11-19,148.3600
2021-11-22,146.6200
2021-11-23,144.5000
2021-11-24,146.8200
2021-11-26,150.5300
2021-11-29,149.3200
2021-11-30,151.5900
2021-12-01,152.3400
2021-12-02,152.5300
2021-12-03,154.3500
2021-12-06,152.2300
2021-12-07,151.0000
2021-12-08,148.3900
2021-12-09,149.2200
2021-12-10,148.8600
2021-12-13,151.0600
2021-12-14,150.7000
2021-12-15,149.2500
2021-12-16,149.1400
2021-12-17,150.8300
2021-12-20,149.7000
2021-12-21,149.1300
2021-12-22,149.8200
2021-12-23,148.5200
2021-12-27,148.8800
2021-12-28,148.2900
2021-12-29,146.6700
2021-12-30,147.9000
2021-12-31,148.1900
2022-01-03,144.3000
2022-01-04,143.7000
2022-01-05,142.9200
2022-01-06,143.2900
2022-01-07,142.2600
2022-01-10,142.6100
2022-01-11,143.5600
2022-01-12,143.0100
2022-01-13,144.2800
2022-01-14,142.1000
2022-01-18,140.1000
2022-01-19,141.0700
2022-01-20,141.9400
2022-01-21,143.6300
2022-01-24,142.4500
2022-01-25,142.2200
2022-01-26,140.5000
2022-01-27,143.0800
2022-01-28,143.1300
2022-01-31,142.3900
2022-02-01,141.7200
2022-02-02,142.2000
2022-02-03,141.0900
2022-02-04,139.0100
2022-02-07,139.1000
2022-02-08,138.1700
2022-02-09,138.4300
2022-02-10,136.2300
2022-02-11,138.2500
2022-02-14,136.5300
2022-02-15,134.9800
2022-02-16,135.7800
2022-02-17,136.7900
2022-02-18,138.2300
2022-02-22,138.5900
2022-02-23,136.6800
2022-02-24,136.7700
2022-02-25,136.8700
2022-02-28,139.8700
2022-03-01,141.3000
2022-03-02,136.4700
2022-03-03,137.8600
2022-03-04,140.2400
2022-03-07,139.1700
2022-03-08,137.7700
2022-03-09,136.4200
2022-03-10,134.4600
2022-03-11,134.9100
2022-03-14,131.7600
2022-03-15,131.5300
2022-03-16,132.8200
2022-03-17,131.8300
2022-03-18,133.4400
2022-03-21,130.3500
2022-03-22,128.6800
2022-03-23,131.5000
2022-03-24,130.4700
2022-03-25,128.6600
2022-03-28,129.7600
2022-03-29,130.7400
2022-03-30,131.7600
2022-03-31,132.0800
2022-04-01,132.3800
2022-04-04,131.4600
2022-04-05,128.4900
2022-04-06,127.4500
2022-04-07,126.4900
2022-04-08,125.1200
2022-04-11,123.1400
2022-04-12,122.9700
2022-04-13,123.2200
2022-04-14,120.7500
2022-04-18,120.1500
2022-04-19,119.2500
2022-04-20,121.6500
2022-04-21,120.7500
2022-04-22,119.9900
2022-04-25,121.1900
2022-04-26,122.4100
2022-04-27,120.8400
2022-04-28,121.0200
2022-04-29,119.4500
2022-05-02,117.1800
2022-05-03,117.9700
2022-05-04,118.6200
2022-05-05,115.3700
2022-05-06,113.6700
2022-05-09,114.6700
2022-05-10,115.7100
2022-05-11,117.9400
2022-05-12,117.7200
2022-05-13,115.9800
2022-05-16,115.8600
2022-05-17,114.4600
2022-05-18,116.9000
2022-05-19,117.1800
2022-05-20,118.5100
2022-05-23,116.5600
2022-05-24,118.8600
2022-05-25,119.3300
2022-05-26,118.7900
2022-05-27,119.0800
2022-05-31,116.5600
2022-06-01,116.2200
2022-06-02,116.2800
2022-06-03,116.0300
2022-06-06,113.8900
2022-06-07,115.1200
2022-06-08,114.1000
2022-06-09,114.4800
2022-06-10,113.7700
2022-06-13,110.2000
2022-06-14,108.8100
2022-06-15,110.8400
2022-06-16,111.7200
2022-06-17,112.0800
2022-06-21,110.1800
2022-06-22,113.2100
2022-06-23,114.1400
2022-06-24,112.5600
2022-06-27,111.6000
2022-06-28,112.1200
2022-06-29,113.8700
2022-06-30,114.8700
2022-07-01,115.8200
2022-07-05,116.7300
2022-07-06,114.7700
2022-07-07,113.7600
2022-07-08,112.5000
2022-07-11,114.4400
2022-07-12,115.1200
2022-07-13,116.4400
2022-07-14,115.4900
2022-07-15,116.1400
2022-07-18,114.9300
2022-07-19,114.3100
2022-07-20,114.6100
2022-07-21,116.5900
2022-07-22,118.5500
2022-07-25,117.3900
2022-07-26,117.4800
2022-07-27,116.8200
2022-07-28,117.7500
2022-07-29,117.4300
2022-08-01,120.0400
2022-08-02,117.5000
2022-08-03,119.3500
2022-08-04,119.3100
2022-08-05,116.4700
2022-08-08,118.3500
2022-08-09,117.8900
2022-08-10,117.1200
2022-08-11,114.3900
2022-08-12,115.5500
2022-08-15,115.4500
2022-08-16,115.9300
2022-08-17,114.7200
2022-08-18,114.8900
2022-08-19,113.0400
2022-08-22,112.6600
2022-08-23,112.0400
2022-08-24,111.2200
2022-08-25,112.7700
2022-08-26,113.6200
2022-08-29,112.6800
2022-08-30,112.9600
2022-08-31,111.8800
2022-09-01,109.6000
2022-09-02,110.2200
2022-09-06,107.4900
2022-09-07,109.1900
2022-09-08,108.0700
2022-09-09,108.3100
2022-09-12,107.4200
2022-09-13,107.6700
2022-09-14,108.0400
2022-09-15,107.9700
2022-09-16,107.0700
2022-09-19,107.3200
2022-09-20,106.2500
2022-09-21,108.0300
2022-09-22,105.2700
2022-09-23,105.7000
2022-09-26,103.6800
2022-09-27,100.9500
2022-09-28,104.3300
2022-09-29,103.7900
2022-09-30,102.4500
2022-10-03,103.8300
2022-10-04,103.5400
2022-10-05,102.5500
2022-10-06,101.9800
2022-10-07,100.9900
2022-10-10,99.4200
2022-10-11,99.8600
2022-10-12,100.3500
2022-10-13,99.3900
2022-10-14,98.5700
2022-10-17,98.0900
2022-10-18,98.3200
2022-10-19,96.5300
2022-10-20,94.8800
2022-10-21,93.1700
2022-10-24,92.4000
2022-10-25,95.0900
2022-10-26,96.4600
2022-10-27,97.4700
2022-10-28,96.8000
2022-10-31,96.1100
2022-11-01,96.7700
2022-11-02,96.3500
2022-11-03,95.8300
2022-11-04,94.2200
2022-11-07,93.2800
2022-11-08,94.3000
2022-11-09,94.6100
2022-11-10,98.2500
2022-11-11,97.8900
2022-11-14,97.6500
2022-11-15,99.2300
2022-11-16,101.4000
2022-11-17,100.3300
2022-11-18,99.6400
2022-11-21,100.0600
2022-11-22,101.4800
2022-11-23,103.2500
2022-11-25,102.9000
2022-11-28,103.1900
2022-11-29,101.9800
2022-11-30,102.7300
2022-12-01,105.7600
2022-12-02,107.0900
2022-12-05,105.5900
2022-12-06,106.9500
2022-12-07,109.4700
2022-12-08,109.1700
2022-12-09,106.3300
2022-12-12,106.6700
2022-12-13,107.7000
2022-12-14,108.1600
2022-12-15,108.3200
2022-12-16,107.1100
2022-12-19,105.3100
2022-12-20,103.4400
2022-12-21,103.7000
2022-12-22,103.6800
2022-12-23,102.1600
2022-12-27,100.1400
2022-12-28,99.5500
2022-12-29,100.6800
2022-12-30,99.5600
2023-01-03,101.4600
2023-01-04,102.8500
2023-01-05,103.2800
2023-01-06,105.1800
2023-01-09,105.7400
2023-01-10,103.9900
2023-01-11,105.6800
2023-01-12,107.7600
2023-01-13,106.7500
2023-01-17,106.0600
2023-01-18,108.6300
2023-01-19,107.9500
2023-01-20,106.2000
2023-01-23,105.7000
2023-01-24,107.2200
2023-01-25,107.4800
2023-01-26,106.9800
2023-01-27,106.7100
2023-01-30,106.3200
2023-01-31,107.1700
2023-02-01,108.1800
2023-02-02,108.3200
2023-02-03,106.7000
2023-02-06,105.9100
2023-02-07,105.0600
2023-02-08,105.5600
2023-02-09,104.5600
2023-02-10,103.3900
2023-02-13,104.2600
2023-02-14,104.0200
2023-02-15,103.0500
2023-02-16,101.5900
2023-02-17,102.3800
2023-02-21,100.3900
2023-02-22,101.3100
2023-02-23,102.3000
2023-02-24,100.9700
2023-02-27,101.2500
2023-02-28,101.7100
2023-03-01,100.3700
2023-03-02,99.4800
2023-03-03,101.8900
2023-03-06,101.1000
2023-03-07,101.7200
2023-03-08,101.8200
2023-03-09,102.0700
2023-03-10,105.5900
2023-03-13,105.8300
2023-03-14,104.0900
2023-03-15,106.1000
2023-03-16,105.2700
2023-03-17,106.8500
2023-03-20,105.9100
2023-03-21,105.0000
2023-03-22,106.4000
2023-03-23,106.4000
2023-03-24,106.8500
2023-03-27,104.3400
2023-03-28,104.5300
2023-03-29,104.3200
2023-03-30,104.8000
2023-03-31,106.3700
2023-04-03,106.6000
2023-04-04,107.1300
2023-04-05,108.2500
2023-04-06,108.5300
2023-04-10,106.7800
2023-04-11,107.0000
2023-04-12,106.8900
2023-04-13,106.0500
2023-04-14,105.0800
2023-04-17,103.8300
2023-04-18,104.2000
2023-04-19,104.1000
2023-04-20,104.9900
2023-04-21,104.4000
2023-04-24,105.4100
2023-04-25,106.9600
2023-04-26,105.8200
2023-04-27,104.7700
2023-04-28,106.4600
2023-05-01,103.1300
2023-05-02,105.7000
2023-05-03,106.2900
2023-05-04,105.2400
2023-05-05,104.8900
2023-05-08,103.4200
2023-05-09,103.0500
2023-05-10,104.0500
2023-05-11,105.1500
2023-05-12,104.2700
2023-05-15,103.1900
2023-05-16,102.8800
2023-05-17,102.5800
2023-05-18,101.8200
2023-05-19,101.1000
2023-05-22,100.7400
2023-05-23,101.0300
2023-05-24,100.5300
2023-05-25,100.2800
2023-05-26,101.0900
2023-05-30,102.1000
2023-05-31,102.9900
2023-06-01,103.1200
2023-06-02,101.9900
2023-06-05,101.8000
2023-06-06,102.4000
2023-06-07,100.8800
2023-06-08,102.0600
2023-06-09,101.9200
2023-06-12,102.2200
2023-06-13,101.2100
2023-06-14,102.0200
2023-06-15,103.0000
2023-06-16,102.6000
2023-06-20,103.3100
2023-06-21,103.5600
2023-06-22,102.3100
2023-06-23,103.3300
2023-06-26,103.4400
2023-06-27,103.1700
2023-06-28,103.6100
2023-06-29,101.7400
2023-06-30,102.9400
2023-07-03,102.0800
2023-07-05,101.1100
2023-07-06,99.6800
2023-07-07,99.0800
2023-07-10,99.2100
2023-07-11,99.7200
2023-07-12,100.8300
2023-07-13,101.8900
2023-07-14,101.2900
2023-07-17,101.3400
2023-07-18,101.8000
2023-07-19,102.9500
2023-07-20,101.7000
2023-07-21,101.7300
2023-07-24,101.3600
2023-07-25,101.1700
2023-07-26,101.2700
2023-07-27,99.3000
2023-07-28,99.8100
2023-07-31,100.0500
2023-08-01,98.1400
2023-08-02,97.0900
2023-08-03,94.8500
2023-08-04,96.5300
2023-08-07,95.5800
2023-08-08,96.6900
2023-08-09,97.1900
2023-08-10,95.5900
2023-08-11,95.3700
2023-08-14,95.1600
2023-08-15,94.5800
2023-08-16,93.8400
2023-08-17,93.4400
2023-08-18,93.7700
2023-08-21,92.5200
2023-08-22,93.2300
2023-08-23,95.5400
2023-08-24,94.9100
2023-08-25,95.2200
2023-08-28,95.3200
2023-08-29,96.3100
2023-08-30,96.2100
2023-08-31,96.6400
2023-09-01,94.8500
2023-09-05,93.5200
2023-09-06,93.7500
2023-09-07,94.0100
2023-09-08,94.3700
2023-09-11,93.6900
2023-09-12,94.2300
2023-09-13,94.2100
2023-09-14,93.5300
2023-09-15,92.9600
2023-09-18,93.4900
2023-09-19,92.8000
2023-09-20,93.0900
2023-09-21,90.7000
2023-09-22,91.4300
2023-09-25,89.1800
2023-09-26,88.8700
2023-09-27,88.4100
2023-09-28,88.6800
2023-09-29,88.6900
2023-10-02,86.9300
2023-10-03,85.0600
2023-10-04,86.2600
2023-10-05,85.8300
2023-10-06,84.7900
2023-10-09,86.7800
2023-10-10,86.6600
2023-10-11,88.4700
2023-10-12,86.0700
2023-10-13,87.6100
2023-10-16,86.2000
2023-10-17,85.2500
2023-10-18,84.5000
2023-10-19,82.7700
2023-10-20,83.2400
2023-10-23,84.2400
2023-10-24,85.3500
2023-10-25,83.4500
2023-10-26,84.7300
2023-10-27,84.3700
2023-10-30,83.9900
2023-10-31,83.5800
2023-11-01,85.1000
2023-11-02,87.0400
2023-11-03,87.6300
2023-11-06,86.7800
2023-11-07,88.0600
2023-11-08,89.5600
2023-11-09,87.5000
2023-11-10,87.9900
2023-11-13,87.7900
2023-11-14,89.7800
2023-11-15,88.5200
2023-11-16,89.6200
2023-11-17,90.0400
2023-11-20,90.5900
2023-11-21,90.5500
2023-11-22,90.8700
2023-11-24,89.8000
2023-11-27,91.3000
2023-11-28,91.4800
2023-11-29,92.6300
2023-11-30,91.5600
2023-12-01,92.9900
2023-12-04,92.6200
2023-12-05,94.6100
2023-12-06,95.8700
2023-12-07,95.3200
2023-12-08,94.5400
2023-12-11,94.3400
2023-12-12,94.6200
2023-12-13,96.8400
2023-12-14,99.0400
2023-12-15,99.1500
2023-12-18,98.3600
2023-12-19,98.8900
2023-12-20,99.5600
2023-12-21,98.9300
2023-12-22,98.4800
2023-12-26,98.7600
2023-12-27,100.5100
2023-12-28,99.7800
2023-12-29,98.8800
2024-01-02,98.3100
2024-01-03,98.7200
2024-01-04,97.2200
2024-01-05,96.2900
2024-01-08,97.2400
2024-01-09,96.6200
2024-01-10,96.1700
2024-01-11,96.7100
2024-01-12,96.5200
2024-01-16,94.8200
2024-01-17,94.6700
2024-01-18,93.7900
2024-01-19,94.0900
2024-01-22,94.6500
2024-01-23,93.9000
2024-01-24,93.3500
2024-01-25,93.9600
2024-01-26,93.7800
2024-01-29,94.8600
2024-01-30,95.7200
2024-01-31,96.6600
2024-02-01,98.2400
2024-02-02,96.0700
2024-02-05,94.1300
2024-02-06,95.0500
2024-02-07,94.5900
2024-02-08,94.0400
2024-02-09,93.8500
2024-02-12,93.9600
2024-02-13,92.3500
2024-02-14,92.8200
2024-02-15,93.3000
2024-02-16,92.7600
2024-02-20,92.8400
2024-02-21,92.1800
2024-02-22,92.6300
2024-02-23,93.8700
2024-02-26,93.5900
2024-02-27,92.9300
2024-02-28,93.5200
2024-02-29,94.1800
2024-03-01,94.4700
2024-03-04,94.0900
2024-03-05,95.4300
2024-03-06,95.9900
2024-03-07,95.9000
2024-03-08,95.7300
2024-03-11,95.6800
2024-03-12,94.8800
2024-03-13,94.4200
2024-03-14,92.9700
2024-03-15,92.9400
2024-03-18,92.6600
2024-03-19,92.9200
2024-03-20,92.8900
2024-03-21,93.0900
2024-03-22,93.9800
2024-03-25,93.5100
2024-03-26,93.7700
2024-03-27,94.7000
2024-03-28,94.6200
2024-04-01,92.5500
2024-04-02,92.0400
2024-04-03,92.0200
2024-04-04,92.6800
2024-04-05,91.3900
2024-04-08,91.3800
2024-04-09,92.2300
2024-04-10,90.2200
2024-04-11,89.8100
2024-04-12,90.2900
2024-04-15,88.8900
2024-04-16,88.3000
2024-04-17,89.2800
2024-04-18,88.8300
2024-04-19,89.1500
2024-04-22,89.0000
2024-04-23,89.0300
2024-04-24,88.4000
2024-04-25,87.7800
2024-04-26,88.2400
2024-04-29,88.9800
2024-04-30,88.2200
2024-05-01,88.5600
2024-05-02,88.9400
2024-05-03,89.8400
2024-05-06,90.1900
2024-05-07,90.7400
2024-05-08,90.1900
2024-05-09,90.6300
2024-05-10,90.1200
2024-05-13,90.3500
2024-05-14,90.8600
2024-05-15,92.1000
2024-05-16,92.0100
2024-05-17,91.3900
2024-05-20,91.1200
2024-05-21,91.5900
2024-05-22,91.7000
2024-05-23,91.1100
2024-05-24,91.3800
2024-05-28,90.0700
2024-05-29,88.9800
2024-05-30,89.8400
2024-05-31,90.4500
2024-06-03,91.6000
2024-06-04,92.6700
2024-06-05,93.3500
2024-06-06,93.2100
2024-06-07,91.5000
2024-06-10,90.8900
2024-06-11,91.8300
2024-06-12,92.5200
2024-06-13,93.8800
2024-06-14,94.6700
2024-06-17,93.7300
2024-06-18,94.5900
2024-06-20,93.9600
2024-06-21,93.9600
2024-06-24,94.3400
2024-06-25,94.5000
2024-06-26,93.1500
2024-06-27,93.5200
2024-06-28,91.7800
2024-07-01,89.9100
2024-07-02,90.6100
2024-07-03,91.8000
2024-07-05,92.5600
2024-07-08,92.7600
2024-07-09,92.3500
2024-07-10,92.6400
2024-07-11,93.5400
2024-07-12,93.9400
2024-07-15,92.8600
2024-07-16,94.1700
2024-07-17,94.1900
2024-07-18,93.4700
2024-07-19,92.9200
2024-07-22,92.6500
2024-07-23,92.5200
2024-07-24,91.5200
2024-07-25,92.2700
2024-07-26,92.9900
2024-07-29,93.4900
2024-07-30,93.8500
2024-07-31,94.8100
2024-08-01,95.3100
2024-08-02,98.2800
2024-08-05,98.8000
2024-08-06,96.5900
2024-08-07,95.9100
2024-08-08,95.3200
2024-08-09,96.2600
2024-08-12,96.6100
2024-08-13,97.2800
2024-08-14,97.8900
2024-08-15,97.1000
2024-08-16,97.4400
2024-08-19,97.8900
2024-08-20,98.6700
2024-08-21,98.7300
2024-08-22,97.7500
2024-08-23,98.3900
2024-08-26,98.1400
2024-08-27,97.9700
2024-08-28,97.8500
2024-08-29,97.5300
2024-08-30,96.4900
2024-09-03,97.7500
2024-09-04,99.0100
2024-09-05,99.5700
2024-09-06,99.5600
2024-09-09,99.9900
2024-09-10,100.6900
2024-09-11,100.6100
2024-09-12,100.1400
2024-09-13,100.4100
2024-09-16,101.3300
2024-09-17,100.8400
2024-09-18,99.5900
2024-09-19,99.2600
2024-09-20,98.8800
2024-09-23,98.6700
2024-09-24,98.6500
2024-09-25,97.8300
2024-09-26,98.0600
2024-09-27,98.5700
2024-09-30,98.1000
2024-10-01,98.4900
2024-10-02,97.6600
2024-10-03,96.7400
2024-10-04,95.5500
2024-10-07,94.8300
2024-10-08,94.9900
2024-10-09,94.4500
2024-10-10,94.0800
2024-10-11,93.7000
2024-10-14,93.7700
2024-10-15,94.9100
2024-10-16,95.3100
2024-10-17,93.8000
2024-10-18,93.8700
2024-10-21,92.2300
2024-10-22,92.3200
2024-10-23,92.0700
2024-10-24,92.6600
2024-10-25,92.1400
2024-10-28,91.8900
2024-10-29,92.0300
2024-10-30,92.3000
2024-10-31,92.4500
2024-11-01,90.8400
2024-11-04,92.2500
2024-11-05,92.7400
2024-11-06,90.2000
2024-11-07,91.3300
2024-11-08,92.4900
2024-11-11,92.0400
2024-11-12,90.6600
2024-11-13,89.8000
2024-11-14,90.3200
2024-11-15,90.0800
2024-11-18,90.2400
2024-11-19,90.7000
2024-11-20,90.4100
2024-11-21,90.3400
2024-11-22,90.3900
2024-11-25,92.7300
2024-11-26,92.3700
2024-11-27,93.0100
2024-11-29,93.9700
2024-12-02,93.8700
2024-12-03,93.0600
2024-12-04,94.0600
2024-12-05,94.2500
2024-12-06,94.3900
2024-12-09,93.5200
2024-12-10,93.0800
2024-12-11,92.2000
2024-12-12,91.0800
2024-12-13,90.1500
2024-12-16,90.4200
2024-12-17,90.6400
2024-12-18,89.1600
2024-12-19,87.8100
2024-12-20,88.3100
2024-12-23,87.5000
2024-12-24,87.8700
2024-12-26,87.8200
2024-12-27,87.1000
2024-12-30,87.8000
2024-12-31,87.3300
2025-01-02,87.5700
2025-01-03,87.2900
2025-01-06,86.9000
2025-01-07,85.9200
2025-01-08,86.0300
2025-01-10,85.4600
2025-01-13,85.4300
2025-01-14,85.2900
2025-01-15,86.7600
2025-01-16,87.0400
2025-01-17,87.1900
2025-01-21,87.9700
2025-01-22,87.5100
2025-01-23,86.8300
2025-01-24,87.2200
2025-01-27,88.2500
2025-01-28,88.1900
2025-01-29,88.0100
2025-01-30,88.3400
2025-01-31,87.7600
2025-02-03,88.1600
2025-02-04,88.4300
2025-02-05,89.8900
2025-02-06,89.8500
2025-02-07,89.2700
2025-02-10,89.0000
2025-02-11,88.4300
2025-02-12,87.2300
2025-02-13,88.6800
2025-02-14,89.1500
2025-02-18,88.1000
2025-02-19,88.2100
2025-02-20,88.5400
2025-02-21,89.6100
2025-02-24,89.8700
2025-02-25,91.4200
2025-02-26,91.9600
2025-02-27,91.3100
2025-02-28,92.4300
2025-03-03,92.5700
2025-03-04,91.4300
2025-03-05,90.7000
2025-03-06,90.4000
2025-03-07,90.1100
2025-03-10,91.0500
2025-03-11,90.4000
2025-03-12,89.8600
2025-03-13,90.6500
2025-03-14,90.1700
2025-03-17,90.6200
2025-03-18,90.7100
2025-03-19,91.1800
2025-03-20,91.2400
2025-03-21,90.7000
2025-03-24,89.7700
2025-03-25,89.7600
2025-03-26,89.1700
2025-03-27,88.9100
2025-03-28,90.1400
2025-03-31,91.0300
2025-04-01,91.4900
2025-04-02,91.4300
2025-04-03,91.8500
2025-04-04,92.8500
2025-04-07,90.0500
2025-04-08,88.3500
2025-04-09,88.8700
2025-04-10,86.4200
2025-04-11,86.8900
2025-04-14,87.5100
2025-04-15,87.8200
2025-04-16,88.3100
2025-04-17,87.5300
2025-04-21,86.0000
2025-04-22,86.4800
2025-04-23,87.3200
2025-04-24,88.2400
2025-04-25,88.8900
2025-04-28,89.4500
2025-04-29,90.2000
2025-04-30,89.4700
2025-05-01,88.6900
2025-05-02,87.7300
2025-05-05,87.2400
2025-05-06,87.5300
2025-05-07,87.9000
2025-05-08,86.9200
2025-05-09,87.0500
2025-05-12,86.2400
2025-05-13,85.8900
2025-05-14,85.3200
2025-05-15,86.0700
2025-05-16,86.3000
2025-05-19,86.0500
2025-05-20,85.4300
2025-05-21,83.9700
2025-05-22,84.4100
2025-05-23,84.5500
2025-05-27,85.7300
2025-05-28,85.3600
2025-05-29,86.1500
2025-05-30,86.2800
2025-06-02,85.1600
2025-06-03,85.0100
2025-06-04,86.3900
2025-06-05,86.4500
2025-06-06,85.3500
2025-06-09,85.4400
2025-06-10,85.8800
2025-06-11,86.1400
2025-06-12,87.1700
2025-06-13,86.3300
2025-06-16,85.4600
2025-06-17,86.5000
2025-06-18,86.6500
2025-06-20,86.4900
2025-06-23,86.7700
2025-06-24,87.4000
2025-06-25,87.5100
2025-06-26,87.9500
2025-06-27,87.3900
2025-06-30,88.2500
2025-07-01,88.1400
2025-07-02,87.5800
2025-07-03,86.9700
2025-07-07,86.1400
2025-07-08,86.0300
2025-07-09,86.9300
2025-07-10,86.9900
2025-07-11,85.7900
2025-07-14,85.6100
2025-07-15,85.0100
2025-07-16,85.1300
2025-07-17,85.1100
2025-07-18,85.2400
2025-07-21,86.0000
2025-07-22,86.5200
2025-07-23,86.0400
2025-07-24,85.8900
2025-07-25,86.4300
2025-07-28,85.8700
2025-07-29,87.3200
2025-07-30,86.8700
2025-07-31,86.9200
2025-08-01,87.8200
2025-08-04,88.0600
2025-08-05,88.3300
2025-08-06,87.8200
2025-08-07,87.6700
2025-08-08,87.2900
2025-08-11,87.3900
2025-08-12,86.9500
2025-08-13,87.6700
2025-08-14,87.0200
2025-08-15,86.4000
2025-08-18,86.1500
2025-08-19,86.6500
2025-08-20,86.8400
2025-08-21,86.4100
2025-08-22,87.0500
2025-08-25,86.8000
2025-08-26,86.7500
2025-08-27,86.6500
2025-08-28,87.2200
2025-08-29,86.6000
2025-09-02,85.6300
2025-09-03,86.5700
2025-09-04,87.2300
2025-09-05,88.5600
2025-09-08,89.7400
2025-09-09,89.2300
2025-09-10,89.7400
2025-09-11,90.3400
2025-09-12,89.9500
2025-09-15,90.1600
2025-09-16,90.3500
2025-09-17,90.1200
2025-09-18,89.1900
2025-09-19,89.0200
2025-09-22,88.7000
2025-09-23,89.3200
2025-09-24,88.9800
2025-09-25,88.9800
2025-09-26,88.9000
2025-09-29,89.6300
2025-09-30,89.3700
2025-10-01,89.2900
2025-10-02,89.5500
2025-10-03,89.3800
2025-10-06,88.6700
2025-10-07,89.1800
2025-10-08,89.2500
2025-10-09,89.1800
2025-10-10,90.6200
2025-10-13,90.5700
2025-10-14,90.8600
2025-10-15,90.6600
2025-10-16,91.3400
2025-10-17,91.2000
2025-10-20,91.5500
2025-10-21,92.0000
2025-10-22,92.0600
2025-10-23,91.4300
2025-10-24,91.4700
2025-10-27,91.7800
2025-10-28,92.0200
2025-10-29,91.0900
2025-10-30,90.5600
2025-10-31,90.2900
2025-11-03,89.7400
2025-11-04,89.9400
2025-11-05,88.9600
2025-11-06,89.7600
2025-11-07,89.5700
2025-11-10,89.5500
2025-11-11,89.9600
2025-11-12,90.1200
2025-11-13,89.3800
2025-11-14,88.8700
2025-11-17,89.0900
2025-11-18,89.0600
2025-11-19,88.8800
2025-11-20,89.2300
2025-11-21,89.5000
2025-11-24,90.0100
2025-11-25,90.2400
2025-11-26,90.6400
2025-11-28,90.2100
2025-12-01,88.7700
2025-12-02,88.8100
2025-12-03,89.0600
2025-12-04,88.5800
2025-12-05,88.1700
2025-12-08,87.8800
2025-12-09,87.9700
2025-12-10,88.3100
2025-12-11,88.1900
2025-12-12,87.3400
2025-12-15,87.4000
2025-12-16,87.8800
2025-12-17,87.8000
2025-12-18,88.2200
2025-12-19,87.5500
2025-12-22,87.3600
2025-12-23,87.5000
2025-12-24,88.0300
2025-12-26,87.7400
2025-12-29,88.0700
2025-12-30,87.8600
2025-12-31,87.1600
2026-01-02,87.0300
2026-01-05,87.4600
2026-01-06,87.2800
2026-01-07,87.7900
2026-01-08,87.3500
2026-01-09,87.9300
2026-01-12,87.6700
2026-01-13,87.8200
2026-01-14,88.3300
2026-01-15,88.3100
2026-01-16,87.8000
2026-01-20,86.6500
2026-01-21,87.3100
2026-01-22,87.6900
2026-01-23,87.9300
2026-01-26,88.3500
2026-01-27,87.8000
2026-01-28,87.6000
2026-01-29,87.6200
2026-01-30,87.1300
2026-02-02,86.5500
2026-02-03,86.7600
2026-02-04,86.5400
2026-02-05,87.4800
2026-02-06,87.5400
2026-02-09,87.5200
2026-02-10,88.5300
2026-02-11,88.0600
2026-02-12,89.2300
2026-02-13,89.7200
2026-02-17,89.8700
2026-02-18,89.5300
2026-02-19,89.6200
2026-02-20,89.4100
2026-02-23,89.7400
2026-02-24,89.9000
2026-02-25,89.9100
2026-02-26,90.2700
2026-02-27,90.8200
2026-03-02,89.6100
2026-03-03,89.4300
2026-03-04,89.1500
2026-03-05,88.7900
2026-03-06,88.4600
2026-03-09,89.2300
2026-03-10,88.2800
2026-03-11,87.1400
2026-03-12,86.9700
2026-03-13,86.5400
2026-03-16,87.2100
2026-03-17,87.4500
2026-03-18,86.9600
2026-03-19,87.4900
2026-03-20,85.8300
2026-03-23,86.3900
2026-03-24,86.0100
2026-03-25,86.8400
2026-03-26,86.1100
2026-03-27,85.6400
2026-03-30,86.7800
2026-03-31,86.6900
2026-04-01,86.2600
2026-04-02,86.7900
2026-04-06,86.6500
2026-04-07,86.6400
2026-04-08,86.9200
2026-04-09,86.7000
2026-04-10,86.4900
2026-04-13,86.7500
2026-04-14,87.2100
2026-04-15,86.8300
2026-04-16,86.2800
2026-04-17,87.0700
2026-04-20,87.0500
2026-04-21,86.5700
2026-04-22,86.7400
2026-04-23,86.5500
2026-04-24,86.7100
2026-04-27,86.2800
2026-04-28,86.3700
2026-04-29,85.7000
2026-04-30,85.6200
2026-05-01,85.6100
2026-05-04,84.9600
2026-05-05,85.4300
2026-05-06,86.0800
2026-05-07,85.6500
2026-05-08,86.0800
2026-05-11,85.5600
2026-05-12,84.9900
2026-05-13,84.8000
2026-05-14,84.9200
2026-05-15,83.6600
2026-05-18,83.5600
2026-05-19,83.0200
2026-05-20,83.9100
2026-05-21,84.2200
2026-05-22,84.6800
2026-05-26,85.1000
2026-05-27,85.3000
2026-05-28,85.7400
2026-05-29,85.7600
2026-06-01,85.4700
2026-06-02,85.6500
2026-06-03,85.3100
2026-06-04,85.5000
2026-06-05,85.0600
2026-06-08,84.6200
2026-06-09,85.1200
2026-06-10,84.8800
2026-06-11,85.9800
2026-06-12,85.7700
2026-06-15,85.7200
2026-06-16,86.1900
2026-06-17,86.3300
2026-06-18,86.7500
2026-06-22,86.0900
2026-06-23,86.2000
2026-06-24,87.3800
2026-06-25,87.3500
2026-06-26,87.3600
2026-06-29,87.4500
2026-06-30,86.4200
2026-07-01,85.5200
2026-07-02,85.5100
2026-07-06,85.4500
2026-07-07,84.5500
2026-07-08,84.3600
2026-07-09,84.4900
2026-07-10,84.4700
2026-07-13,83.9700
2026-07-14,84.0800
2026-07-15,84.2400
2026-07-16,84.2100
2026-07-17,84.5200
2026-07-20,83.8900
2026-07-21,83.6600
2026-07-22,83.4400
2026-07-23,83.1700
2026-07-24,83.2500
2026-07-27,83.7500
2026-07-28,84.2400
2026-07-29,82.8500
2026-07-30,82.8000
2026-07-31,82.2500
2026-08-03,82.1900
2026-08-04,82.8200
2026-08-05,83.0000
2026-08-06,82.5200
2026-08-07,82.7600
2026-08-10,82.0600
2026-08-11,82.1900
2026-08-12,82.1100
2026-08-13,82.5900
2026-08-14,82.0400
2026-08-17,81.3500
2026-08-18,81.6600
2026-08-19,83.0200
2026-08-20,82.3400
2026-08-21,82.0500
2026-08-24,82.5600
2026-08-25,83.4700
2026-08-26,83.3000
2026-08-27,83.1300
2026-08-28,82.8800
2026-08-31,82.5200
2026-09-01,81.8700
2026-09-02,81.9500
2026-09-03,82.0700
2026-09-04,82.2100
2026-09-08,82.2000
2026-09-09,81.7300
2026-09-10,80.7800
2026-09-11,80.8700
2026-09-14,80.9300
2026-09-15,80.7100
2026-09-16,80.8800
2026-09-17,81.7800
