,Baseline,B: Regime-Gate+Richtung,C: Regime-TP (VWAP/1/2sd),D: skip erste 30min,D+B: skip30 + Regime
2013-01-03,100312.86402050985,100312.86402050985,100312.86402050985,100000.0,100000.0
2013-01-04,100312.86402050985,100312.86402050985,100312.86402050985,100000.0,100000.0
2013-01-07,100498.80489817713,100498.80489817713,100498.80489817713,99679.93052828682,99679.93052828682
2013-01-08,100101.66089893311,100101.66089893311,100101.66089893311,99679.93052828682,99679.93052828682
2013-01-09,99822.5035290851,99822.5035290851,99822.5035290851,99679.93052828682,99679.93052828682
2013-01-10,99822.5035290851,98911.83536543328,99822.5035290851,99679.93052828682,99063.8213958307
2013-01-11,99822.5035290851,98911.83536543328,99822.5035290851,99679.93052828682,99063.8213958307
2013-01-14,99489.79193066401,98240.31975011861,99489.79193066401,99679.93052828682,98704.02159652105
2013-01-15,99489.79193066401,98240.31975011861,99489.79193066401,99679.93052828682,98704.02159652105
2013-01-16,99497.2592695576,98650.37819550053,99310.68884117418,100000.05160471058,99021.00855140125
2013-01-17,99791.32044702642,99392.57136885107,99187.52627620904,100120.94516886047,99717.41686992362
2013-01-18,99791.32044702642,99392.57136885107,99187.52627620904,100120.94516886047,99717.41686992362
2013-01-22,99791.32044702642,98224.273805198,99187.52627620904,100120.94516886047,98773.45440020756
2013-01-23,100422.83066739494,98666.74489206361,99579.39275084772,100754.54135602244,99218.39938202138
2013-01-24,100007.24157884927,97548.21994597427,99167.29413944406,100337.57951845313,98093.62066411343
2013-01-25,100007.24157884927,97548.21994597427,99167.29413944406,100337.57951845313,98093.62066411343
2013-01-28,99488.54936659164,97042.28156384545,98652.95835366764,99838.51221257167,97605.71454534969
2013-01-29,99016.89335990911,96778.67189341418,98387.0166518413,99251.2255865867,97274.4407501828
2013-01-30,98629.12518443757,96399.66900056173,98001.71518819612,98862.53972346704,96893.4963362573
2013-01-31,98629.12518443757,96399.66900056173,98001.71518819612,98862.53972346704,96893.4963362573
2013-02-01,98629.12518443757,96399.66900056173,98001.71518819612,98862.53972346704,96893.4963362573
2013-02-04,98798.2131428016,96564.93482024525,98169.72752640107,98949.27717386255,96978.50623844696
2013-02-05,98798.2131428016,96564.93482024525,98169.72752640107,98949.27717386255,96978.50623844696
2013-02-06,97945.78724670828,96001.95469827726,98040.13802242439,98095.54790508717,96413.11496704989
2013-02-07,97852.16158749383,95910.18713433026,97946.42217399589,98095.54790508717,96413.11496704989
2013-02-08,97852.16158749383,95910.18713433026,97946.42217399589,98095.54790508717,96413.11496704989
2013-02-11,97895.19359491841,96072.73621215463,97845.94148529424,98138.686945424,97074.31088507024
2013-02-12,98044.11390327975,96443.44492690059,97564.26301292136,98166.7348017818,97364.94372442142
2013-02-13,97048.67228121108,95792.16260535146,96573.69331563872,97727.06500414373,96709.7938703921
2013-02-14,97166.89033328803,95908.85006331718,96691.33278083996,97455.40788300586,96440.96451193797
2013-02-15,97166.89033328803,95908.85006331718,96691.33278083996,97455.40788300586,96440.96451193797
2013-02-19,97279.03619229348,96325.3784999205,96615.50464291542,97981.50246995862,96680.43853342577
2013-02-20,97009.52766954634,94946.76968282965,96347.83441354235,97710.04778639221,95577.50809063643
2013-02-21,97171.61155269621,93542.65292712736,96412.35846383445,97710.04778639221,94308.79706706929
2013-02-22,97171.61155269621,93542.65292712736,96412.35846383445,97710.04778639221,94308.79706706929
2013-02-25,96458.84596322388,91851.48392750548,95705.16208811491,97346.99412198307,92385.31043171322
2013-02-26,95841.88894703306,91263.99589682535,95093.02568272548,97365.78993708684,92403.14824200045
2013-02-27,95841.88894703306,91263.99589682535,95093.02568272548,97365.78993708684,92403.14824200045
2013-02-28,96233.02500380957,91636.44931852783,95481.10558704627,97763.14511820153,92780.25060751292
2013-03-01,96233.02500380957,91636.44931852783,95481.10558704627,97763.14511820153,92780.25060751292
2013-03-04,94791.08678022244,90263.38535279509,94050.43398786428,96393.79862738239,91480.69840475687
2013-03-05,94791.08678022244,90263.38535279509,94050.43398786428,96393.79862738239,91480.69840475687
2013-03-06,94791.08678022244,90263.38535279509,94050.43398786428,96393.79862738239,91480.69840475687
2013-03-07,94462.31681220859,90501.12506604906,93841.9781240642,96029.74099732804,91885.90332370895
2013-03-08,94462.31681220859,90501.12506604906,93841.9781240642,96029.74099732804,91885.90332370895
2013-03-11,93851.868255951,90490.95726157613,93419.52132847141,95734.9113642824,91744.1828458853
2013-03-12,93559.83631387376,89463.37576689468,93128.83468846678,95437.02009573505,90702.37018979205
2013-03-13,93248.88328889095,89464.48745260415,92819.31412921363,95119.82811183122,90724.5402213214
2013-03-14,93652.55741943103,89790.04844880188,92756.74073256293,95225.46746583542,90799.32294491857
2013-03-15,93652.55741943103,89790.04844880188,92756.74073256293,95225.46746583542,90799.32294491857
2013-03-18,93652.55741943103,89790.04844880188,92756.74073256293,95225.46746583542,90799.32294491857
2013-03-19,93424.71050420604,87782.5082906002,92603.54677538246,95225.46746583542,88614.38816257396
2013-03-20,93315.98458525339,87680.3486603444,92495.77651131539,95114.64585983803,88511.26040618696
2013-03-21,93100.91070875646,87773.39580251515,92444.32821074445,94558.46965874465,88291.62593956452
2013-03-22,93100.91070875646,87773.39580251515,92444.32821074445,94558.46965874465,88291.62593956452
2013-03-25,92510.11189473076,85970.54869847618,91857.69593126907,94140.73021143314,86478.13449741759
2013-03-26,92459.51671682108,85923.53010648332,91807.45756950701,94113.86171404952,86453.45296451186
2013-03-27,92388.98935430143,86162.50133174674,91485.45032411742,94042.0724307077,86693.89801556575
2013-03-28,92290.4465055203,86545.95275351481,91177.7267516458,94142.47314940755,87001.88254436516
2013-04-01,91802.75106754903,85218.30715616698,91210.43912413983,94142.47314940755,86057.56411122867
2013-04-02,92000.38441194758,85401.76548232176,91297.20642877849,94345.1434572372,86242.82919324761
2013-04-03,91942.24016899924,83821.32041030587,91434.99217272081,94345.1434572372,84755.83033229758
2013-04-04,91342.7017301332,83021.07774139082,90838.76140474953,94020.51916979947,83946.66589132693
2013-04-05,91342.7017301332,83021.07774139082,90838.76140474953,94020.51916979947,83946.66589132693
2013-04-08,90688.6104438583,82832.38337519912,90553.26477148547,93976.94427195043,83955.82963834572
2013-04-09,90688.6104438583,82697.30484946292,90553.26477148547,93976.94427195043,84305.02331142263
2013-04-10,90877.1861959526,82869.26366967015,90630.81616670884,93976.94427195043,84305.02331142263
2013-04-11,91558.9831013003,83142.81762525481,90910.68060966581,94480.77052110483,84497.18348735728
2013-04-12,91558.9831013003,83142.81762525481,90910.68060966581,94480.77052110483,84497.18348735728
2013-04-15,91591.21518321965,82753.7167095251,90779.2883913217,94945.91500514602,84416.31990732261
2013-04-16,91800.92733942525,82943.19405547435,90987.14151641968,95457.2608147549,84870.9569651136
2013-04-17,91810.19144335556,82951.56427996239,90996.32349703532,95457.2608147549,84870.9569651136
2013-04-18,91810.19144335556,82951.56427996239,90996.32349703532,95457.2608147549,84870.9569651136
2013-04-19,91810.19144335556,82951.56427996239,90996.32349703532,95457.2608147549,84870.9569651136
2013-04-22,91879.35100825514,83014.05074255605,91064.86998453937,95017.23260486417,84479.72831528311
2013-04-23,91787.6245542509,82931.17483601575,90973.95665617587,95056.38412920105,84514.53789717089
2013-04-24,91384.10540853288,82566.5906452195,90574.01457846373,94638.49477750322,84142.99288444575
2013-04-25,91763.92684557338,82909.76368357454,90950.46902009695,94839.4460780362,84321.65848865488
2013-04-26,91763.92684557338,82909.76368357454,90950.46902009695,94839.4460780362,84321.65848865488
2013-04-29,91614.16811696142,82774.45494924294,90802.03785465616,94839.4460780362,84321.65848865488
2013-04-30,91327.76540499955,82515.68680381414,90518.1740110197,94477.5185796644,83999.86910483404
2013-05-01,90919.51597699289,81706.58414972613,90455.61210904703,94477.5185796644,83017.92608653409
2013-05-02,90919.51597699289,81706.58414972613,90455.61210904703,94477.5185796644,83017.92608653409
2013-05-03,90919.51597699289,81706.58414972613,90455.61210904703,94477.5185796644,83017.92608653409
2013-05-06,90549.89075395989,82031.94754302352,90079.53022753775,94047.69014759564,83298.42035476753
2013-05-07,90458.22587234741,82323.7063684926,89907.54840394379,93806.1378181985,83499.59847985653
2013-05-08,90048.72980659317,82432.09562475124,89500.54520442295,93806.1378181985,83499.59847985653
2013-05-09,90008.30927021551,82585.4679758654,89152.44093912176,93279.25833144726,83466.80947602446
2013-05-10,90008.30927021551,82585.4679758654,89152.44093912176,93279.25833144726,83466.80947602446
2013-05-13,89663.47780251989,82874.44404241859,88638.23767303232,93193.61564829721,84168.75431613116
2013-05-14,89663.47780251989,82874.44404241859,88638.23767303232,93193.61564829721,84168.75431613116
2013-05-15,90236.7682195949,82927.7065508336,88995.82397468672,93565.43702386653,84325.53220690481
2013-05-16,91085.07839775778,83827.51347753346,89601.2418974937,94148.14809351752,84972.93358944154
2013-05-17,91085.07839775778,83827.51347753346,89601.2418974937,94148.14809351752,84972.93358944154
2013-05-20,90670.9295644889,83466.64985358335,88917.50932499785,93807.9308705598,84458.70824818176
2013-05-21,90623.37161265605,83354.21573904812,89004.68790670241,93350.13620314901,84126.26800020406
2013-05-22,90547.24129684217,83277.0539002383,89351.69513255781,93136.23180984506,83926.29509959377
2013-05-23,89765.90877538448,82558.45585604025,88580.67898392033,92689.8153332268,83524.02328522105
2013-05-24,89765.90877538448,82558.45585604025,88580.67898392033,92689.8153332268,83524.02328522105
2013-05-28,89517.75384895463,82330.22569808149,88335.80058658392,92433.57736250265,83293.12384760345
2013-05-29,89823.4716795189,82611.39693962934,88637.48185264939,92370.64527634378,83236.4149091853
2013-05-30,89823.4716795189,82611.39693962934,88637.48185264939,92370.64527634378,83236.4149091853
2013-05-31,89823.4716795189,82611.39693962934,88637.48185264939,92370.64527634378,83236.4149091853
2013-06-03,89802.3420439554,82591.96383736678,88616.63120355073,92348.91645608156,83216.83478074273
2013-06-04,89275.30573460466,82107.2441428451,88096.55365107715,91806.93468819256,82728.4478135384
2013-06-05,88908.90424825068,81770.2616363522,87734.98996966702,91430.14295333864,82388.91577841158
2013-06-06,88442.96163237935,81341.73032186268,87275.19945626953,91430.14295333864,82388.91577841158
2013-06-07,88442.96163237935,81341.73032186268,87275.19945626953,91430.14295333864,82388.91577841158
2013-06-10,87886.18428336602,80829.65754482236,86725.7735518109,90465.59944344025,81519.75281492165
2013-06-11,87481.61744321033,80457.57404375306,86326.54843523527,90197.5223537635,81278.18499002204
2013-06-12,87481.61744321033,80457.57404375306,86326.54843523527,90197.5223537635,81278.18499002204
2013-06-13,87255.18475892067,80249.32201327378,86103.10546905622,90197.5223537635,81278.18499002204
2013-06-14,87255.18475892067,80249.32201327378,86103.10546905622,90197.5223537635,81278.18499002204
2013-06-17,87372.94471628229,80357.62682936802,86219.31057545482,90197.5223537635,81278.18499002204
2013-06-18,87708.88164087087,80666.5908240228,86550.81193584639,90397.79839955398,81458.65639404781
2013-06-19,87735.30763438008,80613.25020080613,86785.98313653596,90425.03454245151,81395.83156684031
2013-06-20,86879.20117155064,79826.63958362794,85939.14002343241,90066.03262091793,81072.67703242209
2013-06-21,86879.20117155064,79826.63958362794,85939.14002343241,90066.03262091793,81072.67703242209
2013-06-24,86407.62076277468,79393.34048765991,85472.6622677026,89229.37541214873,80319.5624819135
2013-06-25,86224.73494774051,79393.34048765991,86099.49937018885,89229.37541214873,80319.5624819135
2013-06-26,85317.08158998327,79393.34048765991,85732.78261526891,88085.8827246594,80319.5624819135
2013-06-27,85395.08979517707,79465.93242212795,85811.17090954073,88085.8827246594,80319.5624819135
2013-06-28,85395.08979517707,79465.93242212795,85811.17090954073,88085.8827246594,80319.5624819135
2013-07-01,85328.31692012836,79403.79572563896,85744.07268871012,87866.70901951313,80119.71279476312
2013-07-02,85328.31692012836,79403.79572563896,85744.07268871012,87866.70901951313,80119.71279476312
2013-07-03,85328.31692012836,79403.79572563896,85744.07268871012,87866.70901951313,80119.71279476312
2013-07-05,85328.31692012836,79403.79572563896,85744.07268871012,87866.70901951313,80119.71279476312
2013-07-08,86123.3578791391,80143.63534959283,86542.98742464388,88098.60462834204,80331.16272597214
2013-07-09,86006.8647169312,80035.23054812408,86425.92665831656,87810.67246187144,80068.61684551957
2013-07-10,86443.64522656087,80441.68448528586,86864.83534793426,88256.61349686966,80475.2403329148
2013-07-11,86379.54358920205,80382.03355693948,86800.42138019709,88074.35321350899,80309.04950000781
2013-07-12,86379.54358920205,80382.03355693948,86800.42138019709,88074.35321350899,80309.04950000781
2013-07-15,86259.40839480395,80380.45037398479,86626.85673283039,87797.67995641202,80309.04950000781
2013-07-16,86042.70964345013,80234.9611766813,86287.40475497731,87474.79926459189,80032.54034346968
2013-07-17,86237.1962698698,80381.93849600478,86073.1215918048,87600.88685516664,80352.54383509033
2013-07-18,86383.33506204838,80440.82746467847,86029.16705117011,87369.27684036198,80199.04316257125
2013-07-19,86383.33506204838,80440.82746467847,86029.16705117011,87369.27684036198,80199.04316257125
2013-07-22,86383.33506204838,80062.61910000705,86029.16705117011,87369.27684036198,80187.67923115137
2013-07-23,86488.76342019226,79217.25613359058,86071.07111519093,87369.27684036198,79505.92358232812
2013-07-24,85982.90797382825,78275.09635577777,85567.65866742042,86858.27144744335,78954.36193432553
2013-07-25,85588.56138898917,78723.41922996847,85175.21655580396,86858.27144744335,79035.35851276612
2013-07-26,85588.56138898917,78723.41922996847,85175.21655580396,86858.27144744335,79035.35851276612
2013-07-29,85413.91559797505,78562.78194854173,85001.4142061818,86681.03477846706,78874.08471073535
2013-07-30,84666.02988472514,78193.53552288124,84192.35441700509,85984.72025709119,78564.18318249297
2013-07-31,84467.02897250142,77693.83881828362,84229.32286633243,85984.72025709119,78155.27539393952
2013-08-01,84694.66413396424,77903.22051146268,84456.31741963707,86131.09403117376,78288.32092330413
2013-08-02,84694.66413396424,77903.22051146268,84456.31741963707,86131.09403117376,78288.32092330413
2013-08-05,84246.44671375802,77862.52403960889,84185.15708509232,85925.71904298241,78296.01281997058
2013-08-06,84055.71275839808,76546.6473833395,83994.56188945168,85925.71904298241,77276.61648502022
2013-08-07,83434.25463941027,76232.20119348526,83373.55588374377,85925.71904298241,77324.94666414776
2013-08-08,83434.25463941027,75876.55114804777,83373.55588374377,85925.71904298241,77431.39590428636
2013-08-09,83434.25463941027,75876.55114804777,83373.55588374377,85925.71904298241,77431.39590428636
2013-08-12,83434.25463941027,76178.12296894923,83373.55588374377,85925.71904298241,77739.1474652691
2013-08-13,83079.82592570203,76210.33151937941,83487.87145055487,85925.71904298241,78119.5100150433
2013-08-14,83791.04466811309,76862.74280621114,84202.58333491464,86221.55429277934,78388.46912317429
2013-08-15,83711.16111519429,76615.33445564595,84031.70447117717,86221.55429277934,78259.48348470246
2013-08-16,83711.16111519429,76615.33445564595,84031.70447117717,86221.55429277934,78259.48348470246
2013-08-19,83711.16111519429,76615.33445564595,84031.70447117717,86221.55429277934,78259.48348470246
2013-08-20,83357.51022518934,76783.83790347834,83563.90742446906,86083.543212711,78431.60298122949
2013-08-21,83787.80498338964,76273.46914017707,83844.46309674587,86527.90986079912,77910.28181117303
2013-08-22,83920.09751179823,76393.8972870303,83976.84508262468,86411.84102994624,77805.7726957236
2013-08-23,83920.09751179823,76393.8972870303,83976.84508262468,86411.84102994624,77805.7726957236
2013-08-26,83669.67994082303,76393.8972870303,83726.25817689813,86411.84102994624,77805.7726957236
2013-08-27,83435.67163823161,76180.2379752566,83492.09163565925,86170.16342035672,77588.1646349157
2013-08-28,82957.53648729996,75743.68069864907,83013.63316517549,85676.3580337178,77143.5391158802
2013-08-29,82957.53648729996,75743.68069864907,83013.63316517549,85676.3580337178,77143.5391158802
2013-08-30,82957.53648729996,75743.68069864907,83013.63316517549,85676.3580337178,77143.5391158802
2013-09-03,82851.7440612753,75647.08781418733,82907.76920130271,85332.14667498591,76833.60901350572
2013-09-04,82526.53954108234,75350.16256324254,82582.34477470962,85332.14667498591,76833.60901350572
2013-09-05,83107.0183906494,75880.1638927861,83163.21614961456,85932.35972897355,77374.04467476404
2013-09-06,83107.0183906494,75880.1638927861,83163.21614961456,85932.35972897355,77374.04467476404
2013-09-09,83147.17336836345,75916.82705733052,83203.39828050772,85541.41227511692,77022.03309431179
2013-09-10,82941.13882551486,76353.73467807035,83146.1369890955,85221.9167283909,77373.09207945893
2013-09-11,82802.24221838504,76225.86960606086,83006.89708369666,85542.20600707644,77663.88314357898
2013-09-12,82390.97448118815,76466.66954234845,82601.07702765352,85386.02299237216,77794.8476176685
2013-09-13,82390.97448118815,76466.66954234845,82601.07702765352,85386.02299237216,77794.8476176685
2013-09-16,82390.97448118815,75142.5726925531,82601.07702765352,85386.02299237216,76444.32906302573
2013-09-17,82268.12530504419,75224.94707924964,82460.16751860414,85386.02299237216,76444.32906302573
2013-09-18,82459.90922687386,74896.76599961249,82822.33117906465,85525.68427986049,75974.48518965303
2013-09-19,82033.96580249663,74509.88969470553,82394.51567831925,85508.2967497849,75959.03943604889
2013-09-20,82033.96580249663,74509.88969470553,82394.51567831925,85508.2967497849,75959.03943604889
2013-09-23,82229.18263558138,73934.78363147585,82485.62691879917,85508.2967497849,75866.46059114517
2013-09-24,81367.82678889984,73160.31213470397,81621.58480216312,84978.16824451895,75396.10888398052
2013-09-25,80521.94996473806,72399.75830249042,80773.06998174614,83736.10340158502,74294.09811964692
2013-09-26,80248.0540735484,72153.4900944942,80498.31990432671,83451.27454838449,74041.38630350829
2013-09-27,80248.0540735484,72153.4900944942,80498.31990432671,83451.27454838449,74041.38630350829
2013-09-30,80248.0540735484,72153.4900944942,80498.31990432671,83451.27454838449,74041.38630350829
2013-10-01,80462.67371208697,72346.4612031666,80713.60886703468,83960.04026551289,74492.7840706933
2013-10-02,80015.54618445756,71944.43511034428,80265.08690382105,83254.7977496331,73867.06404618203
2013-10-03,79790.86253077163,71742.41513655444,80039.70253979514,83254.7977496331,73867.06404618203
2013-10-04,79790.86253077163,71742.41513655444,80039.70253979514,83254.7977496331,73867.06404618203
2013-10-07,79790.86253077163,71742.41513655444,80039.70253979514,83254.7977496331,73867.06404618203
2013-10-08,80045.18802820535,71971.08700245467,80294.82119019236,83254.7977496331,73867.06404618203
2013-10-09,79751.42966947227,71971.08700245467,80729.42788491766,82949.26042320483,73867.06404618203
2013-10-10,80023.21194889293,71971.08700245467,81616.85995664462,83231.94048508596,73867.06404618203
2013-10-11,80023.21194889293,71971.08700245467,81616.85995664462,83231.94048508596,73867.06404618203
2013-10-14,80617.22120200645,72505.32563890681,82222.69879819575,83506.02452995628,74110.30941062358
2013-10-15,79327.93846603006,71345.77358267366,80907.74022625154,82733.435885168,73424.64889888585
2013-10-16,79281.749436419,71304.23220251988,80860.63135034555,82733.435885168,73424.64889888585
2013-10-17,79593.28945269927,71584.42432516017,81178.37563054111,82630.47588021292,73333.27348175767
2013-10-18,79593.28945269927,71584.42432516017,81178.37563054111,82630.47588021292,73333.27348175767
2013-10-21,79993.82769615397,71944.65946275872,81586.89052174792,82524.8585077962,73239.53969197425
2013-10-22,80239.01350385114,71792.78853691927,81533.34624984066,82417.80179689048,72941.21554928628
2013-10-23,79720.91603162023,71329.22772477641,81006.89136524088,82122.99931634893,72680.31012826282
2013-10-24,79416.21826437875,71056.60345615688,80697.2785288759,82122.99931634893,72680.31012826282
2013-10-25,79416.21826437875,71056.60345615688,80697.2785288759,82122.99931634893,72680.31012826282
2013-10-28,79482.14550285843,71115.59097462591,80764.26923735467,81479.90248569082,72111.15803343146
2013-10-29,79502.29337464584,71133.61801453504,80784.74211376363,81500.5567674562,72129.4374389169
2013-10-30,79013.13927918757,70695.9539032294,80287.69749054412,80977.41481892041,71666.44754111471
2013-10-31,78663.50063018943,70383.11937927737,79932.4188326164,80977.41481892041,71666.44754111471
2013-11-01,78663.50063018943,70383.11937927737,79932.4188326164,80977.41481892041,71666.44754111471
2013-11-04,79241.57762102394,70900.34606675463,80519.82076335566,81572.49614519073,72193.10506342776
2013-11-05,79566.73520728655,71019.57925691262,80330.67448759734,81877.17179966126,72633.12414634245
2013-11-06,78974.98144584997,70491.39240783009,79733.23915657701,81530.85690113837,72325.90868609563
2013-11-07,79120.99117553713,70621.71759388657,79880.65076064703,81530.85690113837,72325.90868609563
2013-11-08,79120.99117553713,70621.71759388657,79880.65076064703,81530.85690113837,72325.90868609563
2013-11-11,78832.21466024662,70363.96180484006,79589.1016328736,81233.2848359411,72061.93292485608
2013-11-12,78939.72821905668,70459.92612574893,79697.6474551104,81344.0730407909,72160.21298582957
2013-11-13,79049.4555590415,70557.86642075286,79808.42831356522,81344.0730407909,72160.21298582957
2013-11-14,79005.07612633237,70518.2542809503,79763.62278329414,81298.40537881562,72119.70126700957
2013-11-15,79005.07612633237,70518.2542809503,79763.62278329414,81298.40537881562,72119.70126700957
2013-11-18,78891.61548526058,70363.24681086332,79399.20934903422,81700.66026541643,72569.86390557901
2013-11-19,78256.93148510669,69797.17363977866,78760.44175011093,81700.66026541643,72569.86390557901
2013-11-20,77993.76214988164,69562.45352695562,78495.57916600419,81674.9406371367,72547.01868109858
2013-11-21,79040.30925517489,70495.86643548835,79548.8598244834,82561.8932923902,73334.84626135725
2013-11-22,79040.30925517489,70495.86643548835,79548.8598244834,82561.8932923902,73334.84626135725
2013-11-25,79040.30925517489,70288.29815252808,79548.8598244834,82561.8932923902,73618.92055487925
2013-11-26,78547.48876471081,70059.84588920881,79052.86849443945,82253.79046299876,73684.13111833077
2013-11-27,78785.78144885878,70272.38926889522,79146.51043560305,82503.32710406803,73907.6696382686
2013-11-29,78785.78144885878,70272.38926889522,79146.51043560305,82503.32710406803,73907.6696382686
2013-12-02,78383.31069716233,70040.4015087101,78742.19692923968,82503.32710406803,74137.75558633413
2013-12-03,78196.33935703081,69131.18280175388,78337.89147336462,82226.91336596134,72924.09573284887
2013-12-04,77710.31582266148,68193.25061811617,77850.98813233881,81715.83809846146,71934.70348497342
2013-12-05,77633.38005136054,68125.7370547201,77773.91309081964,81755.45336424823,71969.57692522886
2013-12-06,77633.38005136054,68125.7370547201,77773.91309081964,81755.45336424823,71969.57692522886
2013-12-09,77661.035974628,68319.51677445766,77647.54171026719,82018.83920795214,72073.05729643493
2013-12-10,77785.84445675113,68894.38169875863,77494.17276991408,81981.91435514468,72532.95126377406
2013-12-11,77525.4874454365,67331.91911673639,77371.01492179089,81981.91435514468,70681.03995210743
2013-12-12,76778.64433155232,66683.2759183001,76625.65992161448,81597.72048808445,70349.80565146152
2013-12-13,76778.64433155232,66683.2759183001,76625.65992161448,81597.72048808445,70349.80565146152
2013-12-16,76778.64433155232,66099.41898059967,76625.65992161448,81597.72048808445,69733.84577951692
2013-12-17,76265.56491642703,66095.50968526865,76061.80089221228,80917.54223316276,69870.55603637143
2013-12-18,75803.24616716709,65020.74347341025,75389.26148906084,80928.11700939783,69492.88372981989
2013-12-19,75594.77620117943,65020.74347341025,75364.0410793908,80770.17752066742,69492.88372981989
2013-12-20,75594.77620117943,65020.74347341025,75364.0410793908,80770.17752066742,69492.88372981989
2013-12-23,75543.3891115927,65009.351884549935,75195.19583009547,80770.17752066742,69669.71331175335
2013-12-24,75543.3891115927,65009.351884549935,75195.19583009547,80770.17752066742,69669.71331175335
2013-12-26,75342.08575222632,65147.38375405336,75261.03155278767,80554.94613824281,69906.81758140196
2013-12-27,75342.08575222632,65147.38375405336,75261.03155278767,80554.94613824281,69906.81758140196
2013-12-30,75615.81112908204,65425.090697994856,75383.70222193623,80847.61036128804,70160.79608221202
2013-12-31,75468.26710058356,65629.79059518746,75042.47607174724,80763.0795080678,70300.72773158364
2014-01-02,75038.82415703099,65192.146363661006,74882.77170193059,80303.5070821091,70046.3531466381
2014-01-03,75038.82415703099,65192.146363661006,74882.77170193059,80303.5070821091,70046.3531466381
2014-01-06,74952.14152356729,64444.43879288123,75035.2474235133,80210.74284241791,69510.54834415037
2014-01-07,74952.14152356729,64690.43540661337,75035.2474235133,80210.74284241791,69775.88325638819
2014-01-08,74244.20218805982,64582.84496150733,74326.5231346424,79981.66096086,69775.88325638819
2014-01-09,74200.20774062345,63534.38370024775,74390.57011633454,80012.32880253666,68526.33399037305
2014-01-10,74200.20774062345,63534.38370024775,74390.57011633454,80012.32880253666,68526.33399037305
2014-01-13,74383.55621540073,63691.376958111345,74574.38897593021,80012.32880253666,68526.33399037305
2014-01-14,73954.87976907319,63324.32011752352,74144.61275011122,80001.92719979235,68517.42556695432
2014-01-15,73954.87976907319,63324.32011752352,74144.61275011122,80001.92719979235,68517.42556695432
2014-01-16,74288.08619144146,63951.581492245015,74122.40732081284,80647.90554486607,69070.67190395716
2014-01-17,74288.08619144146,63951.581492245015,74122.40732081284,80647.90554486607,69070.67190395716
2014-01-21,74344.6677239746,63346.67906028576,73913.76465036631,80243.83049684884,68190.81100739725
2014-01-22,74591.95157193206,63557.3816033587,74159.6152365526,80351.56470889844,68282.36300893329
2014-01-23,74285.84990078046,63167.812563496875,74322.99751713242,80351.56470889844,67694.22512536078
2014-01-24,74285.84990078046,63167.812563496875,74322.99751713242,80351.56470889844,67694.22512536078
2014-01-27,74280.16318251158,63162.97695140938,74317.30795514527,80351.56470889844,67694.22512536078
2014-01-28,73935.16289815279,63162.97695140938,73972.13514885637,79978.36530429925,67694.22512536078
2014-01-29,74225.17154880546,63410.73199784265,74262.28882214938,80292.07825080694,67959.75386860067
2014-01-30,74135.47596722796,63410.73199784265,73691.50926335996,80592.63047295087,67959.75386860067
2014-01-31,74135.47596722796,63410.73199784265,73691.50926335996,80592.63047295087,67959.75386860067
2014-02-03,73566.70859560737,63410.73199784265,73126.14800429145,80592.63047295087,67959.75386860067
2014-02-04,74230.95165870845,63410.73199784265,72176.84411030238,81828.20603493281,67959.75386860067
2014-02-05,74083.23535427524,63410.73199784265,72280.49846786082,82315.02277384402,67959.75386860067
2014-02-06,74083.23535427524,63410.73199784265,72280.49846786082,82315.02277384402,67959.75386860067
2014-02-07,74083.23535427524,63410.73199784265,72280.49846786082,82315.02277384402,67959.75386860067
2014-02-10,73747.69399240565,63123.529052804486,71953.1221488254,81942.19760345589,67651.94727435107
2014-02-11,73520.76895251352,62929.29505614671,71731.71908887796,81942.19760345589,67651.94727435107
2014-02-12,73468.19982642432,62884.29908978722,71680.42917666533,81621.61295625966,67387.270755007
2014-02-13,73468.19982642432,62884.29908978722,71680.42917666533,81621.61295625966,67387.270755007
2014-02-14,73468.19982642432,62884.29908978722,71680.42917666533,81621.61295625966,67387.270755007
2014-02-18,72640.92844091478,63020.238291728514,70873.28856210015,81134.80248958808,67276.41473851868
2014-02-19,71721.07058607288,62222.20800149335,69975.81447164503,80341.62956522347,66618.72125826692
2014-02-20,71168.04915517372,61742.42968500273,69436.25023018545,80001.72624811238,66336.8757883664
2014-02-21,71168.04915517372,61742.42968500273,69436.25023018545,80001.72624811238,66336.8757883664
2014-02-24,71168.04915517372,61742.42968500273,69436.25023018545,80001.72624811238,66336.8757883664
2014-02-25,70936.87499574905,61541.872630921534,69210.70144851849,79741.85778132886,66121.39466051086
2014-02-26,70534.9759054721,61193.20175099077,68818.58214595188,79290.07328840849,65746.77809665047
2014-02-27,69967.37068629307,60700.77114835348,68264.78899721823,78944.10764637342,65459.905789026176
2014-02-28,69967.37068629307,60700.77114835348,68264.78899721823,78944.10764637342,65459.905789026176
2014-03-03,69148.37998550465,59990.24899190311,67465.72756570215,78020.0413364601,64693.67642253947
2014-03-04,68809.69356848804,59990.24899190311,67135.28272309795,78020.0413364601,64693.67642253947
2014-03-05,68198.51638351048,59457.40732958003,66538.97788609797,77644.54781258092,64382.319800362864
2014-03-06,67878.68737043322,59178.571294505375,66226.93157252706,77384.95559648593,64167.0677376597
2014-03-07,67878.68737043322,59178.571294505375,66226.93157252706,77384.95559648593,64167.0677376597
2014-03-10,67477.74169990736,58829.01544910503,65835.74248925403,76884.94803080494,63752.4649367782
2014-03-11,66823.57101211979,58258.69082755267,65197.490350693486,76139.57810485952,63134.409370821064
2014-03-12,66469.75937889135,57950.2277771762,64852.2883479572,75736.4408873391,62800.130789864175
2014-03-13,66492.29867473539,57969.8781767008,64874.279173964336,75810.2884817652,62861.364702286526
2014-03-14,66492.29867473539,57969.8781767008,64874.279173964336,75810.2884817652,62861.364702286526
2014-03-17,66739.3353180803,57969.8781767008,64987.47190311078,76091.94394519198,62861.364702286526
2014-03-18,66739.3353180803,57969.8781767008,64987.47190311078,76091.94394519198,62861.364702286526
2014-03-19,66429.14510806654,57700.44653492011,64685.42398096993,75957.54539271942,62750.334861486
2014-03-20,66179.18623245247,57483.331912794,64442.0263605339,75957.54539271942,62750.334861486
2014-03-21,66179.18623245247,57483.331912794,64442.0263605339,75957.54539271942,62750.334861486
2014-03-24,66179.18623245247,57483.331912794,64442.0263605339,75957.54539271942,62750.334861486
2014-03-25,65261.681252059214,57483.331912794,63548.605279096824,75372.20060629895,62750.334861486
2014-03-26,65484.2909666528,57483.331912794,63711.9151633297,75435.94500972357,62750.334861486
2014-03-27,65484.2909666528,57483.331912794,63711.9151633297,75435.94500972357,62750.334861486
2014-03-28,65484.2909666528,57483.331912794,63711.9151633297,75435.94500972357,62750.334861486
2014-03-31,64545.75850618222,57483.331912794,62798.784706897284,75435.94500972357,62750.334861486
2014-04-01,64441.81468736082,57483.331912794,62697.65419652994,75314.46374771377,62750.334861486
2014-04-02,63949.60764136357,57044.273808484824,62218.769060958424,75211.45459639089,62664.50992935928
2014-04-03,63359.04498170809,56517.48061457843,61644.19037170055,74865.78639087189,62376.506874329294
2014-04-04,63359.04498170809,56517.48061457843,61644.19037170055,74865.78639087189,62376.506874329294
2014-04-07,62749.65087560526,56517.48061457843,61051.2899215937,74865.78639087189,62376.506874329294
2014-04-08,61575.07702183567,56517.48061457843,59908.5066888556,74207.92832785573,62376.506874329294
2014-04-09,61496.79809595183,56517.48061457843,60154.11260780741,73984.23416088308,62376.506874329294
2014-04-10,61496.79809595183,56517.48061457843,60154.11260780741,73984.23416088308,62376.506874329294
2014-04-11,61496.79809595183,56517.48061457843,60154.11260780741,73984.23416088308,62376.506874329294
2014-04-14,61181.809712932954,56517.48061457843,59846.001498791535,73605.28476825185,62376.506874329294
2014-04-15,60670.73287937854,56517.48061457843,59346.08322095037,72990.42953515668,62376.506874329294
2014-04-16,60671.22042292876,56517.48061457843,59872.6444629197,72991.01607847764,62376.506874329294
2014-04-17,60261.49768402553,56517.48061457843,59468.314638931915,72991.01607847764,62376.506874329294
2014-04-21,59380.94448848894,56517.48061457843,58599.35159451744,72129.99928615605,62376.506874329294
2014-04-22,58912.44206020112,56517.48061457843,58137.015760107715,72129.99928615605,62376.506874329294
2014-04-23,59105.0933075042,56702.30003054661,58327.13126387886,72129.99928615605,62376.506874329294
2014-04-24,59105.0933075042,56702.30003054661,58327.13126387886,72129.99928615605,62376.506874329294
2014-04-25,59105.0933075042,56702.30003054661,58327.13126387886,72129.99928615605,62376.506874329294
2014-04-28,58793.76046976055,56702.30003054661,58019.89629853749,72129.99928615605,62376.506874329294
2014-04-29,58862.909455027315,56702.30003054661,58501.43957580757,71854.52148434604,62376.506874329294
2014-04-30,58202.00302950347,56702.30003054661,57844.591695265975,71481.40281191959,62376.506874329294
2014-05-01,58120.05708194604,56702.30003054661,58375.880701601665,71547.74059061152,62376.506874329294
2014-05-02,58120.05708194604,56702.30003054661,58375.880701601665,71547.74059061152,62376.506874329294
2014-05-05,57909.42999508106,56702.30003054661,58164.326509939056,71547.74059061152,62376.506874329294
2014-05-06,58477.63677833154,57258.66246592195,58735.03433539945,72025.10996009783,62792.68540787289
2014-05-07,58758.22925162276,57533.405950847,59016.861875993935,72506.69050288401,63212.535312142085
2014-05-08,58758.22925162276,57533.405950847,59016.861875993935,72506.69050288401,63212.535312142085
2014-05-09,58758.22925162276,57533.405950847,59016.861875993935,72506.69050288401,63212.535312142085
2014-05-12,58758.22925162276,57533.405950847,59016.861875993935,72506.69050288401,63212.535312142085
2014-05-13,58682.16629489663,57458.92853682546,58940.46411744742,72163.61908416743,62913.43995942635
2014-05-14,59193.164449041025,57959.27486476915,59453.7115019607,72832.42394301774,63496.515127576895
2014-05-15,59193.164449041025,57959.27486476915,59453.7115019607,72832.42394301774,63496.515127576895
2014-05-16,59193.164449041025,57959.27486476915,59453.7115019607,72832.42394301774,63496.515127576895
2014-05-19,59193.164449041025,57959.27486476915,59453.7115019607,72832.42394301774,63496.515127576895
2014-05-20,59193.164449041025,57959.27486476915,59453.7115019607,72832.42394301774,63496.515127576895
2014-05-21,58960.54107783232,57731.500559452834,59220.06420620981,72546.19961038366,63246.980007323305
2014-05-22,58562.951445210296,57342.19873693648,58820.72452680427,72232.45458211895,62973.451888185074
2014-05-23,58562.951445210296,57342.19873693648,58820.72452680427,72232.45458211895,62973.451888185074
2014-05-27,58397.569670329016,57342.19873693648,58654.614800740565,72232.45458211895,62973.451888185074
2014-05-28,58138.42802506575,56803.52860795784,58220.94457778022,71925.31411283753,62758.672447580255
2014-05-29,58204.22737307558,57226.0194522548,57999.50465054706,72240.30524893645,63043.37985363979
2014-05-30,58204.22737307558,57226.0194522548,57999.50465054706,72240.30524893645,63043.37985363979
2014-06-02,57878.89091409387,57236.115980659,57675.31250304627,71836.51318492019,63487.989033227255
2014-06-03,57666.48953165605,57026.073425114744,57463.65820361675,71572.89074038102,63255.0036317124
2014-06-04,57344.975259636034,57185.78012590858,57143.27479923419,71572.89074038102,63255.0036317124
2014-06-05,57273.28506474373,56716.56736270783,56949.40598883629,71572.89074038102,62858.98043958407
2014-06-06,57273.28506474373,56716.56736270783,56949.40598883629,71572.89074038102,62858.98043958407
2014-06-09,57573.89747684161,56792.71234762163,56720.34404507007,71711.9132738441,62905.85183413977
2014-06-10,57765.64249655696,57099.32068290746,57226.16580756117,71456.52418461558,63267.37117718142
2014-06-11,57671.607638558875,57338.460158156304,57318.17288398217,71340.20237437799,63532.34326025935
2014-06-12,57391.456800539156,56934.866922392626,57483.52046718323,71139.86087685142,62902.086198778496
2014-06-13,57391.456800539156,56934.866922392626,57483.52046718323,71139.86087685142,62902.086198778496
2014-06-16,57391.456800539156,56934.866922392626,57483.52046718323,71139.86087685142,62902.086198778496
2014-06-17,57164.44001724478,56709.65621915267,57256.13951823382,70858.46111318276,62653.27165272192
2014-06-18,57282.77948403711,56036.12061198723,57312.7702445358,70858.46111318276,62342.319019761126
2014-06-19,57348.482764747045,55189.91908873332,57288.58673934275,71132.3711654977,61724.23196698003
2014-06-20,57348.482764747045,55189.91908873332,57288.58673934275,71132.3711654977,61724.23196698003
2014-06-23,57234.51170093469,55268.43545384536,57265.55444747435,70691.68177978272,61812.04442283068
2014-06-24,57234.51170093469,54942.82148344986,57265.55444747435,70691.68177978272,61447.878782216714
2014-06-25,57403.14795578582,55349.091152599816,57307.43415597027,70899.9683556648,61902.24950269997
2014-06-26,57403.14795578582,55195.88486828942,57307.43415597027,70899.9683556648,61817.072007384246
2014-06-27,57403.14795578582,55195.88486828942,57307.43415597027,70899.9683556648,61817.072007384246
2014-06-30,57252.46911237842,55050.999920529975,57157.00655391754,70713.8613979474,61654.8069532085
2014-07-01,57252.46911237842,55050.999920529975,57157.00655391754,70713.8613979474,61654.8069532085
2014-07-02,57171.25187074056,55323.94467553247,56926.08344573894,70474.95610220534,61839.656453213065
2014-07-03,57171.25187074056,55323.94467553247,56926.08344573894,70474.95610220534,61839.656453213065
2014-07-07,57046.78556627559,54670.509220879736,56780.44181202576,70185.6099762579,60926.676863057095
2014-07-08,57046.78556627559,53605.30901922013,56780.44181202576,70185.6099762579,60059.32469123465
2014-07-09,56318.56418582627,53117.746520755114,56055.62039906748,69764.12933619581,59733.00393131312
2014-07-10,56562.5564273948,53347.87167092593,56121.41612726674,69764.12933619581,59733.00393131312
2014-07-11,56562.5564273948,53347.87167092593,56121.41612726674,69764.12933619581,59733.00393131312
2014-07-14,56337.070296426,53445.783247405365,56075.87841143915,69764.12933619581,59733.00393131312
2014-07-15,56161.8856735232,52191.753840453835,55937.42343368104,69764.12933619581,58537.74652264759
2014-07-16,56179.64913985529,52208.26159212635,55955.11590475734,69764.12933619581,58537.74652264759
2014-07-17,56130.90162739705,51122.24059652649,55975.224632669895,69703.59446607782,57320.06143182117
2014-07-18,56130.90162739705,51122.24059652649,55975.224632669895,69703.59446607782,57320.06143182117
2014-07-21,55556.650449008506,50599.230880785726,55402.566118840055,69215.59942961813,56918.76354062122
2014-07-22,55388.29940828285,50603.81793538127,55135.383498995085,69215.59942961813,56918.76354062122
2014-07-23,55239.61239615608,51074.81329811362,54969.92488217175,68914.66765853658,57239.78277798511
2014-07-24,54976.37514673709,51133.33292872077,54707.97279382295,68661.79417249281,57808.16025435554
2014-07-25,54976.37514673709,51133.33292872077,54707.97279382295,68661.79417249281,57808.16025435554
2014-07-28,54818.92280831684,50416.956242255386,54551.289159741435,68661.79417249281,57349.28055684827
2014-07-29,54319.847899257504,50241.5904672897,54054.65080419284,68422.11479609225,56976.68395455789
2014-07-30,54217.93031619687,50147.324712366295,53953.23079702774,68422.11479609225,56976.68395455789
2014-07-31,54408.07796920155,50323.19634824228,54142.45012259483,68422.11479609225,56976.68395455789
2014-08-01,54408.07796920155,50323.19634824228,54142.45012259483,68422.11479609225,56976.68395455789
2014-08-04,54213.969787890885,50143.6615349297,53949.28960457488,68178.00964185361,56773.4119237798
2014-08-05,53696.370192573806,49664.92258591451,53434.21700287787,68178.00964185361,56773.4119237798
2014-08-06,53696.370192573806,49664.92258591451,53434.21700287787,68178.00964185361,56773.4119237798
2014-08-07,53365.67097803524,49359.05180115982,53105.132308158994,68034.04070359482,56653.52564550721
2014-08-08,53365.67097803524,49359.05180115982,53105.132308158994,68034.04070359482,56653.52564550721
2014-08-11,53083.223541584724,49097.81011916909,52824.063819598654,68034.04070359482,56653.52564550721
2014-08-12,53049.223908579566,49066.363130572005,52790.23017755729,67773.43153814299,56436.51034131995
2014-08-13,52709.20567202504,48751.87298280751,52451.87195759138,67542.02204134884,56243.810279326586
2014-08-14,52682.69219719106,48866.50111345313,52564.71134203308,67531.56198571614,56374.529613269755
2014-08-15,52682.69219719106,48866.50111345313,52564.71134203308,67531.56198571614,56374.529613269755
2014-08-18,52346.98285238377,48555.109641460425,52229.75380534214,67531.56198571614,56374.529613269755
2014-08-19,52249.105699146494,48630.151195404316,52178.82467897276,67548.19954895425,56471.8527532783
2014-08-20,52164.01552710697,48668.9197631409,52156.958925668616,67332.48553019471,56428.49804708907
2014-08-21,51837.24325054451,48876.281250672626,51830.23085394148,66910.69304813631,56668.92042241961
2014-08-22,51837.24325054451,48876.281250672626,51830.23085394148,66910.69304813631,56668.92042241961
2014-08-25,51789.3648517645,48720.22042451598,51607.081909759676,66843.74953926154,56451.28397516824
2014-08-26,51599.13788935997,48892.604923473285,51417.52448888081,66598.22647739395,56552.96201621977
2014-08-27,51460.88621872679,48820.960599169644,51279.759422424606,66419.78713812729,56752.970574837134
2014-08-28,51596.91768551532,49023.42557564304,51341.837077983146,66595.3608938877,56902.99111274796
2014-08-29,51596.91768551532,49023.42557564304,51341.837077983146,66595.3608938877,56902.99111274796
2014-09-02,51424.63918959156,48485.14820019971,51469.85785837015,66373.00364611125,56317.53013288361
2014-09-03,51424.63918959156,47696.294838982474,51469.85785837015,66373.00364611125,55595.08885633897
2014-09-04,51424.63918959156,47188.8062618957,51469.85785837015,66373.00364611125,55003.55711090752
2014-09-05,51424.63918959156,47188.8062618957,51469.85785837015,66373.00364611125,55003.55711090752
2014-09-08,51424.63918959156,46805.357586679216,51469.85785837015,66373.00364611125,54556.60702301343
2014-09-09,51072.69005401619,46939.0685596066,51180.13578040118,65888.30467429305,54752.183640710304
2014-09-10,51473.68831504585,47307.611607698396,51581.97765372912,65578.17331498301,54494.46917648748
2014-09-11,51887.62876925922,47688.04935905565,51996.78894777364,66066.51744042028,54900.275751235116
2014-09-12,51887.62876925922,47688.04935905565,51996.78894777364,66066.51744042028,54900.275751235116
2014-09-15,51887.62876925922,47688.04935905565,51996.78894777364,66066.51744042028,54900.275751235116
2014-09-16,52186.7801993403,47962.98865579974,52296.5697267821,66447.41542403535,55216.79620885444
2014-09-17,52544.33218731662,48291.601800309916,52654.873925637236,66660.0676864599,55393.507019391094
2014-09-18,52449.98467307519,48204.890400641656,52560.32792494072,66660.0676864599,55393.507019391094
2014-09-19,52449.98467307519,48204.890400641656,52560.32792494072,66660.0676864599,55393.507019391094
2014-09-22,52410.34511845438,46838.29092847527,52427.01278527345,66609.68873190816,54069.172396379014
2014-09-23,52130.52930935661,46588.2239952527,52147.10798846407,66254.06344640118,53780.500204140146
2014-09-24,51941.09121921135,46418.926190418475,51957.6096527516,66254.06344640118,53780.500204140146
2014-09-25,51633.599959193634,44110.4201531166,51650.02060360733,66254.06344640118,51847.091221801325
2014-09-26,51633.599959193634,44110.4201531166,51650.02060360733,66254.06344640118,51847.091221801325
2014-09-29,51463.41561372814,43965.03220829193,51479.78213569784,66254.06344640118,51847.091221801325
2014-09-30,51282.34810149779,43810.346808729,51298.65703993205,66020.95691236475,51664.67379551982
2014-10-01,51625.303115953124,44103.3321863358,51641.72112178432,66462.47761238071,52010.18564519769
2014-10-02,51258.11750069563,44103.3321863358,51583.263117537026,66228.79050198602,52010.18564519769
2014-10-03,51258.11750069563,44103.3321863358,51583.263117537026,66228.79050198602,52010.18564519769
2014-10-06,51693.98733301348,44478.361800024904,52021.89780296306,66437.16554590539,52173.824821391725
2014-10-07,51704.667594736195,44487.551273879224,52032.64581278998,66590.10268215963,52293.92800896827
2014-10-08,51281.239471841276,44123.22671278277,51606.53175828228,66446.70832185325,52181.31886657745
2014-10-09,51233.77325499635,44123.22671278277,51885.25534396585,66062.06178486533,52181.31886657745
2014-10-10,51233.77325499635,44123.22671278277,51885.25534396585,66062.06178486533,52181.31886657745
2014-10-13,50914.54555113195,44123.22671278277,51561.968381566345,66062.06178486533,52181.31886657745
2014-10-14,50481.14885196609,44123.22671278277,51123.060665565565,66062.06178486533,52181.31886657745
2014-10-15,50157.587609791655,44123.22671278277,50795.385060138746,66062.06178486533,52181.31886657745
2014-10-16,50369.661914620956,44123.22671278277,51325.579152256505,65761.11303376543,52181.31886657745
2014-10-17,50369.661914620956,44123.22671278277,51325.579152256505,65761.11303376543,52181.31886657745
2014-10-20,50369.661914620956,44123.22671278277,51325.579152256505,65761.11303376543,52181.31886657745
2014-10-21,50550.68822793179,44123.22671278277,51179.96277025059,65761.11303376543,52181.31886657745
2014-10-22,50269.01331097387,44123.22671278277,50894.78145485053,65761.11303376543,52181.31886657745
2014-10-23,50419.20149479562,44123.22671278277,50609.44594686271,65761.11303376543,52181.31886657745
2014-10-24,50419.20149479562,44123.22671278277,50609.44594686271,65761.11303376543,52181.31886657745
2014-10-27,49772.56999059513,43557.34174012189,49960.374537773634,65428.41486083461,51917.323495344644
2014-10-28,49646.3443327146,43446.87820332415,49833.67259842873,65262.48521903693,51785.65863827911
2014-10-29,49347.36197876213,43185.230541412486,49533.562108123064,64869.4586685862,51473.79281353903
2014-10-30,49117.91707004671,42984.437005910164,49303.25144549557,64869.4586685862,51473.79281353903
2014-10-31,49117.91707004671,42984.437005910164,49303.25144549557,64869.4586685862,51473.79281353903
2014-11-03,49277.63719987688,43124.21247418725,49463.57423993927,65080.39917621774,51641.173707547736
2014-11-04,49164.883734311516,43025.538822556606,49350.395326912636,64767.57543824187,51392.94866287776
2014-11-05,49015.79109988916,42895.06376712554,49200.740128115955,64571.16760171734,51237.099415917495
2014-11-06,49441.76014837364,43267.84096989122,49628.316466002565,64477.7235724788,51162.9517553788
2014-11-07,49441.76014837364,43267.84096989122,49628.316466002565,64477.7235724788,51162.9517553788
2014-11-10,49234.2327050665,43086.22800977501,49420.00596894664,64214.65446030306,50954.20691221685
2014-11-11,49234.2327050665,43086.22800977501,49420.00596894664,64214.65446030306,50954.20691221685
2014-11-12,49185.24409882783,43393.34080773572,49256.5803405217,63913.120148731265,51128.834691652715
2014-11-13,48895.49425625969,42441.855403577865,48966.41025677801,63536.60851723618,50007.7331807952
2014-11-14,48895.49425625969,42441.855403577865,48966.41025677801,63536.60851723618,50007.7331807952
2014-11-17,48852.06939758682,42404.162123230686,48922.92241648797,63286.71985011218,49811.05340700697
2014-11-18,48852.06939758682,42404.162123230686,48922.92241648797,63286.71985011218,49811.05340700697
2014-11-19,48852.06939758682,41995.52799488188,48922.92241648797,63286.71985011218,49757.81513539981
2014-11-20,48852.06939758682,41995.52799488188,48922.92241648797,63286.71985011218,49757.81513539981
2014-11-21,48852.06939758682,41995.52799488188,48922.92241648797,63286.71985011218,49757.81513539981
2014-11-24,48968.36818891921,42095.50388551245,48980.931410204204,63286.71985011218,49757.81513539981
2014-11-25,48505.487711924674,42011.7292505517,48517.93217757055,63020.277654332865,49767.988267602355
2014-11-26,48505.11317825082,42138.1122336594,48647.80971268212,63019.791045142214,49917.70423818326
2014-11-28,48505.11317825082,42138.1122336594,48647.80971268212,63019.791045142214,49917.70423818326
2014-12-01,48404.610583745474,42208.50918956352,48547.01145095744,63019.791045142214,50183.59709653377
2014-12-02,48748.33806676046,42508.23734460038,48891.750141191646,62783.61854526405,49995.529421560415
2014-12-03,48423.062546943096,42569.29935273187,48565.517697735275,62783.61854526405,50683.818902201936
2014-12-04,48232.37089182329,42182.761336092124,48374.26504942222,62536.37453579644,50223.59937470041
2014-12-05,48232.37089182329,42182.761336092124,48374.26504942222,62536.37453579644,50223.59937470041
2014-12-08,48512.3100084519,41452.12386400522,48486.27144568921,62899.33362573982,49353.688479255085
2014-12-09,47778.758790540465,40825.329222806744,47753.11395504873,62373.43673378355,48941.04577095147
2014-12-10,47859.20237875582,40894.06554111826,47833.51436586395,62746.520351309264,49233.78420830341
2014-12-11,47859.20237875582,40894.06554111826,47833.51436586395,62746.520351309264,49233.78420830341
2014-12-12,47859.20237875582,40894.06554111826,47833.51436586395,62746.520351309264,49233.78420830341
2014-12-15,47496.78446464138,40894.06554111826,47471.29097642997,62746.520351309264,49233.78420830341
2014-12-16,47374.153605184285,40894.06554111826,47001.08196023171,62584.51654820231,49233.78420830341
2014-12-17,47912.77618150449,40894.06554111826,46824.09861240749,63296.07403209703,49233.78420830341
2014-12-18,47774.54380435893,40894.06554111826,47136.025629572105,63320.00526896637,49233.78420830341
2014-12-19,47774.54380435893,40894.06554111826,47136.025629572105,63320.00526896637,49233.78420830341
2014-12-22,47794.563716679826,40894.06554111826,47463.14979680904,63346.53950357538,49233.78420830341
2014-12-23,47794.563716679826,40894.06554111826,47463.14979680904,63346.53950357538,49233.78420830341
2014-12-24,47794.563716679826,40894.06554111826,47463.14979680904,63346.53950357538,49233.78420830341
2014-12-26,47794.563716679826,40894.06554111826,47463.14979680904,63346.53950357538,49233.78420830341
2014-12-29,48030.51066186533,41202.33978578842,47524.88068819335,63496.02422290237,49478.05587398375
2014-12-30,47823.17709386018,40488.43897972738,47319.72977586033,63496.02422290237,48877.88705623233
2014-12-31,47910.002268397286,39856.616384367175,47387.247883097465,63496.02422290237,48026.4069700656
2015-01-02,47910.002268397286,39856.616384367175,47387.247883097465,63496.02422290237,48026.4069700656
2015-01-05,48132.033405853945,40041.325410708254,47606.85640011407,63496.02422290237,48026.4069700656
2015-01-06,47611.48981073429,39608.28209199172,47091.992546889735,62809.32045441427,47507.005715311265
2015-01-07,47388.75885533386,39608.28209199172,47066.433487716,62976.12571262635,47507.005715311265
2015-01-08,47388.75885533386,39608.28209199172,47066.433487716,62976.12571262635,47507.005715311265
2015-01-09,47388.75885533386,39608.28209199172,47066.433487716,62976.12571262635,47507.005715311265
2015-01-12,47683.26439987341,39608.28209199172,47518.709279330564,63367.50161366245,47507.005715311265
2015-01-13,47542.507544516935,39608.28209199172,47378.4381763988,63180.44625218097,47507.005715311265
2015-01-14,47542.507544516935,39608.28209199172,47378.4381763988,63180.44625218097,47507.005715311265
2015-01-15,47542.507544516935,39608.28209199172,47378.4381763988,63180.44625218097,47507.005715311265
2015-01-16,47542.507544516935,39608.28209199172,47378.4381763988,63180.44625218097,47507.005715311265
2015-01-20,47386.56811977091,39608.28209199172,47223.036899180195,63180.44625218097,47507.005715311265
2015-01-21,47386.56811977091,39608.28209199172,47223.036899180195,63180.44625218097,47507.005715311265
2015-01-22,47386.56811977091,39608.28209199172,47223.036899180195,63180.44625218097,47507.005715311265
2015-01-23,47386.56811977091,39608.28209199172,47223.036899180195,63180.44625218097,47507.005715311265
2015-01-26,48048.9970398816,40161.97636812755,47883.17977465506,63875.79281583994,48029.854715807654
2015-01-27,48048.9970398816,40161.97636812755,47883.17977465506,63875.79281583994,48029.854715807654
2015-01-28,48003.49214928209,40123.94089489228,47837.831921600104,63500.05872700842,47747.330571639555
2015-01-29,48222.75775842852,40123.94089489228,48322.731107256215,63790.10802205372,47747.330571639555
2015-01-30,48222.75775842852,40123.94089489228,48322.731107256215,63790.10802205372,47747.330571639555
2015-02-02,47973.661963954764,40123.94089489228,48073.11889808721,63460.598712011364,47747.330571639555
2015-02-03,48007.753300711454,40123.94089489228,48179.09656840828,63098.29230463781,47747.330571639555
2015-02-04,48129.8360377606,40123.94089489228,48092.94087509672,62811.22127646944,47747.330571639555
2015-02-05,48077.37404785883,40123.94089489228,48178.682937187164,62742.75643371081,47747.330571639555
2015-02-06,48077.37404785883,40123.94089489228,48178.682937187164,62742.75643371081,47747.330571639555
2015-02-09,48345.22907223747,40347.48470067231,48447.10238704782,62866.81707949189,47841.740906819825
2015-02-10,48794.447811320155,40722.38924761968,48897.2677221629,63544.733084669904,48357.635990792405
2015-02-11,48745.90585367078,40681.87757912242,48848.62347665126,63481.517168093415,48309.52858465133
2015-02-12,48632.65355982158,40587.36059614216,48735.13253698723,63683.67073843182,48463.367751079764
2015-02-13,48632.65355982158,40587.36059614216,48735.13253698723,63683.67073843182,48463.367751079764
2015-02-17,48381.12474423414,41031.65893726358,48577.60958865787,63688.29571726141,48883.99857588193
2015-02-18,48575.4638110842,41124.014492063354,48569.25970302409,63785.1253730065,48871.99110842259
2015-02-19,48771.16660488004,41289.696585383084,48646.76138207694,64042.105466632835,49068.88856339041
2015-02-20,48771.16660488004,41289.696585383084,48646.76138207694,64042.105466632835,49068.88856339041
2015-02-23,48568.01720842162,41438.39258188178,48746.34241545174,63946.237460289034,49297.92913209927
2015-02-24,48765.758858906935,41908.61817514078,48628.4436972531,64291.45683829644,50059.413923257714
2015-02-25,49092.41669182112,42128.29411978381,48830.386660424105,64291.45683829644,50059.413923257714
2015-02-26,49219.064219030886,42309.50143188072,49071.760805460566,64291.45683829644,50462.8214166691
2015-02-27,49219.064219030886,42309.50143188072,49071.760805460566,64291.45683829644,50462.8214166691
2015-03-02,48998.450892833156,42461.541685255776,48851.80773350667,64003.284920275495,50644.16082967455
2015-03-03,48944.74859065462,41911.24882379759,48798.26615223075,64003.284920275495,50237.80248212687
2015-03-04,48824.32651337863,41808.13174198759,48678.20447561117,63845.81330698667,50114.199016854735
2015-03-05,48455.31985732504,41492.15239333786,48310.30218716247,63527.97908314139,49864.72286919312
2015-03-06,48455.31985732504,41492.15239333786,48310.30218716247,63527.97908314139,49864.72286919312
2015-03-09,48099.87199263878,41187.78339912062,47955.91811116552,63394.53728430076,49759.98101506226
2015-03-10,47886.44921394494,41005.03008155201,47743.13406675755,63394.53728430076,49759.98101506226
2015-03-11,47805.0561067539,40935.333395671456,47661.98455384691,63509.29472313512,49850.05704088964
2015-03-12,47805.0561067539,40935.333395671456,47661.98455384691,63509.29472313512,49850.05704088964
2015-03-13,47805.0561067539,40935.333395671456,47661.98455384691,63509.29472313512,49850.05704088964
2015-03-16,48200.68769987985,41274.111602108555,48056.43209593271,63509.29472313512,49850.05704088964
2015-03-17,47884.47652562055,41003.34087415804,47741.167282318755,63331.84688835808,49710.773732454545
2015-03-18,47700.148604728645,40845.501400463225,47557.39102026869,63110.27924214948,49536.859664441894
2015-03-19,47950.01685684142,41059.46287312396,47806.51146363981,63498.13952382874,49841.30104187957
2015-03-20,47950.01685684142,41059.46287312396,47806.51146363981,63498.13952382874,49841.30104187957
2015-03-23,47805.48115309424,41247.414047977516,47799.099860587965,63098.54691494165,50108.99139771532
2015-03-24,47388.0161243112,41017.559671301715,47381.69055693091,62769.677637155895,49519.50949985644
2015-03-25,47388.0161243112,41017.559671301715,47381.69055693091,62769.677637155895,49519.50949985644
2015-03-26,47181.802632084255,40839.06783065877,47175.504591016455,62769.677637155895,49519.50949985644
2015-03-27,47181.802632084255,40839.06783065877,47175.504591016455,62769.677637155895,49519.50949985644
2015-03-30,47216.76485440903,40869.33001839598,47210.46214642518,62816.19064222096,49556.20398806937
2015-03-31,46975.69946185448,40660.67148122799,46969.42893237289,62746.168108799706,49500.96264161859
2015-04-01,46859.20930589705,40559.84130697953,46852.954326049956,62590.57040631821,49378.21034789602
2015-04-02,46414.85351834544,40175.221069167215,46408.65785312481,62308.47401336865,49155.662207832414
2015-04-06,46414.85351834544,40175.221069167215,46408.65785312481,62308.47401336865,49155.662207832414
2015-04-07,45956.32618000086,39778.33438768778,45950.19172108958,61725.37215358489,48695.6484054379
2015-04-08,45696.8317848145,39553.72429194114,45690.73196439235,61376.83715424854,48420.68630812657
2015-04-09,45390.17710415229,39288.29375292996,45384.118217388124,61376.83715424854,48420.68630812657
2015-04-10,45390.17710415229,39288.29375292996,45384.118217388124,61376.83715424854,48420.68630812657
2015-04-13,45297.702886646664,38741.260920094755,45513.8839211191,61251.7930290453,47746.498078789584
2015-04-14,44938.582698161306,38413.50359442429,45153.04984939243,61251.7930290453,48312.66834001002
2015-04-15,44849.25063577783,38337.14254132848,45063.29145418352,61286.323653099986,48339.90454820946
2015-04-16,45294.17913094954,38596.632481430046,45403.3190610791,61683.93019900477,48504.11533024606
2015-04-17,45294.17913094954,38596.632481430046,45403.3190610791,61683.93019900477,48504.11533024606
2015-04-20,45294.17913094954,38596.632481430046,45403.3190610791,61683.93019900477,48504.11533024606
2015-04-21,46274.719159899556,39035.408917551664,45646.37158303308,62877.2812040849,49023.58626716908
2015-04-22,46054.572077446974,38643.67498286846,45429.21379772426,62578.14918857122,48553.2241481504
2015-04-23,46475.77401592953,38997.098977027,45844.69638831618,63150.47103536967,48997.27804352454
2015-04-24,46475.77401592953,38997.098977027,45844.69638831618,63150.47103536967,48997.27804352454
2015-04-27,46212.36928798608,37921.0803538131,45931.89074561504,62971.86422752571,47645.331743809256
2015-04-28,46114.39906509557,37741.71315389652,45834.515137234346,62971.86422752571,48432.00760850764
2015-04-29,45825.7033233177,37505.43398522404,45547.57158782597,62577.63358757661,48128.80265201256
2015-04-30,45477.81661549599,37220.710762047565,45201.7963224216,62577.63358757661,48128.80265201256
2015-05-01,45477.81661549599,37220.710762047565,45201.7963224216,62577.63358757661,48128.80265201256
2015-05-04,45390.667579178225,37149.38479885545,45115.17622316229,62457.716210972714,48036.5735371957
2015-05-05,45388.125701793775,37147.304433306694,45112.64977329378,62457.716210972714,48036.5735371957
2015-05-06,45755.899198208084,37448.303732629254,45478.19112762608,62963.80215996915,48425.80702794633
2015-05-07,46137.26334992456,37760.42612201449,45857.24065096417,63085.727822318186,48519.580726390835
2015-05-08,46137.26334992456,37760.42612201449,45857.24065096417,63085.727822318186,48519.580726390835
2015-05-11,46264.41250907561,37766.006916569226,46278.26066447314,63321.661418059,48246.66611591249
2015-05-12,46264.41250907561,37766.006916569226,46278.26066447314,63321.661418059,48246.66611591249
2015-05-13,46048.79439824228,37589.996142338125,46062.57801346858,63145.88048596244,48112.73337077471
2015-05-14,45834.12786159315,37414.76214566181,45847.84722147939,62851.51213941352,47888.445330742514
2015-05-15,45834.12786159315,37414.76214566181,45847.84722147939,62851.51213941352,47888.445330742514
2015-05-18,46211.41856725398,37740.77148339993,45846.20881047704,63275.414487055394,48234.498662443366
2015-05-19,46148.12530398788,37467.78748958431,45689.39435009637,62995.077571673384,47885.61215146255
2015-05-20,45954.903161775845,37598.73745430452,45498.092913807406,62731.31726164925,48158.22500207669
2015-05-21,46046.22863522201,37673.45684794365,45588.510575261804,62731.31726164925,48158.22500207669
2015-05-22,46046.22863522201,37673.45684794365,45588.510575261804,62731.31726164925,48158.22500207669
2015-05-26,46046.22863522201,36652.506167364365,45588.510575261804,62731.31726164925,47135.53693593258
2015-05-27,45744.9021150331,36412.65216700512,45290.17936205728,62731.31726164925,47135.53693593258
2015-05-28,46220.17001970439,36413.290378751306,45813.97164916488,63562.300281547,47600.7977401224
2015-05-29,46220.17001970439,36413.290378751306,45813.97164916488,63562.300281547,47600.7977401224
2015-06-01,46007.04002553584,36245.38177169139,45602.714712934176,63269.20242659383,47381.30140896555
2015-06-02,45842.54676446033,36115.790277797336,45439.66707385843,63269.20242659383,47381.30140896555
2015-06-03,46076.40437448887,36300.02856721989,45671.46946470255,63296.71060428453,47401.90184659374
2015-06-04,45891.93961359542,35419.772697829736,45815.08679230771,63043.30514121794,46252.4316128871
2015-06-05,45891.93961359542,35419.772697829736,45815.08679230771,63043.30514121794,46252.4316128871
2015-06-08,45891.93961359542,35419.772697829736,45815.08679230771,63043.30514121794,46252.4316128871
2015-06-09,45761.23936957592,35318.89718518633,45684.605425123234,63043.30514121794,46252.4316128871
2015-06-10,45761.23936957592,35318.89718518633,45684.605425123234,63043.30514121794,46252.4316128871
2015-06-11,45747.43462734044,35308.24257271517,45670.82380096463,62912.08810933306,46156.16275800859
2015-06-12,45747.43462734044,35308.24257271517,45670.82380096463,62912.08810933306,46156.16275800859
2015-06-15,45815.52451110656,35226.66450367798,45618.80121951504,62912.08810933306,46156.16275800859
2015-06-16,45839.29061971239,35244.93780172158,45642.46528089641,62303.37831464574,45709.57595409969
2015-06-17,45996.42920908181,35365.7586026917,45798.929146558825,62194.20798338714,45629.48190970618
2015-06-18,45996.42920908181,35365.7586026917,45798.929146558825,62194.20798338714,45629.48190970618
2015-06-19,45996.42920908181,35365.7586026917,45798.929146558825,62194.20798338714,45629.48190970618
2015-06-22,46596.526113437314,35341.46251050625,46055.31407953427,62697.26550707745,45371.89902650396
2015-06-23,46707.103552030916,35153.01961266942,45961.55902363102,62846.05134166344,45307.053961042206
2015-06-24,46417.69355454253,34796.69898438419,45998.77318916628,62482.532383923695,44750.48956847662
2015-06-25,46469.08085090629,34889.62555356106,45896.15280952094,62551.70446386339,44968.34002469483
2015-06-26,46469.08085090629,34889.62555356106,45896.15280952094,62551.70446386339,44968.34002469483
2015-06-29,46372.58838476412,34817.17768175483,45800.85002130274,62421.81663060755,44874.963828139014
2015-06-30,46120.251499301005,34627.71967471125,45551.62425564036,62082.14771536768,44630.77628109704
2015-07-01,46362.58261017491,34809.665208462946,45790.967610221756,61974.4028489304,44553.31863495621
2015-07-02,46289.20662025944,34754.5735052079,45718.49628985036,61974.4028489304,44553.31863495621
2015-07-06,46289.20662025944,34583.6380849872,45718.49628985036,61974.4028489304,44334.1894823009
2015-07-07,46289.20662025944,34583.6380849872,45718.49628985036,61974.4028489304,44334.1894823009
2015-07-08,46109.60449857282,34449.45356921744,45541.10852424572,61974.4028489304,44334.1894823009
2015-07-09,45837.80158150833,34246.38390351078,45272.65672818609,61609.08148777687,44072.852128445425
2015-07-10,45837.80158150833,34246.38390351078,45272.65672818609,61609.08148777687,44072.852128445425
2015-07-13,45837.80158150833,34246.38390351078,45272.65672818609,61609.08148777687,44072.852128445425
2015-07-14,46011.51848371491,34376.171448249734,45444.23183454232,61609.08148777687,44072.852128445425
2015-07-15,45746.79126148723,34384.112409429494,45301.3182037826,61170.33601456767,43902.86575031012
2015-07-16,45811.4812890214,34527.28472489426,45100.63172658445,61425.04372784754,44085.67328857559
2015-07-17,45811.4812890214,34527.28472489426,45100.63172658445,61425.04372784754,44085.67328857559
2015-07-20,45326.3372405874,34818.095394724296,44813.64091894332,61013.373433254594,44330.87805350956
2015-07-21,45197.9686326495,34898.63493658074,44686.72431699378,61013.373433254594,44307.526736303036
2015-07-22,45079.294761036195,35098.86538606209,44732.47501495704,60737.6029737076,44333.90284827864
2015-07-23,45029.03699684348,34335.90884841455,44983.98536295194,60646.56491865969,43353.176793486295
2015-07-24,45029.03699684348,34335.90884841455,44983.98536295194,60646.56491865969,43353.176793486295
2015-07-27,44921.61790680122,34253.99876704795,44876.67374590578,60646.56491865969,43353.176793486295
2015-07-28,44763.332424900145,34133.30162935515,44718.54662891891,60061.728766142056,42935.10686406284
2015-07-29,44350.733284824455,33818.68316515023,44306.36029503768,59852.09569880964,42785.25073549212
2015-07-30,44171.423940146604,33681.95474000183,44127.230349687205,59610.114580066285,42612.27061311196
2015-07-31,44171.423940146604,33681.95474000183,44127.230349687205,59610.114580066285,42612.27061311196
2015-08-03,43922.91933310911,33492.462978580224,43878.974371963675,59361.84640769084,42434.79619253061
2015-08-04,43825.812438246656,33418.41623645728,43781.96463272718,59385.80541847818,42451.92328343599
2015-08-05,43707.251057120986,33328.009844342814,43663.52187248022,59225.14979755623,42337.07866616808
2015-08-06,43707.251057120986,33328.009844342814,43663.52187248022,59225.14979755623,42337.07866616808
2015-08-07,43707.251057120986,33328.009844342814,43663.52187248022,59225.14979755623,42337.07866616808
2015-08-10,43304.919678012826,33021.2208370433,43261.59302665288,58679.97398302611,41947.35991618518
2015-08-11,42904.71670039099,32716.054795818593,42861.79045284229,58351.835568513045,41712.79027953388
2015-08-12,42702.502466991755,32561.8607479571,42659.7785351535,58076.817514453316,41516.19371491322
2015-08-13,42049.483165779,32561.8607479571,42007.412580946235,57524.14133702438,41516.19371491322
2015-08-14,42049.483165779,32561.8607479571,42007.412580946235,57524.14133702438,41516.19371491322
2015-08-17,42211.69212053081,32687.470505772122,42169.45924534207,57524.14133702438,41516.19371491322
2015-08-18,41842.89531376727,32401.885300865284,41801.031420458385,57021.56210906232,41153.47336654819
2015-08-19,41451.57097485441,32098.8554495653,41410.09860226249,56488.28340239581,40768.596659561954
2015-08-20,41153.9354357765,31868.37539969431,41112.76084808592,56488.28340239581,40768.596659561954
2015-08-21,41153.9354357765,31868.37539969431,41112.76084808592,56488.28340239581,40768.596659561954
2015-08-24,41153.9354357765,31868.37539969431,41112.76084808592,56488.28340239581,40768.596659561954
2015-08-25,42342.35734237623,31868.37539969431,41423.78231827924,56968.863475000675,40768.596659561954
2015-08-26,42627.712736089416,31868.37539969431,42342.30302670685,57352.79043340911,40768.596659561954
2015-08-27,42148.82193919292,31868.37539969431,41866.618596617205,57214.265359553254,40768.596659561954
2015-08-28,42148.82193919292,31868.37539969431,41866.618596617205,57214.265359553254,40768.596659561954
2015-08-31,41977.36654176737,31868.37539969431,41696.311162148384,57214.265359553254,40768.596659561954
2015-09-01,41778.1532165334,31868.37539969431,41946.443942114965,56942.741798356175,40768.596659561954
2015-09-02,41702.818160099116,31868.37539969431,41323.9969744781,56840.061705134525,40768.596659561954
2015-09-03,41089.28462533415,31868.37539969431,40716.03667220225,56494.62068790529,40768.596659561954
2015-09-04,41089.28462533415,31868.37539969431,40716.03667220225,56494.62068790529,40768.596659561954
2015-09-08,40872.03825410914,31868.37539969431,40500.76372943005,56195.92355919906,40768.596659561954
2015-09-09,40529.31889621288,31868.37539969431,40161.157574890814,55959.384856437144,40768.596659561954
2015-09-10,40151.79557536759,31868.37539969431,39787.06361058094,55438.13324454698,40768.596659561954
2015-09-11,40151.79557536759,31868.37539969431,39787.06361058094,55438.13324454698,40768.596659561954
2015-09-14,40151.79557536759,31868.37539969431,39787.06361058094,55438.13324454698,40768.596659561954
2015-09-15,39845.6205719035,31625.3650981978,39483.66984788035,55438.13324454698,40768.596659561954
2015-09-16,39864.37257261657,31640.248512243325,39502.25150866303,55779.111933567096,41019.348656943366
2015-09-17,39843.67575403923,31623.821501332593,39481.74269640511,55779.111933567096,41019.348656943366
2015-09-18,39843.67575403923,31623.821501332593,39481.74269640511,55779.111933567096,41019.348656943366
2015-09-21,39785.4421945933,31623.821501332593,39537.42482098395,55547.153177140004,41019.348656943366
2015-09-22,39560.55370231013,31623.821501332593,39724.58043053533,55458.21488007161,41019.348656943366
2015-09-23,39388.800711690004,31623.821501332593,39552.115314363924,55217.44185318777,41019.348656943366
2015-09-24,39081.685961078794,31623.821501332593,39243.72719867012,54786.911078507495,41019.348656943366
2015-09-25,39081.685961078794,31623.821501332593,39243.72719867012,54786.911078507495,41019.348656943366
2015-09-28,38875.982681636204,31623.821501332593,39587.01929246061,54786.911078507495,41019.348656943366
2015-09-29,38598.19289730459,31623.821501332593,39304.14876950457,54786.911078507495,41019.348656943366
2015-09-30,39036.7275275957,31623.821501332593,38980.76160420467,54497.14910611915,41019.348656943366
2015-10-01,38949.26121787762,31623.821501332593,38893.42069262058,54375.04193104668,41019.348656943366
2015-10-02,38949.26121787762,31623.821501332593,38893.42069262058,54375.04193104668,41019.348656943366
2015-10-05,39222.15155385481,31623.821501332593,39440.09620612675,54593.449336637954,41019.348656943366
2015-10-06,38890.19719967911,31623.821501332593,39279.70607947149,54058.29290613272,41019.348656943366
2015-10-07,38697.48803479581,31623.821501332593,39085.06681558268,54058.29290613272,41019.348656943366
2015-10-08,38220.68958960823,31623.821501332593,38603.49294518143,53537.45834767456,41019.348656943366
2015-10-09,38220.68958960823,31623.821501332593,38603.49294518143,53537.45834767456,41019.348656943366
2015-10-12,38217.21724450383,31620.948480909577,38599.9858224377,53913.348851918076,41307.34857562215
2015-10-13,38027.36102916304,31463.86133441057,38408.22808210902,53645.51709682489,41102.14114735346
2015-10-14,37860.1818319919,31325.537166352813,38239.37448402188,53409.67600143044,40921.444333978485
2015-10-15,37852.504637708225,31319.185051195687,38231.620397987565,53398.845719074416,40913.14638443576
2015-10-16,37852.504637708225,31319.185051195687,38231.620397987565,53398.845719074416,40913.14638443576
2015-10-19,37699.280200920155,31192.407060252648,38076.861325660786,53398.845719074416,40913.14638443576
2015-10-20,37348.06749248248,30901.813454540927,37722.131009227196,53064.75360647612,40657.17157216117
2015-10-21,37179.89410733616,30762.666694755935,37552.27326577015,52836.63508707136,40482.39164477271
2015-10-22,36981.59243149633,30762.666694755935,37351.98547854032,52836.63508707136,40482.39164477271
2015-10-23,36981.59243149633,30762.666694755935,37351.98547854032,52836.63508707136,40482.39164477271
2015-10-26,37011.41325854162,30787.47276995823,37382.10497923022,52825.43795243016,40473.81262021716
2015-10-27,37038.585532901925,30810.075680339465,37409.54940037582,52864.22024056436,40503.52684737303
2015-10-28,37121.11092936845,30878.723380409578,37492.90133867157,52547.51094432258,40260.8704074451
2015-10-29,36599.27632412664,30444.64190972711,36965.84024379584,52041.994575704455,39873.553698432166
2015-10-30,36599.27632412664,30444.64190972711,36965.84024379584,52041.994575704455,39873.553698432166
2015-11-02,36683.1791338097,30514.435393439715,37050.58339093576,52041.994575704455,39873.553698432166
2015-11-03,36684.501773101845,30515.53561409076,37051.919277261506,51826.65854029171,39708.567459122154
2015-11-04,36341.246543894,30230.00312311128,36705.22613903188,51576.389942752285,39516.81657708202
2015-11-05,36095.652004218726,30025.70843298734,36457.17182129118,51227.83613817095,39249.761500560126
2015-11-06,36095.652004218726,30025.70843298734,36457.17182129118,51227.83613817095,39249.761500560126
2015-11-09,36122.34000054728,30047.908502855265,36484.12711406723,51227.83613817095,39249.761500560126
2015-11-10,35637.432741228804,29644.544574600583,35994.36321485026,50945.063891839396,39033.10696146236
2015-11-11,35477.846420731825,29511.794726264958,35833.17854069599,50716.92918435311,38858.31463108391
2015-11-12,35342.95199089393,29399.584512716985,35696.93306144102,50737.547859509235,38874.112254863154
2015-11-13,35342.95199089393,29399.584512716985,35696.93306144102,50737.547859509235,38874.112254863154
2015-11-16,35475.269128018575,29509.650838143876,35830.57543483521,50927.49936891412,39019.649369112994
2015-11-17,35996.35164313625,29943.10669223463,36356.87690694867,51706.60104669997,39616.58176647802
2015-11-18,36179.739161199235,30095.655263651617,36542.101162078376,51970.02622176866,39818.412959714486
2015-11-19,35778.49029260856,29761.881502314336,36136.83354304218,51819.294014431696,39702.924904109874
2015-11-20,35778.49029260856,29761.881502314336,36136.83354304218,51819.294014431696,39702.924904109874
2015-11-23,35750.74701469343,29738.80360989788,36108.8123993953,51779.11241192552,39672.13854977657
2015-11-24,35475.84204361995,29510.127410690668,35831.15408853333,51248.22971340619,39265.38665720286
2015-11-25,35165.94784678958,29252.345869633693,35518.15611362639,51127.28870810265,39172.72403524477
2015-11-27,35165.94784678958,29252.345869633693,35518.15611362639,51127.28870810265,39172.72403524477
2015-11-30,35278.28410340876,28615.61452570117,35571.631860767026,51127.28870810265,38748.86874287899
2015-12-01,34986.256325523085,28378.73922025042,35277.175798856035,50704.06550181004,38428.112041634755
2015-12-02,34797.10862508426,28225.31402336968,35086.455287971825,50429.941934448805,38220.356488789905
2015-12-03,34633.94305981636,28092.96396615351,34921.932960212034,50193.47314990645,38041.1391251168
2015-12-04,34633.94305981636,28092.96396615351,34921.932960212034,50193.47314990645,38041.1391251168
2015-12-07,34633.94305981636,28092.96396615351,34921.932960212034,50193.47314990645,38041.1391251168
2015-12-08,34212.09748131834,27750.788297170104,34496.57963020204,49582.11062958419,37577.79349007771
2015-12-09,33650.9378261601,27295.609458757375,33930.753792134274,49049.68757202119,37174.275296672684
2015-12-10,33543.76964531583,27295.609458757375,34020.30037024182,49140.8765188536,37174.275296672684
2015-12-11,33543.76964531583,27295.609458757375,34020.30037024182,49140.8765188536,37174.275296672684
2015-12-14,34707.03197100224,28242.19222139139,35200.08827564689,50617.40056757531,38291.24176853201
2015-12-15,34737.84269798237,28242.19222139139,35098.95360543553,50662.33552227367,38291.24176853201
2015-12-16,34737.84269798237,28242.19222139139,35098.95360543553,50662.33552227367,38291.24176853201
2015-12-17,34737.84269798237,28242.19222139139,35098.95360543553,50662.33552227367,38291.24176853201
2015-12-18,34737.84269798237,28242.19222139139,35098.95360543553,50662.33552227367,38291.24176853201
2015-12-21,34462.73678474787,28242.19222139139,34820.98787886035,50261.11578615985,38291.24176853201
2015-12-22,34539.693025120025,28305.25781443471,34898.74410379219,50373.350241942375,38376.7471659731
2015-12-23,34442.03008328747,28225.22309190617,34800.06592466191,50427.72564524907,38418.17286219395
2015-12-24,34442.03008328747,28225.22309190617,34800.06592466191,50427.72564524907,38418.17286219395
2015-12-28,34156.9180340391,27762.646126621803,34519.411080349586,50427.72564524907,37908.29351860185
2015-12-29,34156.9180340391,27762.646126621803,34519.411080349586,50427.72564524907,37908.29351860185
2015-12-30,34222.19073995557,28192.16091387097,34504.75414801307,50524.091309820986,38543.597092706645
2015-12-31,34222.19073995557,27787.2093444474,34504.75414801307,50524.091309820986,38244.06801430607
2016-01-04,33997.53596821413,27604.797609908142,34278.244462352704,50332.27187189966,38098.87083331484
2016-01-05,33874.40311221605,27504.818082799626,34154.09493153977,49855.753426076655,37738.17154353693
2016-01-06,34120.76918764823,27704.858628579503,34402.49518527551,50218.35070251006,38012.638526360744
2016-01-07,34208.27789359588,27704.858628579503,34830.59771753282,50347.14448381768,38012.638526360744
2016-01-08,34208.27789359588,27704.858628579503,34830.59771753282,50347.14448381768,38012.638526360744
2016-01-11,34442.76665560264,27704.858628579503,35598.25711336336,50692.26093830006,38012.638526360744
2016-01-12,34247.07785603352,27704.858628579503,35396.00332025427,50404.249589222,38012.638526360744
2016-01-13,33995.35361142197,27704.858628579503,35135.83419763556,50404.249589222,38012.638526360744
2016-01-14,33894.77815818658,27704.858628579503,35031.88462589045,50255.12832090484,38012.638526360744
2016-01-15,33894.77815818658,27704.858628579503,35031.88462589045,50255.12832090484,38012.638526360744
2016-01-19,33894.77815818658,27704.858628579503,35031.88462589045,50255.12832090484,38012.638526360744
2016-01-20,34215.79667011288,27704.858628579503,35139.27926921915,50522.838972958474,38012.638526360744
2016-01-21,34005.96774321905,27704.858628579503,34923.78707033888,50213.00684519786,38012.638526360744
2016-01-22,34005.96774321905,27704.858628579503,34923.78707033888,50213.00684519786,38012.638526360744
2016-01-25,33237.89899086802,27704.858628579503,34134.98818171332,49261.724992942094,38012.638526360744
2016-01-26,33050.16293284296,27704.858628579503,33942.18513710067,48983.48231387773,38012.638526360744
2016-01-27,33050.16293284296,27704.858628579503,33942.18513710067,48983.48231387773,38012.638526360744
2016-01-28,33050.16293284296,27704.858628579503,33942.18513710067,48983.48231387773,38012.638526360744
2016-01-29,33050.16293284296,27704.858628579503,33942.18513710067,48983.48231387773,38012.638526360744
2016-02-01,32837.76554588558,27704.858628579503,33724.05515555132,48760.32401727631,38012.638526360744
2016-02-02,32986.9661749834,27704.858628579503,33433.04973300338,48981.86987758236,38012.638526360744
2016-02-03,32986.9661749834,27704.858628579503,33433.04973300338,48981.86987758236,38012.638526360744
2016-02-04,32849.5281787526,27704.858628579503,33293.75315935626,48777.79018101668,38012.638526360744
2016-02-05,32849.5281787526,27704.858628579503,33293.75315935626,48777.79018101668,38012.638526360744
2016-02-08,33955.95138979625,27704.858628579503,34209.87422705359,49701.27318354524,38012.638526360744
2016-02-09,33955.95138979625,27704.858628579503,34209.87422705359,49701.27318354524,38012.638526360744
2016-02-10,33555.58546388195,27704.858628579503,33806.51436200084,49549.59730096914,38012.638526360744
2016-02-11,33966.414979828136,27704.858628579503,34463.627548836506,49362.73402569675,38012.638526360744
2016-02-12,33966.414979828136,27704.858628579503,34463.627548836506,49362.73402569675,38012.638526360744
2016-02-16,33607.88151979554,27704.858628579503,34099.84574738065,49104.76573127277,38012.638526360744
2016-02-17,33343.12925376696,27704.858628579503,33831.21794269363,49104.76573127277,38012.638526360744
2016-02-18,33179.73543183216,27704.858628579503,33665.4323033706,48864.133987113986,38012.638526360744
2016-02-19,33179.73543183216,27704.858628579503,33665.4323033706,48864.133987113986,38012.638526360744
2016-02-22,33179.73543183216,27704.858628579503,33665.4323033706,48864.133987113986,38012.638526360744
2016-02-23,33035.66110092677,27584.557519550424,33519.24896071816,48659.295537439975,37853.28954565823
2016-02-24,33569.65009587507,28030.434782334938,34061.05467816008,49290.42742921913,38344.26291420264
2016-02-25,33569.65009587507,28030.434782334938,34061.05467816008,49290.42742921913,38344.26291420264
2016-02-26,33569.65009587507,28030.434782334938,34061.05467816008,49290.42742921913,38344.26291420264
2016-02-29,33397.351798218275,27886.56684859769,33886.23421620468,49064.782939947494,38168.72839212537
2016-03-01,33383.656774863426,27875.131595090603,33872.338720184445,49064.782939947494,38168.72839212537
2016-03-02,33059.982021320364,27604.865326482937,33543.925899470385,48589.07017927446,37798.6594737115
2016-03-03,32992.01069828454,27548.109723371694,33474.95958782108,48589.07017927446,37798.6594737115
2016-03-04,32992.01069828454,27548.109723371694,33474.95958782108,48589.07017927446,37798.6594737115
2016-03-07,32630.57289270525,27246.311557223828,33108.23092596639,48255.05228534758,37538.818555083395
2016-03-08,32267.469297525535,26943.122467827663,32739.812090085452,47912.648364860295,37272.453935525744
2016-03-09,32351.259458544744,27013.086695549504,32824.82880154405,48037.06495558612,37369.2407299298
2016-03-10,32602.786045057852,27223.109724063142,33080.03732447371,48410.54651941425,37659.781429695446
2016-03-11,32602.786045057852,27223.109724063142,33080.03732447371,48410.54651941425,37659.781429695446
2016-03-14,32687.56501280299,27293.899598831173,33166.057317165854,48626.030890033675,37827.41213999508
2016-03-15,32505.185101218416,27141.61358444976,32981.0076630009,48402.97600939756,37653.892139591575
2016-03-16,32368.02413606637,27027.085089890057,32841.838886430094,48198.73170545014,37495.00535978967
2016-03-17,32300.18075747718,26970.43631954165,32773.00239212414,48198.73170545014,37495.00535978967
2016-03-18,32300.18075747718,26970.43631954165,32773.00239212414,48198.73170545014,37495.00535978967
2016-03-21,32084.344037072566,26790.214092093473,32554.00617636794,47876.657465151715,37244.45570964453
2016-03-22,32084.344037072566,26790.214092093473,32554.00617636794,47876.657465151715,37244.45570964453
2016-03-23,31933.729222283637,26664.451722478745,32401.186607882264,47651.90816410648,37069.61757699825
2016-03-24,31759.43552422215,26518.917642661665,32224.341536135136,47438.40858158897,36903.53088327096
2016-03-28,31759.43552422215,26518.917642661665,32224.341536135136,47438.40858158897,36903.53088327096
2016-03-29,31565.52720248527,26357.0054824016,32027.594714813884,47438.40858158897,36903.53088327096
2016-03-30,31413.50020367133,26230.063948508996,31873.34229024677,47209.934054966754,36725.79480397685
2016-03-31,31416.98196102389,26232.97119276445,31876.875014812646,47059.617624935716,36608.85987332097
2016-04-01,31416.98196102389,26232.97119276445,31876.875014812646,47059.617624935716,36608.85987332097
2016-04-04,31386.354768569276,26207.397690561917,31845.7994905264,47211.868685052556,36727.29980136723
2016-04-05,31168.572775294866,26025.55117319249,31624.829526298214,46908.57964061979,36491.363627443265
2016-04-06,31117.325561279806,25982.760089993146,31572.83213717783,46885.78732139066,36473.63290919779
2016-04-07,31035.84211819371,25914.721956418864,31490.155910217054,47193.00351000363,36712.62410732833
2016-04-08,31035.84211819371,25914.721956418864,31490.155910217054,47193.00351000363,36712.62410732833
2016-04-11,30795.58406918882,25714.108081852744,31246.380877690604,47193.00351000363,36712.62410732833
2016-04-12,30831.7216546976,25744.282725642657,31283.047458141576,47193.00351000363,36712.62410732833
2016-04-13,30624.54035985881,25571.287721032466,31072.833369176038,46875.87857990604,36465.92465003976
2016-04-14,30368.9119245409,25357.839676020838,30813.4629531071,46484.59736050723,36161.53715063
2016-04-15,30368.9119245409,25357.839676020838,30813.4629531071,46484.59736050723,36161.53715063
2016-04-18,30368.9119245409,25357.839676020838,30813.4629531071,46484.59736050723,36161.53715063
2016-04-19,30368.9119245409,25389.13468814306,30813.4629531071,46484.59736050723,36393.988414138585
2016-04-20,30147.217773140004,25203.793090015457,30588.52356317816,46484.59736050723,36393.988414138585
2016-04-21,30015.182308169402,25093.408292164295,30454.555315699385,46281.00923928649,36234.5940309303
2016-04-22,30015.182308169402,25093.408292164295,30454.555315699385,46281.00923928649,36234.5940309303
2016-04-25,29866.659627407804,24969.239788680534,30303.85850664955,46281.00923928649,36234.5940309303
2016-04-26,29630.132770079446,24771.497694627433,30063.86928432207,46059.307570671765,36061.0180849802
2016-04-27,29614.76477883693,24758.64968741163,30048.276330909983,46059.307570671765,36061.0180849802
2016-04-28,29614.76477883693,24758.64968741163,30048.276330909983,46059.307570671765,36061.0180849802
2016-04-29,29614.76477883693,24758.64968741163,30048.276330909983,46059.307570671765,36061.0180849802
2016-05-02,29940.533958649285,25031.000491551513,30378.81423685651,46331.81093828292,36274.36798939563
2016-05-03,30048.483897309517,25121.249214951007,30488.344385449334,46642.52796572986,36517.636352231595
2016-05-04,29837.777554177315,24945.093686602733,30274.55364726874,46713.48743763312,36573.192350238685
2016-05-05,29573.737921586413,24724.350256231723,30006.64890780334,46300.11174174971,36249.549872064854
2016-05-06,29573.737921586413,24724.350256231723,30006.64890780334,46300.11174174971,36249.549872064854
2016-05-09,29521.995135937836,24681.09205332884,29954.148692694067,46219.10416794519,36186.126956305576
2016-05-10,29361.53062393452,24546.939894106203,29791.335243592293,46219.10416794519,36186.126956305576
2016-05-11,29255.757512247597,24288.43592420387,29684.01378714702,46219.10416794519,35705.844149910954
2016-05-12,29255.757512247597,24288.43592420387,29684.01378714702,46219.10416794519,35705.844149910954
2016-05-13,29255.757512247597,24288.43592420387,29684.01378714702,46219.10416794519,35705.844149910954
2016-05-16,29371.90798309771,24384.865260126146,29801.864510262123,46402.602089991124,35847.60259210397
2016-05-17,29763.1034810181,24709.63985470291,30198.786468234917,47020.624216433906,36325.045894505034
2016-05-18,29763.1034810181,24709.63985470291,30198.786468234917,47020.624216433906,36325.045894505034
2016-05-19,29549.825564980903,24532.57429775917,29982.38651354252,47020.624216433906,36325.045894505034
2016-05-20,29549.825564980903,24532.57429775917,29982.38651354252,47020.624216433906,36325.045894505034
2016-05-23,29439.759050221353,24441.1959258261,29870.708805650047,46698.15605146358,36075.92817037304
2016-05-24,29439.759050221353,24441.1959258261,29870.708805650047,46698.15605146358,36075.92817037304
2016-05-25,29298.01534444917,24323.51881854677,29726.890204657702,46698.15605146358,36075.92817037304
2016-05-26,29137.426416943475,24389.428669058085,29490.05289442297,46247.25113745622,36275.4559507097
2016-05-27,29137.426416943475,24389.428669058085,29490.05289442297,46247.25113745622,36275.4559507097
2016-05-31,29062.94910013416,24218.115602046768,29391.339874663518,46065.52322011877,35970.83332392306
2016-06-01,29157.26673822695,24415.78156399973,29510.007835399847,46199.650768373314,36075.568478223955
2016-06-02,29157.26673822695,24565.351089195414,29510.007835399847,46199.650768373314,36622.13556065515
2016-06-03,29157.26673822695,24565.351089195414,29510.007835399847,46199.650768373314,36622.13556065515
2016-06-06,29034.106443524666,24578.046518385425,29385.357562303107,46199.650768373314,36641.06196342094
2016-06-07,28957.999858502877,24601.104501736958,29360.642613500648,46155.424667260755,36675.43690839889
2016-06-08,28829.012953072175,24660.45093561263,29229.862226364894,45949.83569613845,36763.91083814428
2016-06-09,29357.81098021405,24974.370033889125,29452.20601313383,46792.6735173002,37231.90283754285
2016-06-10,29357.81098021405,24974.370033889125,29452.20601313383,46792.6735173002,37231.90283754285
2016-06-13,29204.94349119937,24759.686513109184,29298.84700478661,46792.6735173002,36761.69715187817
2016-06-14,29195.174816488267,24751.404719187263,29289.046920568457,46556.76168788524,36576.35789734099
2016-06-15,29330.666333533383,24866.27319986875,29424.9740874725,46662.149587955384,36659.15372358115
2016-06-16,29011.295600562364,24595.513585757282,29104.576472392568,46154.062770341196,36259.98581305155
2016-06-17,29011.295600562364,24595.513585757282,29104.576472392568,46154.062770341196,36259.98581305155
2016-06-20,28985.276083302968,24573.454474745504,29078.473293814215,45983.5933380454,36126.060025686704
2016-06-21,28772.7058721669,24393.239375499015,28865.21959942759,45532.852925090025,35771.94513312662
2016-06-22,28486.947346418943,24150.975886165448,28578.542265888984,45080.63960240915,35416.67307947291
2016-06-23,28367.605134166148,24049.798639784174,28458.816329111836,44899.382528602946,35274.272204442
2016-06-24,28367.605134166148,24049.798639784174,28458.816329111836,44899.382528602946,35274.272204442
2016-06-27,28367.605134166148,24049.798639784174,28458.816329111836,44899.382528602946,35274.272204442
2016-06-28,28492.96865018915,24156.08069295254,28584.58293013426,45097.80408849233,35430.15800332374
2016-06-29,28492.96865018915,24156.08069295254,28584.58293013426,45097.80408849233,35430.15800332374
2016-06-30,28419.37062648584,24093.68495520946,28510.74826454117,44847.694387699514,35233.66448448488
2016-07-01,28419.37062648584,24093.68495520946,28510.74826454117,44847.694387699514,35233.66448448488
2016-07-05,28680.946294744925,24315.4464370457,28773.164984738116,45260.47853353872,35557.959820010576
2016-07-06,28513.38284742902,24173.387664432496,28605.0627657428,45260.47853353872,35557.959820010576
2016-07-07,28410.142867926206,24085.86174510039,28501.49083569809,45096.60142007614,35429.21315173124
2016-07-08,28410.142867926206,24085.86174510039,28501.49083569809,45096.60142007614,35429.21315173124
2016-07-11,28598.425682870078,24116.99523399251,28575.43297760838,45395.47056336931,35475.00910563106
2016-07-12,28618.27232562764,23943.751619209048,28519.489126642744,45555.182300786735,35299.5792702266
2016-07-13,28478.230292519736,23835.822910331943,28548.6032985435,45555.182300786735,35035.32147634929
2016-07-14,28235.630782419412,23681.990855534073,28305.40429695055,45172.768862140336,34763.415829513564
2016-07-15,28235.630782419412,23681.990855534073,28305.40429695055,45172.768862140336,34763.415829513564
2016-07-18,28153.914600196043,23716.138385172115,28223.486184574747,45172.768862140336,34763.415829513564
2016-07-19,28111.95101798451,23705.348327423046,28221.37019012103,45325.78294599292,34971.70896327138
2016-07-20,28077.317094330352,23705.348327423046,28273.59988309433,45325.78294599292,34971.70896327138
2016-07-21,28074.053456607275,23579.75116599071,28109.53361883851,45195.849805419915,34822.35687308237
2016-07-22,28074.053456607275,23579.75116599071,28109.53361883851,45195.849805419915,34822.35687308237
2016-07-25,28118.717858724456,23440.480682336372,28243.41315942947,45150.708075111106,34533.04181755693
2016-07-26,28118.717858724456,23333.542172727397,28243.41315942947,45150.708075111106,34375.49760699743
2016-07-27,28027.593589001764,22918.57031779972,28151.884789908498,45150.708075111106,33612.44230814387
2016-07-28,27868.974908141736,23250.262465328546,28258.106526900734,45098.07560380455,33786.9646931826
2016-07-29,27868.974908141736,23250.262465328546,28258.106526900734,45098.07560380455,33786.9646931826
2016-08-01,27735.803223392824,23347.855618766665,28146.39285903568,45149.162945858545,33825.23874809817
2016-08-02,27735.803223392824,22708.638027636072,28146.39285903568,45149.162945858545,32869.207270986786
2016-08-03,27672.572256397303,22656.86778936053,28082.225846327303,45046.23370277475,32794.27337621616
2016-08-04,27415.394402357862,22725.46540289973,27821.240835143897,44845.31968449244,33068.600817590785
2016-08-05,27415.394402357862,22725.46540289973,27821.240835143897,44845.31968449244,33068.600817590785
2016-08-08,27491.768449633964,22492.388684862784,27857.523298710785,44845.31968449244,32824.09158314552
2016-08-09,27454.77936820168,22411.29327171106,27784.937335895793,44784.982089815494,32705.745625961492
2016-08-10,27541.099607367592,22197.039080473318,27766.383994944106,44782.971636401715,32415.67579997654
2016-08-11,27466.422340626832,22242.70542215264,27826.049150110248,44661.54329962461,32550.93070729101
2016-08-12,27466.422340626832,22242.70542215264,27826.049150110248,44661.54329962461,32550.93070729101
2016-08-15,27466.422340626832,22242.70542215264,27826.049150110248,44661.54329962461,32550.93070729101
2016-08-16,27462.49427667808,22402.590849577984,27754.546649445,44845.09406911161,32628.566266709746
2016-08-17,27342.693392844714,22395.951946256755,27633.471732305316,44649.46428213948,32597.602280247324
2016-08-18,27222.001860414202,22577.619732239986,27511.496694885627,44649.46428213948,32737.304756695223
2016-08-19,27222.001860414202,22577.619732239986,27511.496694885627,44649.46428213948,32737.304756695223
2016-08-22,27431.67052809451,22876.57100103635,27489.72224289999,45118.738040031756,33170.780867554335
2016-08-23,27381.888722265598,22587.942872299074,27516.31438827174,45036.85851125664,32752.27319828333
2016-08-24,27356.931528770412,22387.509914525723,27448.28127571552,44892.14678028159,32386.260505932092
2016-08-25,27333.128702899623,22462.707684840363,27369.290665121465,44701.32007297535,32517.529095960486
2016-08-26,27333.128702899623,22462.707684840363,27369.290665121465,44701.32007297535,32517.529095960486
2016-08-29,27192.18821729633,22346.881027618707,27228.16371405455,44470.82228303428,32349.8557794068
2016-08-30,27142.21442875072,22022.8110406268,27127.565402543252,44187.929665189244,31734.38979468867
2016-08-31,26999.942170158443,21948.963385460167,27085.10398574137,44070.48991778053,31627.976936213952
2016-09-01,26731.303319047624,21964.45059934391,26815.61780791583,43842.98168222331,31816.88572406627
2016-09-02,26731.303319047624,21964.45059934391,26815.61780791583,43842.98168222331,31816.88572406627
2016-09-06,26631.367076074424,22093.409988389136,26868.53571066035,43679.07261958729,32003.691495771753
2016-09-07,26617.400203035435,21877.0854108648,26798.757707896824,43637.22227997863,31677.44977417461
2016-09-08,26561.265911742303,21596.39130523122,26710.149222931122,43460.927901967545,31396.61096067681
2016-09-09,26561.265911742303,21596.39130523122,26710.149222931122,43460.927901967545,31396.61096067681
2016-09-12,26561.265911742303,21596.39130523122,26710.149222931122,43460.927901967545,31396.61096067681
2016-09-13,26446.683641712127,21503.226937672993,26594.924687286708,43460.927901967545,31396.61096067681
2016-09-14,26279.88128969046,21367.603549960124,26427.1873615117,43198.095349085605,31206.73808384249
2016-09-15,26018.65524327674,21155.20629689941,26164.497070175006,43198.095349085605,31206.73808384249
2016-09-16,26018.65524327674,21155.20629689941,26164.497070175006,43198.095349085605,31206.73808384249
2016-09-19,25843.152251230196,21012.50860680925,25988.01033485861,43198.095349085605,31206.73808384249
2016-09-20,25695.1983162255,20892.21045964535,25839.227076740317,42954.484615502864,31030.751242388138
2016-09-21,25581.53648940493,20779.334912888735,25806.808962934712,42810.867772180965,30863.099618376473
2016-09-22,25585.05377456969,20782.191928394932,25810.35722151381,42685.55188136273,30772.7572118018
2016-09-23,25585.05377456969,20782.191928394932,25810.35722151381,42685.55188136273,30772.7572118018
2016-09-26,25545.968325083802,20667.265824880255,25723.862009111075,42491.795226969625,30579.334332848153
2016-09-27,25545.968325083802,20667.265824880255,25723.862009111075,42491.795226969625,30579.334332848153
2016-09-28,25499.71570335837,20638.943218122247,25621.000145581093,42382.54766089909,30454.86799912285
2016-09-29,25317.592376170378,20431.598476686748,25412.49154305198,42106.311417268436,30049.51741160573
2016-09-30,25317.592376170378,20431.598476686748,25412.49154305198,42106.311417268436,30049.51741160573
2016-10-03,24980.53931291459,20354.114941808486,25074.1750873526,41709.17196009672,30120.366139191785
2016-10-04,25045.64910719211,20014.63238750177,25062.182146867934,41817.88360846388,29617.994070309396
2016-10-05,25149.630659623417,20097.726762021164,25166.23233921049,41991.49813282258,29740.958541709246
2016-10-06,25206.15860820121,20115.433427713546,25137.804646381985,42085.88096012062,29855.056662693114
2016-10-07,25206.15860820121,20115.433427713546,25137.804646381985,42085.88096012062,29855.056662693114
2016-10-10,25122.900800518455,20158.33876617579,25054.77261689478,41946.86818004563,29918.736190928263
2016-10-11,25122.900800518455,19648.856912199462,25054.77261689478,41946.86818004563,29342.26198200141
2016-10-12,25135.420313602146,19658.648541085997,25067.258179612112,42188.7814465975,29511.482778500904
2016-10-13,25087.789192882603,19515.52099615537,25126.445568304578,42108.834546286234,29751.27419718294
2016-10-14,25087.789192882603,19515.52099615537,25126.445568304578,42108.834546286234,29751.27419718294
2016-10-17,25006.071533555103,19464.344173702873,25170.05885029971,41971.67477626123,29784.703765233113
2016-10-18,24816.33541261539,19465.05968257008,25187.43863048241,41801.865098397284,29798.567376214607
2016-10-19,24777.523201329645,19606.059046004164,25025.337018697406,41606.45491340091,29973.05911509806
2016-10-20,24363.19190436526,19849.45205464342,24606.861763536665,41243.28437860208,30029.154569688217
2016-10-21,24363.19190436526,19849.45205464342,24606.861763536665,41243.28437860208,30029.154569688217
2016-10-24,24483.283898324586,20021.293503681747,24631.849625276645,41432.78488064735,30167.12951403826
2016-10-25,24566.120019357564,19747.74717561638,24626.216945595115,41723.951738498334,29778.517703138674
2016-10-26,24443.91727009691,19676.742750604524,24589.226265354868,41570.99497787879,29793.76662120713
2016-10-27,24443.91727009691,19158.181872155114,24589.226265354868,41570.99497787879,29059.588624127362
2016-10-28,24443.91727009691,19158.181872155114,24589.226265354868,41570.99497787879,29059.588624127362
2016-10-31,24352.26592377907,19086.34914820243,24497.030089626078,41433.98121268687,28963.81117991563
2016-11-01,24352.26592377907,18538.75784853623,24497.030089626078,41433.98121268687,28274.035222832656
2016-11-02,24092.447167190763,18340.964467502432,24235.66681780923,40991.91452727541,27972.374395937815
2016-11-03,24060.320247416483,18316.507064319547,24203.34891676212,41266.817446389425,28159.96474063559
2016-11-04,24060.320247416483,18316.507064319547,24203.34891676212,41266.817446389425,28159.96474063559
2016-11-07,23954.418809711144,18235.88700557117,24096.817938736407,41266.817446389425,28159.96474063559
2016-11-08,23828.927984780774,18222.899725486313,23923.17786241799,41121.385647480725,28268.10571789794
2016-11-09,24222.495750704824,18523.8761663148,24318.302295675294,41121.385647480725,28268.10571789794
2016-11-10,23852.70021023475,18523.8761663148,23947.044113475706,41121.385647480725,28268.10571789794
2016-11-11,23852.70021023475,18523.8761663148,23947.044113475706,41121.385647480725,28268.10571789794
2016-11-14,23852.70021023475,18523.8761663148,23947.044113475706,41121.385647480725,28268.10571789794
2016-11-15,23852.70021023475,18523.8761663148,23947.044113475706,41121.385647480725,28268.10571789794
2016-11-16,24010.34564968628,18646.302750007464,24105.31308342713,41121.385647480725,28268.10571789794
2016-11-17,24220.81043955146,18809.748551550692,24316.610318658903,41290.43910251122,28384.318264326823
2016-11-18,24220.81043955146,18809.748551550692,24316.610318658903,41290.43910251122,28384.318264326823
2016-11-21,24092.6983748734,18710.257424735242,24187.991535993886,41072.03999410449,28234.183997498818
2016-11-22,24181.201868952227,18778.98875285125,24276.84508541271,41036.22791197399,28209.56567037528
2016-11-23,23963.939359242166,18783.910795246673,24155.270388964163,40667.52688902621,28202.43654982473
2016-11-25,23963.939359242166,18783.910795246673,24155.270388964163,40667.52688902621,28202.43654982473
2016-11-28,23792.72552121316,18934.53654992165,24131.610797525467,40549.865675904955,28401.271298910186
2016-11-29,23545.819692835234,18825.067447618527,23881.18823249631,40549.865675904955,28401.271298910186
2016-11-30,23346.196675378163,18256.210313772226,23678.721938367602,40549.865675904955,27724.98022674051
2016-12-01,23514.698654117787,18387.97514060595,23849.623929647758,40842.53572829177,27925.08622660342
2016-12-02,23514.698654117787,18387.97514060595,23849.623929647758,40842.53572829177,27925.08622660342
2016-12-05,23283.77414876602,18207.3972762572,23615.410313313994,40842.53572829177,27925.08622660342
2016-12-06,23130.11457898861,18087.23888551004,23459.562134849628,40786.30902599577,27886.642592243916
2016-12-07,22914.031330314316,17918.266556186634,23240.401162634662,40581.18263759063,27746.39243437731
2016-12-08,22927.9576711089,17929.15664719299,23254.525859512665,41072.64228978431,28082.415967678604
2016-12-09,22927.9576711089,17929.15664719299,23254.525859512665,41072.64228978431,28082.415967678604
2016-12-12,22665.54451940021,17769.1048452157,22988.375096770487,40840.976287817684,27742.27060112573
2016-12-13,22665.54451940021,17769.1048452157,22988.375096770487,40840.976287817684,27742.27060112573
2016-12-14,22776.362710345667,17855.982972144506,23100.771696764776,40929.21324224343,27802.207793847254
2016-12-15,22836.242637114166,17902.92703280727,23161.504507138823,40853.576056171754,27750.829313844217
2016-12-16,22836.242637114166,17902.92703280727,23161.504507138823,40853.576056171754,27750.829313844217
2016-12-19,22639.445828257783,17748.644256729254,22961.90467595164,40853.576056171754,27750.829313844217
2016-12-20,22773.9233279003,17854.070569713924,23098.297569632698,41035.44404104886,27874.367762449987
2016-12-21,22757.145601940265,17762.8759338383,23119.78812483488,41149.98595771207,27804.299326736604
2016-12-22,22709.24532850937,17726.624650046888,23026.20395261758,40930.757781192195,27566.974630951434
2016-12-23,22709.24532850937,17726.624650046888,23026.20395261758,40930.757781192195,27566.974630951434
2016-12-27,22709.24532850937,17705.964026938236,23026.20395261758,40930.757781192195,27534.844945557867
2016-12-28,22709.24532850937,17361.29973118984,23026.20395261758,40930.757781192195,27030.296446775465
2016-12-29,22558.420219534954,17093.387568274382,22805.12049353971,40936.87459973081,26752.748578330204
2016-12-30,22558.420219534954,17093.387568274382,22805.12049353971,40936.87459973081,26752.748578330204
2017-01-03,22646.41489213151,17160.064535366866,22894.077481299704,40936.87459973081,26752.748578330204
2017-01-04,22785.511814940273,17265.46365409884,23034.695576630136,40967.96138103875,26773.064170386824
2017-01-05,22899.74122932248,17366.27505163626,23032.86016531194,41173.34391863531,26929.389541627876
2017-01-06,22899.74122932248,17366.27505163626,23032.86016531194,41173.34391863531,26929.389541627876
2017-01-09,22776.234020266405,17362.139360580066,22943.85077123221,40961.55932925579,26854.209940569122
2017-01-10,22910.647825415937,17608.04791475295,22962.186702768973,41001.589680230885,26956.932735845934
2017-01-11,22637.66017852285,17314.467102639286,22681.420125287095,40633.76653313088,26508.193918298184
2017-01-12,22637.66017852285,16964.22494817929,22681.420125287095,40633.76653313088,26136.28960998316
2017-01-13,22637.66017852285,16964.22494817929,22681.420125287095,40633.76653313088,26136.28960998316
2017-01-17,22535.34525946126,16986.89462689488,22711.088484933705,40633.76653313088,26136.28960998316
2017-01-18,22453.31660271682,16812.72000667895,22628.42012284854,40633.76653313088,25868.301939684385
2017-01-19,22268.90177924788,16397.29021433947,22442.567129450177,40300.03103139308,25229.11546071436
2017-01-20,22268.90177924788,16397.29021433947,22442.567129450177,40300.03103139308,25229.11546071436
2017-01-23,22177.775224549805,16265.444200100776,22350.72991891504,40300.03103139308,25123.136855150246
2017-01-24,21997.35717670166,16178.471515793724,22252.70379743283,40214.42167198982,25226.033684596394
2017-01-25,21944.06087421007,16203.59910466863,22198.788828315548,40214.42167198982,25226.033684596394
2017-01-26,21990.846241862455,16241.134729586143,22155.235636649242,40364.503047959246,25301.366744100396
2017-01-27,21990.846241862455,16241.134729586143,22155.235636649242,40364.503047959246,25301.366744100396
2017-01-30,21990.846241862455,15993.229060826436,22155.235636649242,40364.503047959246,25098.29643506419
2017-01-31,21726.472827360176,15743.57514719677,21888.885936872182,39987.741765883475,24853.530018412202
2017-02-01,21606.317104784663,15388.001550549541,21767.8320075475,39987.741765883475,24498.847000600686
2017-02-02,21366.91911126366,15270.744978734352,21526.64442890388,39769.56864680883,24312.16578645611
2017-02-03,21366.91911126366,15270.744978734352,21526.64442890388,39769.56864680883,24312.16578645611
2017-02-06,21432.917148834946,15366.750358789264,21507.371868887887,39769.56864680883,24411.37305835863
2017-02-07,21432.917148834946,15305.276575734892,21507.371868887887,39769.56864680883,24313.716792953725
2017-02-08,21226.5250628248,15272.252720563947,21389.321762341857,39531.31616895343,24313.716792953725
2017-02-09,21060.745052658225,15227.009420003018,21295.75743168305,39232.537394777944,24247.815959285617
2017-02-10,21060.745052658225,15227.009420003018,21295.75743168305,39232.537394777944,24247.815959285617
2017-02-13,21084.08478553175,15284.543139638885,21271.85876840875,39276.015293610835,24339.43388679218
2017-02-14,21166.721030340963,15262.435275798669,21249.74276492732,39244.11829645668,24250.133736762113
2017-02-15,21157.14125062342,15294.233234065618,21205.940645910243,39226.356924350424,24300.656784139235
2017-02-16,20901.52323165966,15230.464780046968,20949.733038561073,38915.80898046454,24329.127827414628
2017-02-17,20901.52323165966,15230.464780046968,20949.733038561073,38915.80898046454,24329.127827414628
2017-02-21,20837.365557377918,15254.062731240218,20885.42738324206,38796.35606933904,24366.823168911877
2017-02-22,20798.524707978966,15309.667913764777,20846.496946599695,38796.35606933904,24366.823168911877
2017-02-23,20798.524707978966,15213.35604268547,20846.496946599695,38796.35606933904,24160.71138961901
2017-02-24,20798.524707978966,15213.35604268547,20846.496946599695,38796.35606933904,24160.71138961901
2017-02-27,20740.48987310561,15263.402899710287,20788.3282531481,38796.35606933904,24160.71138961901
2017-02-28,20810.43092743376,15053.860120740153,20815.362724043483,38885.67454669003,23986.432239143927
2017-03-01,20692.699294093698,15098.820918750574,20697.603189865025,38754.707594816784,23986.432239143927
2017-03-02,20824.363490872744,14847.871657713555,20703.395661485916,38752.218896718354,23469.255382625994
2017-03-03,20824.363490872744,14847.871657713555,20703.395661485916,38752.218896718354,23469.255382625994
2017-03-06,20722.118842528,14769.42900741795,20601.74494789371,38561.95104073274,23422.680577267347
2017-03-07,20732.782893400825,14848.32985015758,20563.498740748724,38561.95104073274,23425.144248720237
2017-03-08,20732.782893400825,14913.126739402289,20563.498740748724,38561.95104073274,23527.36965001071
2017-03-09,20592.930946232744,14941.96113492285,20424.788691342023,38412.891753034586,23572.859606201753
2017-03-10,20592.930946232744,14941.96113492285,20424.788691342023,38412.891753034586,23572.859606201753
2017-03-13,20701.06971706232,14979.523071780462,20530.045945226204,38694.51876128404,23626.468397022625
2017-03-14,20587.216502407664,14781.142227563498,20400.29965361478,38519.4057464508,23498.197402433492
2017-03-15,20560.570082505732,14726.71335069943,20423.204403866886,38469.54935815408,23382.672774440623
2017-03-16,20682.770876760907,14563.827854350384,20475.63018973774,38542.74161949509,23022.708111227075
2017-03-17,20682.770876760907,14563.827854350384,20475.63018973774,38542.74161949509,23022.708111227075
2017-03-20,20646.53466218483,14527.063161548267,20439.75688564533,38542.74161949509,22964.589957150623
2017-03-21,20618.025750765224,13977.661357802468,20473.795192289064,38542.74161949509,22172.357532808866
2017-03-22,20411.69992960537,13837.78606167059,20268.912694984447,38349.757219325875,22061.340024997688
2017-03-23,20516.790237853307,13996.916722167058,20305.185612473328,38879.47239423183,22256.96629948185
2017-03-24,20516.790237853307,13996.916722167058,20305.185612473328,38879.47239423183,22256.96629948185
2017-03-27,20534.98657617141,14084.115443072833,20257.209069991077,38879.47239423183,22256.96629948185
2017-03-28,20562.243460557766,14123.121580315432,20096.36793747223,39396.67825630855,22363.600850351508
2017-03-29,20562.243460557766,14195.755613171657,20096.36793747223,39396.67825630855,22478.61497875864
2017-03-30,20397.760310144677,14244.552299145205,19935.61145598437,39235.54504226089,22555.88327965986
2017-03-31,20397.760310144677,14244.552299145205,19935.61145598437,39235.54504226089,22555.88327965986
2017-04-03,20311.773190143034,14129.497019209855,19958.820806136107,39235.54504226089,22385.783590844694
2017-04-04,20233.451355460722,14359.170377633045,19817.568471878545,39084.253481267995,22749.661943432475
2017-04-05,20233.451355460722,14359.170377633045,19817.568471878545,39084.253481267995,22749.661943432475
2017-04-06,20755.3953894693,14729.580901287753,20328.784351499686,40107.999456095065,23345.550895345754
2017-04-07,20755.3953894693,14729.580901287753,20328.784351499686,40107.999456095065,23345.550895345754
2017-04-10,20679.870257160586,14536.88239112729,20254.811579648696,39962.053695548566,23040.13467837687
2017-04-11,20593.208136864407,14283.252671829023,20169.930731951685,39795.38591378432,22686.299829820127
2017-04-12,20745.55689054248,14388.920313731149,20319.148075279805,39834.813570349856,22708.776496848084
2017-04-13,20655.71412021993,14124.931118360828,20231.151953348297,39662.3009679972,22292.14540121775
2017-04-17,20626.841172200264,14161.347748515329,20164.21478120609,39504.60365934847,22292.14540121775
2017-04-18,20414.854802242982,14130.538975454321,19956.982919632064,39098.60656767391,22243.647640912335
2017-04-19,20348.183884848822,14029.760159735377,19872.783474795648,38909.13696934589,22049.858201972176
2017-04-20,20213.71753734288,14096.435741932772,19741.458702828066,38696.215562389014,22159.47895548074
2017-04-21,20213.71753734288,14096.435741932772,19741.458702828066,38696.215562389014,22159.47895548074
2017-04-24,20247.958651503588,14117.454150102327,19818.89390308241,38831.10880222521,22192.519717134088
2017-04-25,20247.958651503588,14117.454150102327,19818.89390308241,38831.10880222521,22192.519717134088
2017-04-26,20003.262770680227,14117.774978381176,19627.066701260137,38603.52101498349,22304.87435587647
2017-04-27,20079.606508007604,14241.217737959292,19612.147858610322,38907.50429440639,22480.51400416615
2017-04-28,20079.606508007604,14241.217737959292,19612.147858610322,38907.50429440639,22480.51400416615
2017-05-01,19954.937817075064,14265.58842322361,19490.3814883912,38665.93842378529,22518.984417403033
2017-05-02,19904.938048329393,14205.125032335667,19513.13792076461,38569.05573754262,22576.055768028
2017-05-03,19886.069417794428,14316.899286647094,19380.47072244768,38417.348360524666,22685.755699613386
2017-05-04,19785.381134069914,14454.072183617161,19282.342414946634,38222.83144567337,22919.990381561318
2017-05-05,19785.381134069914,14454.072183617161,19282.342414946634,38222.83144567337,22919.990381561318
2017-05-08,19708.754661559182,14449.837674029397,19207.664152698897,38074.79887944644,22969.017087063
2017-05-09,19660.211277953207,14437.251336892828,19257.18904019414,37981.01925716872,22949.010233057088
2017-05-10,19595.587470807568,14430.710753379264,19193.889981343425,37856.174308710695,22991.44214443097
2017-05-11,19502.375204058688,14291.567024174848,19102.58850872593,37856.174308710695,22958.16441478699
2017-05-12,19502.375204058688,14291.567024174848,19102.58850872593,37856.174308710695,22958.16441478699
2017-05-15,19409.855936090644,14417.128532806139,19011.965828840548,37676.584617790184,23159.868101615015
2017-05-16,19301.30875280775,14486.693117737017,18905.64379604513,37552.86356145322,23244.93568922371
2017-05-17,19194.111461469067,14009.647947684156,18800.643983239424,37552.86356145322,22658.28000229906
2017-05-18,19194.111461469067,14009.647947684156,18800.643983239424,37552.86356145322,22658.28000229906
2017-05-19,19194.111461469067,14009.647947684156,18800.643983239424,37552.86356145322,22658.28000229906
2017-05-22,19194.111461469067,14009.647947684156,18800.643983239424,37552.86356145322,22658.28000229906
2017-05-23,19196.63291305872,13958.808554598962,18748.797255530353,37557.79672690414,22794.572175489273
2017-05-24,19147.961872518725,13964.63166383057,18680.754999384524,37392.40853401245,22795.7801418533
2017-05-25,19051.972624432652,13980.72929904357,18587.10787192473,37392.40853401245,22795.7801418533
2017-05-26,19051.972624432652,13980.72929904357,18587.10787192473,37392.40853401245,22795.7801418533
2017-05-30,19095.18593364097,14122.410002225306,18634.929049852853,37477.221258861304,23026.792565525288
2017-05-31,19095.18593364097,14043.15503729284,18634.929049852853,37477.221258861304,23007.818488451292
2017-06-01,18818.412437084582,13903.060721122662,18364.82670630241,37477.221258861304,23018.80056039276
2017-06-02,18818.412437084582,13903.060721122662,18364.82670630241,37477.221258861304,23018.80056039276
2017-06-05,18678.96746767526,13858.727496106178,18264.642288541436,37309.44553950542,22945.399624776976
2017-06-06,18615.745055648364,13876.282492304867,18202.822236534368,37183.164836759104,22974.464804340074
2017-06-07,18529.535977991756,13707.833015064189,18078.09596097448,37285.38265644763,22812.791588885822
2017-06-08,18529.535977991756,13485.719619082134,18078.09596097448,37285.38265644763,22601.271830749112
2017-06-09,18529.535977991756,13485.719619082134,18078.09596097448,37285.38265644763,22601.271830749112
2017-06-12,18427.60725358191,13485.719619082134,17978.65055320768,37080.280299981794,22601.271830749112
2017-06-13,18271.521761939566,13371.49289675571,17826.367813943314,36873.65275090326,22475.32765323307
2017-06-14,18615.8522125029,13623.481331754874,18162.309250089533,37379.56477048983,22783.692503353283
2017-06-15,18414.94993542557,13476.45672122258,17966.30160866257,37379.56477048983,22783.692503353283
2017-06-16,18414.94993542557,13476.45672122258,17966.30160866257,37379.56477048983,22783.692503353283
2017-06-19,18414.94993542557,13476.45672122258,17966.30160866257,37379.56477048983,22783.692503353283
2017-06-20,18375.905040258163,13447.882826547144,17928.20797466866,37213.552178835176,22682.50406354217
2017-06-21,18429.653838451508,13487.217353939852,17980.647276585365,37028.01728007467,22569.416334780344
2017-06-22,18429.653838451508,13487.217353939852,17980.647276585365,37028.01728007467,22569.416334780344
2017-06-23,18429.653838451508,13487.217353939852,17980.647276585365,37028.01728007467,22569.416334780344
2017-06-26,18355.26850960648,13133.121574071232,17908.074217306046,37028.01728007467,22013.441332789353
2017-06-27,18564.510297923887,13282.833240937363,18112.218192241027,36898.44896630718,21936.411972774335
2017-06-28,18398.546343899037,13164.086692283978,17950.29766220252,36568.58233424647,21740.303720539596
2017-06-29,18293.354678589974,13088.822474364206,17847.668809434126,36359.50548644395,21616.005924945177
2017-06-30,18293.354678589974,13088.822474364206,17847.668809434126,36359.50548644395,21616.005924945177
2017-07-03,18293.354678589974,13088.822474364206,17847.668809434126,36359.50548644395,21616.005924945177
2017-07-05,18126.290727229705,12969.288881994753,17684.675081588066,36163.226821769975,21499.316747747354
2017-07-06,17983.763328724992,12867.311095550556,17545.620116029477,36071.84160040455,21444.987530117483
2017-07-07,17983.763328724992,12867.311095550556,17545.620116029477,36071.84160040455,21444.987530117483
2017-07-10,17862.73305964752,12780.714419664006,17427.53853961203,36071.84160040455,21444.987530117483
2017-07-11,17793.917598320568,12731.477230934805,17360.399647685917,36071.84160040455,21444.987530117483
2017-07-12,17778.53484753428,12720.470933962672,17345.391670951445,36128.93712009449,21478.93125612238
2017-07-13,17844.98660629871,12854.002651064426,17307.841026055077,36117.313359752436,21617.210589441504
2017-07-14,17844.98660629871,12854.002651064426,17307.841026055077,36117.313359752436,21617.210589441504
2017-07-17,17800.037273329057,12728.973343535694,17232.681678948444,35849.582562434916,21301.149451303616
2017-07-18,17871.57073967463,12823.406104566315,17233.65211511372,36115.540780101015,21459.17683509369
2017-07-19,17833.895064400505,12891.364677497128,17230.400884057934,36188.97671334859,21507.618264414556
2017-07-20,17878.619607977987,12860.502841392094,17320.158129527095,36112.64505722127,21406.65280912726
2017-07-21,17878.619607977987,12860.502841392094,17320.158129527095,36112.64505722127,21406.65280912726
2017-07-24,17845.4845331009,12858.093320023645,17239.966342645104,36068.826790614075,21338.24998125174
2017-07-25,17863.436979981114,12978.427266653045,17209.96733520923,36258.18631107205,21450.274716830714
2017-07-26,17834.405583000316,12950.668857011728,17159.24894898048,36131.14402098477,21364.099316154487
2017-07-27,17764.253545837448,12561.975502980513,17091.752655686403,35989.02134993186,20869.464105431314
2017-07-28,17764.253545837448,12561.975502980513,17091.752655686403,35989.02134993186,20869.464105431314
2017-07-31,17712.33622292213,12525.262215987637,17041.80076553102,35989.02134993186,20869.464105431314
2017-08-01,17852.113696556917,12624.105727488863,17176.28668693706,35945.61474917336,20844.29330437895
2017-08-02,17852.113696556917,12469.794989458605,17176.28668693706,35945.61474917336,20734.12082238374
2017-08-03,17849.751828627774,12468.145212330295,17174.01423218144,35945.61474917336,20734.12082238374
2017-08-04,17849.751828627774,12468.145212330295,17174.01423218144,35945.61474917336,20734.12082238374
2017-08-07,17794.659892283664,12429.66320602782,17121.007909856286,35945.61474917336,20734.12082238374
2017-08-08,17730.310776246115,12477.98720388572,17059.09485665155,35945.61474917336,20734.12082238374
2017-08-09,17488.901194405607,12308.091384736459,16826.824311149376,35945.61474917336,20734.12082238374
2017-08-10,17463.15753184744,12289.973874218125,16802.05522576336,35945.61474917336,20734.12082238374
2017-08-11,17463.15753184744,12289.973874218125,16802.05522576336,35945.61474917336,20734.12082238374
2017-08-14,17469.029002700507,12294.106014883742,16807.70442049517,35945.61474917336,20734.12082238374
2017-08-15,17469.029002700507,12246.227076339956,16807.70442049517,35945.61474917336,20713.43956366662
2017-08-16,17310.59306002113,12181.989082714674,16747.972878610075,35619.604794235696,20672.21000392779
2017-08-17,17167.2611621033,12081.122081244208,16609.29948188449,35619.604794235696,20672.21000392779
2017-08-18,17167.2611621033,12081.122081244208,16609.29948188449,35619.604794235696,20672.21000392779
2017-08-21,17038.43007222192,11990.459737960675,16484.65559523232,35619.604794235696,20672.21000392779
2017-08-22,17038.43007222192,11990.459737960675,16484.65559523232,35619.604794235696,20672.21000392779
2017-08-23,17345.470638438255,12206.533491911734,16781.716883531008,36261.48691471665,21044.73300268088
2017-08-24,17315.127949282054,12185.180421756402,16752.360377183126,36198.05415761655,21007.919138982048
2017-08-25,17315.127949282054,12185.180421756402,16752.360377183126,36198.05415761655,21007.919138982048
2017-08-28,17295.7048680143,12171.51181068479,16733.56857512508,36054.8423748904,20924.804683764094
2017-08-29,17295.7048680143,12171.51181068479,16733.56857512508,36054.8423748904,20924.804683764094
2017-08-30,17295.7048680143,12171.51181068479,16733.56857512508,36054.8423748904,20924.804683764094
2017-08-31,17369.664572127178,12283.54070665689,16756.98954051784,36209.01969777099,21117.400542324252
2017-09-01,17369.664572127178,12283.54070665689,16756.98954051784,36209.01969777099,21117.400542324252
2017-09-05,17270.817854285448,12260.41963654204,16661.629413665054,36209.01969777099,20856.757105568584
2017-09-06,17293.778205067287,12276.71901147394,16683.7798907972,36265.96777673449,20889.55976801248
2017-09-07,17187.584906741653,12201.333212663163,16581.33231721704,36208.03648258284,20856.19076379703
2017-09-08,17187.584906741653,12201.333212663163,16581.33231721704,36208.03648258284,20856.19076379703
2017-09-11,17113.78636049644,12227.931702555787,16510.136845226127,36052.569587768536,20901.656547704457
2017-09-12,16908.85085685785,11986.950363206084,16312.429970882495,36052.569587768536,20712.15019621973
2017-09-13,16641.48375940111,12062.402908293048,16054.493633830214,35896.54639392491,20811.095374680932
2017-09-14,16561.880315049228,12095.797282488977,15977.698018183484,35896.54639392491,20758.234241322145
2017-09-15,16561.880315049228,12095.797282488977,15977.698018183484,35896.54639392491,20758.234241322145
2017-09-18,16513.512110374893,12086.491256849382,15956.895430180271,35791.71219212806,20742.263681005123
2017-09-19,16630.623091534333,12184.386099941445,16006.19975533825,36045.5408449416,20889.364239318467
2017-09-20,16688.870597075656,11977.987529560809,16069.916830799699,36045.5408449416,20578.32118595428
2017-09-21,16688.870597075656,11977.987529560809,16069.916830799699,36045.5408449416,20578.32118595428
2017-09-22,16688.870597075656,11977.987529560809,16069.916830799699,36045.5408449416,20578.32118595428
2017-09-25,16504.530173449002,11509.0938150643,15892.413190933632,35647.392256601976,19875.443668031065
2017-09-26,16457.874932694074,11476.559744892664,15847.488291175347,35689.37235924117,19898.849957029073
2017-09-27,16417.859832806596,11448.6560400441,15808.957263960086,35689.37235924117,19898.849957029073
2017-09-28,16541.519515076576,11583.490889517008,15828.148255821525,35771.980675612554,20017.226817318187
2017-09-29,16541.519515076576,11583.490889517008,15828.148255821525,35771.980675612554,20017.226817318187
2017-10-02,16400.13293819593,11471.081036659529,15717.065045981035,35771.980675612554,19882.28176180574
2017-10-03,16376.457909197787,11551.942060616302,15656.08688497625,35580.89778594056,19944.93114490012
2017-10-04,16250.877330115734,11555.86555917786,15497.453122625993,35565.59864810287,19986.29995343495
2017-10-05,16173.226974852867,11574.704338249394,15423.402798068348,35395.65820033123,20108.571631106974
2017-10-06,16173.226974852867,11574.704338249394,15423.402798068348,35395.65820033123,20108.571631106974
2017-10-09,16068.539351412814,11542.861587554115,15458.239300277372,35264.02423283594,20090.267720385484
2017-10-10,16005.056163994053,11261.460759280226,15397.167271189843,35264.02423283594,19807.83873677232
2017-10-11,15950.488338953897,11244.999298969864,15344.671989626357,35143.7946575797,19807.83873677232
2017-10-12,15807.12692929378,11185.355822688127,15287.051196909077,35143.7946575797,19807.83873677232
2017-10-13,15807.12692929378,11185.355822688127,15287.051196909077,35143.7946575797,19807.83873677232
2017-10-16,15765.432471934146,11167.350756699487,15234.075824101903,35001.98539730681,19748.274284262632
2017-10-17,15706.291412638817,11269.148671773604,15139.062057512037,34803.5339707703,19853.76429410571
2017-10-18,15770.053924462663,11223.50614688706,15151.785758692418,34944.82516982045,20000.12188801164
2017-10-19,15694.236874891127,11060.94249698413,15189.444938357263,34776.82234910345,20030.397819180544
2017-10-20,15694.236874891127,11060.94249698413,15189.444938357263,34776.82234910345,20030.397819180544
2017-10-23,15694.236874891127,10870.0543394961,15189.444938357263,34776.82234910345,19787.820954536353
2017-10-24,15620.073527393655,10899.756602884296,15117.666992590473,34612.48396289872,19787.820954536353
2017-10-25,15559.02717521153,10644.002547385135,15058.584145010835,34612.48396289872,19383.518550179797
2017-10-26,15480.109891975995,10590.014868442715,14982.205169852847,34333.084359822264,19227.050514110775
2017-10-27,15480.109891975995,10590.014868442715,14982.205169852847,34333.084359822264,19227.050514110775
2017-10-30,15381.060480948108,10369.546693238874,14886.341599869915,34113.40427949066,18826.77225255424
2017-10-31,15300.977585194989,10388.807179435948,14750.823422349235,33906.929861828525,18944.917985046177
2017-11-01,15347.450792029516,10166.645347392921,14772.199752802195,33906.929861828525,18527.48566216368
2017-11-02,15203.504389589916,10206.906849331615,14633.64872961603,33725.4767420922,18540.599861289473
2017-11-03,15203.504389589916,10206.906849331615,14633.64872961603,33725.4767420922,18540.599861289473
2017-11-06,15221.909144868698,10261.633656599892,14677.17651360883,33766.303457446294,18640.00978539527
2017-11-07,15157.82890206199,10182.50142997022,14615.389452225269,33628.847688995906,18498.85785892459
2017-11-08,15146.270565348077,10229.152229644878,14577.472431322854,33499.70759801814,18498.85785892459
2017-11-09,14968.128765904698,10185.508427353063,14406.020511257908,33161.348019801204,18439.558081011903
2017-11-10,14968.128765904698,10185.508427353063,14406.020511257908,33161.348019801204,18439.558081011903
2017-11-13,14968.128765904698,10185.508427353063,14406.020511257908,33161.348019801204,18439.558081011903
2017-11-14,14788.69902978988,10281.58444564811,14195.000310347672,32756.64217614459,18697.635493301652
2017-11-15,14728.783042236466,10239.928902828966,14137.48967603141,32623.92958520173,18621.882562415827
2017-11-16,14743.861438974602,10250.41189454148,14151.96274401029,32623.92958520173,18621.882562415827
2017-11-17,14743.861438974602,10250.41189454148,14151.96274401029,32623.92958520173,18621.882562415827
2017-11-20,14721.253341364332,10129.073765780056,14085.40802857485,32682.33125320139,18373.80460221186
2017-11-21,14721.253341364332,10129.073765780056,14085.40802857485,32682.33125320139,18373.80460221186
2017-11-22,14639.658437041664,10187.408658044167,14064.541441965095,32501.18419800102,18523.094658852144
2017-11-24,14639.658437041664,10187.408658044167,14064.541441965095,32501.18419800102,18523.094658852144
2017-11-27,14540.308068660488,10149.650192474941,13969.094039323787,32374.482046931724,18454.4409260543
2017-11-28,14562.437438731129,10191.211157056434,13956.53902537156,32312.21644771784,18483.11143414302
2017-11-29,14562.437438731129,9851.273117701665,13956.53902537156,32312.21644771784,18014.15793083594
2017-11-30,14756.145544612054,9982.313780652106,14142.187530344192,32235.292687080564,17971.272702736656
2017-12-01,14756.145544612054,9982.313780652106,14142.187530344192,32235.292687080564,17971.272702736656
2017-12-04,14774.179288333375,9994.513341026584,14159.47094523123,32235.292687080564,17971.272702736656
2017-12-05,14774.179288333375,9994.513341026584,14159.47094523123,32235.292687080564,17971.272702736656
2017-12-06,14885.579216720796,10069.873741677515,14266.23586384489,32478.35250291236,18106.77928168393
2017-12-07,14993.050109800542,10142.576208169563,14369.23522227439,32154.700093709744,17926.342089345075
2017-12-08,14993.050109800542,10142.576208169563,14369.23522227439,32154.700093709744,17926.342089345075
2017-12-11,14899.28725865749,10079.147028899893,14279.373556147833,32110.05662344131,17901.453220291554
2017-12-12,15004.627643563967,10120.097554037297,14287.203794048548,32292.493926814564,17974.1849611811
2017-12-13,15031.57472085918,9954.638599541426,14249.04887799347,32139.5900192206,17622.401982459578
2017-12-14,15088.001121135663,9992.00690144302,14302.537787204898,32177.21452460074,17643.031808720698
2017-12-15,15088.001121135663,9992.00690144302,14302.537787204898,32177.21452460074,17643.031808720698
2017-12-18,14960.595351482625,10002.266290231662,14341.8725302485,32040.30112364556,17661.146960613747
2017-12-19,14871.632240779134,9632.982618796303,14256.58865192494,31849.77362197407,17047.80190050145
2017-12-20,14871.632240779134,9610.08584226461,14256.58865192494,31849.77362197407,17020.407539608244
2017-12-21,14780.419098502181,9551.143682249343,14169.147796204596,31797.36913290832,16992.402764083294
2017-12-22,14780.419098502181,9551.143682249343,14169.147796204596,31797.36913290832,16992.402764083294
2017-12-26,14699.896439257402,9581.9181547555,14091.955299010906,31624.13935488199,16992.402764083294
2017-12-27,14562.051612286295,9455.718612045343,14009.791939780083,31433.047556621692,16768.602745784257
2017-12-28,14642.922964754063,9408.535481381386,14043.550649614539,31549.15595744711,16684.329772735375
2017-12-29,14642.922964754063,9408.535481381386,14043.550649614539,31549.15595744711,16684.329772735375
2018-01-02,14597.002758336594,9408.535481381386,13999.510074777347,31549.15595744711,16684.329772735375
2018-01-03,14597.002758336594,9408.535481381386,13999.510074777347,31549.15595744711,16684.329772735375
2018-01-04,14625.895318852656,9420.660316857968,13979.010907540069,31702.96909843124,16722.510581699295
2018-01-05,14625.895318852656,9420.660316857968,13979.010907540069,31702.96909843124,16722.510581699295
2018-01-08,14488.432267807502,9446.749821849331,13847.627669245794,31405.00533180677,16768.821775247867
2018-01-09,14655.748937189794,9491.288633777858,13845.979356171893,31767.679553346003,16858.51356376139
2018-01-10,14555.094680375363,9487.737965367194,13798.514233196734,31656.203328350075,17034.13188681047
2018-01-11,14483.647816041728,9533.71391078697,13662.143499478465,31453.04460971175,17030.75310166336
2018-01-12,14483.647816041728,9533.71391078697,13662.143499478465,31453.04460971175,17030.75310166336
2018-01-16,14587.399259865117,9151.208322592844,13636.623491683913,31678.35378819679,16347.4560892399
2018-01-17,14603.909784320409,9161.565977587683,13652.057895146532,31714.208447797588,16365.95870706334
2018-01-18,14754.460972068644,9214.228865627038,13823.586267539295,31961.47663958076,16421.014449119888
2018-01-19,14754.460972068644,9214.228865627038,13823.586267539295,31961.47663958076,16421.014449119888
2018-01-22,14754.460972068644,9214.228865627038,13823.586267539295,31961.47663958076,16421.014449119888
2018-01-23,14755.703051362798,9215.004549869738,13710.166805479901,32146.499937450197,16516.074833281717
2018-01-24,14619.024093819236,8752.409715876413,13583.1724291226,31774.35854620789,15752.232464333814
2018-01-25,14619.024093819236,8752.409715876413,13583.1724291226,31774.35854620789,15752.232464333814
2018-01-26,14619.024093819236,8752.409715876413,13583.1724291226,31774.35854620789,15752.232464333814
2018-01-29,14584.605664690409,8630.557876149936,13592.095550059936,31469.41972583534,15532.92845916408
2018-01-30,14464.033807241216,8559.208508338816,13479.72883650077,31387.618042484104,15492.552128542045
2018-01-31,14346.924773870756,8489.908294568162,13370.58929526517,31336.61355663524,15467.376925545326
2018-02-01,14197.01214613434,8401.196289609588,13230.87850656095,31336.61355663524,15467.376925545326
2018-02-02,14197.01214613434,8401.196289609588,13230.87850656095,31336.61355663524,15467.376925545326
2018-02-05,14197.01214613434,8401.196289609588,13230.87850656095,31336.61355663524,15467.376925545326
2018-02-06,14036.382788446808,8401.196289609588,13081.180281732046,30982.061482164037,15467.376925545326
2018-02-07,13975.948613809056,8401.196289609588,13211.502184758625,30982.061482164037,15467.376925545326
2018-02-08,13975.948613809056,8401.196289609588,13211.502184758625,30982.061482164037,15467.376925545326
2018-02-09,13975.948613809056,8401.196289609588,13211.502184758625,30982.061482164037,15467.376925545326
2018-02-12,14006.13943866038,8401.196289609588,13298.64955767418,31215.457403394426,15467.376925545326
2018-02-13,14011.509144361451,8401.196289609588,13299.937664675237,31221.12583832607,15467.376925545326
2018-02-14,14011.509144361451,8401.196289609588,13299.937664675237,31221.12583832607,15467.376925545326
2018-02-15,13933.566004315828,8401.196289609588,13356.666987533805,31263.276818594622,15467.376925545326
2018-02-16,13933.566004315828,8401.196289609588,13356.666987533805,31263.276818594622,15467.376925545326
2018-02-20,13871.576205896868,8401.196289609588,13297.243786477457,31124.187928693747,15467.376925545326
2018-02-21,14112.73376729366,8401.196289609588,13399.213897515674,31340.43274070365,15467.376925545326
2018-02-22,14039.874202931887,8401.196289609588,13203.428666707057,31420.89572476771,15467.376925545326
2018-02-23,14039.874202931887,8401.196289609588,13203.428666707057,31420.89572476771,15467.376925545326
2018-02-26,13966.754641298001,8357.442921095206,13134.66530727665,31257.255930825733,15386.822940226444
2018-02-27,13796.991005358645,8255.859558755212,12975.015582148908,30995.49276008594,15257.966345477404
2018-02-28,13617.369059387645,8255.859558755212,12806.09486987444,30843.64281864253,15257.966345477404
2018-03-01,13617.369059387645,8255.859558755212,12806.09486987444,30843.64281864253,15257.966345477404
2018-03-02,13617.369059387645,8255.859558755212,12806.09486987444,30843.64281864253,15257.966345477404
2018-03-05,13498.705638054535,8255.859558755212,12694.500991163479,30843.64281864253,15257.966345477404
2018-03-06,13389.64349763974,8255.859558755212,12634.490975963656,30891.260155977357,15257.966345477404
2018-03-07,13213.768971076199,8255.859558755212,12468.535465709732,30574.926545415616,15257.966345477404
2018-03-08,13001.041576106489,8255.859558755212,12220.40362277014,30126.450987571996,15257.966345477404
2018-03-09,13001.041576106489,8255.859558755212,12220.40362277014,30126.450987571996,15257.966345477404
2018-03-12,13067.128940432818,8297.826042385968,12282.522820044076,30279.590851837485,15335.526191344337
2018-03-13,12891.657929544062,8186.399275995747,12117.587836596522,30180.85276192199,15285.518891992386
2018-03-14,12711.199733190415,8071.805570822154,11947.965119557331,29809.183952601103,15097.281977308305
2018-03-15,12653.930619371837,8035.438810668914,11894.134687442753,29667.173000250903,15025.358525968404
2018-03-16,12653.930619371837,8035.438810668914,11894.134687442753,29667.173000250903,15025.358525968404
2018-03-19,12494.40659384055,7934.138623039794,11744.189164377574,29538.45371984241,14960.166829498847
2018-03-20,12501.974595357266,7934.138623039794,11647.714627497238,29556.34549092207,14960.166829498847
2018-03-21,12533.762637321552,7954.312294772682,11677.33059244284,29777.806254315397,15072.260862489831
2018-03-22,12504.592078924048,7935.799758831101,11650.15325840274,29717.75540958937,15041.865675248917
2018-03-23,12504.592078924048,7935.799758831101,11650.15325840274,29717.75540958937,15041.865675248917
2018-03-26,12610.821692376523,7935.799758831101,11630.522617968765,29582.80675841999,15041.865675248917
2018-03-27,12524.787328076914,7935.799758831101,11602.477549109515,29257.1610334303,15041.865675248917
2018-03-28,12402.490894572391,7935.799758831101,11489.186873036195,29167.86522274308,15041.865675248917
2018-03-29,12387.981629447098,7935.799758831101,11475.746052169487,29133.74269902965,15041.865675248917
2018-04-02,12275.525379864079,7935.799758831101,11371.570941098411,29133.74269902965,15041.865675248917
2018-04-03,12338.417334517631,7935.799758831101,11461.344218055747,29133.74269902965,15041.865675248917
2018-04-04,12519.182324981082,7935.799758831101,11771.699268276087,29379.571459017225,15041.865675248917
2018-04-05,12542.53116530106,7935.799758831101,11834.76954279024,29434.365686376397,15041.865675248917
2018-04-06,12542.53116530106,7935.799758831101,11834.76954279024,29434.365686376397,15041.865675248917
2018-04-09,12366.126104059676,7935.799758831101,11668.318830532951,29434.365686376397,15041.865675248917
2018-04-10,12283.832112261027,7935.799758831101,11590.668600698351,29238.486117624634,15041.865675248917
2018-04-11,12323.665834037813,7935.799758831101,11807.486344804676,29470.431060387942,15041.865675248917
2018-04-12,12312.72618464122,7935.799758831101,11798.634437653674,29444.270323176403,15041.865675248917
2018-04-13,12312.72618464122,7935.799758831101,11798.634437653674,29444.270323176403,15041.865675248917
2018-04-16,12245.683666514207,7935.799758831101,11734.391137567372,29283.946931161026,15041.865675248917
2018-04-17,12245.683666514207,7935.799758831101,11734.391137567372,29283.946931161026,15041.865675248917
2018-04-18,12122.126997635673,7855.72901637272,11615.993315137883,29165.41096467048,14980.97900277174
2018-04-19,12115.316039617812,7851.315183673176,11609.466734215197,29006.27505056936,14899.237936594973
2018-04-20,12115.316039617812,7851.315183673176,11609.466734215197,29006.27505056936,14899.237936594973
2018-04-23,12077.17834753177,7826.600100718159,11572.921400511577,28914.966463750476,14852.336762338817
2018-04-24,11876.779786606256,7696.732067640388,11380.890056133809,28914.966463750476,14852.336762338817
2018-04-25,11841.266750024888,7696.732067640388,11346.859791015331,28828.507147317396,14852.336762338817
2018-04-26,11864.560110371816,7696.732067640388,11414.997507065507,28828.507147317396,14852.336762338817
2018-04-27,11864.560110371816,7696.732067640388,11414.997507065507,28828.507147317396,14852.336762338817
2018-04-30,12029.116460421139,7696.732067640388,11394.18194197433,29228.346152674734,14852.336762338817
2018-05-01,12030.142502473067,7696.732067640388,11598.202194894073,29088.113481026838,14852.336762338817
2018-05-02,11931.308772083887,7696.732067640388,11502.917073500565,29046.4375036107,14852.336762338817
2018-05-03,11780.383129242238,7599.371898921389,11357.410391288615,28876.304629289185,14765.342591592276
2018-05-04,11780.383129242238,7599.371898921389,11357.410391288615,28876.304629289185,14765.342591592276
2018-05-07,12022.926017931868,7755.8331610356845,11591.244817055203,29470.830483213602,15069.341944191188
2018-05-08,11897.987329760095,7675.236838695043,11470.792032137391,29164.5783367383,14912.74580350871
2018-05-09,12032.892190912607,7762.262209569906,11600.853156217949,29146.260241000247,14903.379197820404
2018-05-10,12154.858935364708,7840.941369680705,11718.440704571396,29303.191592787254,14983.623024107876
2018-05-11,12154.858935364708,7840.941369680705,11718.440704571396,29303.191592787254,14983.623024107876
2018-05-14,12159.803811433569,7844.131244902002,11723.208035670223,29315.11280484072,14989.718706444524
2018-05-15,12026.335067427635,7758.032294515127,11594.531465183953,28993.343527381217,14825.18817949061
2018-05-16,12071.802989213822,7787.363059341153,11638.36686864234,28993.343527381217,14825.18817949061
2018-05-17,12103.950840240515,7808.101219808662,11669.360456312834,28869.083987565442,14761.650455422116
2018-05-18,12103.950840240515,7808.101219808662,11669.360456312834,28869.083987565442,14761.650455422116
2018-05-21,12195.805095196225,7867.355204695967,11757.916699201784,28948.377229195245,14802.195528376998
2018-05-22,12139.704391758323,7831.165370754365,11703.830282385454,28948.377229195245,14802.195528376998
2018-05-23,12082.193360056695,7794.065752397602,11648.384174912053,28811.23624232993,14732.071124288204
2018-05-24,12009.420471941805,7747.120909018879,11578.224185494688,28811.23624232993,14732.071124288204
2018-05-25,12009.420471941805,7747.120909018879,11578.224185494688,28811.23624232993,14732.071124288204
2018-05-29,12011.908692074378,7748.72602745572,11580.623066488579,29196.832427157104,14929.238311851717
2018-05-30,12070.977615041878,7786.830621200596,11637.571129395636,29399.90277844013,15033.074427496776
2018-05-31,12288.032386278077,7926.849830335206,11846.832584415508,29928.558316993105,15303.39226213272
2018-06-01,12288.032386278077,7926.849830335206,11846.832584415508,29928.558316993105,15303.39226213272
2018-06-04,12280.362918774827,7921.902356625355,11839.438487894076,29909.878670145197,15293.840784243146
2018-06-05,12170.60958405892,7851.101908244131,11733.625828789058,29774.606833940103,15224.672134369019
2018-06-06,12248.757135116792,7901.5138767653025,11808.967504751638,29774.606833940103,15224.672134369019
2018-06-07,12202.619739414165,7871.751243025349,11764.486664728762,29585.716728185602,15128.08681434859
2018-06-08,12202.619739414165,7871.751243025349,11764.486664728762,29585.716728185602,15128.08681434859
2018-06-11,12181.655526216653,7858.227501827093,11744.275168192322,29534.888194121926,15102.096621749037
2018-06-12,12193.913529705715,7893.858807032953,11711.64425006447,29694.68902145998,15311.511028164427
2018-06-13,12225.857672489587,7914.538185497732,11725.674958799023,29694.68902145998,15311.511028164427
2018-06-14,12160.715976206739,7872.3680198938255,11663.198331200436,29716.840075275573,15322.932804783733
2018-06-15,12160.715976206739,7872.3680198938255,11663.198331200436,29716.840075275573,15322.932804783733
2018-06-18,12062.165533935568,7872.3680198938255,11568.679771924395,29716.840075275573,15322.932804783733
2018-06-19,11923.516608230597,7733.309744918676,11435.703233201766,29716.840075275573,15237.560055544016
2018-06-20,11861.527407264139,7693.10502112245,11376.25012643741,29438.8676051116,15095.027330086592
2018-06-21,11901.731750912943,7537.927750589972,11356.440043287821,29330.061550443108,14711.221165191826
2018-06-22,11901.731750912943,7537.927750589972,11356.440043287821,29330.061550443108,14711.221165191826
2018-06-25,11901.731750912943,7537.927750589972,11356.440043287821,29330.061550443108,14711.221165191826
2018-06-26,11788.570673249249,7466.257505834003,11248.463572248385,29186.81497843621,14639.372287605096
2018-06-27,11642.425107841564,7373.6966301423,11109.013836203254,29063.953508215236,14577.748064348936
2018-06-28,11612.511755691337,7354.751094147585,11080.47099913572,28967.12237279757,14529.1800023162
2018-06-29,11612.511755691337,7354.751094147585,11080.47099913572,28967.12237279757,14529.1800023162
2018-07-02,11612.511755691337,7354.751094147585,11080.47099913572,28967.12237279757,14529.1800023162
2018-07-03,11612.511755691337,7354.751094147585,11080.47099913572,28967.12237279757,14529.1800023162
2018-07-05,11450.706743067,7252.272352366837,10926.079271693976,28756.474257412767,14423.524205851978
2018-07-06,11450.706743067,7252.272352366837,10926.079271693976,28756.474257412767,14423.524205851978
2018-07-09,11338.818534487124,7181.408275603105,10819.317351758184,28756.474257412767,14423.524205851978
2018-07-10,11317.559281111087,7167.943788305468,10799.032115846065,28868.427248029937,14479.677010108502
2018-07-11,11310.127153653159,7163.236671645176,10791.94049996726,28891.77749230498,14491.388905332475
2018-07-12,11354.695168123422,7191.463696089609,10834.466578925569,28891.77749230498,14491.388905332475
2018-07-13,11354.695168123422,7191.463696089609,10834.466578925569,28891.77749230498,14491.388905332475
2018-07-16,11329.889391294786,7082.998685178277,10755.141334926937,29042.921148889505,14283.768725488428
2018-07-17,11329.889391294786,7082.998685178277,10755.141334926937,29042.921148889505,14283.768725488428
2018-07-18,11275.14167955523,7048.772581385441,10703.170891334154,28902.58143150835,14214.747429187128
2018-07-19,11224.396160057027,7118.174187900049,10662.864152152939,28902.58143150835,14445.830443165258
2018-07-20,11224.396160057027,7118.174187900049,10662.864152152939,28902.58143150835,14445.830443165258
2018-07-23,11156.109901966214,7206.712548195112,10597.994106308308,28792.124227592252,14445.830443165258
2018-07-24,11032.897860098405,7127.119054045239,10480.946093603527,28662.49160888477,14380.790058685492
2018-07-25,11066.545621526078,7148.855102419659,10512.910531067351,28749.905513355545,14424.648109323856
2018-07-26,10891.556061634366,7035.813955625965,10346.675316400724,28515.8945601242,14307.238135488587
2018-07-27,10891.556061634366,7035.813955625965,10346.675316400724,28515.8945601242,14307.238135488587
2018-07-30,10891.556061634366,7035.813955625965,10346.675316400724,28515.8945601242,14307.238135488587
2018-07-31,10698.344560002986,6911.001654071183,10163.12976391388,28515.8945601242,14307.238135488587
2018-08-01,10645.223233984841,6876.685917658058,10112.66598173472,28515.8945601242,14307.238135488587
2018-08-02,10645.223233984841,6876.685917658058,10112.66598173472,28515.8945601242,14307.238135488587
2018-08-03,10645.223233984841,6876.685917658058,10112.66598173472,28515.8945601242,14307.238135488587
2018-08-06,10549.789283343383,6815.036735671208,10022.006383063894,28581.006580043373,14339.906694158635
2018-08-07,10269.302675898422,6704.115293829961,9755.551907559291,28299.241438743018,14304.236409669349
2018-08-08,10188.761586968485,6651.535604330287,9679.040113278323,28077.29338702994,14192.049748792178
2018-08-09,10317.822600152045,6735.790586350807,9801.644486047408,28492.472242117434,14401.907546865059
2018-08-10,10317.822600152045,6735.790586350807,9801.644486047408,28492.472242117434,14401.907546865059
2018-08-13,10260.767107868733,6698.543013610422,9747.443355342835,28334.914577759195,14322.267882882756
2018-08-14,10260.767107868733,6698.543013610422,9747.443355342835,28334.914577759195,14322.267882882756
2018-08-15,10123.539655493256,6608.956729980577,9617.081092486074,28334.914577759195,14322.267882882756
2018-08-16,10123.790936687934,6609.120774040185,9617.319802631782,28335.617892155995,14322.623382708569
2018-08-17,10123.790936687934,6609.120774040185,9617.319802631782,28335.617892155995,14322.623382708569
2018-08-20,10123.790936687934,6609.120774040185,9617.319802631782,28335.617892155995,14322.623382708569
2018-08-21,10028.872011459356,6547.154792670067,9527.149463778065,28069.94800497329,14188.336925546188
2018-08-22,9979.750848804115,6515.086993307156,9480.485725531502,28027.68538539955,14166.974709778557
2018-08-23,9979.750848804115,6514.122760432153,9480.485725531502,28027.68538539955,14164.877997521524
2018-08-24,9979.750848804115,6514.122760432153,9480.485725531502,28027.68538539955,14164.877997521524
2018-08-27,9933.744280278268,6555.435381082071,9436.780765077277,28027.68538539955,14164.877997521524
2018-08-28,9843.644649364327,6560.716952719599,9314.501894870733,27945.4505474219,14188.63114760406
2018-08-29,9843.644649364327,6560.716952719599,9314.501894870733,27945.4505474219,14188.63114760406
2018-08-30,9983.838725129128,6649.019559344123,9340.368598115763,27747.29026560395,14188.63114760406
2018-08-31,9983.838725129128,6649.019559344123,9340.368598115763,27747.29026560395,14188.63114760406
2018-09-04,9918.801937480328,6810.447924978029,9279.523507785108,27566.538685523683,14249.4104528297
2018-09-05,9918.801937480328,6810.447924978029,9279.523507785108,27566.538685523683,14249.4104528297
2018-09-06,9984.189241360751,6855.3441564825225,9340.696523164748,27566.538685523683,14249.4104528297
2018-09-07,9984.189241360751,6855.3441564825225,9340.696523164748,27566.538685523683,14249.4104528297
2018-09-10,10001.990904935443,6867.567134975045,9357.350848622626,27615.689421325595,14274.816943520815
2018-09-11,9951.020759283894,6832.5700128552135,9309.665788698047,27615.689421325595,14274.816943520815
2018-09-12,9939.31325473773,6824.531405920054,9298.712846564671,27522.161467933904,14226.471439868912
2018-09-13,10050.938472880915,6901.175514762053,9403.14368834882,27636.02747600235,14285.329880680147
2018-09-14,10050.938472880915,6901.175514762053,9403.14368834882,27636.02747600235,14285.329880680147
2018-09-17,10050.938472880915,6901.175514762053,9403.14368834882,27636.02747600235,14285.329880680147
2018-09-18,10050.938472880915,6901.175514762053,9403.14368834882,27636.02747600235,14285.329880680147
2018-09-19,10008.502234550258,6872.0379442061985,9363.442515399365,27519.344934203044,14225.01554634368
2018-09-20,9946.529588713918,6829.486285255671,9305.464079344008,27519.344934203044,14225.01554634368
2018-09-21,9946.529588713918,6829.486285255671,9305.464079344008,27519.344934203044,14225.01554634368
2018-09-24,9879.748589055289,6783.633114336461,9242.98719351529,27519.344934203044,14225.01554634368
2018-09-25,9777.40769049428,6713.363805135772,9147.242286016313,27357.78318325087,14141.502714752518
2018-09-26,9766.120935022924,6705.614092936239,9136.682975185908,27516.763138711514,14223.680991284598
2018-09-27,9766.120935022924,6705.614092936239,9136.682975185908,27516.763138711514,14223.680991284598
2018-09-28,9766.120935022924,6705.614092936239,9136.682975185908,27516.763138711514,14223.680991284598
2018-10-01,9737.027982554682,6685.638289505776,9109.465097659817,27434.791608008523,14181.309114286962
2018-10-02,9695.808176652376,6685.638289505776,9070.901956640593,27434.791608008523,14181.309114286962
2018-10-03,9706.372009172692,6692.922464470356,9080.784937752875,27215.32136993106,14067.862825646149
2018-10-04,9706.372009172692,6692.922464470356,9080.784937752875,27215.32136993106,14067.862825646149
2018-10-05,9706.372009172692,6692.922464470356,9080.784937752875,27215.32136993106,14067.862825646149
2018-10-08,9601.65966793774,6620.719216923652,8982.8214298444,27215.32136993106,14067.862825646149
2018-10-09,9574.59614677401,6620.719216923652,9105.820201954633,27048.526638120173,14067.862825646149
2018-10-10,9574.59614677401,6620.719216923652,9105.820201954633,27048.526638120173,14067.862825646149
2018-10-11,9362.431463064944,6620.719216923652,8904.043183535923,27035.89858949528,14067.862825646149
2018-10-12,9362.431463064944,6620.719216923652,8904.043183535923,27035.89858949528,14067.862825646149
2018-10-15,9362.431463064944,6620.719216923652,8904.043183535923,27035.89858949528,14067.862825646149
2018-10-16,9203.661728898387,6620.719216923652,8753.04687719877,26893.59421904417,14067.862825646149
2018-10-17,9174.94914790713,6620.719216923652,8725.740075320913,26809.694514241266,14067.862825646149
2018-10-18,9033.526551724946,6620.719216923652,8591.241584357147,26617.879394464973,14067.862825646149
2018-10-19,9033.526551724946,6620.719216923652,8591.241584357147,26617.879394464973,14067.862825646149
2018-10-22,9003.481006342208,6620.719216923652,8562.667080541958,26529.348221311346,14067.862825646149
2018-10-23,8998.657241232293,6620.719216923652,8548.603055738095,26529.348221311346,14067.862825646149
2018-10-24,9080.056215585833,6620.719216923652,8666.932135522526,26529.348221311346,14067.862825646149
2018-10-25,8977.686966929497,6620.719216923652,8569.22047936053,26529.348221311346,14067.862825646149
2018-10-26,8977.686966929497,6620.719216923652,8569.22047936053,26529.348221311346,14067.862825646149
2018-10-29,8938.160262787687,6620.719216923652,8559.756813412365,26200.608782097384,14067.862825646149
2018-10-30,8846.822952967814,6620.719216923652,8472.286334358148,25932.869890486443,14067.862825646149
2018-10-31,8808.561332498743,6620.719216923652,8435.64454713647,25820.712833574762,14067.862825646149
2018-11-01,8751.818297607608,6620.719216923652,8254.917226598456,26117.27794001917,14067.862825646149
2018-11-02,8751.818297607608,6620.719216923652,8254.917226598456,26117.27794001917,14067.862825646149
2018-11-05,8834.86247484747,6620.719216923652,8242.324586951936,26365.09933947242,14067.862825646149
2018-11-06,8834.86247484747,6620.719216923652,8242.324586951936,26365.09933947242,14067.862825646149
2018-11-07,8906.784863100118,6620.719216923652,8345.721401478138,26365.09933947242,14067.862825646149
2018-11-08,8877.54220708132,6598.982145956592,8318.320822714499,26478.207361895795,14128.21488893422
2018-11-09,8877.54220708132,6598.982145956592,8318.320822714499,26478.207361895795,14128.21488893422
2018-11-12,8877.54220708132,6598.982145956592,8318.320822714499,26478.207361895795,14128.21488893422
2018-11-13,8777.34113273739,6598.982145956592,8224.431696227597,26411.374137215138,14128.21488893422
2018-11-14,8673.7085208203,6598.982145956592,8127.32719438309,26411.374137215138,14128.21488893422
2018-11-15,8612.562713966287,6598.982145956592,8070.03313410031,26411.374137215138,14128.21488893422
2018-11-16,8612.562713966287,6598.982145956592,8070.03313410031,26411.374137215138,14128.21488893422
2018-11-19,8612.562713966287,6598.982145956592,8070.03313410031,26411.374137215138,14128.21488893422
2018-11-20,8429.343686356648,6598.982145956592,7898.355589017274,26228.522093875756,14128.21488893422
2018-11-21,8490.190919766877,6598.982145956592,7876.1069120221055,26402.18033443318,14128.21488893422
2018-11-23,8490.190919766877,6598.982145956592,7876.1069120221055,26402.18033443318,14128.21488893422
2018-11-26,8434.726850458836,6555.872820552174,7824.654483711114,26343.759610902467,14096.953056556971
2018-11-27,8386.299756567932,6555.872820552174,7779.730055918182,26343.759610902467,14096.953056556971
2018-11-28,8294.08802562306,6555.872820552174,7797.667191182411,25877.56485186695,14096.953056556971
2018-11-29,8380.258351415932,6555.872820552174,7940.573124657403,26001.3897102571,14096.953056556971
2018-11-30,8380.258351415932,6555.872820552174,7940.573124657403,26001.3897102571,14096.953056556971
2018-12-03,8380.258351415932,6555.872820552174,7940.573124657403,26001.3897102571,14096.953056556971
2018-12-04,8335.442881447596,6555.872820552174,7833.3610411788395,25998.22629075715,14096.953056556971
2018-12-06,8296.54816223075,6555.872820552174,7796.809128754491,25998.22629075715,14096.953056556971
2018-12-07,8296.54816223075,6555.872820552174,7796.809128754491,25998.22629075715,14096.953056556971
2018-12-10,8142.521868643414,6555.872820552174,7652.060543146683,25840.337087492277,14096.953056556971
2018-12-11,8232.258808361177,6555.872820552174,7929.872539562487,25655.459168788235,14096.953056556971
2018-12-12,8251.677888863678,6555.872820552174,7931.205912361954,25655.459168788235,14096.953056556971
2018-12-13,8132.081956255654,6555.872820552174,7816.254749632331,25467.150690304665,14096.953056556971
2018-12-14,8132.081956255654,6555.872820552174,7816.254749632331,25467.150690304665,14096.953056556971
2018-12-17,8132.081956255654,6555.872820552174,7816.254749632331,25467.150690304665,14096.953056556971
2018-12-18,8209.340544119152,6555.872820552174,7801.274539301096,25845.285584715544,14096.953056556971
2018-12-19,8284.504411887865,6555.872820552174,7774.677555902577,26081.922330102574,14096.953056556971
2018-12-20,8285.780132692882,6555.872820552174,7693.53964480727,26328.61345431054,14096.953056556971
2018-12-21,8285.780132692882,6555.872820552174,7693.53964480727,26328.61345431054,14096.953056556971
2018-12-24,8285.780132692882,6555.872820552174,7693.53964480727,26328.61345431054,14096.953056556971
2018-12-26,8345.60212698896,6555.872820552174,7662.352868750779,26328.61345431054,14096.953056556971
2018-12-27,8308.886532819133,6555.872820552174,7657.573437731386,26515.45473052082,14096.953056556971
2018-12-28,8308.886532819133,6555.872820552174,7657.573437731386,26515.45473052082,14096.953056556971
2018-12-31,8203.863072011261,6555.872820552174,7560.782506642798,26515.45473052082,14096.953056556971
2019-01-02,8203.863072011261,6555.872820552174,7560.782506642798,26515.45473052082,14096.953056556971
2019-01-03,8203.863072011261,6555.872820552174,7560.782506642798,26515.45473052082,14096.953056556971
2019-01-04,8203.863072011261,6555.872820552174,7560.782506642798,26515.45473052082,14096.953056556971
2019-01-07,8238.540617160228,6555.872820552174,7538.523344106569,26594.29662268965,14096.953056556971
2019-01-08,8174.937573596257,6555.872820552174,7480.324562193116,26594.29662268965,14096.953056556971
2019-01-09,8242.926657232761,6555.872820552174,7540.23223232202,26802.376887918374,14096.953056556971
2019-01-10,8217.329136372615,6555.872820552174,7516.8168533088065,26719.14499346884,14096.953056556971
2019-01-11,8217.329136372615,6555.872820552174,7516.8168533088065,26719.14499346884,14096.953056556971
2019-01-14,8186.326498216687,6531.138585196769,7488.457133365742,26687.136568705468,14080.065492923708
2019-01-15,8186.326498216687,6531.138585196769,7488.457133365742,26687.136568705468,14080.065492923708
2019-01-16,8148.906280790138,6501.284336657546,7454.226921050002,26565.147975517728,14015.70462089643
2019-01-17,8148.906280790138,6501.284336657546,7454.226921050002,26565.147975517728,14015.70462089643
2019-01-18,8148.906280790138,6501.284336657546,7454.226921050002,26565.147975517728,14015.70462089643
2019-01-22,8148.906280790138,6501.284336657546,7454.226921050002,26565.147975517728,14015.70462089643
2019-01-23,8090.655490071222,6454.811234593341,7400.941903725285,26375.25244575973,13915.5162215557
2019-01-24,8214.017830379873,6553.231025316997,7513.7878300970515,26750.196129502634,14113.335557087143
2019-01-25,8214.017830379873,6553.231025316997,7513.7878300970515,26750.196129502634,14113.335557087143
2019-01-28,8249.823766783915,6581.7973832406005,7546.541375895658,26866.80359751495,14174.857361134966
2019-01-29,8231.80197109096,6567.419402439269,7530.055905331739,26808.11288374399,14143.892289569714
2019-01-30,8161.033636349633,6510.959670257821,7465.320441723546,26739.994989124956,14107.953461325367
2019-01-31,8092.042382067216,6455.917711818566,7402.210565714623,26739.994989124956,14107.953461325367
2019-02-01,8092.042382067216,6455.917711818566,7402.210565714623,26739.994989124956,14107.953461325367
2019-02-04,8097.6594853192055,6460.399096697864,7407.348821185545,26739.994989124956,14107.953461325367
2019-02-05,8075.07643557607,6442.382098770779,7386.690935138735,26665.421510446897,14068.608683322715
2019-02-06,8074.044162920764,6441.558540637471,7385.746661839728,26665.421510446897,14068.608683322715
2019-02-07,8006.017366279903,6387.286036790325,7323.519025221981,26528.01851367539,13996.115211103013
2019-02-08,8006.017366279903,6387.286036790325,7323.519025221981,26528.01851367539,13996.115211103013
2019-02-11,8012.817022719698,6392.710875214458,7329.739023383806,26693.959711293974,14083.66536562891
2019-02-12,8012.817022719698,6392.710875214458,7329.739023383806,26693.959711293974,14083.66536562891
2019-02-13,8113.938470629038,6473.386644788946,7422.2400527646805,26693.959711293974,14083.66536562891
2019-02-14,8046.405275391003,6419.507941405098,7360.463938932741,26695.025457265885,14084.22765049768
2019-02-15,8046.405275391003,6419.507941405098,7360.463938932741,26695.025457265885,14084.22765049768
2019-02-19,8072.280640640324,6440.151583754657,7384.133476609005,26780.870441504907,14129.51924621506
2019-02-20,8227.391525819687,6452.189832793853,7447.07600998407,27201.1543512451,14106.169329015453
2019-02-21,8188.988371307146,6422.072821549716,7412.315149293225,27074.186997109573,14040.325689677007
2019-02-22,8188.988371307146,6422.072821549716,7412.315149293225,27074.186997109573,14040.325689677007
2019-02-25,8273.969917119606,6488.718132417139,7489.236738490146,27467.49812949738,14244.291792027192
2019-02-26,8231.322632668092,6455.272735504791,7450.634276466414,27466.992946931605,14244.02981083614
2019-02-27,8172.989775118595,6409.526198559574,7397.83391772727,27466.992946931605,14244.02981083614
2019-02-28,8057.013980862572,6318.574183185011,7292.857686508368,27111.7857882921,14059.823939940152
2019-03-01,8057.013980862572,6318.574183185011,7292.857686508368,27111.7857882921,14059.823939940152
2019-03-04,8103.763942855589,6112.944988535344,7273.451017452577,27201.54811179055,13559.586975153397
2019-03-05,8063.68714157934,6082.71369314647,7237.480491524811,27253.499164554436,13585.483840122539
2019-03-06,8102.0393264600725,6111.644051683475,7271.90310552361,27313.769160539043,13615.527580618
2019-03-07,8102.0393264600725,6111.644051683475,7271.90310552361,27313.769160539043,13615.527580618
2019-03-08,8102.0393264600725,6111.644051683475,7271.90310552361,27313.769160539043,13615.527580618
2019-03-11,8102.0393264600725,6111.644051683475,7271.90310552361,27313.769160539043,13615.527580618
2019-03-12,8191.898197625717,6179.427656936654,7352.555022647024,27471.287613943252,13694.048301583885
2019-03-13,8196.822429290212,6183.142172498574,7356.974716762359,27487.800878765345,13702.279930522016
2019-03-14,8051.733557922515,6073.696698102526,7226.751673925482,27284.766860322245,13601.070344189655
2019-03-15,8051.733557922515,6073.696698102526,7226.751673925482,27284.766860322245,13601.070344189655
2019-03-18,8018.785298988272,6048.8427048528065,7197.179298772595,27173.115678994993,13545.413809573916
2019-03-19,7971.417452134394,6132.443094483982,7164.01731233757,27033.7961257767,13717.843822052033
2019-03-20,8059.962102025526,6200.560845190037,7243.593549379967,26944.159395743456,13672.359175441748
2019-03-21,8059.962102025526,6200.560845190037,7243.593549379967,26944.159395743456,13672.359175441748
2019-03-22,8059.962102025526,6200.560845190037,7243.593549379967,26944.159395743456,13672.359175441748
2019-03-25,7947.241023866153,6113.844072230649,7142.289639473344,26841.08470615605,13620.055662935107
2019-03-26,7903.80201578378,6080.426270848956,7103.250433735904,26569.599420414947,13482.295034259265
2019-03-27,7913.542840703317,6087.919926133111,7112.004640723437,26408.310023913993,13400.451450729262
2019-03-28,7794.656052341702,5996.459847835699,7005.159526269823,26266.787656027336,13328.638312427714
2019-03-29,7794.656052341702,5996.459847835699,7005.159526269823,26266.787656027336,13328.638312427714
2019-04-01,7847.161659499333,6036.852619882695,7052.347003394277,26450.237536975706,13421.726859974475
2019-04-02,7902.634909423835,6079.528411292541,7102.201539957828,26510.067325463526,13452.086476898556
2019-04-03,7769.531980544385,6098.057682408285,6982.580193749208,26186.391695874467,13488.009785390737
2019-04-04,7724.496328553877,6062.710636499897,6942.106063210978,26034.603759837177,13409.827300749383
2019-04-05,7724.496328553877,6062.710636499897,6942.106063210978,26034.603759837177,13409.827300749383
2019-04-08,7783.173622851432,6061.147597435795,6966.746591614711,26034.603759837177,13409.827300749383
2019-04-09,7687.463280775444,6049.715975009492,6906.424704034399,25714.454042972207,13384.535707030567
2019-04-10,7642.421248915632,6075.506562907007,6870.177956297378,25532.462183840216,13357.32638708319
2019-04-11,7634.9613265944,5999.266391952548,6840.330199767693,25507.53942986506,13349.121696259852
2019-04-12,7634.9613265944,5999.266391952548,6840.330199767693,25507.53942986506,13349.121696259852
2019-04-15,7661.179819127368,5960.794153123307,6855.530465830076,25507.53942986506,13282.845596192708
2019-04-16,7760.395779735517,6050.864617524891,6902.653866516691,25811.398715206058,13441.077870271967
2019-04-17,7760.395779735517,6019.375918055292,6902.653866516691,25811.398715206058,13412.421492252546
2019-04-18,7825.303185432589,6069.72155580957,6960.387179045724,25811.398715206058,13412.421492252546
2019-04-22,7825.303185432589,6069.72155580957,6960.387179045724,25811.398715206058,13412.421492252546
2019-04-23,7825.303185432589,6069.72155580957,6960.387179045724,25811.398715206058,13412.421492252546
2019-04-24,7692.669758114973,6010.392825712217,6842.413474367674,25558.965429216285,13460.47422110731
2019-04-25,7685.392061909246,6128.547275608461,6832.362820862366,25425.030084135586,13589.547524858448
2019-04-26,7685.392061909246,6128.547275608461,6832.362820862366,25425.030084135586,13589.547524858448
2019-04-29,7587.766553160733,6115.3418723083305,6803.0196242195325,25288.51124063553,13627.360898126333
2019-04-30,7602.312997932692,6079.110082146732,6810.337664554167,25369.453240866653,13564.115138596319
2019-05-01,7679.565834884398,6219.736558990092,6827.4343614721,25338.235926185844,13908.1412896473
2019-05-02,7679.565834884398,6219.736558990092,6827.4343614721,25338.235926185844,13908.1412896473
2019-05-03,7679.565834884398,6219.736558990092,6827.4343614721,25338.235926185844,13908.1412896473
2019-05-06,7679.565834884398,6271.139872797714,6827.4343614721,25338.235926185844,14023.085796446247
2019-05-07,7518.22574075263,6139.389417219271,6683.9967080627575,25338.235926185844,14023.085796446247
2019-05-08,7439.795609825096,6075.343306818838,6614.269254404244,25338.235926185844,14023.085796446247
2019-05-09,7470.6408375046985,6100.531545496135,6641.691868113801,25545.66036092242,14137.881895632629
2019-05-10,7470.6408375046985,6100.531545496135,6641.691868113801,25545.66036092242,14137.881895632629
2019-05-13,7385.7954927812625,6100.531545496135,6566.2610385030475,25545.66036092242,14137.881895632629
2019-05-14,7338.253527236244,6061.262754365139,6523.9943718511995,25545.66036092242,14137.881895632629
2019-05-15,7392.069894249051,6105.714085971397,6571.839226788674,25545.66036092242,14137.881895632629
2019-05-16,7392.069894249051,6105.714085971397,6571.839226788674,25545.66036092242,14137.881895632629
2019-05-17,7392.069894249051,6105.714085971397,6571.839226788674,25545.66036092242,14137.881895632629
2019-05-20,7431.002736572007,6137.871899300937,6606.452046208501,25545.66036092242,14137.881895632629
2019-05-21,7344.314552461846,6066.269049979874,6529.382860312755,25247.651197544714,13972.952968522359
2019-05-22,7368.502392042824,6086.247761619719,6550.886795643941,25313.095987297373,14009.172455321102
2019-05-23,7352.511603826247,6073.03966398854,6536.670359547912,25258.16265953244,13978.770387451184
2019-05-24,7352.511603826247,6073.03966398854,6536.670359547912,25258.16265953244,13978.770387451184
2019-05-28,7325.216559163222,6050.49445796906,6512.403997381483,25179.761322637252,13935.380284168534
2019-05-29,7306.253908322275,6034.831656344712,6495.545459188089,24939.382223620207,13802.345895389131
2019-05-30,7372.793838799019,6089.792417891013,6554.702059641104,25041.934228415525,13859.101841858006
2019-05-31,7372.793838799019,6089.792417891013,6554.702059641104,25041.934228415525,13859.101841858006
2019-06-03,7333.8654873301575,6057.638313924547,6520.093232766197,25041.934228415525,13859.101841858006
2019-06-04,7384.6333170128355,6099.571609637685,6565.227818794276,24862.3058907636,13759.68909672042
2019-06-05,7384.6333170128355,6099.571609637685,6565.227818794276,24862.3058907636,13759.68909672042
2019-06-06,7294.203652245416,6024.878365951007,6484.832310271524,24745.222557473844,13694.890993457067
2019-06-07,7294.203652245416,6024.878365951007,6484.832310271524,24745.222557473844,13694.890993457067
2019-06-10,7258.386465504107,5995.294026958702,6452.989430511569,24745.222557473844,13694.890993457067
2019-06-11,7269.05543288799,6004.106398239068,6462.474559760316,24781.595100273447,13715.020859237764
2019-06-12,7298.276514826556,6028.242475704789,6488.45324438862,24553.37467596444,13588.715515807002
2019-06-13,7311.6688942546425,6039.304335358248,6500.359593452501,24598.43025987284,13613.650887022151
2019-06-14,7311.6688942546425,6039.304335358248,6500.359593452501,24598.43025987284,13613.650887022151
2019-06-17,7311.6688942546425,6039.304335358248,6500.359593452501,24598.43025987284,13613.650887022151
2019-06-18,7311.6688942546425,6039.304335358248,6500.359593452501,24598.43025987284,13613.650887022151
2019-06-19,7311.6688942546425,6039.304335358248,6500.359593452501,24598.43025987284,13613.650887022151
2019-06-20,7445.279474294232,6149.664222677116,6619.1446243815635,24775.458511789424,13711.624651740933
2019-06-21,7445.279474294232,6149.664222677116,6619.1446243815635,24775.458511789424,13711.624651740933
2019-06-24,7567.071274268096,6250.262014539821,6727.422297620575,25241.991033818173,13969.820431522137
2019-06-25,7567.071274268096,6024.315042714208,6727.422297620575,25241.991033818173,13529.230588124328
2019-06-26,7536.981103609862,6000.359583440201,6700.670959131961,25141.61721805354,13475.432118080096
2019-06-27,7451.140983234397,5932.020339668993,6624.355735062634,25003.143456033195,13401.212796225953
2019-06-28,7451.140983234397,5932.020339668993,6624.355735062634,25003.143456033195,13401.212796225953
2019-07-01,7496.375219089075,5794.7799852568705,6618.133230014354,24986.842613020828,13035.949471631733
2019-07-02,7494.6864747119425,5793.474567394128,6616.64233141968,24859.86677412346,12969.70458244667
2019-07-03,7494.6864747119425,5793.474567394128,6616.64233141968,24859.86677412346,12969.70458244667
2019-07-05,7494.6864747119425,5793.474567394128,6616.64233141968,24859.86677412346,12969.70458244667
2019-07-08,7450.650054282422,5826.183883358169,6577.765022205839,24713.798016106568,13143.808460778206
2019-07-09,7450.650054282422,5826.183883358169,6577.765022205839,24713.798016106568,13143.808460778206
2019-07-10,7450.650054282422,5902.78502642193,6577.765022205839,24713.798016106568,13316.61981937309
2019-07-11,7416.166276753112,5875.465218865341,6547.321210724523,24488.284847642208,13195.105791996766
2019-07-12,7416.166276753112,5875.465218865341,6547.321210724523,24488.284847642208,13195.105791996766
2019-07-15,7459.035657333303,5887.750966703301,6603.316799488323,24629.840142347566,13229.066211921132
2019-07-16,7462.001875036547,5777.739555222071,6610.126790013531,24639.63463472092,12981.883840454939
2019-07-17,7423.7956149845895,5688.6461837573515,6576.282222919472,24513.47702926806,12781.7017816662
2019-07-18,7354.576867045857,5636.741794787444,6549.520302920166,24284.915754740792,12665.07888062039
2019-07-19,7354.576867045857,5636.741794787444,6549.520302920166,24284.915754740792,12665.07888062039
2019-07-22,7388.066898489683,5662.409438672439,6579.344403592713,24395.500307317998,12722.750980269118
2019-07-23,7388.066898489683,5693.557390167269,6579.344403592713,24395.500307317998,12907.775784418345
2019-07-24,7388.066898489683,5693.557390167269,6579.344403592713,24395.500307317998,12907.775784418345
2019-07-25,7361.013829888178,5645.291391388496,6555.25265429633,24306.17069614233,12833.352751728758
2019-07-26,7361.013829888178,5645.291391388496,6555.25265429633,24306.17069614233,12833.352751728758
2019-07-29,7361.013829888178,5642.534144758958,6555.25265429633,24306.17069614233,12861.760465163754
2019-07-30,7308.399454479897,5670.684311741964,6562.317240166418,24132.437292116916,12925.92679460034
2019-07-31,7281.566502795553,5685.882929831663,6496.6077574618685,23859.559682831816,12906.014781967477
2019-08-01,7254.285696666933,5664.580443640097,6472.267844249929,23770.168475353086,12857.661658086125
2019-08-02,7254.285696666933,5664.580443640097,6472.267844249929,23770.168475353086,12857.661658086125
2019-08-05,7277.409227090037,5682.636680146307,6492.89863943239,23845.937508568124,12898.646331554022
2019-08-06,7169.265318114722,5682.636680146307,6396.412731118355,23588.023007033014,12898.646331554022
2019-08-07,7052.435821874219,5682.636680146307,6313.925749525413,23479.933912218352,12898.646331554022
2019-08-08,6993.0474451246755,5682.636680146307,6260.756346690378,23479.933912218352,12898.646331554022
2019-08-09,6993.0474451246755,5682.636680146307,6260.756346690378,23479.933912218352,12898.646331554022
2019-08-12,6950.556281396589,5648.107835965267,6222.714731060508,23154.114626701237,12719.658275301532
2019-08-13,6950.556281396589,5648.107835965267,6222.714731060508,23154.114626701237,12719.658275301532
2019-08-14,6972.419211139494,5648.107835965267,6100.7001513553,23027.285405436967,12719.658275301532
2019-08-15,6957.682067682274,5648.107835965267,6087.805503085102,23013.226028773166,12719.658275301532
2019-08-16,6957.682067682274,5648.107835965267,6087.805503085102,23013.226028773166,12719.658275301532
2019-08-19,6890.888960791571,5593.886521057799,6029.36313107933,22914.021408099525,12664.82681131113
2019-08-20,6898.027917038827,5599.681783665158,6035.609547156631,22799.57605002262,12601.57162735245
2019-08-21,6872.165709496401,5578.687358272508,6012.98073372895,22741.910961432157,12569.699510841338
2019-08-22,6847.962618050478,5559.039770308513,5991.803607228651,22741.910961432157,12569.699510841338
2019-08-23,6847.962618050478,5559.039770308513,5991.803607228651,22741.910961432157,12569.699510841338
2019-08-26,6824.050950270979,5559.039770308513,6011.38511642865,22762.438206775794,12569.699510841338
2019-08-27,6850.0880693121935,5580.250247971874,6034.321514620814,22762.438206775794,12569.699510841338
2019-08-28,6763.0188138698495,5509.321490654211,5957.621204192468,22762.438206775794,12569.699510841338
2019-08-29,6756.345949114882,5503.885610877657,5951.74300073762,22575.149067031154,12466.276134714024
2019-08-30,6756.345949114882,5503.885610877657,5951.74300073762,22575.149067031154,12466.276134714024
2019-09-03,6768.271543216677,5513.600493193095,5962.248394001902,21971.94108396009,12133.17723639447
2019-09-04,6772.334883861627,5516.910590437414,5965.8278375983855,21971.94108396009,12133.17723639447
2019-09-05,6772.334883861627,5516.910590437414,5965.8278375983855,21971.94108396009,12133.17723639447
2019-09-06,6772.334883861627,5516.910590437414,5965.8278375983855,21971.94108396009,12133.17723639447
2019-09-09,6809.804359985606,5547.434147407275,5998.835130881143,21971.94108396009,12133.17723639447
2019-09-10,6736.960577910432,5488.093810629821,5934.666203863726,21736.90947314125,12003.389878084918
2019-09-11,6736.960577910432,5488.093810629821,5934.666203863726,21736.90947314125,12003.389878084918
2019-09-12,6703.5657598027865,5460.889570313407,5905.248323780317,21839.984327424405,12060.309085671272
2019-09-13,6703.5657598027865,5460.889570313407,5905.248323780317,21839.984327424405,12060.309085671272
2019-09-16,6601.718159655903,5377.922009863918,5815.529599209153,21508.168384880544,11877.076224024604
2019-09-17,6639.392230108866,5408.612234407025,5848.7171219938755,21531.68439888364,11890.062057397397
2019-09-18,6632.98873873307,5376.380918473294,5874.342931697701,21510.917745766004,11779.502677875858
2019-09-19,6596.104126503481,5346.484029877894,5841.6769843135235,21391.300196120243,11713.999417483794
2019-09-20,6596.104126503481,5346.484029877894,5841.6769843135235,21391.300196120243,11713.999417483794
2019-09-23,6503.511767238393,5271.433127010791,5759.674844312608,21258.215689127217,11641.121573542583
2019-09-24,6475.130514354865,5248.428651584151,5734.5396874721455,21170.086131922264,11592.861319500185
2019-09-25,6361.369336212562,5156.219324609755,5633.7899049767375,20962.788648518475,11479.344021459638
2019-09-26,6368.069264274602,5161.649963316791,5639.723531069648,20984.867098691982,11491.434308169664
2019-09-27,6368.069264274602,5161.649963316791,5639.723531069648,20984.867098691982,11491.434308169664
2019-09-30,6338.337917343197,5137.551166738244,5613.392696723967,20847.526731881444,11416.22593083562
2019-10-01,6290.382052660577,5098.680454610702,5570.921767580552,20696.13199275452,11333.321298125891
2019-10-02,6281.51749325586,5091.495270086584,5563.071089110734,20666.96650010848,11317.35010606491
2019-10-03,6316.929762510805,5120.198748443233,5594.433092241904,20523.371290886353,11238.716540935171
2019-10-04,6316.929762510805,5120.198748443233,5594.433092241904,20523.371290886353,11238.716540935171
2019-10-07,6385.239006644254,5175.566928788517,5654.929490057526,20834.984415183415,11409.357685841273
2019-10-08,6352.740691633426,5149.2253612706245,5626.148158655415,20728.942670142114,11351.288614384453
2019-10-09,6467.612778741128,5242.335137499344,5727.881790285157,20968.318205588785,11482.372038817475
2019-10-10,6467.612778741128,5242.335137499344,5727.881790285157,20968.318205588785,11482.372038817475
2019-10-11,6467.612778741128,5242.335137499344,5727.881790285157,20968.318205588785,11482.372038817475
2019-10-14,6371.987276739732,5164.825715347372,5643.193422205816,20890.56213009431,11439.792363215834
2019-10-15,6400.8345411899345,5188.207917285174,5668.741290700197,20890.56213009431,11439.792363215834
2019-10-16,6409.765441978281,5195.446874936777,5676.650722780696,20924.73963174783,11458.50816032914
2019-10-17,6341.838839936499,5140.388845825163,5616.493202499031,20811.931778910144,11396.733929201857
2019-10-18,6341.838839936499,5140.388845825163,5616.493202499031,20811.931778910144,11396.733929201857
2019-10-21,6267.709815541285,5080.303432150905,5550.84265978865,20683.698287727606,11326.51252950935
2019-10-22,6296.534704231129,4883.696586994171,5580.006760465192,20683.698287727606,10978.960368697202
2019-10-23,6202.863705999418,4811.0438095772315,5496.99525843357,20476.931727805826,10869.20814569654
2019-10-24,6201.632877076604,4810.089158282213,5495.904494381135,20393.037363255575,10824.676800733889
2019-10-25,6201.632877076604,4810.089158282213,5495.904494381135,20393.037363255575,10824.676800733889
2019-10-28,6213.779197524878,4830.201834803581,5501.341281503851,20299.826874491708,10824.676800733889
2019-10-29,6213.779197524878,4733.561689703359,5501.341281503851,20299.826874491708,10629.989840822676
2019-10-30,6275.439874501787,4780.533847712341,5555.932282715104,20383.894207645084,10674.011639771532
2019-10-31,6187.312540053613,4713.399795970413,5477.909146131532,20383.894207645084,10674.011639771532
2019-11-01,6187.312540053613,4713.399795970413,5477.909146131532,20383.894207645084,10674.011639771532
2019-11-04,6199.759853075708,4729.163688281808,5520.594319503031,20466.797021336373,10703.7557360164
2019-11-05,6093.15983744678,4777.7419347785735,5425.672023367958,20243.4666567694,10790.72941057047
2019-11-06,6182.636760897961,4838.082154697016,5464.988104709495,20352.676158560134,10887.916986522823
2019-11-07,6165.8101111569895,4900.179468621168,5457.634787696693,20297.28436275265,11027.664592593508
2019-11-08,6165.8101111569895,4900.179468621168,5457.634787696693,20297.28436275265,11027.664592593508
2019-11-11,6093.547595395599,4895.475296331296,5393.6719972837645,20297.28436275265,11027.664592593508
2019-11-12,6173.65003932856,4928.77253205718,5426.936913780352,20564.101361751276,11102.67074117335
2019-11-13,6101.791623609556,4948.074519751101,5363.769891622153,20465.62320365837,11102.67074117335
2019-11-14,6067.704291676464,4984.964021518228,5373.389779423343,20361.6136718952,11132.599244501673
2019-11-15,6067.704291676464,4984.964021518228,5373.389779423343,20361.6136718952,11132.599244501673
2019-11-18,6102.824280199318,5055.284368363365,5352.768129708345,20479.46708137079,11197.034941909136
2019-11-19,6102.824280199318,5061.57167530293,5352.768129708345,20479.46708137079,11263.161381403383
2019-11-20,6118.153541562823,4972.709866030471,5340.587020109969,20460.622614767286,11026.768304131156
2019-11-21,6143.529848475703,4993.335208446586,5362.7382090915125,20452.093561020203,11022.171772476511
2019-11-22,6143.529848475703,4993.335208446586,5362.7382090915125,20452.093561020203,11022.171772476511
2019-11-25,6143.529848475703,4993.335208446586,5362.7382090915125,20452.093561020203,11022.171772476511
2019-11-26,6133.278127510456,4999.658617773543,5335.937978863873,20580.253944168613,11091.240777723997
2019-11-27,6140.251977783904,5022.905409181283,5351.771499508526,20580.253944168613,11091.240777723997
2019-11-29,6140.251977783904,5022.905409181283,5351.771499508526,20580.253944168613,11091.240777723997
2019-12-02,6140.251977783904,4950.252379487943,5351.771499508526,20580.253944168613,11020.341755756355
2019-12-03,6179.261001061739,4981.701334840471,5385.771305991602,20944.9426159278,11215.625730781254
2019-12-04,6262.383984629582,5048.714830163731,5458.220322094206,21226.692508122687,11366.497537808442
2019-12-05,6256.189415799556,5038.956689371244,5451.463081650231,21226.692508122687,11426.698760396226
2019-12-06,6256.189415799556,5038.956689371244,5451.463081650231,21226.692508122687,11426.698760396226
2019-12-09,6256.189415799556,4920.865564653968,5451.463081650231,21226.692508122687,11158.90687576523
2019-12-10,6233.150878559004,4970.65158451676,5458.567142304981,21226.692508122687,11137.340673793064
2019-12-11,6243.075889155348,5008.956218924849,5450.193889967925,21325.782099161952,11181.868040499763
2019-12-12,6243.075889155348,5012.1301796136995,5450.193889967925,21325.782099161952,11188.95351061315
2019-12-13,6243.075889155348,5012.1301796136995,5450.193889967925,21325.782099161952,11188.95351061315
2019-12-16,6243.075889155348,5012.1301796136995,5450.193889967925,21325.782099161952,11188.95351061315
2019-12-17,6243.075889155348,5065.8528722921255,5450.193889967925,21325.782099161952,11258.741285039752
2019-12-18,6228.44113515541,5054.834191014902,5431.32850107203,21325.782099161952,11336.753875195349
2019-12-19,6192.474702145523,5080.156139686736,5405.8038494774355,21135.789467511426,11358.009630098499
2019-12-20,6192.474702145523,5080.156139686736,5405.8038494774355,21135.789467511426,11358.009630098499
2019-12-23,6160.713585003727,5069.472641553657,5393.275973786752,21060.975624039223,11352.175294888624
2019-12-24,6160.713585003727,5069.472641553657,5393.275973786752,21060.975624039223,11352.175294888624
2019-12-26,6160.713585003727,5069.472641553657,5393.275973786752,21060.975624039223,11352.175294888624
2019-12-27,6160.713585003727,5069.472641553657,5393.275973786752,21060.975624039223,11352.175294888624
2019-12-30,6160.713585003727,5034.631287227101,5393.275973786752,21060.975624039223,11342.925805005974
2019-12-31,6130.4745803240485,5009.919500685765,5366.8038297469575,20957.600758178854,11287.250633328826
2020-01-02,6216.227612400461,5089.8385074681755,5401.589626346591,21114.16411261593,11467.306592271138
2020-01-03,6216.227612400461,5089.8385074681755,5401.589626346591,21114.16411261593,11467.306592271138
2020-01-06,6216.227612400461,5089.8385074681755,5401.589626346591,21114.16411261593,11467.306592271138
2020-01-07,6239.634905442775,5186.3905357266485,5400.542196926493,21164.488923670284,11559.245288871354
2020-01-08,6239.634905442775,5258.500602398277,5400.542196926493,21164.488923670284,11719.961675867738
2020-01-09,6212.554336929342,5235.678243718772,5377.103365137475,21164.488923670284,11719.961675867738
2020-01-10,6212.554336929342,5235.678243718772,5377.103365137475,21164.488923670284,11719.961675867738
2020-01-13,6147.643881455476,5280.358273626403,5321.805241304963,21044.80235284637,11797.032883831565
2020-01-14,6188.356508869124,5401.689374070894,5339.547854509706,21184.171062828063,12076.761956067774
2020-01-15,6187.458307905093,5400.905352885909,5338.7728527748295,21146.29877243258,12055.171560367093
2020-01-16,6198.456057643039,5414.15591909267,5330.819044779785,21051.52385348113,12009.290821371927
2020-01-17,6198.456057643039,5414.15591909267,5330.819044779785,21051.52385348113,12009.290821371927
2020-01-21,6146.940781212248,5438.655063528134,5261.218767478303,20845.21766980295,12002.805110499497
2020-01-22,6157.758759422393,5500.618724823628,5252.628368749878,20881.903090821957,12139.555417657304
2020-01-23,6127.848580614669,5582.5485827710945,5227.114694074099,20881.903090821957,12239.033451078041
2020-01-24,6127.848580614669,5582.5485827710945,5227.114694074099,20881.903090821957,12239.033451078041
2020-01-27,6149.0352692551305,5601.849927621159,5245.18714642902,20954.10108546646,12281.349214526977
2020-01-28,6149.0352692551305,5601.849927621159,5245.18714642902,20954.10108546646,12281.349214526977
2020-01-29,6149.0352692551305,5601.849927621159,5245.18714642902,20954.10108546646,12281.349214526977
2020-01-30,6186.621005068057,5636.091014592308,5277.2481462025535,20912.45050946968,12256.9375126498
2020-01-31,6186.621005068057,5636.091014592308,5277.2481462025535,20912.45050946968,12256.9375126498
2020-02-03,6218.834432854639,5665.437860107565,5304.726514754677,21021.340598869923,12320.758776490748
2020-02-04,6114.443867335652,5570.336717198084,5215.680342714266,20928.5618199358,12266.380467483847
2020-02-05,6114.443867335652,5570.336717198084,5215.680342714266,20928.5618199358,12266.380467483847
2020-02-06,6067.721091965403,5527.771670102852,5175.8253589507385,20928.5618199358,12266.380467483847
2020-02-07,6067.721091965403,5527.771670102852,5175.8253589507385,20928.5618199358,12266.380467483847
2020-02-10,6067.721091965403,5527.771670102852,5175.8253589507385,20928.5618199358,12266.380467483847
2020-02-11,6001.5280104684125,5467.468924622283,5119.362013881554,20791.880509643885,12186.270569380968
2020-02-12,5932.64378478428,5404.714512301333,5060.603096534524,20694.317959991462,12129.088457981683
2020-02-13,5979.369601523677,5479.937615206158,5072.0978741713825,20857.307504555956,12297.90175369598
2020-02-14,5979.369601523677,5479.937615206158,5072.0978741713825,20857.307504555956,12297.90175369598
2020-02-18,6034.910898863765,5530.8397779381185,5119.211686319004,21051.047312432864,12412.134768792952
2020-02-19,6034.910898863765,5530.8397779381185,5119.211686319004,21051.047312432864,12412.134768792952
2020-02-20,6037.857281419346,5701.919819109374,5105.648089755192,21166.435515730584,12685.568195552558
2020-02-21,6037.857281419346,5701.919819109374,5105.648089755192,21166.435515730584,12685.568195552558
2020-02-24,6009.067770487207,5674.732114048576,5081.303507787678,21065.510419579372,12625.08128981364
2020-02-25,6009.067770487207,5674.732114048576,5081.303507787678,21065.510419579372,12625.08128981364
2020-02-26,5967.395027092786,5674.732114048576,5046.064787693823,20919.421601194077,12625.08128981364
2020-02-27,6045.612414672347,5674.732114048576,5008.615156332999,20880.92570154713,12625.08128981364
2020-02-28,6045.612414672347,5674.732114048576,5008.615156332999,20880.92570154713,12625.08128981364
2020-03-02,5999.652966664162,5674.732114048576,5038.733328284449,20753.95773693902,12625.08128981364
2020-03-03,5856.514925438458,5674.732114048576,4918.520638837793,20602.74440086769,12625.08128981364
2020-03-04,5882.521374199924,5674.732114048576,4969.096054394968,20694.232977850465,12625.08128981364
2020-03-05,5835.9788998419235,5674.732114048576,4929.780595770633,20592.814875234573,12625.08128981364
2020-03-06,5835.9788998419235,5674.732114048576,4929.780595770633,20592.814875234573,12625.08128981364
2020-03-09,5843.534910498715,5674.732114048576,4951.551317529492,20592.814875234573,12625.08128981364
2020-03-10,5824.220634740429,5674.732114048576,4935.185260161332,20592.814875234573,12625.08128981364
2020-03-11,5841.638317117012,5674.732114048576,5021.605416241018,20375.810424247404,12625.08128981364
2020-03-12,5682.413117876777,5674.732114048576,4884.731806561357,20410.76524937848,12625.08128981364
2020-03-13,5682.413117876777,5674.732114048576,4884.731806561357,20410.76524937848,12625.08128981364
2020-03-16,5681.276635253213,5674.732114048576,4883.754860200059,20410.76524937848,12625.08128981364
2020-03-17,5681.276635253213,5674.732114048576,4883.754860200059,20410.76524937848,12625.08128981364
2020-03-18,5634.83088787817,5674.732114048576,4843.829037354015,20243.902533942044,12625.08128981364
2020-03-19,5598.113804339861,5674.732114048576,4812.266195638142,20243.902533942044,12625.08128981364
2020-03-20,5598.113804339861,5674.732114048576,4812.266195638142,20243.902533942044,12625.08128981364
2020-03-23,5495.807475800747,5674.732114048576,4724.321344276427,20053.806391735212,12625.08128981364
2020-03-24,5662.839715083558,5674.732114048576,4700.138945613135,20501.956446131146,12625.08128981364
2020-03-25,5591.273036217182,5674.732114048576,4640.7388298634205,20501.956446131146,12625.08128981364
2020-03-26,5530.865738515761,5674.732114048576,4590.60096497393,20501.956446131146,12625.08128981364
2020-03-27,5530.865738515761,5674.732114048576,4590.60096497393,20501.956446131146,12625.08128981364
2020-03-30,5469.964584158357,5674.732114048576,4540.053200631317,20501.956446131146,12625.08128981364
2020-03-31,5356.692756930912,5674.732114048576,4446.037944438494,20394.27291516645,12625.08128981364
2020-04-01,5260.139563879361,5674.732114048576,4365.899101416658,20226.425994745125,12625.08128981364
2020-04-02,5191.190550939539,5674.732114048576,4308.671640057149,20226.425994745125,12625.08128981364
2020-04-03,5191.190550939539,5674.732114048576,4308.671640057149,20226.425994745125,12625.08128981364
2020-04-06,5124.153513124817,5674.732114048576,4253.03111196799,20226.425994745125,12625.08128981364
2020-04-07,5127.331529390588,5674.732114048576,4296.378735247116,20127.422825728292,12625.08128981364
2020-04-08,5127.331529390588,5674.732114048576,4296.378735247116,20127.422825728292,12625.08128981364
2020-04-09,5104.039048854614,5674.732114048576,4276.861113362852,20035.9878167533,12625.08128981364
2020-04-13,5065.178368491221,5674.732114048576,4283.327231887965,19958.933151772068,12625.08128981364
2020-04-14,5098.319432364496,5674.732114048576,4329.24606772046,20089.522882341083,12625.08128981364
2020-04-15,5033.614400291121,5674.732114048576,4274.301686658901,20062.4525432031,12625.08128981364
2020-04-16,5054.526418468754,5674.732114048576,4312.4876487397105,19978.445863356526,12625.08128981364
2020-04-17,5054.526418468754,5674.732114048576,4312.4876487397105,19978.445863356526,12625.08128981364
2020-04-20,4999.2579872910255,5674.732114048576,4265.332998217302,19912.525207253348,12625.08128981364
2020-04-21,4999.2579872910255,5674.732114048576,4265.332998217302,19912.525207253348,12625.08128981364
2020-04-22,5174.492947618942,5674.732114048576,4239.736386037358,20219.89621593775,12625.08128981364
2020-04-23,5144.5440543487375,5674.732114048576,4225.202846054277,19989.29350833249,12625.08128981364
2020-04-24,5144.5440543487375,5674.732114048576,4225.202846054277,19989.29350833249,12625.08128981364
2020-04-27,5117.620713843219,5674.732114048576,4163.985109696255,19864.99177047933,12625.08128981364
2020-04-28,5117.620713843219,5674.732114048576,4163.985109696255,19864.99177047933,12625.08128981364
2020-04-29,5080.282553115014,5674.732114048576,4133.604674335907,19864.99177047933,12625.08128981364
2020-04-30,5117.5030755217595,5716.307851538552,4163.889392517066,20130.952548940542,12794.11113320702
2020-05-01,5117.5030755217595,5716.307851538552,4163.889392517066,20130.952548940542,12794.11113320702
2020-05-04,5095.927682555358,5716.307851538552,4146.3344348382125,20130.952548940542,12794.11113320702
2020-05-05,5095.927682555358,5716.307851538552,4146.3344348382125,20130.952548940542,12794.11113320702
2020-05-06,5055.584820203874,5671.053633822165,4113.509204617517,20130.952548940542,12794.11113320702
2020-05-07,5089.480620989357,5709.075922252106,4141.088741602388,20130.952548940542,12794.11113320702
2020-05-08,5089.480620989357,5709.075922252106,4141.088741602388,20130.952548940542,12794.11113320702
2020-05-11,5089.480620989357,5709.075922252106,4141.088741602388,20130.952548940542,12794.11113320702
2020-05-12,5089.480620989357,5709.075922252106,4141.088741602388,20130.952548940542,12794.11113320702
2020-05-13,5056.914318834969,5672.544986120894,4114.590959755849,20090.276959106082,12768.25999598509
2020-05-14,5003.478352615131,5672.544986120894,4071.112441103665,19982.695303385146,12768.25999598509
2020-05-15,5003.478352615131,5672.544986120894,4071.112441103665,19982.695303385146,12768.25999598509
2020-05-18,5058.218782931185,5672.544986120894,4157.484399485215,19982.695303385146,12768.25999598509
2020-05-19,5100.102099220017,5719.515076979371,4191.9094098578635,20132.328292751474,12863.870367018579
2020-05-20,5087.346477935609,5719.515076979371,4181.425225845376,20081.976289932747,12863.870367018579
2020-05-21,5055.173640905977,5683.344348828994,4154.981516354351,20081.976289932747,12863.870367018579
2020-05-22,5055.173640905977,5683.344348828994,4154.981516354351,20081.976289932747,12863.870367018579
2020-05-26,5089.8686894875655,5722.350705938655,4183.498298527571,20081.976289932747,12863.870367018579
2020-05-27,5089.8686894875655,5722.350705938655,4183.498298527571,20081.976289932747,12863.870367018579
2020-05-28,5097.763460469225,5722.350705938655,4229.838915543571,20155.29730433871,12863.870367018579
2020-05-29,5097.763460469225,5722.350705938655,4229.838915543571,20155.29730433871,12863.870367018579
2020-06-01,5097.763460469225,5722.350705938655,4229.838915543571,20155.29730433871,12863.870367018579
2020-06-02,5030.835499176549,5647.222609172288,4174.305837673438,19989.79472405883,12758.240382703281
2020-06-03,5017.096645616477,5631.800446300685,4162.906105635263,20037.293207212693,12788.555704809187
2020-06-04,5003.332078038629,5616.349418883107,4151.485037543757,19982.320242586073,12753.469886923716
2020-06-05,5003.332078038629,5616.349418883107,4151.485037543757,19982.320242586073,12753.469886923716
2020-06-08,4938.324102943096,5543.376548512748,4097.545056802778,19915.31880285988,12710.70704289185
2020-06-09,4941.556344313511,5547.004809971167,4100.226989858133,19928.35381554794,12719.026479262335
2020-06-10,4916.436081114362,5518.806766463323,4079.383600855797,19679.099682957883,12559.943097773741
2020-06-11,4900.686036655995,5501.126997928787,4066.3150951300695,19679.099682957883,12559.943097773741
2020-06-12,4900.686036655995,5501.126997928787,4066.3150951300695,19679.099682957883,12559.943097773741
2020-06-15,4884.185696841891,5501.126997928787,4055.0800164522075,19560.92889001413,12559.943097773741
2020-06-16,4837.139679402862,5501.126997928787,3990.9334552893356,19512.260755660558,12559.943097773741
2020-06-17,4800.004790299568,5501.126997928787,3960.2949207206807,19482.09458535527,12559.943097773741
2020-06-18,4767.009790182212,5463.312517762211,3933.072045518969,19259.119223051537,12416.192750475582
2020-06-19,4767.009790182212,5463.312517762211,3933.072045518969,19259.119223051537,12416.192750475582
2020-06-22,4718.545585763494,5463.312517762211,3893.0861390498553,19259.119223051537,12416.192750475582
2020-06-23,4761.721996504687,5513.303817196957,3928.709295197294,19302.414734420792,12444.105003791281
2020-06-24,4704.381444326192,5446.912733165186,3881.3998637561554,19302.414734420792,12444.105003791281
2020-06-25,4704.381444326192,5446.912733165186,3881.3998637561554,19302.414734420792,12444.105003791281
2020-06-26,4704.381444326192,5446.912733165186,3881.3998637561554,19302.414734420792,12444.105003791281
2020-06-29,4682.011694664266,5446.912733165186,3862.943464266106,19190.190495154868,12444.105003791281
2020-06-30,4682.011694664266,5446.912733165186,3862.943464266106,19190.190495154868,12444.105003791281
2020-07-01,4630.253717117298,5386.699046115934,3820.239995302852,19120.047002529493,12398.619630012256
2020-07-02,4628.5002816464,5384.659151597067,3818.7933047488673,19112.806412560196,12393.924384183918
2020-07-06,4716.990703265099,5487.606268287814,3891.8032667341536,19112.806412560196,12393.924384183918
2020-07-07,4671.05975035156,5434.1715678669925,3853.9074463185248,19040.228545068214,12346.860411356265
2020-07-08,4709.884736197643,5479.339398184672,3885.9404131509805,19198.487407784072,12449.485234487332
2020-07-09,4674.630711892109,5438.325917995384,3856.853706055536,19111.50632614356,12393.081327837674
2020-07-10,4674.630711892109,5438.325917995384,3856.853706055536,19111.50632614356,12393.081327837674
2020-07-13,4679.551787256604,5444.0509502703535,3860.913891539076,19131.62538340315,12406.127767432885
2020-07-14,4529.74799017268,5444.0509502703535,3737.316678074814,19131.62538340315,12406.127767432885
2020-07-15,4457.683978585778,5444.0509502703535,3640.0178935466874,19069.07813887662,12406.127767432885
2020-07-16,4514.091617192571,5444.0509502703535,3613.8642061337205,18984.765963509246,12406.127767432885
2020-07-17,4514.091617192571,5444.0509502703535,3613.8642061337205,18984.765963509246,12406.127767432885
2020-07-20,4494.212237258515,5420.076169428824,3597.94929219839,18984.765963509246,12406.127767432885
2020-07-21,4494.212237258515,5420.076169428824,3597.94929219839,18984.765963509246,12406.127767432885
2020-07-22,4478.891295165855,5420.076169428824,3585.683744901557,18920.04616733267,12406.127767432885
2020-07-23,4428.364272915884,5358.931504117377,3545.2331265631424,18820.24017992877,12340.68364426655
2020-07-24,4428.364272915884,5358.931504117377,3545.2331265631424,18820.24017992877,12340.68364426655
2020-07-27,4455.189497924138,5358.931504117377,3534.670842952351,18934.24552059681,12340.68364426655
2020-07-28,4476.728396708434,5384.839601475063,3551.75943538094,18954.044594636183,12353.587993103873
2020-07-29,4355.5973748985,5239.136966557819,3455.6561627439182,18742.686186083338,12215.831922883435
2020-07-30,4342.145514911798,5222.9563761911695,3444.983688026373,18720.50431550402,12201.374550015864
2020-07-31,4342.145514911798,5222.9563761911695,3444.983688026373,18720.50431550402,12201.374550015864
2020-08-03,4321.964292598268,5198.6813620536195,3428.9722527956123,18501.553097990683,12058.66975061312
2020-08-04,4230.69023562552,5088.892222972605,3356.556983355363,18359.200411382477,11965.88921338853
2020-08-05,4240.642392505012,5100.863190102125,3364.4528537246974,18359.200411382477,11965.88921338853
2020-08-06,4227.088323324475,5084.559657250286,3353.6992879879026,18461.302894132667,12032.436065627431
2020-08-07,4227.088323324475,5084.559657250286,3353.6992879879026,18461.302894132667,12032.436065627431
2020-08-10,4224.37721811282,5081.298600198396,3351.5483436681884,18461.302894132667,12032.436065627431
2020-08-11,4176.928350359068,5024.224657022969,3313.903226786306,18325.458514114143,11943.897416604606
2020-08-12,4205.190905444975,5024.224657022969,3348.319361390027,18325.458514114143,11943.897416604606
2020-08-13,4212.4682781861875,5032.9194241303085,3354.1138588569324,18295.212838463165,11924.184335647155
2020-08-14,4212.4682781861875,5032.9194241303085,3354.1138588569324,18295.212838463165,11924.184335647155
2020-08-17,4311.852933175828,5151.6609617575605,3433.2473802616328,18726.85132113813,12205.51130785677
2020-08-18,4247.460727821304,5074.727259308194,3381.9760651753227,18726.85132113813,12205.51130785677
2020-08-19,4228.703941247244,5052.317263731087,3367.041258871507,18726.85132113813,12205.51130785677
2020-08-20,4228.703941247244,5052.317263731087,3367.041258871507,18726.85132113813,12205.51130785677
2020-08-21,4228.703941247244,5052.317263731087,3367.041258871507,18726.85132113813,12205.51130785677
2020-08-24,4162.951675840392,4973.758605981574,3314.687016634384,18726.85132113813,12205.51130785677
2020-08-25,4122.009465649798,4924.842191345973,3282.0874038791662,18650.47762974437,12155.733588263456
2020-08-26,4154.5902719563965,4963.768673893852,3308.0293758416824,18650.47762974437,12155.733588263456
2020-08-27,4104.439982774254,4903.850747423617,3268.097970104442,18433.131109464928,12014.074674786654
2020-08-28,4104.439982774254,4903.850747423617,3268.097970104442,18433.131109464928,12014.074674786654
2020-08-31,4116.599391448891,4918.378411506317,3277.779714501736,18549.413234352214,12089.863325311762
2020-09-01,4121.300202513045,4923.994786930783,3281.5226638836452,18678.107506814165,12173.74178255234
2020-09-02,4111.769986582021,4912.608396409154,3273.934374258374,18633.74863269571,12144.830208984955
2020-09-03,4116.828358341732,4912.608396409154,3308.9085976746633,18656.672198014,12144.830208984955
2020-09-04,4116.828358341732,4912.608396409154,3308.9085976746633,18656.672198014,12144.830208984955
2020-09-08,4141.412458424432,4912.608396409154,3355.8340418192756,18656.672198014,12144.830208984955
2020-09-09,4121.314197552858,4912.608396409154,3339.5481903878413,18659.80651894325,12144.830208984955
2020-09-10,4102.625763088093,4912.608396409154,3274.848855812382,18431.166882637706,12144.830208984955
2020-09-11,4102.625763088093,4912.608396409154,3274.848855812382,18431.166882637706,12144.830208984955
2020-09-14,4025.3101570129375,4912.608396409154,3213.1330331385934,18355.7208226522,12144.830208984955
2020-09-15,3997.4807848868304,4912.608396409154,3190.918726319499,18228.816766693544,12144.830208984955
2020-09-16,4016.50690424581,4912.608396409154,3214.1877210014068,18315.57731971166,12144.830208984955
2020-09-17,4005.7371690641544,4912.608396409154,3238.2743950667236,18266.46650722335,12144.830208984955
2020-09-18,4005.7371690641544,4912.608396409154,3238.2743950667236,18266.46650722335,12144.830208984955
2020-09-21,3942.98746838636,4912.608396409154,3187.546965775481,18195.418606824405,12144.830208984955
2020-09-22,3904.432606191929,4912.608396409154,3156.378864180159,18017.502277497802,12144.830208984955
2020-09-23,3861.117668162268,4912.608396409154,3121.3626739446604,17987.453368701234,12144.830208984955
2020-09-24,3835.8917508609243,4912.608396409154,3100.969812745508,17987.453368701234,12144.830208984955
2020-09-25,3835.8917508609243,4912.608396409154,3100.969812745508,17987.453368701234,12144.830208984955
2020-09-28,3844.7906594186206,4912.608396409154,3117.965274040421,17923.396941215677,12144.830208984955
2020-09-29,3897.28634348962,4912.608396409154,3074.382875343926,17836.937463001883,12144.830208984955
2020-09-30,3826.4634154969676,4823.334660776105,3018.514053345242,17836.937463001883,12144.830208984955
2020-10-01,3827.8464365147847,4823.334660776105,3039.2717375619245,17978.380815533375,12144.830208984955
2020-10-02,3827.8464365147847,4823.334660776105,3039.2717375619245,17978.380815533375,12144.830208984955
2020-10-05,3853.921885677718,4823.334660776105,3071.1284298135847,17978.380815533375,12144.830208984955
2020-10-06,3811.3006073632273,4769.9924563726245,3037.1642179199616,17790.63917364101,12018.006198116922
2020-10-07,3786.386751923558,4769.9924563726245,3017.310766810488,17737.83655657363,12018.006198116922
2020-10-08,3784.3727486002026,4767.455266885937,3015.705839921056,17606.80046945915,11929.224654657768
2020-10-09,3784.3727486002026,4767.455266885937,3015.705839921056,17606.80046945915,11929.224654657768
2020-10-12,3773.193379167812,4753.371785362975,3006.797180039081,17606.80046945915,11929.224654657768
2020-10-13,3949.843369954547,4975.910891555164,3147.5667194652924,18445.681291650555,12497.595824863496
2020-10-14,3938.666509348608,4961.830570587114,3138.6600588268075,18393.485599500684,12462.231413325964
2020-10-15,3925.9510588495305,4945.811973720545,3128.5273206229717,18334.104726534966,12421.998789856045
2020-10-16,3925.9510588495305,4945.811973720545,3128.5273206229717,18334.104726534966,12421.998789856045
2020-10-19,3868.980847101401,4874.042369060251,3083.1286742200978,18334.104726534966,12421.998789856045
2020-10-20,3887.718900213203,4897.648085498224,3098.060727680982,18334.104726534966,12421.998789856045
2020-10-21,3887.718900213203,4897.648085498224,3098.060727680982,18334.104726534966,12421.998789856045
2020-10-22,3887.718900213203,4897.648085498224,3098.060727680982,18334.104726534966,12421.998789856045
2020-10-23,3887.718900213203,4897.648085498224,3098.060727680982,18334.104726534966,12421.998789856045
2020-10-26,3875.042172474944,4881.678270567863,3087.9588470230847,18274.32250978821,12381.494241902397
2020-10-27,3874.430850932116,4880.908143441725,3087.4716947076954,18251.590006461185,12366.092173842319
2020-10-28,3874.430850932116,4880.908143441725,3087.4716947076954,18251.590006461185,12366.092173842319
2020-10-29,3846.8845367142694,4880.908143441725,3065.520479493553,18251.590006461185,12366.092173842319
2020-10-30,3846.8845367142694,4880.908143441725,3065.520479493553,18251.590006461185,12366.092173842319
2020-11-02,3851.568419129911,4880.908143441725,3091.07745173226,18273.812742982875,12366.092173842319
2020-11-03,3824.1460621320102,4880.908143441725,3069.069630459099,18273.812742982875,12366.092173842319
2020-11-04,3804.240261829707,4880.908143441725,3053.0942241369553,17976.02269052323,12366.092173842319
2020-11-05,3788.455758660012,4880.908143441725,3040.426366130771,17901.436815917983,12366.092173842319
2020-11-06,3788.455758660012,4880.908143441725,3040.426366130771,17901.436815917983,12366.092173842319
2020-11-09,3746.898003606251,4827.366648440394,3007.0741766815927,17715.442639137775,12237.609686234575
2020-11-10,3708.384406487461,4827.366648440394,2976.1650771449713,17533.34923282457,12237.609686234575
2020-11-11,3733.507190623325,4827.366648440394,3007.980602944075,17652.13048624166,12237.609686234575
2020-11-12,3740.937886996807,4836.974423118884,3013.9673037635985,17594.978187832177,12197.987980449452
2020-11-13,3740.937886996807,4836.974423118884,3013.9673037635985,17594.978187832177,12197.987980449452
2020-11-16,3725.312138604349,4816.770573817049,3001.37808251098,17521.484665501986,12147.037471022593
2020-11-17,3745.6782896484992,4843.103689916181,3017.7865114143156,17617.274008767345,12213.44489962708
2020-11-18,3727.322675142372,4819.370166246788,3002.9979146417645,17617.274008767345,12213.44489962708
2020-11-19,3695.1836064719823,4777.814851019051,2977.1043807013407,17617.274008767345,12213.44489962708
2020-11-20,3695.1836064719823,4777.814851019051,2977.1043807013407,17617.274008767345,12213.44489962708
2020-11-23,3696.7302836239983,4779.814680487251,2978.35049451196,17524.646042421,12149.229143967461
2020-11-24,3689.658357781005,4770.670790516865,2972.6528449093003,17524.646042421,12149.229143967461
2020-11-25,3650.727533937027,4720.333841630649,2941.2873869095342,17300.758211045882,11994.015477492374
2020-11-27,3650.727533937027,4720.333841630649,2941.2873869095342,17300.758211045882,11994.015477492374
2020-11-30,3650.727533937027,4720.333841630649,2941.2873869095342,17300.758211045882,11994.015477492374
2020-12-01,3592.8593039922707,4645.511121604506,2894.6645991892633,17217.244855122433,11936.118565038927
2020-12-02,3581.845240399662,4631.270108922304,2885.7908812734754,17217.244855122433,11936.118565038927
2020-12-03,3586.171694273612,4636.864146397194,2889.276582162189,17217.244855122433,11936.118565038927
2020-12-04,3586.171694273612,4636.864146397194,2889.276582162189,17217.244855122433,11936.118565038927
2020-12-07,3572.983802140533,4619.812407269346,2878.651472391502,17153.929657932986,11892.224335330202
2020-12-08,3538.3349742385385,4575.0120124444165,2850.7358967885675,16987.58030135192,11776.900097330605
2020-12-09,3464.3055860961267,4479.2931665772785,2791.092523356892,16842.8784417032,11676.58331796884
2020-12-10,3464.3055860961267,4479.2931665772785,2791.092523356892,16842.8784417032,11676.58331796884
2020-12-11,3464.3055860961267,4479.2931665772785,2791.092523356892,16842.8784417032,11676.58331796884
2020-12-14,3472.336499189126,4489.677012125784,2797.5628017236622,16881.923407466074,11703.651838201618
2020-12-15,3492.448986118209,4515.682144474931,2813.7668606609504,16790.75258351414,11640.446268813503
2020-12-16,3473.1999304379237,4490.7934152826165,2798.2584437341775,16768.26647872004,11624.85743243772
2020-12-17,3458.4318817497515,4471.698558339827,2786.360246749605,16726.692073168717,11596.035339349815
2020-12-18,3458.4318817497515,4471.698558339827,2786.360246749605,16726.692073168717,11596.035339349815
2020-12-21,3422.96170659943,4425.836174315219,2757.7829350189195,16726.692073168717,11596.035339349815
2020-12-22,3395.726365894933,4390.621302972264,2735.8401952916606,16712.42990064257,11586.147869914399
2020-12-23,3435.197098833645,4441.656345908936,2767.640642699881,16906.68932742985,11720.821191344197
2020-12-24,3435.197098833645,4441.656345908936,2767.640642699881,16906.68932742985,11720.821191344197
2020-12-28,3426.1045451553186,4429.899815618558,2760.315030695082,16847.979862701275,11680.119956170573
2020-12-29,3377.3113064798,4366.810917961375,2721.0037054458926,16847.979862701275,11680.119956170573
2020-12-30,3377.3113064798,4366.810917961375,2721.0037054458926,16847.979862701275,11680.119956170573
2020-12-31,3385.0257973828157,4341.573478459728,2717.02950237546,16969.895396251573,11608.071781980572
2021-01-04,3433.4392330049777,4289.842685455153,2756.4591208439897,16969.895396251573,11317.600521174349
2021-01-05,3398.767151622354,4246.522339698348,2728.6234236086752,16798.52740214891,11203.311395986382
2021-01-06,3376.877409204869,4219.172634337767,2711.049738436215,16798.52740214891,11203.311395986382
2021-01-07,3376.877409204869,4219.172634337767,2711.049738436215,16798.52740214891,11203.311395986382
2021-01-08,3376.877409204869,4219.172634337767,2711.049738436215,16798.52740214891,11203.311395986382
2021-01-11,3384.269881334906,4228.409012308178,2716.9846176769906,16852.28644306617,11239.164495566323
2021-01-12,3346.460818220635,4181.169226822673,2686.6304655283047,16852.28644306617,11239.164495566323
2021-01-13,3338.066758994245,4170.681435680935,2679.89148471482,16964.468158201187,11313.98097545805
2021-01-14,3287.2800056152782,4107.226931984914,2639.1184871257565,16858.604388012824,11243.378073514295
2021-01-15,3287.2800056152782,4107.226931984914,2639.1184871257565,16858.604388012824,11243.378073514295
2021-01-19,3243.479872760209,4052.5017230037624,2603.9545399843746,16842.81212858467,11232.845864601913
2021-01-20,3243.479872760209,4052.5017230037624,2603.9545399843746,16842.81212858467,11232.845864601913
2021-01-21,3291.1182079976857,4112.0224979751865,2642.1999011967932,16809.27670663996,11210.480346134249
2021-01-22,3291.1182079976857,4112.0224979751865,2642.1999011967932,16809.27670663996,11210.480346134249
2021-01-25,3318.1235485842985,4145.763786205972,2663.8805287890627,16695.159700353077,11134.373177547188
2021-01-26,3292.012645485701,4113.140035189381,2642.917980127145,16563.78252564313,11046.75481890391
2021-01-27,3258.3157813485295,4071.038155315682,2615.865214025485,16477.816494335046,10989.4221613938
2021-01-28,3304.6549788359343,4128.935748341444,2653.067591845044,16477.816494335046,10989.4221613938
2021-01-29,3304.6549788359343,4128.935748341444,2653.067591845044,16477.816494335046,10989.4221613938
2021-02-01,3277.371747330663,4128.935748341444,2631.16386580677,16477.816494335046,10989.4221613938
2021-02-02,3270.6266892178455,4120.4381125180635,2625.7487482835086,16415.36513432327,10947.771960958658
2021-02-03,3246.307775427875,4089.8003819676537,2606.2248577538617,16352.529475525607,10905.865463119322
2021-02-04,3329.619830024347,4194.759522099169,2673.1100586221783,16656.823972696737,11108.806228478148
2021-02-05,3329.619830024347,4194.759522099169,2673.1100586221783,16656.823972696737,11108.806228478148
2021-02-08,3356.554788800796,4228.69302819678,2694.734181768205,16690.46331742817,11131.241055362732
2021-02-09,3356.554788800796,4228.69302819678,2694.734181768205,16690.46331742817,11131.241055362732
2021-02-10,3337.3792166690773,4204.5350408296035,2679.339506891837,16577.111796270747,11055.644405827077
2021-02-11,3328.9394060476684,4193.902302626393,2672.5637956044648,16427.6842703383,10955.987866650976
2021-02-12,3328.9394060476684,4193.902302626393,2672.5637956044648,16427.6842703383,10955.987866650976
2021-02-16,3338.3852259734517,4205.802442912806,2680.1471587343513,16281.394105509895,10858.423703346212
2021-02-17,3312.4744514626855,4173.159236284856,2659.3452787879205,16233.079568009925,10826.201664139611
2021-02-18,3306.498966573296,4165.631132952187,2654.547995741088,16203.796165801623,10806.671912166737
2021-02-19,3306.498966573296,4165.631132952187,2654.547995741088,16203.796165801623,10806.671912166737
2021-02-22,3277.0692642655044,4128.554670686148,2630.9210241115256,16117.429146873552,10749.071827097945
2021-02-23,3277.0692642655044,4128.554670686148,2630.9210241115256,16117.429146873552,10749.071827097945
2021-02-24,3247.023617659353,4128.554670686148,2637.4943126824433,15967.360932183927,10749.071827097945
2021-02-25,3247.023617659353,4128.554670686148,2637.4943126824433,15967.360932183927,10749.071827097945
2021-02-26,3247.023617659353,4128.554670686148,2637.4943126824433,15967.360932183927,10749.071827097945
2021-03-01,3255.1779617266866,4128.554670686148,2652.5671407260547,15967.360932183927,10749.071827097945
2021-03-02,3247.7976185646407,4119.194153199488,2646.5530745247274,15931.158732348053,10724.700858846678
2021-03-03,3247.7976185646407,4119.194153199488,2646.5530745247274,15931.158732348053,10724.700858846678
2021-03-04,3111.74417197277,4119.194153199488,2535.6863550840826,15639.731158249757,10724.700858846678
2021-03-05,3111.74417197277,4119.194153199488,2535.6863550840826,15639.731158249757,10724.700858846678
2021-03-08,3083.1068033611105,4119.194153199488,2538.5719769474945,15462.36589491517,10724.700858846678
2021-03-09,3110.446969104905,4119.194153199488,2621.2500755152005,15462.36589491517,10724.700858846678
2021-03-10,3078.285974089693,4119.194153199488,2594.147214913617,15414.671869240801,10724.700858846678
2021-03-11,3104.3639775796296,4119.194153199488,2635.6095217581073,15630.396419787867,10724.700858846678
2021-03-12,3104.3639775796296,4119.194153199488,2635.6095217581073,15630.396419787867,10724.700858846678
2021-03-15,3050.2435782857406,4047.3815584295853,2589.6612242226047,15674.1835206144,10754.745110139384
2021-03-16,3050.2435782857406,4047.3815584295853,2589.6612242226047,15674.1835206144,10754.745110139384
2021-03-17,3022.654892224447,4010.7740101076456,2566.238389722176,15674.1835206144,10754.745110139384
2021-03-18,3034.8970641327833,4010.7740101076456,2564.025819656118,15715.418475719434,10754.745110139384
2021-03-19,3034.8970641327833,4010.7740101076456,2564.025819656118,15715.418475719434,10754.745110139384
2021-03-22,3032.833691735368,4010.7740101076456,2580.9358088104464,15715.418475719434,10754.745110139384
2021-03-23,3004.3629726568697,3973.122878612935,2556.707280034695,15567.890022101115,10653.784965959361
2021-03-24,3004.3629726568697,3973.122878612935,2556.707280034695,15567.890022101115,10653.784965959361
2021-03-25,2971.5466839101036,3929.7249440765354,2528.7806795852225,15333.737645174237,10493.544299465331
2021-03-26,2971.5466839101036,3929.7249440765354,2528.7806795852225,15333.737645174237,10493.544299465331
2021-03-29,2934.4076537871497,3929.7249440765354,2497.175434295965,15333.737645174237,10493.544299465331
2021-03-30,2954.4841073455646,3956.611099527798,2514.2604587877577,15438.647087907237,10565.338398870535
2021-03-31,2954.4841073455646,3956.611099527798,2514.2604587877577,15438.647087907237,10565.338398870535
2021-04-01,2949.3466027398995,3949.7310125115528,2509.888451960999,15411.80107430975,10546.966502893956
2021-04-05,2949.3466027398995,3949.7310125115528,2509.888451960999,15411.80107430975,10546.966502893956
2021-04-06,2961.8848230777235,3966.52205282672,2520.5584540573323,15477.319503880859,10591.803616913068
2021-04-07,2959.3823491954013,3963.1707686162367,2518.4288534560537,15571.828185034108,10656.48002232149
2021-04-08,2891.560149597564,3872.3440597989443,2460.7122882347708,15495.620167974945,10604.327558161101
2021-04-09,2891.560149597564,3872.3440597989443,2460.7122882347708,15495.620167974945,10604.327558161101
2021-04-12,2867.119449441247,3839.6133555523757,2439.9132980370114,15444.813306881048,10569.558210990657
2021-04-13,2870.400266817039,3844.0069884077056,2442.705267497923,15462.486659092778,10581.65285540452
2021-04-14,2946.0810852280124,3945.357869057808,2507.1095026557027,15462.486659092778,10581.65285540452
2021-04-15,2892.534479143249,3873.6488707083927,2461.541440858897,15204.063781532404,10404.802828592661
2021-04-16,2892.534479143249,3873.6488707083927,2461.541440858897,15204.063781532404,10404.802828592661
2021-04-19,2870.7238513255897,3844.440329055904,2442.980637310509,15204.063781532404,10404.802828592661
2021-04-20,2841.032943113167,3804.6786066298932,2417.713729860104,15162.63176783797,10376.449097677261
2021-04-21,2795.1677935094763,3743.256526357982,2378.682573186004,15162.63176783797,10376.449097677261
2021-04-22,2764.9039122893205,3702.7274850770514,2352.928066775864,14998.462701539927,10264.101057710468
2021-04-23,2764.9039122893205,3702.7274850770514,2352.928066775864,14998.462701539927,10264.101057710468
2021-04-26,2756.9784317696194,3692.1137728166345,2346.183497651923,14914.231335008086,10206.457866170369
2021-04-27,2756.9784317696194,3692.1137728166345,2346.183497651923,14914.231335008086,10206.457866170369
2021-04-28,2730.0601214214817,3656.0650815276285,2323.276065807077,14854.609521920864,10165.65606354907
2021-04-29,2730.0601214214817,3656.0650815276285,2323.276065807077,14854.609521920864,10165.65606354907
2021-04-30,2730.0601214214817,3656.0650815276285,2323.276065807077,14854.609521920864,10165.65606354907
2021-05-03,2765.9112656667075,3704.0765211216885,2353.7853226191073,14925.038515047492,10213.853690014499
2021-05-04,2765.9112656667075,3704.0765211216885,2353.7853226191073,14925.038515047492,10213.853690014499
2021-05-05,2769.1340384700866,3708.3924213539503,2356.5278962572756,14925.038515047492,10213.853690014499
2021-05-06,2768.3866337985132,3707.3915056231685,2355.891856277308,15088.835890431204,10325.947365705242
2021-05-07,2768.3866337985132,3707.3915056231685,2355.891856277308,15088.835890431204,10325.947365705242
2021-05-10,2768.3866337985132,3707.3915056231685,2355.891856277308,15088.835890431204,10325.947365705242
2021-05-11,2733.638580824649,3660.8573131590597,2326.3213280775335,14899.444834126602,10196.338819814913
2021-05-12,2726.0815858054393,3650.7370724382713,2319.8903394264803,14899.444834126602,10196.338819814913
2021-05-13,2695.188609307501,3609.365554004547,2293.6004741095844,14816.576443575688,10139.628372082356
2021-05-14,2695.188609307501,3609.365554004547,2293.6004741095844,14816.576443575688,10139.628372082356
2021-05-17,2760.676094478529,3697.0656401426468,2349.3302017129918,15212.750651659684,10410.747632045915
2021-05-18,2719.166246837885,3641.4761301140284,2314.005398877297,15104.504973806394,10336.670401688667
2021-05-19,2793.922693978103,3741.589103401264,2377.622995809634,15195.177474584101,10398.721541839328
2021-05-20,2793.922693978103,3741.589103401264,2377.622995809634,15195.177474584101,10398.721541839328
2021-05-21,2793.922693978103,3741.589103401264,2377.622995809634,15195.177474584101,10398.721541839328
2021-05-24,2793.922693978103,3741.589103401264,2377.622995809634,15195.177474584101,10398.721541839328
2021-05-25,2785.035228893323,3729.6871124872914,2370.059779617013,15146.841631379324,10365.643219798194
2021-05-26,2768.6602855506644,3707.757976898908,2356.1247334074305,15057.783988244006,10304.697197042906
2021-05-27,2748.582573059515,3680.8701354994228,2339.0386375662315,14948.58826667152,10229.969810403838
2021-05-28,2748.582573059515,3680.8701354994228,2339.0386375662315,14948.58826667152,10229.969810403838
2021-06-01,2759.830279253453,3695.9329341316843,2348.610414535744,14948.58826667152,10229.969810403838
2021-06-02,2722.106637714638,3645.4138677214123,2316.507666023165,14762.554331758087,10102.658688850099
2021-06-03,2724.079268461232,3648.0555921049818,2318.186371105253,14773.252321384805,10109.97978894069
2021-06-04,2724.079268461232,3648.0555921049818,2318.186371105253,14773.252321384805,10109.97978894069
2021-06-07,2805.3707139683183,3756.9201599631488,2387.365239445756,14900.631251803228,10197.150737087497
2021-06-08,2781.3501233800775,3724.7520616131346,2366.923761706008,14900.631251803228,10197.150737087497
2021-06-09,2731.3033876438712,3657.7300493380662,2324.3340830409243,14900.631251803228,10197.150737087497
2021-06-10,2717.7517786528315,3639.581890606361,2312.8016890928875,14826.700421065932,10146.55665067555
2021-06-11,2717.7517786528315,3639.581890606361,2312.8016890928875,14826.700421065932,10146.55665067555
2021-06-14,2679.4709676664875,3656.726250502874,2287.6990834999606,14772.057062334263,10194.352310770055
2021-06-15,2658.2341275295744,3627.7439208775545,2269.56733275367,14722.7515014407,10160.326023401405
2021-06-16,2623.7087032921545,3580.626401545494,2240.089953696946,14607.029127230235,10080.464792974106
2021-06-17,2623.7087032921545,3580.626401545494,2240.089953696946,14607.029127230235,10080.464792974106
2021-06-18,2623.7087032921545,3580.626401545494,2240.089953696946,14607.029127230235,10080.464792974106
2021-06-21,2625.0658861875936,3582.4785754934014,2241.248699622356,14607.029127230235,10080.464792974106
2021-06-22,2626.4063951536623,3584.307994204935,2242.393209553647,14563.827341437813,10050.650785150827
2021-06-23,2628.983184482228,3587.8245888213673,2244.5932403270594,14486.141109557324,9997.038697535405
2021-06-24,2651.507161516557,3618.5634992559467,2263.8239325943036,14507.321817430502,10011.655727332918
2021-06-25,2651.507161516557,3618.5634992559467,2263.8239325943036,14507.321817430502,10011.655727332918
2021-06-28,2678.581049985508,3692.73155560446,2266.2970048721468,14447.667710117235,10073.465611830528
2021-06-29,2676.3132968868945,3717.6041719552472,2259.139583849853,14435.435956585812,10141.316047669994
2021-06-30,2637.797156063527,3764.799150508912,2226.6271950901287,14362.853822773275,10218.910899862543
2021-07-01,2622.534607400037,3826.83239788708,2219.1105828242157,14362.853822773275,10439.918040265622
2021-07-02,2622.534607400037,3826.83239788708,2219.1105828242157,14362.853822773275,10439.918040265622
2021-07-06,2592.794349648254,3748.2317305011675,2193.766044576168,14170.68966810505,10266.462870299782
2021-07-07,2598.952408449801,3757.134029829837,2198.976384648519,14078.296771468998,10199.525532385422
2021-07-08,2654.0864183256544,3836.8376304160047,2245.625328782242,14602.081818649702,10579.000340234908
2021-07-09,2654.0864183256544,3836.8376304160047,2245.625328782242,14602.081818649702,10579.000340234908
2021-07-12,2640.915078452212,3822.743665141558,2253.3279521895147,14529.616588744118,10598.66318813993
2021-07-13,2618.889793151084,3785.464268919097,2234.5351513800815,14529.616588744118,10495.305024729189
2021-07-14,2610.3754426480696,3773.1572334392135,2227.2703876852083,14482.378920082187,10461.183426389965
2021-07-15,2586.977860708914,3739.337287811333,2207.3066918332224,14482.378920082187,10461.183426389965
2021-07-16,2586.977860708914,3739.337287811333,2207.3066918332224,14482.378920082187,10461.183426389965
2021-07-19,2553.1639852785925,3690.4611504611053,2178.455423081464,14482.378920082187,10461.183426389965
2021-07-20,2534.449067684344,3663.4097441613562,2162.487152355106,14482.378920082187,10461.183426389965
2021-07-21,2534.449067684344,3663.4097441613562,2162.487152355106,14482.378920082187,10461.183426389965
2021-07-22,2520.372327421476,3643.062573605612,2150.476348763261,14490.915931319762,10467.350040380818
2021-07-23,2520.372327421476,3643.062573605612,2150.476348763261,14490.915931319762,10467.350040380818
2021-07-26,2562.9249795294486,3704.570142394393,2167.021490134128,14735.57299950071,10644.075320179614
2021-07-27,2562.9249795294486,3431.439594935949,2167.021490134128,14735.57299950071,10000.449373719024
2021-07-28,2547.53843387137,3410.8389131281997,2154.011755020419,14735.57299950071,10000.449373719024
2021-07-29,2537.257623520311,3397.074179478786,2145.3190554116973,14676.106327905949,9960.091700574781
2021-07-30,2537.257623520311,3397.074179478786,2145.3190554116973,14676.106327905949,9960.091700574781
2021-08-02,2523.8810405579193,3379.1645891518283,2134.008797415231,14598.732965406109,9907.581466016527
2021-08-03,2495.183308942903,3340.7418755198855,2109.744099219008,14521.096903496078,9854.89294778025
2021-08-04,2493.6300918031206,3338.6623098534888,2108.430812662579,14416.775123587759,9784.093890384604
2021-08-05,2514.6865736627938,3366.8543350436285,2126.234630199567,14538.51193004621,9866.711836082897
2021-08-06,2514.6865736627938,3366.8543350436285,2126.234630199567,14538.51193004621,9866.711836082897
2021-08-09,2528.720490109528,3401.9155248940733,2131.9286739199956,14619.648189261581,9965.745320562666
2021-08-10,2490.7346198864057,3250.5630317562177,2099.903321078816,14558.386399386578,9522.365586643189
2021-08-11,2490.7346198864057,3250.5630317562177,2099.903321078816,14558.386399386578,9522.365586643189
2021-08-12,2492.688157357711,3253.1125192185414,2101.550321040632,14393.12447688402,9414.270884356187
2021-08-13,2492.688157357711,3253.1125192185414,2101.550321040632,14393.12447688402,9414.270884356187
2021-08-16,2473.662190403736,3187.2433022215764,2088.365709372701,14393.12447688402,9342.201351389405
2021-08-17,2412.8984651372552,3108.950972280594,2037.0665139075552,14186.979841307097,9208.398250043245
2021-08-18,2421.299889715059,3119.7759686437216,2044.1593364708913,14119.888210557716,9164.850824016296
2021-08-19,2446.803634159768,3152.6368172180782,2065.6906294524288,14119.888210557716,9164.850824016296
2021-08-20,2446.803634159768,3152.6368172180782,2065.6906294524288,14119.888210557716,9164.850824016296
2021-08-23,2446.803634159768,3152.6368172180782,2065.6906294524288,14119.888210557716,9164.850824016296
2021-08-24,2458.3964837886656,3184.5116155899113,2052.2303659231566,13955.03080273681,9260.820068638672
2021-08-25,2429.5312912914314,3068.0196997574067,2039.6818479022954,13900.5965182195,9053.674045343354
2021-08-26,2454.5257497008106,3083.6942642204367,2031.8210736300423,14043.961842978495,9092.48584876224
2021-08-27,2454.5257497008106,3083.6942642204367,2031.8210736300423,14043.961842978495,9092.48584876224
2021-08-30,2454.5257497008106,3083.6942642204367,2031.8210736300423,14043.961842978495,9092.48584876224
2021-08-31,2467.4059343459403,3123.632012340661,2044.6823298861063,14117.657880475259,9379.568113831056
2021-09-01,2483.3945692069365,3123.632012340661,2050.5324819488656,14209.13941328726,9379.568113831056
2021-09-02,2488.2250136152857,3015.7130204462273,2060.1531615725057,14320.751613733368,9079.54475201667
2021-09-03,2488.2250136152857,3015.7130204462273,2060.1531615725057,14320.751613733368,9079.54475201667
2021-09-07,2482.781800074459,2991.3788272848806,2047.6911592181484,14258.92983463757,9016.342506356994
2021-09-08,2455.8817116709674,3089.868626153206,2025.5051285309712,14104.439225322072,9314.859829292438
2021-09-09,2479.698979200631,3119.834331484565,2045.148581755803,14241.22480452524,9405.195820436176
2021-09-10,2479.698979200631,3119.834331484565,2045.148581755803,14241.22480452524,9405.195820436176
2021-09-13,2479.698979200631,3119.834331484565,2045.148581755803,14241.22480452524,9405.195820436176
2021-09-14,2479.698979200631,3119.834331484565,2045.148581755803,14241.22480452524,9405.195820436176
2021-09-15,2476.461487065791,3115.7610793701324,2042.4784381200025,14222.63147780217,9392.916407591834
2021-09-16,2463.782004252015,3099.8083826437583,2032.0209485168286,14222.63147780217,9392.916407591834
2021-09-17,2463.782004252015,3099.8083826437583,2032.0209485168286,14222.63147780217,9392.916407591834
2021-09-20,2453.6683643614133,3087.083902288831,2023.6796552985197,14222.63147780217,9392.916407591834
2021-09-21,2441.546194760387,3071.832389419494,2013.681813554304,14152.36560428357,9346.511389132578
2021-09-22,2405.742345467283,3026.785761114661,1984.1523455755755,14152.36560428357,9346.511389132578
2021-09-23,2377.624028933462,2991.4086891387537,1960.9615729604886,14152.36560428357,9346.511389132578
2021-09-24,2377.624028933462,2991.4086891387537,1960.9615729604886,14152.36560428357,9346.511389132578
2021-09-27,2368.9432052753614,2980.4869071397,1953.8020046654049,14100.694613134116,9312.386810898111
2021-09-28,2368.9432052753614,2980.4869071397,1953.8020046654049,14100.694613134116,9312.386810898111
2021-09-29,2385.773060235819,3001.6613963579307,1967.6825418968358,14350.481864024237,9477.35141473777
2021-09-30,2449.7187561336327,3082.1147010074264,2020.422189076495,14362.707486997928,9485.425465928778
2021-10-01,2449.7187561336327,3082.1147010074264,2020.422189076495,14362.707486997928,9485.425465928778
2021-10-04,2449.7187561336327,3082.1147010074264,2020.422189076495,14362.707486997928,9485.425465928778
2021-10-05,2439.384563696416,3069.1127323716246,2011.8989936467908,14362.707486997928,9485.425465928778
2021-10-06,2402.954009530267,3023.2776150626682,1981.8526465657849,14231.187662923636,9398.567087055706
2021-10-07,2405.1173771002213,3025.999456896284,1983.6368986684067,14231.187662923636,9398.567087055706
2021-10-08,2405.1173771002213,3025.999456896284,1983.6368986684067,14231.187662923636,9398.567087055706
2021-10-11,2394.913920402057,3013.1619734864994,1975.2215284277881,14170.813350856937,9358.694657871736
2021-10-12,2386.6897859993965,3002.8147752695468,1968.4386176991673,14170.813350856937,9358.694657871736
2021-10-13,2374.7407873278366,2987.7811374791995,1958.5835998556627,14148.997995013753,9344.28735116786
2021-10-14,2373.045222405685,2985.6478617470393,1957.1851711653658,14148.997995013753,9344.28735116786
2021-10-15,2373.045222405685,2985.6478617470393,1957.1851711653658,14148.997995013753,9344.28735116786
2021-10-18,2373.045222405685,2985.6478617470393,1957.1851711653658,14148.997995013753,9344.28735116786
2021-10-19,2379.1042041120986,2993.270972172967,1962.1823574963257,14178.155190693004,9363.54335889909
2021-10-20,2344.145044091328,2949.287090037474,1933.3495527343134,14046.600223691656,9276.661770918996
2021-10-21,2344.145044091328,2949.287090037474,1933.3495527343134,14046.600223691656,9276.661770918996
2021-10-22,2344.145044091328,2949.287090037474,1933.3495527343134,14046.600223691656,9276.661770918996
2021-10-25,2344.145044091328,2949.287090037474,1933.3495527343134,14046.600223691656,9276.661770918996
2021-10-26,2329.989665872644,2931.477494876034,1921.6748083677646,13961.778280034972,9220.64362634848
2021-10-27,2249.563104746963,2830.2887825896623,1855.342455609888,13746.34817396678,9078.369182892964
2021-10-28,2251.846293842494,2833.1613779269424,1857.2255313298738,13834.759446652619,9136.757793687177
2021-10-29,2251.846293842494,2833.1613779269424,1857.2255313298738,13834.759446652619,9136.757793687177
2021-11-01,2252.93054208952,2834.5255253227742,1858.1197724386839,13841.420786602452,9141.15707868651
2021-11-02,2245.1218138039944,2824.700970489804,1851.679470727705,13793.445985786817,9109.4735400646
2021-11-03,2221.7933902630566,2795.3503044319855,1832.4391949040935,13674.739247533293,9031.07718484908
2021-11-04,2241.6749943617833,2820.3643531340526,1848.8366829728461,13797.106949707699,9111.891315434352
2021-11-05,2241.6749943617833,2820.3643531340526,1848.8366829728461,13797.106949707699,9111.891315434352
2021-11-08,2239.960633884052,2818.2074297656004,1847.4227525203764,13901.365907405261,9180.746061191088
2021-11-09,2256.932142763449,2839.5601409225433,1861.4201197839398,13901.365907405261,9180.746061191088
2021-11-10,2245.503038392495,2825.180608368912,1851.993888297354,13901.365907405261,9180.746061191088
2021-11-11,2289.859621274882,2880.98786209792,1888.5772814165828,13867.57690223785,9158.431111842332
2021-11-12,2289.859621274882,2880.98786209792,1888.5772814165828,13867.57690223785,9158.431111842332
2021-11-15,2263.211480177178,2847.4604919758976,1866.5990459817456,13867.57690223785,9158.431111842332
2021-11-16,2264.0110035434477,2848.4664126412013,1867.258458310549,13872.746426731508,9161.845171435432
2021-11-17,2219.1669460588637,2792.0458425328998,1830.2730172009442,13796.751507303617,9111.656574008724
2021-11-18,2188.1308116802747,2752.9977167873694,1804.675754492865,13696.365158375273,9045.359378203648
2021-11-19,2188.1308116802747,2752.9977167873694,1804.675754492865,13696.365158375273,9045.359378203648
2021-11-22,2179.103041829758,2741.6394242879055,1797.2300399682122,13639.85682177199,9008.040118200664
2021-11-23,2150.8520427057088,2706.0954176543414,1773.9298364853043,13517.773172258101,8927.413581795821
2021-11-24,2142.393885846183,2695.45378398317,1766.9539141452858,13517.773172258101,8927.413581795821
2021-11-26,2142.393885846183,2695.45378398317,1766.9539141452858,13517.773172258101,8927.413581795821
2021-11-29,2228.015324700228,2803.1784339058263,1837.570777606951,13455.07773630562,8886.008234975277
2021-11-30,2196.3420344745055,2763.328670258653,1811.4480162847046,13342.80962831211,8811.864082729797
2021-12-01,2196.865464482022,2763.987223946531,1811.879718739922,13391.741038681,8844.179385844967
2021-12-02,2178.485254486579,2740.8621548777983,1796.7205156592831,13279.698213812984,8770.184015178276
2021-12-03,2178.485254486579,2740.8621548777983,1796.7205156592831,13279.698213812984,8770.184015178276
2021-12-06,2163.489677115148,2740.8621548777983,1784.3528113326565,13136.273930683896,8770.184015178276
2021-12-07,2163.489677115148,2740.8621548777983,1784.3528113326565,13136.273930683896,8770.184015178276
2021-12-08,2167.135535405015,2745.4809867189874,1787.359757729516,13236.177590183446,8836.882797665918
2021-12-09,2118.356900941755,2683.6847532628426,1747.1292475227167,13236.177590183446,8836.882797665918
2021-12-10,2118.356900941755,2683.6847532628426,1747.1292475227167,13236.177590183446,8836.882797665918
2021-12-13,2129.2824118478875,2697.525965301928,1756.140136877455,13309.155239251675,8885.604940238514
2021-12-14,2121.301241723889,2687.4148529745153,1749.5576125885152,13309.155239251675,8885.604940238514
2021-12-15,2098.775689078387,2658.8778853999397,1730.9795099911328,13254.660729411744,8849.222714834643
2021-12-16,2098.775689078387,2658.8778853999397,1730.9795099911328,13254.660729411744,8849.222714834643
2021-12-17,2098.775689078387,2658.8778853999397,1730.9795099911328,13254.660729411744,8849.222714834643
2021-12-20,2220.4405716834094,2658.8778853999397,1768.7013677442571,13923.454902772104,8849.222714834643
2021-12-21,2207.045405572949,2658.8778853999397,1758.0313912887423,13839.459413934168,8849.222714834643
2021-12-22,2215.3745483908956,2668.912193523848,1764.6660053748424,13891.687987796204,8882.618692839245
2021-12-23,2220.9043938611712,2675.574124353847,1769.0708272698394,13891.687987796204,8882.618692839245
2021-12-27,2240.554893167071,2699.2475285844957,1784.7235159490294,13891.687987796204,8882.618692839245
2021-12-28,2256.7987054305513,2718.8168193172087,1797.6625935961367,13921.131962801994,8901.44574992602
2021-12-29,2269.2435922325108,2733.8094579917383,1807.5756210325617,13921.131962801994,8901.44574992602
2021-12-30,2296.239149354261,2766.3316207228845,1829.0790467099523,13921.131962801994,8901.44574992602
2021-12-31,2296.239149354261,2766.3316207228845,1829.0790467099523,13921.131962801994,8901.44574992602
2022-01-03,2263.950898731571,2727.433229542467,1803.3597035459404,13921.131962801994,8901.44574992602
2022-01-04,2260.757802602752,2723.5864338845995,1800.8162292632219,13921.131962801994,8901.44574992602
2022-01-05,2281.942180065966,2749.1077360792337,1817.690735103111,14108.656241307905,9021.352464148302
2022-01-06,2252.5949684748375,2713.7524816287487,1794.3140890704915,14108.656241307905,9021.352464148302
2022-01-07,2252.5949684748375,2713.7524816287487,1794.3140890704915,14108.656241307905,9021.352464148302
2022-01-10,2225.398341957061,2680.988086015046,1772.6505007117396,13857.868226264663,8860.993671730843
2022-01-11,2224.3733901486767,2679.7533032189913,1771.8340709957276,13884.953461912803,8878.312504451493
2022-01-12,2194.949126487017,2644.305222383584,1748.3960488090813,13775.764420040723,8808.494882198662
2022-01-13,2236.0602212265994,2693.832694891237,1781.1432659256536,13775.764420040723,8808.494882198662
2022-01-14,2236.0602212265994,2693.832694891237,1781.1432659256536,13775.764420040723,8808.494882198662
2022-01-18,2219.509611493167,2693.832694891237,1744.736697570134,13635.850987790327,8808.494882198662
2022-01-19,2221.570766184808,2696.334331229651,1746.3569528784474,13559.26186979063,8759.019799599379
2022-01-20,2231.864256693017,2696.334331229651,1766.6863605467054,13622.087747534199,8759.019799599379
2022-01-21,2231.864256693017,2696.334331229651,1766.6863605467054,13622.087747534199,8759.019799599379
2022-01-24,2219.9879865088255,2696.334331229651,1775.4743321683545,13878.49880059151,8759.019799599379
2022-01-25,2181.8542492697698,2696.334331229651,1744.9762069221583,13826.9616604618,8759.019799599379
2022-01-26,2154.991569000332,2696.334331229651,1723.4923071887026,13826.9616604618,8759.019799599379
2022-01-27,2104.760654519243,2696.334331229651,1683.319252251244,13690.03962739449,8759.019799599379
2022-01-28,2104.760654519243,2696.334331229651,1683.319252251244,13690.03962739449,8759.019799599379
2022-01-31,2104.760654519243,2696.334331229651,1683.319252251244,13690.03962739449,8759.019799599379
2022-02-01,2114.823213187497,2696.334331229651,1681.552301098984,13755.489742411413,8759.019799599379
2022-02-02,2107.4740280306364,2696.334331229651,1690.1232414570293,13906.573220546297,8759.019799599379
2022-02-03,2121.6760016699927,2696.334331229651,1717.7732486186824,14064.961909646698,8759.019799599379
2022-02-04,2121.6760016699927,2696.334331229651,1717.7732486186824,14064.961909646698,8759.019799599379
2022-02-07,2093.797633658307,2696.334331229651,1695.2020762304728,13880.15132411015,8759.019799599379
2022-02-08,2094.1961074138612,2696.334331229651,1686.6897807158387,13930.608499832544,8759.019799599379
2022-02-09,2060.7625401478776,2696.334331229651,1674.2449597089037,13912.008008701703,8759.019799599379
2022-02-10,2044.6236432126543,2675.217942986541,1661.133081788646,13803.055881010987,8690.42338684181
2022-02-11,2044.6236432126543,2675.217942986541,1661.133081788646,13803.055881010987,8690.42338684181
2022-02-14,2091.8553478055496,2675.217942986541,1663.75741664904,13999.404804302725,8690.42338684181
2022-02-15,2052.213894223797,2675.217942986541,1632.2285815063149,14007.992274125772,8690.42338684181
2022-02-16,2045.061914470388,2665.8947897723224,1626.5402535007763,13959.174323222878,8660.137200647388
2022-02-17,2031.5028597877813,2665.8947897723224,1615.7560576362762,13959.174323222878,8660.137200647388
2022-02-18,2031.5028597877813,2665.8947897723224,1615.7560576362762,13959.174323222878,8660.137200647388
2022-02-22,2031.5028597877813,2665.8947897723224,1615.7560576362762,13959.174323222878,8660.137200647388
2022-02-23,2031.5028597877813,2665.8947897723224,1615.7560576362762,13959.174323222878,8660.137200647388
2022-02-24,2031.5028597877813,2665.8947897723224,1615.7560576362762,13959.174323222878,8660.137200647388
2022-02-25,2031.5028597877813,2665.8947897723224,1615.7560576362762,13959.174323222878,8660.137200647388
2022-02-28,2027.6755758673098,2665.8947897723224,1621.450161735373,13999.927491908837,8660.137200647388
2022-03-01,2052.315271335911,2665.8947897723224,1620.0581303224587,13973.118570939905,8660.137200647388
2022-03-02,1993.6650804424798,2665.8947897723224,1573.7607997276239,13771.43013393736,8660.137200647388
2022-03-03,2043.3715082796286,2665.8947897723224,1633.6649476391772,14013.369989829955,8660.137200647388
2022-03-04,2043.3715082796286,2665.8947897723224,1633.6649476391772,14013.369989829955,8660.137200647388
2022-03-07,2043.3715082796286,2665.8947897723224,1633.6649476391772,14013.369989829955,8660.137200647388
2022-03-08,1976.4942587563398,2665.8947897723224,1580.1969326952378,13846.564561481458,8660.137200647388
2022-03-09,1946.9167207986911,2665.8947897723224,1562.2476202467485,13699.940214432887,8660.137200647388
2022-03-10,1927.4598502134743,2665.8947897723224,1552.2787608088402,13543.388477747038,8660.137200647388
2022-03-11,1927.4598502134743,2665.8947897723224,1552.2787608088402,13543.388477747038,8660.137200647388
2022-03-14,1923.3538419862427,2665.8947897723224,1567.0649220550486,13460.79739177099,8660.137200647388
2022-03-15,1912.8894728278026,2665.8947897723224,1558.5390099313115,13460.79739177099,8660.137200647388
2022-03-16,1912.8894728278026,2665.8947897723224,1558.5390099313115,13460.79739177099,8660.137200647388
2022-03-17,1912.8894728278026,2665.8947897723224,1558.5390099313115,13460.79739177099,8660.137200647388
2022-03-18,1912.8894728278026,2665.8947897723224,1558.5390099313115,13460.79739177099,8660.137200647388
2022-03-21,1852.3606290135115,2665.8947897723224,1509.2227448513665,13266.191413854269,8660.137200647388
2022-03-22,1831.3753737527247,2665.8947897723224,1492.1248730600846,13266.191413854269,8660.137200647388
2022-03-23,1860.942660274989,2708.9352697400586,1516.2150100582473,13316.550773059123,8693.011666757931
2022-03-24,1887.3095753345801,2708.9352697400586,1540.832838255217,13221.592845767125,8693.011666757931
2022-03-25,1887.3095753345801,2708.9352697400586,1540.832838255217,13221.592845767125,8693.011666757931
2022-03-28,1899.7284794752943,2726.7606481930543,1550.9718507231444,13308.593778886443,8750.213558802821
2022-03-29,1897.7679596844762,2723.9466312041195,1549.3712477731983,13308.593778886443,8750.213558802821
2022-03-30,1890.4192905640539,2713.39877555493,1543.3716646384537,13244.423957256626,8708.022802016634
2022-03-31,1892.9203595179777,2716.988665623778,1545.41358146297,13195.805166769107,8676.056629872179
2022-04-01,1892.9203595179777,2716.988665623778,1545.41358146297,13195.805166769107,8676.056629872179
2022-04-04,1892.9203595179777,2716.988665623778,1545.41358146297,13195.805166769107,8676.056629872179
2022-04-05,1892.9203595179777,2716.988665623778,1545.41358146297,13195.805166769107,8676.056629872179
2022-04-06,1908.585277370704,2739.4731848692804,1558.2026968002203,13305.007438749875,8747.855590514748
2022-04-07,1898.883708213947,2739.4731848692804,1575.075100151384,13265.55959388096,8747.855590514748
2022-04-08,1898.883708213947,2739.4731848692804,1575.075100151384,13265.55959388096,8747.855590514748
2022-04-11,1910.8211740105671,2756.6950754482955,1584.9769203912608,13452.532040240856,8871.152911565276
2022-04-12,1888.5075195045977,2724.5037106421605,1566.4683190199896,13452.532040240856,8871.152911565276
2022-04-13,1888.5075195045977,2724.5037106421605,1566.4683190199896,13452.532040240856,8871.152911565276
2022-04-14,1888.5075195045977,2724.5037106421605,1566.4683190199896,13452.532040240856,8871.152911565276
2022-04-18,1904.992819393874,2748.28665047984,1580.1424504382585,13362.358663685023,8811.688878356801
2022-04-19,1891.4184965617785,2728.703306202132,1568.8828994706216,13362.358663685023,8811.688878356801
2022-04-20,1891.4184965617785,2728.703306202132,1568.8828994706216,13362.358663685023,8811.688878356801
2022-04-21,1880.805796389098,2713.3926226587664,1560.0799381754912,13362.358663685023,8811.688878356801
2022-04-22,1880.805796389098,2713.3926226587664,1560.0799381754912,13362.358663685023,8811.688878356801
2022-04-25,1934.165921762407,2713.3926226587664,1589.2660491897539,13437.54973760306,8811.688878356801
2022-04-26,1934.165921762407,2713.3926226587664,1589.2660491897539,13437.54973760306,8811.688878356801
2022-04-27,1919.3803692454933,2713.3926226587664,1577.1170518523222,13334.827631340879,8811.688878356801
2022-04-28,1925.972002723549,2713.3926226587664,1590.8345447449851,13380.622773172721,8811.688878356801
2022-04-29,1925.972002723549,2713.3926226587664,1590.8345447449851,13380.622773172721,8811.688878356801
2022-05-02,1966.9217276582006,2713.3926226587664,1668.6523675102007,13774.14754519508,8811.688878356801
2022-05-03,1991.705242161714,2713.3926226587664,1650.7791893973742,14036.281863915354,8811.688878356801
2022-05-04,2004.0930007628594,2713.3926226587664,1666.8914516503996,14036.281863915354,8811.688878356801
2022-05-05,2004.0930007628594,2713.3926226587664,1666.8914516503996,14036.281863915354,8811.688878356801
2022-05-06,2004.0930007628594,2713.3926226587664,1666.8914516503996,14036.281863915354,8811.688878356801
2022-05-09,2032.748577534358,2713.3926226587664,1707.6116944308712,14275.52773467109,8811.688878356801
2022-05-10,2013.950560958109,2713.3926226587664,1691.8204090291895,14157.011763976341,8811.688878356801
2022-05-11,1975.8267633070805,2713.3926226587664,1613.2307117707896,14389.00385303687,8811.688878356801
2022-05-12,1889.7910901333546,2713.3926226587664,1542.983971090237,14092.7520187146,8811.688878356801
2022-05-13,1889.7910901333546,2713.3926226587664,1542.983971090237,14092.7520187146,8811.688878356801
2022-05-16,1874.9465049064006,2713.3926226587664,1597.496050805582,13979.196172928669,8811.688878356801
2022-05-17,1853.356769095323,2713.3926226587664,1579.1011165469888,13979.196172928669,8811.688878356801
2022-05-18,1863.9599663949075,2713.3926226587664,1593.754446738626,14079.721652891658,8811.688878356801
2022-05-19,1802.9434475202315,2713.3926226587664,1541.5830750169955,13877.760854861464,8811.688878356801
2022-05-20,1802.9434475202315,2713.3926226587664,1541.5830750169955,13877.760854861464,8811.688878356801
2022-05-23,1775.2379573193668,2713.3926226587664,1517.8938601181887,13724.321861663322,8811.688878356801
2022-05-24,1763.4228767475456,2713.3926226587664,1507.7915309161647,13632.979758526897,8811.688878356801
2022-05-25,1788.2855977687373,2713.3926226587664,1512.33721575704,13771.284037400523,8811.688878356801
2022-05-26,1788.2855977687373,2713.3926226587664,1512.33721575704,13771.284037400523,8811.688878356801
2022-05-27,1788.2855977687373,2713.3926226587664,1512.33721575704,13771.284037400523,8811.688878356801
2022-05-31,1774.1600575447585,2691.9597281129313,1500.391372095351,13662.505648283679,8742.085977205152
2022-06-01,1761.7565893820554,2691.9597281129313,1493.8167331125078,13652.231444036175,8742.085977205152
2022-06-02,1781.5060982026475,2691.9597281129313,1520.6921045080107,13805.274643618775,8742.085977205152
2022-06-03,1781.5060982026475,2691.9597281129313,1520.6921045080107,13805.274643618775,8742.085977205152
2022-06-06,1763.495654498785,2691.9597281129313,1511.5584990664263,13701.123988743739,8742.085977205152
2022-06-07,1776.1111462735234,2691.9597281129313,1528.0295812315576,13799.137508960659,8742.085977205152
2022-06-08,1820.5820326158112,2759.3619486091534,1566.2889153825622,14144.645095617112,8960.97335522903
2022-06-09,1812.2176536722402,2759.3619486091534,1571.010049256591,14040.99686333845,8960.97335522903
2022-06-10,1812.2176536722402,2759.3619486091534,1571.010049256591,14040.99686333845,8960.97335522903
2022-06-13,1831.3582890522237,2759.3619486091534,1570.2716745334408,14040.99686333845,8960.97335522903
2022-06-14,1840.2352659165213,2759.3619486091534,1542.7063556346595,14180.536725847436,8960.97335522903
2022-06-15,1840.2352659165213,2759.3619486091534,1542.7063556346595,14180.536725847436,8960.97335522903
2022-06-16,1840.2126218525088,2759.3619486091534,1548.538792762091,14180.536725847436,8960.97335522903
2022-06-17,1840.2126218525088,2759.3619486091534,1548.538792762091,14180.536725847436,8960.97335522903
2022-06-21,1840.2126218525088,2759.3619486091534,1548.538792762091,14180.536725847436,8960.97335522903
2022-06-22,1840.2126218525088,2759.3619486091534,1548.538792762091,14180.536725847436,8960.97335522903
2022-06-23,1818.6641376487366,2759.3619486091534,1530.405744809637,14084.628788336715,8960.97335522903
2022-06-24,1818.6641376487366,2759.3619486091534,1530.405744809637,14084.628788336715,8960.97335522903
2022-06-27,1852.2658858019379,2810.3440861799554,1558.6816135336937,14344.857238208104,9126.536838698406
2022-06-28,1848.1660445446673,2804.1236160412104,1555.2315974020478,14344.857238208104,9126.536838698406
2022-06-29,1828.884453936132,2804.1236160412104,1539.0061402516583,14292.834412058453,9126.536838698406
2022-06-30,1820.1739145605088,2804.1236160412104,1531.6762219754455,14224.76105910958,9126.536838698406
2022-07-01,1820.1739145605088,2804.1236160412104,1531.6762219754455,14224.76105910958,9126.536838698406
2022-07-05,1838.7311395851718,2804.1236160412104,1515.6288377167537,14321.380616738994,9126.536838698406
2022-07-06,1837.159509446178,2804.1236160412104,1495.6185111205225,14428.058031044435,9126.536838698406
2022-07-07,1837.159509446178,2804.1236160412104,1495.6185111205225,14428.058031044435,9126.536838698406
2022-07-08,1837.159509446178,2804.1236160412104,1495.6185111205225,14428.058031044435,9126.536838698406
2022-07-11,1837.159509446178,2804.1236160412104,1495.6185111205225,14428.058031044435,9126.536838698406
2022-07-12,1815.3117126272448,2770.7765263065203,1477.8323748696496,14428.058031044435,9126.536838698406
2022-07-13,1821.5827621897488,2770.7765263065203,1500.7681561291106,14477.90019664828,9126.536838698406
2022-07-14,1798.722494020805,2770.7765263065203,1481.9340063882112,14439.999368148254,9126.536838698406
2022-07-15,1798.722494020805,2770.7765263065203,1481.9340063882112,14439.999368148254,9126.536838698406
2022-07-18,1769.2093356670302,2725.314056884119,1457.618664168516,14363.018491567947,9077.882487124458
2022-07-19,1771.622792420212,2729.0317784010294,1459.6070662969023,14465.272452866113,9142.510228504356
2022-07-20,1801.3863341574372,2774.8799417833097,1484.128694729064,14636.24212582319,9250.568475514036
2022-07-21,1808.504132252005,2785.844294508633,1489.9929161873536,14535.442582101563,9186.859972096185
2022-07-22,1808.504132252005,2785.844294508633,1489.9929161873536,14535.442582101563,9186.859972096185
2022-07-25,1848.3731866627468,2847.259126676759,1522.840288547582,14657.568814222546,9264.047617885295
2022-07-26,1872.708349580357,2884.7453416988633,1542.8895766387038,14781.385099181216,9342.303430582811
2022-07-27,1872.708349580357,2884.7453416988633,1542.8895766387038,14781.385099181216,9342.303430582811
2022-07-28,1861.1484104499302,2866.9382546720476,1533.36555780528,14690.141894093662,9284.634835780147
2022-07-29,1861.1484104499302,2866.9382546720476,1533.36555780528,14690.141894093662,9284.634835780147
2022-08-01,1861.1484104499302,2866.9382546720476,1533.36555780528,14690.141894093662,9284.634835780147
2022-08-02,1848.3191093101148,2847.1758251892998,1522.7957352225933,14660.868041676295,9266.132834105063
2022-08-03,1882.749684947507,2900.213150891529,1551.1624460777603,14803.047712798798,9355.994888328958
2022-08-04,1886.1674139320394,2905.4778669748043,1553.9782494179829,14724.215685205005,9306.170550698374
2022-08-05,1886.1674139320394,2905.4778669748043,1553.9782494179829,14724.215685205005,9306.170550698374
2022-08-08,1876.8658414815322,2891.1495986125215,1546.314856886277,14651.60370073258,9260.277477276199
2022-08-09,1890.244223408882,2911.7578395877053,1557.3370569168505,14922.443738776607,9431.456957384462
2022-08-10,1890.52137496156,2912.1847675985255,1557.5653969260527,14930.806795871837,9436.742674282217
2022-08-11,1895.4618290176968,2919.795110035196,1561.635745129917,14849.84216904341,9385.57046640726
2022-08-12,1895.4618290176968,2919.795110035196,1561.635745129917,14849.84216904341,9385.57046640726
2022-08-15,1928.1428909245192,2970.13746105777,1588.561064163615,14819.060785676766,9366.115657436738
2022-08-16,1920.6349427008058,2958.5721157818075,1582.375405270757,14761.35720902453,9329.645169826957
2022-08-17,1902.6881927329177,2930.9266987150763,1567.5894117837306,14655.954088265746,9263.02705995081
2022-08-18,1912.6261038965347,2946.2351918618524,1575.7770719451978,14655.954088265746,9263.02705995081
2022-08-19,1912.6261038965347,2946.2351918618524,1575.7770719451978,14655.954088265746,9263.02705995081
2022-08-22,1922.5716230262396,2961.5554044227792,1583.971000168416,14655.954088265746,9263.02705995081
2022-08-23,1881.4566625301288,2898.2213616222193,1550.0971489584415,14655.954088265746,9263.02705995081
2022-08-24,1939.7502583856653,2988.0176073285074,1598.124158316546,14778.979487977462,9340.783008129121
2022-08-25,1946.9760859688015,2999.148370143252,1604.077383261107,14778.979487977462,9340.783008129121
2022-08-26,1946.9760859688015,2999.148370143252,1604.077383261107,14778.979487977462,9340.783008129121
2022-08-29,1949.7054596742578,2999.148370143252,1582.069150967539,14621.274663805681,9340.783008129121
2022-08-30,1949.7054596742578,2999.148370143252,1582.069150967539,14621.274663805681,9340.783008129121
2022-08-31,1922.6591455376579,2957.5441839526266,1560.1226877053182,14621.274663805681,9340.783008129121
2022-09-01,1953.0730615668288,3004.3286078439155,1584.8017581111155,14621.274663805681,9340.783008129121
2022-09-02,1953.0730615668288,3004.3286078439155,1584.8017581111155,14621.274663805681,9340.783008129121
2022-09-06,1935.576197529247,2977.4139315780462,1570.6041013854908,14490.288035664124,9257.102364781005
2022-09-07,1961.8534098454793,2977.4139315780462,1566.9149402436321,14614.817576392552,9257.102364781005
2022-09-08,1945.314421829802,2952.31347652623,1553.7053970187303,14491.610464416584,9179.062331666059
2022-09-09,1945.314421829802,2952.31347652623,1553.7053970187303,14491.610464416584,9179.062331666059
2022-09-12,1936.3720859323957,2938.742108070171,1546.56323254915,14424.994575996197,9136.867477368016
2022-09-13,1936.3720859323957,2938.742108070171,1546.56323254915,14424.994575996197,9136.867477368016
2022-09-14,1896.638335979451,2878.440038573014,1514.8282384253648,14226.50469260002,9011.14294065263
2022-09-15,1920.6699976803343,2914.9117769751288,1534.0221137521462,14406.763913070768,9125.32007953042
2022-09-16,1920.6699976803343,2914.9117769751288,1534.0221137521462,14406.763913070768,9125.32007953042
2022-09-19,1932.1003540017798,2932.2590986371756,1543.1514380953915,14492.501934263491,9179.626993358535
2022-09-20,1943.6831885232102,2949.8378293915725,1552.4025454263049,14590.451550547137,9241.668795781947
2022-09-21,1944.3402411244986,2950.8350076511906,1552.9273275187472,14572.001810492904,9229.98263333805
2022-09-22,1953.971321646151,2950.8350076511906,1566.4457922884296,14644.182656123789,9229.98263333805
2022-09-23,1953.971321646151,2950.8350076511906,1566.4457922884296,14644.182656123789,9229.98263333805
2022-09-26,1943.945813796553,2950.8350076511906,1558.4086146632603,14569.045745697578,9229.98263333805
2022-09-27,1925.4033896550618,2950.8350076511906,1543.543656332758,14569.045745697578,9229.98263333805
2022-09-28,1895.7758148818882,2950.8350076511906,1534.1388424424752,14587.422584752818,9229.98263333805
2022-09-29,1895.7758148818882,2950.8350076511906,1534.1388424424752,14587.422584752818,9229.98263333805
2022-09-30,1895.7758148818882,2950.8350076511906,1534.1388424424752,14587.422584752818,9229.98263333805
2022-10-03,1879.5598324499383,2950.8350076511906,1521.016210366504,14587.422584752818,9229.98263333805
2022-10-04,1894.0029292113036,2973.5101014718425,1532.7041512996184,14699.51667840872,9300.90856502561
2022-10-05,1876.3887019696383,2945.8564575281544,1518.450002692532,14699.51667840872,9300.90856502561
2022-10-06,1850.7775527478134,2905.647960620966,1497.7244197874456,14584.978044450561,9228.435885486932
2022-10-07,1850.7775527478134,2905.647960620966,1497.7244197874456,14584.978044450561,9228.435885486932
2022-10-10,1853.8756413080612,2910.511837802501,1500.2315189709527,14521.962718226445,9188.563840696053
2022-10-11,1845.219240353636,2910.511837802501,1493.2264074827217,14454.154538900304,9188.563840696053
2022-10-12,1836.4829184684554,2910.511837802501,1486.1566207289693,14385.720315005165,9188.563840696053
2022-10-13,1811.7712043175443,2871.3479905130307,1466.1588972404406,14385.720315005165,9188.563840696053
2022-10-14,1811.7712043175443,2871.3479905130307,1466.1588972404406,14385.720315005165,9188.563840696053
2022-10-17,1809.1705046620748,2871.3479905130307,1474.7202128842437,14277.162840212162,9188.563840696053
2022-10-18,1809.1705046620748,2871.3479905130307,1474.7202128842437,14277.162840212162,9188.563840696053
2022-10-19,1790.1150493646167,2871.3479905130307,1459.1874231220522,14183.40895456089,9188.563840696053
2022-10-20,1776.5072273183634,2871.3479905130307,1448.0951959531765,14183.40895456089,9188.563840696053
2022-10-21,1776.5072273183634,2871.3479905130307,1448.0951959531765,14183.40895456089,9188.563840696053
2022-10-24,1781.8672043442784,2871.3479905130307,1459.5505328373165,14080.806174183597,9188.563840696053
2022-10-25,1779.2335401837427,2871.3479905130307,1464.7327155262221,14197.141285631198,9188.563840696053
2022-10-26,1788.050705711283,2885.577235830039,1471.9913415102312,14197.141285631198,9188.563840696053
2022-10-27,1770.2009472065208,2856.771085846772,1457.2967414728087,14055.414016601824,9096.836215166122
2022-10-28,1770.2009472065208,2856.771085846772,1457.2967414728087,14055.414016601824,9096.836215166122
2022-10-31,1762.772295814901,2844.782640955301,1451.1811931314585,13996.430446934779,9058.66132597302
2022-11-01,1762.772295814901,2844.782640955301,1451.1811931314585,13996.430446934779,9058.66132597302
2022-11-02,1759.7926317824372,2839.9740241330624,1448.7282203816442,13996.430446934779,9058.66132597302
2022-11-03,1741.5070600915049,2839.9740241330624,1433.674842355147,13929.92025681148,9058.66132597302
2022-11-04,1741.5070600915049,2839.9740241330624,1433.674842355147,13929.92025681148,9058.66132597302
2022-11-07,1712.3454027669184,2839.9740241330624,1409.667857011404,13696.662769433502,9058.66132597302
2022-11-08,1687.5780452836786,2798.8966504997047,1389.2784264147392,13597.914583865844,8993.351521338856
2022-11-09,1685.6725282936738,2798.8966504997047,1397.0274765733968,13570.984363041613,8993.351521338856
2022-11-10,1659.2693689983773,2755.0567510685737,1375.1454452863286,13570.984363041613,8993.351521338856
2022-11-11,1659.2693689983773,2755.0567510685737,1375.1454452863286,13570.984363041613,8993.351521338856
2022-11-14,1657.77027551284,2752.567650923065,1373.9030481100708,13613.32291199102,9021.408841531662
2022-11-15,1679.3906168156698,2788.4661423794123,1391.8212441688995,13830.438602457982,9165.289172754
2022-11-16,1649.6586853355661,2788.4661423794123,1367.1804408621342,13830.438602457982,9165.289172754
2022-11-17,1656.7507294370125,2800.4540311669175,1373.0580833511056,14007.671668150575,9282.739699431993
2022-11-18,1656.7507294370125,2800.4540311669175,1373.0580833511056,14007.671668150575,9282.739699431993
2022-11-21,1639.3514770080026,2771.043567819381,1358.638180726384,13952.364786038588,9246.088398459535
2022-11-22,1633.395691549891,2760.9763301241837,1353.7022303624185,13901.67566142779,9212.497237808335
2022-11-23,1619.701080708345,2737.827930395094,1342.3526074045205,13785.122128677865,9135.258412456167
2022-11-25,1619.701080708345,2737.827930395094,1342.3526074045205,13785.122128677865,9135.258412456167
2022-11-28,1612.492280688133,2725.64268567615,1336.3782016214748,13785.122128677865,9135.258412456167
2022-11-29,1661.1557880078274,2807.900030020564,1376.7088445494112,14120.225234175141,9357.32778804521
2022-11-30,1713.1712903383961,2895.8233491998553,1419.8175057774197,14453.263370383238,9578.028729760808
2022-12-01,1702.158607669268,2877.208290804678,1410.6905727454568,14360.354270208014,9516.458826277418
2022-12-02,1702.158607669268,2877.208290804678,1410.6905727454568,14360.354270208014,9516.458826277418
2022-12-05,1670.4263598523949,2823.5703477286265,1384.391975983913,14273.462781949615,9458.876732214425
2022-12-06,1670.4263598523949,2823.5703477286265,1384.391975983913,14273.462781949615,9458.876732214425
2022-12-07,1662.586252478098,2810.3179857944974,1377.8943643557127,14324.659287304688,9492.804128857531
2022-12-08,1634.6746498245652,2763.138190561224,1354.7621870391283,14324.659287304688,9492.804128857531
2022-12-09,1634.6746498245652,2763.138190561224,1354.7621870391283,14324.659287304688,9492.804128857531
2022-12-12,1665.5132328922423,2815.2655460727556,1380.3201451602981,14291.526656329936,9470.847475661893
2022-12-13,1641.5703800471272,2774.7942442792,1360.4771313300628,14205.82279008285,9414.052406470235
2022-12-14,1654.4596880098572,2774.7942442792,1366.7184329644015,14106.998710013826,9414.052406470235
2022-12-15,1654.4596880098572,2774.7942442792,1366.7184329644015,14106.998710013826,9414.052406470235
2022-12-16,1654.4596880098572,2774.7942442792,1366.7184329644015,14106.998710013826,9414.052406470235
2022-12-19,1657.0848658939108,2779.1970886251042,1368.8870436775837,14129.382683036734,9428.989949135002
2022-12-20,1616.347855545909,2710.8745887407167,1335.234955718011,14027.388262190623,9360.925802908685
2022-12-21,1604.7445213476205,2691.4139363106847,1325.6496567545025,14027.388262190623,9360.925802908685
2022-12-22,1604.7445213476205,2691.4139363106847,1325.6496567545025,14027.388262190623,9360.925802908685
2022-12-23,1604.7445213476205,2691.4139363106847,1325.6496567545025,14027.388262190623,9360.925802908685
2022-12-27,1592.2110356161954,2670.3932705789325,1315.2959768778776,13917.830592234734,9287.81445812892
2022-12-28,1609.9186926205496,2700.091851385369,1329.9239435837774,13964.449467557217,9318.924727892041
2022-12-29,1609.9186926205496,2700.091851385369,1329.9239435837774,13964.449467557217,9318.924727892041
2022-12-30,1609.9186926205496,2700.091851385369,1329.9239435837774,13964.449467557217,9318.924727892041
2023-01-03,1547.567066895526,2595.5181748932187,1278.4164231399313,13964.449467557217,9318.924727892041
2023-01-04,1628.661550698947,2731.526630421804,1345.4070706782763,14070.508137406807,9389.701077748501
2023-01-05,1611.9423296923494,2703.485815312102,1331.5956325996553,14022.070052246985,9357.37679095035
2023-01-06,1611.9423296923494,2703.485815312102,1331.5956325996553,14022.070052246985,9357.37679095035
2023-01-09,1598.719760275887,2703.485815312102,1320.6727134837663,14022.070052246985,9357.37679095035
2023-01-10,1574.099347294313,2661.8519161656227,1300.3342474014714,13912.686957818984,9284.381946015961
2023-01-11,1564.8357044454626,2646.1868023274956,1292.6817240250014,13850.577353814328,9242.934216483676
2023-01-12,1564.8357044454626,2646.1868023274956,1292.6817240250014,13850.577353814328,9242.934216483676
2023-01-13,1564.8357044454626,2646.1868023274956,1292.6817240250014,13850.577353814328,9242.934216483676
2023-01-17,1549.857179984417,2620.85764244537,1280.3082430463598,13730.95713675461,9163.10781148981
2023-01-18,1546.2295290609552,2614.723169689,1277.3115079663896,13710.767965269857,9149.634930240749
2023-01-19,1533.8030562567521,2593.709610092584,1267.0462294822312,13686.405850172909,9133.377309965195
2023-01-20,1533.8030562567521,2593.709610092584,1267.0462294822312,13686.405850172909,9133.377309965195
2023-01-23,1533.8030562567521,2593.709610092584,1267.0462294822312,13686.405850172909,9133.377309965195
2023-01-24,1548.5096833549153,2618.578982911312,1279.195101097212,13770.587929097715,9189.554709493928
2023-01-25,1575.0479812980802,2663.4560863503116,1301.1178963404461,13701.802194063057,9143.651783737354
2023-01-26,1549.7791155993534,2620.725633094548,1280.2437555071363,13583.319483621211,9064.584473369743
2023-01-27,1549.7791155993534,2620.725633094548,1280.2437555071363,13583.319483621211,9064.584473369743
2023-01-30,1531.6564665774047,2590.079658869357,1265.2729715998923,13512.112594211392,9017.06583369411
2023-01-31,1527.0357442907589,2582.265870944269,1261.4558787033197,13444.159467091667,8971.718533886495
2023-02-01,1523.3571606453816,2576.0452693398947,1258.417069047349,13411.772887192414,8950.10593104267
2023-02-02,1546.818442470235,2576.0452693398947,1232.5876433821595,13356.482565879785,8950.10593104267
2023-02-03,1546.818442470235,2576.0452693398947,1232.5876433821595,13356.482565879785,8950.10593104267
2023-02-06,1609.267431637157,2576.0452693398947,1226.1311253457384,13129.796224399415,8950.10593104267
2023-02-07,1659.0514958577946,2655.7374327447174,1264.0625402784544,13617.842487321714,9282.789369364948
2023-02-08,1622.922771312053,2655.7374327447174,1254.6563819512255,13600.397384397287,9282.789369364948
2023-02-09,1639.8846524508656,2683.4937150930723,1267.7693487521688,13583.039589995698,9270.942013380223
2023-02-10,1639.8846524508656,2683.4937150930723,1267.7693487521688,13583.039589995698,9270.942013380223
2023-02-13,1615.2076682007857,2643.1125016683527,1248.6919555921463,13583.039589995698,9270.942013380223
2023-02-14,1600.1269369111833,2618.434517412464,1237.0332765154492,13456.218640475978,9184.381883647175
2023-02-15,1570.1040788044954,2569.3053601159318,1213.8230713264993,13335.627313510473,9102.073708646552
2023-02-16,1573.5741490447253,2574.9837544265747,1216.5057287207285,13415.240294690391,9156.412601435688
2023-02-17,1573.5741490447253,2574.9837544265747,1216.5057287207285,13415.240294690391,9156.412601435688
2023-02-21,1568.3862905149429,2566.494385531844,1212.495075886158,13415.240294690391,9156.412601435688
2023-02-22,1559.5538619486997,2552.0410722996608,1205.6668625757943,13415.240294690391,9156.412601435688
2023-02-23,1554.6206422406801,2543.9683922719164,1201.8530670584446,13329.543746987785,9097.92144272016
2023-02-24,1554.6206422406801,2543.9683922719164,1201.8530670584446,13329.543746987785,9097.92144272016
2023-02-27,1554.8167542765443,2544.2893083893455,1202.004678226717,13266.409757467314,9054.83008956319
2023-02-28,1560.115483453503,2552.9601050963565,1206.1010434362136,13311.62094538514,9085.688447794797
2023-03-01,1539.3612147146118,2518.997990969043,1190.056240697431,13221.763447850435,9024.357282292984
2023-03-02,1560.294085277019,2553.25236764677,1206.2391177313455,13401.558456465049,9147.074225589606
2023-03-03,1560.294085277019,2553.25236764677,1206.2391177313455,13401.558456465049,9147.074225589606
2023-03-06,1587.7385487197291,2598.1622611887005,1227.4560060616423,13499.65999038592,9214.03226001026
2023-03-07,1557.6035763495286,2548.849641036376,1204.1591270772965,13670.261086826993,9330.474007974331
2023-03-08,1544.7500176359163,2527.8161836081304,1194.2222405193609,13442.865220035826,9175.267665451707
2023-03-09,1554.1758209996508,2543.2404904631776,1201.5091826674247,13524.891310188044,9231.253597050229
2023-03-10,1554.1758209996508,2543.2404904631776,1201.5091826674247,13524.891310188044,9231.253597050229
2023-03-13,1537.0204118488775,2515.1675204727903,1188.2466023669458,13524.891310188044,9231.253597050229
2023-03-14,1536.8131009383812,2515.1675204727903,1191.5438360142807,13446.615841835843,9231.253597050229
2023-03-15,1510.5407458872212,2472.1698559743168,1171.1739792635321,13303.488919815487,9132.995349080918
2023-03-16,1513.92435715801,2477.707516451702,1173.7974089770835,13303.488919815487,9132.995349080918
2023-03-17,1513.92435715801,2477.707516451702,1173.7974089770835,13303.488919815487,9132.995349080918
2023-03-20,1500.7847921654186,2456.2031402316347,1163.6098541825081,13188.026045819406,9053.728782426588
2023-03-21,1479.1916170734946,2420.8634801116586,1146.8679259252274,13163.332519731535,9036.776397960208
2023-03-22,1500.8882002759558,2456.3723792372225,1163.6900300325376,13264.729445338824,9106.386532231309
2023-03-23,1487.2007645319359,2433.971350900793,1153.0776922787338,13151.998879495166,9028.995725973271
2023-03-24,1487.2007645319359,2433.971350900793,1153.0776922787338,13151.998879495166,9028.995725973271
2023-03-27,1471.7116460734587,2408.621666125377,1141.0684482052523,13102.771633093746,8995.200665508903
2023-03-28,1478.7667390570566,2420.1681194419357,1146.5385034461794,13165.58371483609,9038.32186881704
2023-03-29,1519.260489598887,2486.440697468991,1177.934695231476,13336.260401005746,9155.493340930809
2023-03-30,1507.504573041576,2467.2008175640867,1168.8199304614404,13163.563774030828,9036.93515664769
2023-03-31,1507.504573041576,2467.2008175640867,1168.8199304614404,13163.563774030828,9036.93515664769
2023-04-03,1529.1009644147211,2502.545741490091,1185.5643524117158,13252.941797970389,9098.294179222152
2023-04-04,1516.632256747716,2482.13929875013,1175.8969362798439,13232.92281017164,9084.550918070037
2023-04-05,1526.8908557793864,2498.9286500865132,1183.8507794861941,13326.171418944905,9148.567140834426
2023-04-06,1503.2684741072903,2460.2679651264557,1165.535537863009,13326.171418944905,9148.567140834426
2023-04-10,1496.5269854200121,2449.2347605191267,1160.3086307745793,13266.409483260797,9107.539897233533
2023-04-11,1509.7326963157325,2470.8473919506187,1170.5474707534775,13383.475443291592,9187.907000550653
2023-04-12,1501.2642608392327,2456.987844653224,1163.9816026680567,13308.404473099708,9136.369931910542
2023-04-13,1522.1778291789028,2491.2152518721023,1180.1966085324532,13308.404473099708,9136.369931910542
2023-04-14,1522.1778291789028,2491.2152518721023,1180.1966085324532,13308.404473099708,9136.369931910542
2023-04-17,1539.8353529688147,2520.113775902933,1193.8870915315233,13399.56241933164,9198.950891235274
2023-04-18,1514.829533923482,2479.188940054489,1174.4992235274299,13399.56241933164,9198.950891235274
2023-04-19,1519.0066107896082,2486.0251962380053,1177.737854294796,13497.357868746793,9266.088571437307
2023-04-20,1509.1741122520186,2469.9332062935277,1170.1143813962824,13409.989748974891,9206.109370767159
2023-04-21,1509.1741122520186,2469.9332062935277,1170.1143813962824,13409.989748974891,9206.109370767159
2023-04-24,1503.6788784821347,2460.9396380535263,1165.8537384319789,13361.161036685093,9172.587908470145
2023-04-25,1482.387818497693,2426.094423292793,1149.346050365563,13361.161036685093,9172.587908470145
2023-04-26,1465.1005424668704,2397.8018513700113,1135.9426331358256,13310.322942333267,9137.68698270023
2023-04-27,1469.8178055887536,2405.522183128271,1139.6000888097167,13407.419359594078,9204.344769435751
2023-04-28,1469.8178055887536,2405.522183128271,1139.6000888097167,13407.419359594078,9204.344769435751
2023-05-01,1465.9474131102666,2399.1878504449874,1136.5992409526277,13485.281157906962,9257.797773091314
2023-05-02,1495.50924555292,2447.5691147379716,1159.5195421960402,13428.273538115714,9218.66139844901
2023-05-03,1487.8207269786758,2434.985989186346,1153.5583703986188,13359.237836180175,9171.267609609251
2023-05-04,1474.0135322271892,2412.3889617621417,1142.8531793843458,13331.929592969384,9152.520192316013
2023-05-05,1474.0135322271892,2412.3889617621417,1142.8531793843458,13331.929592969384,9152.520192316013
2023-05-08,1475.0697324056337,2414.1175521693413,1143.6720875596172,13341.48254896825,9159.078404468743
2023-05-09,1496.2434155968176,2448.7706666038343,1160.0887693778352,13404.16479942248,9202.110477131704
2023-05-10,1480.2162463197478,2426.329211788864,1147.662356075405,13276.026688082846,9064.56139041847
2023-05-11,1546.33270727629,2534.7054716750854,1198.9247128732113,13627.5469712892,9304.571241405101
2023-05-12,1546.33270727629,2534.7054716750854,1198.9247128732113,13627.5469712892,9304.571241405101
2023-05-15,1543.345716596524,2529.8092798114462,1196.6087966889115,13604.352886344064,9288.734861152228
2023-05-16,1550.3047447007173,2541.2163247056264,1202.004369538426,13665.695638688763,9330.618261777274
2023-05-17,1550.3047447007173,2541.2163247056264,1202.004369538426,13665.695638688763,9330.618261777274
2023-05-18,1550.3047447007173,2541.2163247056264,1202.004369538426,13665.695638688763,9330.618261777274
2023-05-19,1550.3047447007173,2541.2163247056264,1202.004369538426,13665.695638688763,9330.618261777274
2023-05-22,1556.071035568252,2550.6682679675355,1206.4751723547745,13716.524597465568,9365.323089363754
2023-05-23,1582.8338976224245,2594.537205465393,1227.2253359857832,13952.435071520871,9526.397258989864
2023-05-24,1586.6701848826276,2600.8255406106036,1230.1997408989664,14052.510242571334,9594.726251764323
2023-05-25,1600.5186966868018,2623.5256351500416,1240.936966439378,14192.586673327032,9690.367171729893
2023-05-26,1600.5186966868018,2623.5256351500416,1240.936966439378,14192.586673327032,9690.367171729893
2023-05-30,1595.4840268604005,2615.2729447057354,1237.033414475673,14192.586673327032,9690.367171729893
2023-05-31,1579.2437624139036,2588.6523559021184,1224.441781189459,14048.121823241245,9591.729941395331
2023-06-01,1580.4071159879372,2590.5592926536474,1225.3437690625444,14071.198003080066,9607.485818791472
2023-06-02,1580.4071159879372,2590.5592926536474,1225.3437690625444,14071.198003080066,9607.485818791472
2023-06-05,1625.5350394185214,2664.5317268565786,1260.3329938179838,14243.928524368863,9725.422190192921
2023-06-06,1622.7504367764627,2659.967283823036,1258.173996011505,14281.6601554633,9751.184467902347
2023-06-07,1609.4472098279387,2638.161005019845,1247.8595484967527,14281.6601554633,9751.184467902347
2023-06-08,1622.5622350667823,2659.6587888264153,1258.0280767797128,14281.6601554633,9751.184467902347
2023-06-09,1622.5622350667823,2659.6587888264153,1258.0280767797128,14281.6601554633,9751.184467902347
2023-06-12,1628.289638078777,2669.046988199474,1262.468728509676,14354.021484152605,9800.591095473023
2023-06-13,1611.5539365417812,2641.6142927268006,1249.4929658775081,14354.021484152605,9800.591095473023
2023-06-14,1570.6369612888795,2574.5443274018075,1217.7686334774435,14189.154570862405,9688.023812212792
2023-06-15,1569.0223464926742,2571.897695833238,1216.5167673222284,14189.154570862405,9688.023812212792
2023-06-16,1569.0223464926742,2571.897695833238,1216.5167673222284,14189.154570862405,9688.023812212792
2023-06-20,1551.0111033220915,2542.374168068919,1202.552033571743,14189.154570862405,9688.023812212792
2023-06-21,1523.3702332677237,2497.066024330517,1181.12112026469,14189.154570862405,9688.023812212792
2023-06-22,1540.4194348478225,2525.0126003354226,1194.3399502182656,14347.956253635803,9796.449897533435
2023-06-23,1540.4194348478225,2525.0126003354226,1194.3399502182656,14347.956253635803,9796.449897533435
2023-06-26,1533.8956024045997,2514.3189160381703,1189.2817994710047,14287.19120459534,9754.960939250948
2023-06-27,1508.1984816117254,2472.1969119096266,1169.3579415436045,14047.840053448004,9591.537555552126
2023-06-28,1491.878918712936,2445.446339293357,1156.704825451201,14050.757055492979,9593.5292165162
2023-06-29,1475.660450365837,2418.861478048334,1144.1300914274095,14045.501086063514,9589.940563172928
2023-06-30,1475.660450365837,2418.861478048334,1144.1300914274095,14045.501086063514,9589.940563172928
2023-07-03,1475.660450365837,2418.861478048334,1144.1300914274095,14045.501086063514,9589.940563172928
2023-07-05,1470.9375621999002,2411.908400253179,1140.4682744641948,14000.548108671204,9562.374039255876
2023-07-06,1461.1132953389028,2395.799469203155,1132.851183866494,14027.876775801004,9581.039518282914
2023-07-07,1461.1132953389028,2395.799469203155,1132.851183866494,14027.876775801004,9581.039518282914
2023-07-10,1454.236595866237,2384.523688605552,1127.5194432249193,13961.854864198047,9535.946554162234
2023-07-11,1425.6681384081558,2337.6797543039697,1105.3693396320832,13868.799298034844,9472.3896045928
2023-07-12,1393.093557849095,2284.2669470549527,1080.1131515815002,13827.047960813146,9443.873442221577
2023-07-13,1393.792249883548,2285.412598121587,1080.6548714473813,13833.98277737,9448.609921771917
2023-07-14,1393.792249883548,2285.412598121587,1080.6548714473813,13833.98277737,9448.609921771917
2023-07-17,1384.4777025670971,2270.139458394633,1073.4329838714598,13833.98277737,9448.609921771917
2023-07-18,1392.0631843545164,2282.577435174342,1079.3142677188443,13856.314369664999,9463.862398800633
2023-07-19,1420.54421675271,2329.2780178872817,1101.3965876682703,13785.383666646814,9415.416730255187
2023-07-20,1413.5790747822057,2317.857217399672,1095.9962745287926,13785.383666646814,9415.416730255187
2023-07-21,1413.5790747822057,2317.857217399672,1095.9962745287926,13785.383666646814,9415.416730255187
2023-07-24,1428.7536725598243,2342.739129991233,1107.761659945456,13933.368067437232,9516.4900726236
2023-07-25,1416.4786012825948,2322.611594813616,1098.2443767390023,13813.660178355673,9434.72958710813
2023-07-26,1411.889539571631,2315.086872640229,1094.6863200101461,13813.660178355673,9434.72958710813
2023-07-27,1397.7596792242796,2291.918024592585,1083.7309553074708,13689.309117812923,9349.797815590453
2023-07-28,1397.7596792242796,2291.918024592585,1083.7309553074708,13689.309117812923,9349.797815590453
2023-07-31,1379.714438736271,2262.329095574739,1069.7398622723106,13689.309117812923,9349.797815590453
2023-08-01,1359.6009007093187,2229.3487620971814,1054.1451473119682,13414.78336190717,9162.296730561187
2023-08-02,1359.6009007093187,2229.3487620971814,1054.1451473119682,13414.78336190717,9162.296730561187
2023-08-03,1355.887870605921,2223.260476144796,1051.2663078942553,13378.147982784274,9137.274767454892
2023-08-04,1355.887870605921,2223.260476144796,1051.2663078942553,13378.147982784274,9137.274767454892
2023-08-07,1360.4221449662998,2230.695363049509,1054.781886113629,13356.213589597113,9122.29357740778
2023-08-08,1360.4221449662998,2230.695363049509,1054.781886113629,13356.213589597113,9122.29357740778
2023-08-09,1360.4221449662998,2230.695363049509,1054.781886113629,13356.213589597113,9122.29357740778
2023-08-10,1347.8223836698724,2210.0354309810205,1045.0128596140225,13232.512940004119,9037.806036553966
2023-08-11,1347.8223836698724,2210.0354309810205,1045.0128596140225,13232.512940004119,9037.806036553966
2023-08-14,1347.8223836698724,2210.0354309810205,1045.0128596140225,13232.512940004119,9037.806036553966
2023-08-15,1338.1773666923311,2194.220417436921,1037.5347475906249,13232.512940004119,9037.806036553966
2023-08-16,1337.565676943562,2193.217424732595,1037.060483576833,13295.53798813139,9080.85214298903
2023-08-17,1337.565676943562,2193.217424732595,1037.060483576833,13295.53798813139,9080.85214298903
2023-08-18,1337.565676943562,2193.217424732595,1037.060483576833,13295.53798813139,9080.85214298903
2023-08-21,1331.393062730773,2183.096138517644,1032.2746443535389,13234.181579121443,9038.945717033084
2023-08-22,1328.5982059013031,2178.5133888226655,1030.107696124334,13206.40041981978,9019.97118586297
2023-08-23,1341.401135250071,2199.5064572150172,1040.0342457738238,13206.40041981978,9019.97118586297
2023-08-24,1341.401135250071,2199.5064572150172,1040.0342457738238,13206.40041981978,9019.97118586297
2023-08-25,1341.401135250071,2199.5064572150172,1040.0342457738238,13206.40041981978,9019.97118586297
2023-08-28,1339.460972936454,2196.325157136536,1038.5299714777195,13240.230331783772,9043.07701496365
2023-08-29,1339.460972936454,2196.325157136536,1038.5299714777195,13240.230331783772,9043.07701496365
2023-08-30,1317.963856199381,2161.076158285881,1021.8625205531418,13124.36095590887,8963.93823388088
2023-08-31,1315.3711564943246,2156.8248872879417,1019.8523116667718,13057.581686327114,8918.327994277934
2023-09-01,1315.3711564943246,2156.8248872879417,1019.8523116667718,13057.581686327114,8918.327994277934
2023-09-05,1349.144092166452,2212.202647256889,1046.0376254825237,13243.39720395339,9045.23998858335
2023-09-06,1311.302371148713,2150.153266543394,1016.6976430244572,13208.540582512585,9021.4329169334
2023-09-07,1303.2561759028172,2136.959854122387,1010.4591522523777,13186.870655858269,9006.632357522194
2023-09-08,1303.2561759028172,2136.959854122387,1010.4591522523777,13186.870655858269,9006.632357522194
2023-09-11,1309.9912951298988,2148.0034844286315,1015.6811208801505,13255.019303638726,9053.177882403656
2023-09-12,1315.8893917060043,2157.6746418203415,1020.2541171769575,13314.698619265975,9093.938853617425
2023-09-13,1313.454029984027,2153.681359205336,1018.3658978180028,13218.544870396398,9028.265845330121
2023-09-14,1297.1289616390427,2126.9130105766644,1005.7085131645922,13163.858258725606,8990.914890804863
2023-09-15,1297.1289616390427,2126.9130105766644,1005.7085131645922,13163.858258725606,8990.914890804863
2023-09-18,1305.5882487902102,2140.783773187105,1012.2672882400349,13112.646838047287,8955.937491648292
2023-09-19,1281.5010567825743,2101.287806645302,993.591663243042,13112.646838047287,8955.937491648292
2023-09-20,1268.6624620756068,2080.236257472223,983.6374610197322,13016.619296340117,8890.350682850038
2023-09-21,1251.04101780391,2051.342230590528,969.9749517069283,12962.031048852294,8853.066911059504
2023-09-22,1251.04101780391,2051.342230590528,969.9749517069283,12962.031048852294,8853.066911059504
2023-09-25,1236.4622640086518,2027.437328269985,958.6715445386118,12882.21996095196,8798.555939841868
2023-09-26,1240.5396444203668,2034.1230424150065,961.8328772300744,12912.891445427154,8819.504563039656
2023-09-27,1211.8517536952465,1987.0832724046602,939.5901729344798,12835.77565771507,8766.834481789187
2023-09-28,1238.442083713981,2030.683654899328,960.2065665688538,12950.760636429199,8845.369219631299
2023-09-29,1238.442083713981,2030.683654899328,960.2065665688538,12950.760636429199,8845.369219631299
2023-10-02,1237.8138966961446,2029.6536114874355,959.7195116572904,12944.19149620868,8840.882497010345
2023-10-03,1216.9308256990714,1995.4114684792742,943.5281514272026,12656.312677333015,8644.261270276847
2023-10-04,1198.18840317437,1964.6793643505214,928.9965092791452,12350.798612444501,8435.595170918348
2023-10-05,1198.18840317437,1964.6793643505214,928.9965092791452,12350.798612444501,8435.595170918348
2023-10-06,1198.18840317437,1964.6793643505214,928.9965092791452,12350.798612444501,8435.595170918348
2023-10-09,1186.469739109039,1945.4641746475363,919.9106276421124,12410.169620361996,8476.145567973379
2023-10-10,1187.3516408125122,1946.9102361130026,920.5943962396747,12344.965027924287,8431.610832823944
2023-10-11,1160.4222066493387,1902.753821767935,899.7150835471366,12301.377549796565,8401.84058625574
2023-10-12,1133.6069268076321,1858.784587201225,878.9242786100406,12187.468036464094,8324.040391244795
2023-10-13,1133.6069268076321,1858.784587201225,878.9242786100406,12187.468036464094,8324.040391244795
2023-10-16,1133.8120148795163,1859.1208717969012,879.0832904168403,12246.805768827073,8364.568061096852
2023-10-17,1127.409717218072,1848.6229717450024,874.1193697486965,12177.651716034421,8317.335844614969
2023-10-18,1148.779829891465,1883.6637209894684,890.6883500725654,12276.371228502077,8384.761269381308
2023-10-19,1151.4399710465507,1888.0255762868576,892.7508486251447,12232.024460901195,8354.472428120233
2023-10-20,1151.4399710465507,1888.0255762868576,892.7508486251447,12232.024460901195,8354.472428120233
2023-10-23,1139.87701195768,1869.0656973124426,883.785690389562,12232.024460901195,8354.472428120233
2023-10-24,1163.254803395823,1907.398453914766,901.9112928266691,12541.03990309165,8565.529968096189
2023-10-25,1152.427687989917,1889.6451438701442,893.5166594025753,12424.312866208193,8485.805404564113
2023-10-26,1151.3471664640556,1887.8734038508178,892.6788940535977,12478.810814749255,8523.027502176063
2023-10-27,1151.3471664640556,1887.8734038508178,892.6788940535977,12478.810814749255,8523.027502176063
2023-10-30,1142.7814658546417,1873.8281542190107,886.0376129791074,12385.971955616147,8459.618563503245
2023-10-31,1131.7262275781002,1855.7007892300355,877.466108079755,12266.150383997034,8377.780432817219
2023-11-01,1141.6629649415624,1871.9941390865722,885.1704009103515,12373.849147051546,8451.33868552981
2023-11-02,1135.9650865571982,1862.6512811080763,880.7526406354666,12352.058985051577,8436.456005380265
2023-11-03,1135.9650865571982,1862.6512811080763,880.7526406354666,12352.058985051577,8436.456005380265
2023-11-06,1121.3929823149858,1838.7572821142694,869.4543890933866,12285.05514568213,8390.692384617443
2023-11-07,1115.3329100296864,1828.8205318220307,864.7558074812567,12285.05514568213,8390.692384617443
2023-11-08,1103.0125011227162,1808.6186561606098,855.2033724575624,12202.89269686782,8334.57543394913
2023-11-09,1089.7464774297728,1786.866248169128,844.917769901146,12130.329674619423,8285.014891406638
2023-11-10,1089.7464774297728,1786.866248169128,844.917769901146,12130.329674619423,8285.014891406638
2023-11-13,1087.5649030874606,1783.2891028046913,843.2263205903602,12106.045846655737,8268.429037460684
2023-11-14,1084.0500760228886,1777.5258120027352,840.5011547774909,12066.921140198237,8241.70686384157
2023-11-15,1069.2717813497472,1753.2937208660737,829.0430367318859,11936.592558656612,8152.69244561784
2023-11-16,1065.842201467603,1747.6702105692045,826.3839659794359,11898.307158803598,8126.5435183904665
2023-11-17,1065.842201467603,1747.6702105692045,826.3839659794359,11898.307158803598,8126.5435183904665
2023-11-20,1054.2567663953644,1787.0709769525615,817.4013813441015,11768.975570255063,8309.754309955086
2023-11-21,1066.2094662204124,1849.7702742747167,824.2186534011446,11768.975570255063,8537.548924670959
2023-11-22,1056.8091981461932,1816.7378721044433,816.9519046625426,11768.975570255063,8654.21419179683
2023-11-24,1056.8091981461932,1816.7378721044433,816.9519046625426,11768.975570255063,8654.21419179683
2023-11-27,1057.1144301103698,1824.3187996782237,814.2659447746826,11723.264869140188,8654.21419179683
2023-11-28,1049.7163605497944,1848.4072862330315,808.383793060794,11746.570927086488,8839.346864974643
2023-11-29,1039.2338929733442,1749.8391192873664,800.3112725032887,11629.2696698086,8367.979854052992
2023-11-30,1034.1322751661687,1617.8627532324745,796.3825301222984,11572.181376563854,8016.825947457522
2023-12-01,1034.1322751661687,1617.8627532324745,796.3825301222984,11572.181376563854,8016.825947457522
2023-12-04,1024.1091851939464,1602.181989438741,788.663775042887,11557.134407941952,8006.401903402791
2023-12-05,1019.4649727427002,1594.9162860820193,785.087279316792,11504.724188119617,7970.093830057641
2023-12-06,1015.7583432758761,1589.117397585434,782.2328137673622,11462.8946492698,7941.115703850552
2023-12-07,1007.8883603297561,1576.8050923002554,776.1721607144023,11518.776428241561,7979.828758984493
2023-12-08,1007.8883603297561,1576.8050923002554,776.1721607144023,11518.776428241561,7979.828758984493
2023-12-11,1004.3185236126847,1571.2202111410793,773.4230388997795,11477.97810905488,7951.565027780727
2023-12-12,981.7938273334338,1535.9811338845277,756.0768298664875,11477.97810905488,7951.565027780727
2023-12-13,967.3007274113828,1448.326004539572,744.9157319466073,11477.97810905488,7720.890355215959
2023-12-14,958.324589087536,1434.886156737987,738.0032315627234,11293.697762117732,7596.930513177192
2023-12-15,958.324589087536,1434.886156737987,738.0032315627234,11293.697762117732,7596.930513177192
2023-12-18,945.4683099166418,1415.6366276958076,728.1026449743875,11258.361015034312,7573.160547147561
2023-12-19,988.622427011369,1477.8773134781682,744.0872797404222,11608.553567096604,7873.459911516819
2023-12-20,991.1250663004125,1490.3658027789459,742.7193116556682,11637.939934886992,7939.992917313942
2023-12-21,995.6459198916298,1497.1638606838585,746.1071033497058,11691.02447924767,7976.209886004347
2023-12-22,995.6459198916298,1497.1638606838585,746.1071033497058,11691.02447924767,7976.209886004347
2023-12-26,988.379982238747,1519.4105033460185,743.6620339260791,11605.706744029323,8094.729906285411
2023-12-27,982.9604502767713,1501.3622168584197,734.3304960999707,11501.79467961266,7951.965066182122
2023-12-28,967.786015824974,1488.0405050125469,722.9942821394931,11324.235929009143,7974.937631748323
2023-12-29,967.786015824974,1488.0405050125469,722.9942821394931,11324.235929009143,7974.937631748323
2024-01-02,967.786015824974,1493.258367273089,722.9942821394931,11324.235929009143,7952.849611407334
2024-01-03,992.2588267475519,1531.0190179575072,741.2769418138241,11562.736751759103,8120.345342458685
2024-01-04,1015.9011785523186,1567.4983006472735,758.9391986471239,11562.736751759103,8120.345342458685
2024-01-05,1015.9011785523186,1567.4983006472735,758.9391986471239,11562.736751759103,8120.345342458685
2024-01-08,1015.9011785523186,1567.4983006472735,758.9391986471239,11562.736751759103,8120.345342458685
2024-01-09,1004.6131843027516,1581.2108262914112,750.5063889497203,11562.736751759103,8120.345342458685
2024-01-10,996.9602262580192,1569.1654537016784,744.7891696292094,11548.458713142249,8110.318079288123
2024-01-11,992.1992816369656,1546.101500778747,741.2324580397467,11548.458713142249,8223.596774338776
2024-01-12,992.1992816369656,1546.101500778747,741.2324580397467,11548.458713142249,8223.596774338776
2024-01-16,990.5113544581139,1543.4712763946677,739.9714750548486,11528.812501240543,8209.606810064237
2024-01-17,988.3510734682308,1540.105003366278,738.3576154020319,11503.668443708784,8191.701858802069
2024-01-18,979.5220668473163,1526.3471417757514,731.7618171578802,11422.388359241995,8133.822737696634
2024-01-19,979.5220668473163,1526.3471417757514,731.7618171578802,11422.388359241995,8133.822737696634
2024-01-22,963.2744504242808,1501.0291793455751,719.623871806152,11337.094074750245,8073.085125843923
2024-01-23,956.44664483686,1490.3897033238627,714.5230909325439,11297.765908942705,8045.079745601495
2024-01-24,961.0884427967519,1510.4991774940304,714.884052798365,11293.696266200906,8107.829625110964
2024-01-25,947.5781765420329,1489.265703906424,704.834744675948,11138.050775076423,7996.090554552577
2024-01-26,947.5781765420329,1489.265703906424,704.834744675948,11138.050775076423,7996.090554552577
2024-01-29,939.9733770865553,1477.3135850264187,699.1780853994817,11104.340870727316,7971.889960283072
2024-01-30,927.6640260822328,1412.469231756328,704.2348900937635,11104.340870727316,7564.813371351177
2024-01-31,924.0646896610334,1384.892992339154,701.5024587201995,11104.340870727316,7483.6303031332845
2024-02-01,911.7417317209104,1366.4246120546236,692.1475018752701,11020.16654724695,7426.902080785212
2024-02-02,911.7417317209104,1366.4246120546236,692.1475018752701,11020.16654724695,7426.902080785212
2024-02-05,911.7417317209104,1366.4246120546236,692.1475018752701,11020.16654724695,7426.902080785212
2024-02-06,911.7417317209104,1366.4246120546236,692.1475018752701,11020.16654724695,7426.902080785212
2024-02-07,896.4583742700044,1343.519489859187,680.5451617477157,10948.131937222219,7378.355265019086
2024-02-08,895.2088028747279,1341.6467609386818,679.5965513139002,10941.19262169926,7373.678600952737
2024-02-09,895.2088028747279,1341.6467609386818,679.5965513139002,10941.19262169926,7373.678600952737
2024-02-12,889.3018120777778,1364.0862224261768,684.3311993512542,10818.224528838677,7447.073499407432
2024-02-13,903.14768141192,1385.3241861182655,694.9858052890926,10904.048991463935,7506.153534168557
2024-02-14,903.9592551869559,1386.569046513211,695.6103235879307,10851.317010541215,7469.853775677317
2024-02-15,908.2875645117346,1393.2081728886928,698.9410230997967,10903.274945960706,7505.62069500081
2024-02-16,908.2875645117346,1393.2081728886928,698.9410230997967,10903.274945960706,7505.62069500081
2024-02-20,908.2875645117346,1393.2081728886928,698.9410230997967,10903.274945960706,7505.62069500081
2024-02-21,897.2654152703686,1376.301469542903,690.4593124956663,10832.173733950569,7456.6758842950485
2024-02-22,896.9422309793126,1375.8057421838146,690.2106172939854,10906.601798434573,7507.910841117535
2024-02-23,896.9422309793126,1375.8057421838146,690.2106172939854,10906.601798434573,7507.910841117535
2024-02-26,902.6010154450117,1384.4856636913446,694.5651375566107,10975.411256500965,7555.278049138482
2024-02-27,897.9566114503318,1398.959176467657,696.5422622167498,10932.716906713174,7555.396289608976
2024-02-28,892.3674684683418,1377.4912562030281,693.5285750559937,10879.328334999045,7578.593134004076
2024-02-29,881.5481155666375,1362.59079327229,684.7157107635477,10752.871381961155,7457.347949459311
2024-03-01,881.5481155666375,1362.59079327229,684.7157107635477,10752.871381961155,7457.347949459311
2024-03-04,894.9488041766625,1371.7438150331225,696.3579706826043,10766.924873723547,7635.858995171273
2024-03-05,899.5357510347715,1314.9260952204038,697.9708567296777,10822.1093848269,7308.744029756422
2024-03-06,901.8457209817664,1318.3027700873943,699.7632165120091,10753.736773191467,7262.568381431341
2024-03-07,892.5483077321259,1304.7119691815526,692.5491358223238,10753.736773191467,7262.568381431341
2024-03-08,892.5483077321259,1304.7119691815526,692.5491358223238,10753.736773191467,7262.568381431341
2024-03-11,893.3587453672745,1305.8966531630174,693.1779733642225,10730.868946367542,7247.124526002638
2024-03-12,888.155236076359,1298.2902515881208,689.1404486370471,10730.868946367542,7247.124526002638
2024-03-13,889.6628247480521,1300.4940191237497,690.3102219957681,10749.083933797481,7259.426072392228
2024-03-14,882.753460199799,1290.3940272830278,684.9490842225841,10749.083933797481,7259.426072392228
2024-03-15,882.753460199799,1290.3940272830278,684.9490842225841,10749.083933797481,7259.426072392228
2024-03-18,862.982809755498,1261.4936259829274,669.6085735059863,10622.496925112688,7173.935156428389
2024-03-19,866.0999571998682,1266.0502192173117,672.0272412129641,10660.866042977652,7199.847855251756
2024-03-20,867.0357738330343,1267.418180090324,672.753363255853,10672.385054939306,7207.627254526863
2024-03-21,882.3660049278317,1289.827651741806,684.6484486027008,10715.366205175313,7236.654703244015
2024-03-22,882.3660049278317,1289.827651741806,684.6484486027008,10715.366205175313,7236.654703244015
2024-03-25,877.1363640728235,1282.1830514899866,680.590647782934,10715.366205175313,7236.654703244015
2024-03-26,881.2701966611178,1320.3816060929446,678.8086072224951,10613.982161398915,7349.672294350095
2024-03-27,881.2701966611178,1327.3191529379262,678.8086072224951,10613.982161398915,7490.78746014718
2024-03-28,877.7693250196934,1322.0463387666935,676.112020168963,10571.287107598939,7460.6555484149085
2024-04-01,874.9365358122446,1276.8729946257838,674.0029439239017,10537.170823088112,7205.730474517927
2024-04-02,875.6953747767285,1277.9804360702308,674.5875116897814,10546.30978970877,7211.980058148078
2024-04-03,890.424917000651,1287.0281576237685,678.4346891886689,10546.30978970877,7211.980058148078
2024-04-04,883.3457441470764,1276.7958577169707,673.0409088227673,10546.30978970877,7211.980058148078
2024-04-05,883.3457441470764,1276.7958577169707,673.0409088227673,10546.30978970877,7211.980058148078
2024-04-08,876.2245214778152,1266.502778629606,667.6150897604061,10481.60877387421,7167.7349671878155
2024-04-09,879.3743823332157,1271.0556157482627,670.0150393009238,10481.60877387421,7167.7349671878155
2024-04-10,879.4971871754775,1271.2331189682038,670.1086070609898,10477.82271798627,7165.145913755164
2024-04-11,869.5573916679617,1256.8660494321368,662.5352542190057,10407.684172712066,7117.182427008485
2024-04-12,869.5573916679617,1256.8660494321368,662.5352542190057,10407.684172712066,7117.182427008485
2024-04-15,858.0343987094793,1240.210612107199,653.7556277765602,10340.413469519832,7071.180083099204
2024-04-16,838.4653517779374,1211.9253362373447,638.8455325857835,10208.056234248565,6980.6690171091395
2024-04-17,838.4653517779374,1211.9253362373447,638.8455325857835,10208.056234248565,6980.6690171091395
2024-04-18,835.8680952897847,1208.171238425164,636.8666246906422,10156.81782533591,6945.6301845072485
2024-04-19,835.8680952897847,1208.171238425164,636.8666246906422,10156.81782533591,6945.6301845072485
2024-04-22,835.5170467295039,1207.6638296890105,636.59915292931,10119.007848783782,6919.774240358985
2024-04-23,835.5170467295039,1207.6638296890105,636.59915292931,10119.007848783782,6919.774240358985
2024-04-24,827.239660413428,1195.6996213016214,630.292426887144,10119.007848783782,6919.774240358985
2024-04-25,833.046729111059,1204.0932104571025,634.7169626023452,10225.273399547086,6992.442789667193
2024-04-26,833.046729111059,1204.0932104571025,634.7169626023452,10225.273399547086,6992.442789667193
2024-04-29,833.046729111059,1204.0932104571025,634.7169626023452,10225.273399547086,6992.442789667193
2024-04-30,832.1248585213126,1202.760730442184,634.0145687507295,10213.957853264086,6984.704775540235
2024-05-01,834.9859283246335,1206.8961463851754,636.1944819199402,10177.051943952985,6959.467068011559
2024-05-02,844.4202331471014,1220.5325751533887,643.3826900863313,10292.040001806834,7038.100409597671
2024-05-03,844.4202331471014,1220.5325751533887,643.3826900863313,10292.040001806834,7038.100409597671
2024-05-06,849.5866896290538,1228.0002176692888,647.3191290051196,10355.010279747326,7081.161954139634
2024-05-07,885.4934147408251,1279.9001200468772,674.6772671545372,10500.421335066572,7180.599733998898
2024-05-08,885.4934147408251,1279.9001200468772,674.6772671545372,10500.421335066572,7180.599733998898
2024-05-09,891.3490461281114,1302.0927944634643,678.9079946656823,10569.859001937695,7234.3809256773475
2024-05-10,891.3490461281114,1302.0927944634643,678.9079946656823,10569.859001937695,7234.3809256773475
2024-05-13,882.8045170774769,1303.1339235199937,675.1490800796029,10468.535656503627,7221.197781417274
2024-05-14,909.5564918346755,1331.9877949749043,681.2950760268985,10796.557584553613,7388.531648413438
2024-05-15,905.896350135019,1326.6277495949992,678.5534799414187,10753.111211532563,7358.7994954044025
2024-05-16,897.4781877638019,1313.5330938729699,670.1759526232715,10653.186494802063,7286.163485831123
2024-05-17,897.4781877638019,1313.5330938729699,670.1759526232715,10653.186494802063,7286.163485831123
2024-05-20,897.4781877638019,1313.5330938729699,670.1759526232715,10653.186494802063,7286.163485831123
2024-05-21,892.7211917350844,1316.9346153056497,665.09645254367,10653.186494802063,7286.163485831123
2024-05-22,906.8259796977776,1338.7917288249027,670.7576916113605,10865.151530235815,7409.583530874292
2024-05-23,902.321189147833,1273.3700501978476,667.4256047742801,10811.177302508644,7244.807651542308
2024-05-24,902.321189147833,1273.3700501978476,667.4256047742801,10811.177302508644,7244.807651542308
2024-05-28,902.321189147833,1273.3700501978476,667.4256047742801,10811.177302508644,7244.807651542308
2024-05-29,909.3026123307109,1283.2223459166587,672.5895980906934,10811.177302508644,7244.807651542308
2024-05-30,913.0832379732853,1288.5576251078865,675.3860373035457,10896.680331603235,7302.105111576637
2024-05-31,913.0832379732853,1288.5576251078865,675.3860373035457,10896.680331603235,7302.105111576637
2024-06-03,902.7470495190814,1273.971031144362,667.7406036009157,10896.680331603235,7302.105111576637
2024-06-04,911.0232769417727,1285.6505752528565,673.8623329355177,10973.068861199787,7353.294745066669
2024-06-05,918.2225616745046,1295.8103206647593,679.18747327853,10937.735965003629,7329.617394344314
2024-06-06,909.9674718777669,1284.1606063110632,673.0813789450287,10937.735965003629,7329.617394344314
2024-06-07,909.9674718777669,1284.1606063110632,673.0813789450287,10937.735965003629,7329.617394344314
2024-06-10,907.6531485900858,1280.8945963841638,671.3695288427581,10903.175030630957,7306.457352215553
2024-06-11,890.7167291296196,1308.454250739828,658.842060645111,10903.175030630957,7306.457352215553
2024-06-12,890.7167291296196,1308.454250739828,658.842060645111,10903.175030630957,7306.457352215553
2024-06-13,893.0077428858242,1311.8197277649856,660.536669239225,10903.175030630957,7306.457352215553
2024-06-14,893.0077428858242,1311.8197277649856,660.536669239225,10903.175030630957,7306.457352215553
2024-06-17,894.3738717610184,1313.8265578551232,661.547162400299,10923.7214591011,7320.2259657557115
2024-06-18,894.2328523715753,1313.6194017374494,661.4428536991226,10909.643661724951,7310.7921241588365
2024-06-20,889.9834578571058,1277.4740635437502,658.2996772583446,10909.643661724951,7109.629554968672
2024-06-21,889.9834578571058,1277.4740635437502,658.2996772583446,10909.643661724951,7109.629554968672
2024-06-24,871.7906532688788,1251.3602792937163,644.842890749424,10820.109424378621,7051.281612564987
2024-06-25,863.098674625574,1238.8838931545472,638.4136400873936,10820.109424378621,7051.281612564987
2024-06-26,862.9570885407845,1238.6806617916714,638.3089122150961,10914.535569414113,7112.817528156931
2024-06-27,863.267007621623,1239.1255167876525,638.5381520162306,10828.679263958305,7056.8664315239075
2024-06-28,863.267007621623,1239.1255167876525,638.5381520162306,10828.679263958305,7056.8664315239075
2024-07-01,865.0738265073451,1241.7190079853299,639.8746131367541,10851.34370268793,7071.636461456621
2024-07-02,857.5997337097508,1230.9907639790476,634.3462037792342,10757.589912748486,7010.538708265808
2024-07-03,857.5997337097508,1230.9907639790476,634.3462037792342,10757.589912748486,7010.538708265808
2024-07-05,857.5997337097508,1230.9907639790476,634.3462037792342,10757.589912748486,7010.538708265808
2024-07-08,856.089250034444,1228.8226296147789,633.228934792738,10954.949278581491,7139.154456294222
2024-07-09,863.9442850060005,1193.9605860870765,629.8747156822211,10873.896093348978,6889.478426587467
2024-07-10,849.2061205969923,1201.4317355698777,619.1295816754171,10835.40414326449,6932.588998061402
2024-07-11,855.9912461114833,1053.4903417197415,621.58370917343,10835.40414326449,6235.779117319968
2024-07-12,855.9912461114833,1053.4903417197415,621.58370917343,10835.40414326449,6235.779117319968
2024-07-15,843.8409521382001,1038.536663854393,612.7606927818847,10779.64306394585,6203.688595418156
2024-07-16,826.4549383601162,1017.1392515801181,600.1357237988324,10779.64306394585,6203.688595418156
2024-07-17,826.4549383601162,1017.1392515801181,600.1357237988324,10779.64306394585,6203.688595418156
2024-07-18,831.8474163630948,1023.7759123168732,604.0515073935294,10849.978402757706,6244.166609082762
2024-07-19,831.8474163630948,1023.7759123168732,604.0515073935294,10849.978402757706,6244.166609082762
2024-07-22,819.710708825129,1008.8389556253106,595.2383568819184,10691.676517006537,6153.0638149139695
2024-07-23,810.821366206626,997.8986140793282,588.7833019008971,10575.7307635808,6086.336990663157
2024-07-24,810.821366206626,997.8986140793282,588.7833019008971,10575.7307635808,6086.336990663157
2024-07-25,818.2206784013546,1007.0051370349387,594.1563614271772,10575.7307635808,6086.336990663157
2024-07-26,818.2206784013546,1007.0051370349387,594.1563614271772,10575.7307635808,6086.336990663157
2024-07-29,813.9660548799897,1001.7688629401122,591.0668383957674,10520.738566426522,6054.6889607331095
2024-07-30,808.1712876875131,994.6370945984141,586.8589298433626,10520.738566426522,6054.6889607331095
2024-07-31,814.2084822717243,1002.0672245377579,591.2428786509033,10451.097832493295,6014.610692434682
2024-08-01,811.6474549767694,998.915302678309,589.3831717292217,10418.224744833262,5995.692218251171
2024-08-02,811.6474549767694,998.915302678309,589.3831717292217,10418.224744833262,5995.692218251171
2024-08-05,811.6474549767694,998.915302678309,589.3831717292217,10418.224744833262,5995.692218251171
2024-08-06,802.7195035803156,998.915302678309,582.9000807285398,10418.224744833262,5995.692218251171
2024-08-07,809.6976256426967,998.915302678309,604.4600127195464,10362.372840320611,5995.692218251171
2024-08-08,799.3776804092068,998.915302678309,596.7559093239746,10282.914165381033,5995.692218251171
2024-08-09,799.3776804092068,998.915302678309,596.7559093239746,10282.914165381033,5995.692218251171
2024-08-12,810.8812573358682,1013.2903588115961,605.3436240895833,10430.892145040363,6081.97422030298
2024-08-13,829.8401590993187,1036.9817096681659,619.4969297658691,10486.936648179251,6114.65227109104
2024-08-14,824.0445862869719,1029.7394679695035,615.1703862452708,10413.696272600228,6071.947767011901
2024-08-15,824.0445862869719,1029.7394679695035,615.1703862452708,10413.696272600228,6071.947767011901
2024-08-16,824.0445862869719,1029.7394679695035,615.1703862452708,10413.696272600228,6071.947767011901
2024-08-19,805.5147622354028,1006.5842995745419,601.3373980689599,10298.750602537859,6004.926021188637
2024-08-20,798.9828570601807,998.4219250235874,596.4611635830755,10215.238213301991,5956.232180686226
2024-08-21,801.6158937795585,1001.7122103742544,598.4267929223278,10254.54119803191,5979.148699866416
2024-08-22,808.0543902804476,1009.7578599321538,603.2332954407625,10254.54119803191,5979.148699866416
2024-08-23,808.0543902804476,1009.7578599321538,603.2332954407625,10254.54119803191,5979.148699866416
2024-08-26,797.5098230069757,996.5811978014322,595.3615059401005,10254.54119803191,5979.148699866416
2024-08-27,793.7403705213893,991.8708288946552,592.5475131294205,10254.54119803191,5979.148699866416
2024-08-28,799.4967820679535,999.0641340410205,596.844821762249,10328.909797071787,6022.511040869591
2024-08-29,812.9397795943853,1015.8627215824504,606.8803636713238,10415.239622677082,6072.847653162558
2024-08-30,812.9397795943853,1015.8627215824504,606.8803636713238,10415.239622677082,6072.847653162558
2024-09-03,812.9397795943853,1015.8627215824504,606.8803636713238,10415.239622677082,6072.847653162558
2024-09-04,810.1664920369839,1012.3971765119433,604.8100334898674,10549.949573084681,6151.393422230535
2024-09-05,804.4355095151931,1005.2356478869906,600.5317082752324,10475.320990931023,6107.879492027343
2024-09-06,804.4355095151931,1005.2356478869906,600.5317082752324,10475.320990931023,6107.879492027343
2024-09-09,806.5727024767057,1007.9063188431003,602.1271775514016,10435.187924186175,6084.4789742260045
2024-09-10,787.5223280063204,984.1006622097069,587.9055851569061,10233.926798704073,5967.128994980621
2024-09-11,787.5223280063204,984.1006622097069,587.9055851569061,10233.926798704073,5967.128994980621
2024-09-12,777.3249803105123,971.3578912896336,580.2930039627582,10194.30094245994,5944.024218056164
2024-09-13,777.3249803105123,971.3578912896336,580.2930039627582,10194.30094245994,5944.024218056164
2024-09-16,769.9684772602697,962.1650858721428,574.8011860464201,10132.613354379662,5908.0558353713395
2024-09-17,775.6242340864371,969.2326112488759,579.0233533528517,10162.022866485067,5925.203735279577
2024-09-18,760.4249384961951,950.2393251875843,567.6766899629062,9962.885729512509,5809.092196924929
2024-09-19,778.6409660846147,973.002368437388,581.2754210436053,9909.90927337138,5778.203042281858
2024-09-20,778.6409660846147,973.002368437388,581.2754210436053,9909.90927337138,5778.203042281858
2024-09-23,793.7767312269777,991.916265821553,592.5746573272871,10021.407408914862,5843.214622936513
2024-09-24,799.8298270632306,999.480312463831,597.0934483800208,10021.407408914862,5843.214622936513
2024-09-25,802.2431281651145,1002.4960126262475,598.8950394537047,9978.811122776655,5818.377867789311
2024-09-26,802.2431281651145,1002.4960126262475,598.8950394537047,9978.811122776655,5818.377867789311
2024-09-27,802.2431281651145,1002.4960126262475,598.8950394537047,9978.811122776655,5818.377867789311
2024-09-30,803.6946485647251,1004.309856038261,599.978636603338,10079.172924912247,5876.896150291354
2024-10-01,803.6946485647251,1004.309856038261,599.978636603338,10079.172924912247,5876.896150291354
2024-10-02,797.9823767525442,997.1717086192278,595.7142794125809,10079.172924912247,5876.896150291354
2024-10-03,780.9468458842862,975.8838331998885,582.9968193642845,9864.000176125968,5751.434675584024
2024-10-04,780.9468458842862,975.8838331998885,582.9968193642845,9864.000176125968,5751.434675584024
2024-10-07,790.4525277249201,987.7622872594761,590.0930542849894,9987.339594320501,5823.350591440079
2024-10-08,802.7206987990884,1003.0927926290891,599.2515581618549,10086.121853693441,5880.947884804403
2024-10-09,804.4659570152676,1005.2736955764594,600.5544381137545,10016.406579440716,5840.298773024638
2024-10-10,791.0209838484968,988.4726392428482,590.5174213385732,9971.379549285799,5814.044716055098
2024-10-11,791.0209838484968,988.4726392428482,590.5174213385732,9971.379549285799,5814.044716055098
2024-10-14,793.2585800090434,991.2687756634198,592.1878441740009,9999.586033121768,5830.491162356178
2024-10-15,774.6717130693868,893.7604693803547,588.7102451705503,9921.870719196912,5289.935522085831
2024-10-16,770.0918518870029,888.4765551609418,585.2297886700212,9863.212593700839,5258.6614095215255
2024-10-17,770.6128973595727,889.0776999275259,585.6257561524095,9863.212593700839,5258.6614095215255
2024-10-18,770.6128973595727,889.0776999275259,585.6257561524095,9863.212593700839,5258.6614095215255
2024-10-21,766.3811113120541,884.1953697477371,582.4098186662285,9809.049205596712,5229.783707036028
2024-10-22,761.7332447144265,878.8329957745688,578.8776815840987,9749.56032795576,5198.066671417631
2024-10-23,777.5666396231248,854.5578058659735,591.7254485031189,9821.253643276119,5023.1066999017075
2024-10-24,770.0203258016262,846.2642898468173,585.9827305121107,9880.918603932669,5053.622505165374
2024-10-25,770.0203258016262,846.2642898468173,585.9827305121107,9880.918603932669,5053.622505165374
2024-10-28,764.5228328498602,840.2224597640583,581.799157919409,9810.374647413671,5017.54260808719
2024-10-29,754.109443852268,828.7779836253643,573.8746059118482,9810.374647413671,5017.54260808719
2024-10-30,755.7292665260759,830.5581938857891,575.107285208145,9906.920170684767,5066.921076702607
2024-10-31,755.7292665260759,830.5581938857891,575.107285208145,9906.920170684767,5066.921076702607
2024-11-01,755.7292665260759,830.5581938857891,575.107285208145,9906.920170684767,5066.921076702607
2024-11-04,749.4604693669214,823.6686885073918,570.3367528556079,9906.920170684767,5066.921076702607
2024-11-05,751.3093731307837,825.7006624414449,571.7437620470525,9857.589228886496,5041.690633292869
2024-11-06,735.4635199394697,808.2858238344198,559.6851241004845,9767.340011309088,4995.532427228787
2024-11-07,735.4635199394697,808.2858238344198,559.6851241004845,9767.340011309088,4995.532427228787
2024-11-08,735.4635199394697,808.2858238344198,559.6851241004845,9767.340011309088,4995.532427228787
2024-11-11,735.4635199394697,791.8728199437081,559.6851241004845,9767.340011309088,5004.189727413323
2024-11-12,725.2766732989903,780.9046525814514,551.9329700213283,9668.158103311367,4953.374962638802
2024-11-13,730.4153944421664,786.4375083822206,555.8435185431272,9668.158103311367,4953.374962638802
2024-11-14,730.4153944421664,786.4375083822206,555.8435185431272,9668.158103311367,4953.374962638802
2024-11-15,730.4153944421664,786.4375083822206,555.8435185431272,9668.158103311367,4953.374962638802
2024-11-18,713.4881197578636,768.211929036934,542.961922684849,9459.236075033607,4846.33604861232
2024-11-19,721.0962764563257,776.4036235752036,548.7517028853748,9455.000334415998,4844.165913277409
2024-11-20,713.8935620626314,768.6484683519327,543.2704628374295,9360.558483550045,4795.779664882853
2024-11-21,713.8935620626314,768.6484683519327,543.2704628374295,9360.558483550045,4795.779664882853
2024-11-22,713.8935620626314,768.6484683519327,543.2704628374295,9360.558483550045,4795.779664882853
2024-11-25,691.3637528350421,744.3906457922043,526.1253581087253,9270.481567796885,4749.629743208464
2024-11-26,704.9348371810203,759.0026184317558,536.4529050507981,9298.950910826394,4764.2156994431725
2024-11-27,703.5899655032466,757.5545964713617,535.4294624850323,9298.950910826394,4764.2156994431725
2024-11-29,703.5899655032466,757.5545964713617,535.4294624850323,9298.950910826394,4764.2156994431725
2024-12-02,707.2827492947281,761.5306130039608,534.787199724573,9347.756347067545,4789.22063040668
2024-12-03,702.7767726994299,769.9920682073092,534.1372161465242,9288.203401148196,4842.434217793912
2024-12-04,705.7434052586138,785.890900457549,533.9359631662771,9443.259711380226,4923.273315510014
2024-12-05,713.8327064862905,805.4866688945463,538.4227186787297,9420.150947676864,5021.585293329585
2024-12-06,713.8327064862905,805.4866688945463,538.4227186787297,9420.150947676864,5021.585293329585
2024-12-09,711.574767312393,791.6741834963418,536.7196225084725,9420.150947676864,4935.475148719564
2024-12-10,704.3887222931803,750.7080162697524,534.0538568515063,9360.750268899581,4698.803526690745
2024-12-11,704.3887222931803,750.7080162697524,534.0538568515063,9360.750268899581,4698.803526690745
2024-12-12,723.0697754942937,765.3570179174972,543.2634097799602,9360.25669312741,4746.117056405359
2024-12-13,723.0697754942937,765.3570179174972,543.2634097799602,9360.25669312741,4746.117056405359
2024-12-16,732.350250774099,775.1802426265556,550.2361015114587,9430.83677313541,4781.904677680145
2024-12-17,720.3326032041431,782.9058898159658,541.2068924120672,9357.313969652041,4801.156428371697
2024-12-18,713.2882828434135,775.2496489688432,535.9142890860103,9313.977403036535,4778.92081288798
2024-12-19,725.9486682926067,789.0098068340075,545.4264058987418,9381.65655505159,4813.646397261624
2024-12-20,725.9486682926067,789.0098068340075,545.4264058987418,9381.65655505159,4813.646397261624
2024-12-23,713.2648860849923,775.2242197991943,535.8967104190702,9294.567582481443,4768.961802745342
2024-12-24,713.2648860849923,775.2242197991943,535.8967104190702,9294.567582481443,4768.961802745342
2024-12-26,710.2716935420865,771.9710169582144,533.647837568763,9328.970640916205,4786.613712865639
2024-12-27,710.2716935420865,771.9710169582144,533.647837568763,9328.970640916205,4786.613712865639
2024-12-30,701.3105603788276,762.2314551200667,526.9150768826503,9211.271809680959,4726.223466045915
2024-12-31,712.1715578643249,774.0359172016788,535.0752610412943,9353.92416031594,4799.417146678494
2025-01-02,708.4983935730801,770.043675360777,532.3155055859104,9305.679464456814,4774.6632127600515
2025-01-03,708.4983935730801,770.043675360777,532.3155055859104,9305.679464456814,4774.6632127600515
2025-01-04,708.4983935730801,770.043675360777,532.3155055859104,9305.679464456814,4774.6632127600515
2025-01-06,712.1600527927603,774.0234127165971,535.0666169454964,9353.773048458574,4799.339612498519
2025-01-07,704.4933757386168,765.6907527838009,529.3064188854012,9353.773048458574,4799.339612498519
2025-01-08,701.8328880170313,762.7991559051545,527.3075168702834,9266.589770736102,4754.606630828639
2025-01-10,701.8328880170313,762.7991559051545,527.3075168702834,9266.589770736102,4754.606630828639
2025-01-11,701.8328880170313,762.7991559051545,527.3075168702834,9266.589770736102,4754.606630828639
2025-01-13,725.2551586756011,788.2560539684803,544.9053518981204,9508.104801599817,4878.525892995154
2025-01-14,731.0485876270394,794.5527419541911,549.2581240276493,9643.922637258302,4948.21284342496
2025-01-15,728.7677160336423,792.0737373992931,547.5444386806823,9643.922637258302,4948.21284342496
2025-01-16,718.0229215443937,780.3955725445077,539.4715612220393,9501.734715746741,4875.25745733702
2025-01-17,718.0229215443937,780.3955725445077,539.4715612220393,9501.734715746741,4875.25745733702
2025-01-18,718.0229215443937,780.3955725445077,539.4715612220393,9501.734715746741,4875.25745733702
2025-01-21,721.5513177878873,784.2304707406299,542.1225482211636,9473.34856726131,4860.692771389797
2025-01-22,725.7796777541437,788.8261365582246,545.2994383787908,9528.863298979913,4889.176897488862
2025-01-23,729.9501273340886,793.3588614755695,548.4328187742962,9528.863298979913,4889.176897488862
2025-01-24,729.9501273340886,793.3588614755695,548.4328187742962,9528.863298979913,4889.176897488862
2025-01-26,729.9501273340886,793.3588614755695,548.4328187742962,9528.863298979913,4889.176897488862
2025-01-27,724.5515895943537,787.4913678010753,544.376739928642,9458.390089633142,4853.017706594915
2025-01-28,717.3917488497059,779.7095716360883,538.9973427691358,9458.390089633142,4853.017706594915
2025-01-29,723.632939105906,786.4929167037783,543.6865310253465,9493.068086640655,4870.810685306077
2025-01-30,714.9588938381881,777.0653812869174,537.1694678477232,9411.86806865284,4829.147662176738
2025-01-31,714.9588938381881,777.0653812869174,537.1694678477232,9411.86806865284,4829.147662176738
2025-02-01,714.9588938381881,777.0653812869174,537.1694678477232,9411.86806865284,4829.147662176738
2025-02-03,715.0557129287471,777.1706107821644,537.2422108540712,9424.073373084666,4835.410097745657
2025-02-04,710.0698520618242,771.7516420708306,533.4961881781804,9358.36224346454,4801.694288549296
2025-02-05,712.3281347498327,774.2060954850547,535.1929018217508,9315.4148280281,4779.658343151572
2025-02-06,723.1286981319064,785.9448737210299,543.3076800760055,9456.658341196035,4852.1291615307955
2025-02-07,723.1286981319064,785.9448737210299,543.3076800760055,9456.658341196035,4852.1291615307955
2025-02-08,723.1286981319064,785.9448737210299,543.3076800760055,9456.658341196035,4852.1291615307955
2025-02-09,723.1286981319064,785.9448737210299,543.3076800760055,9456.658341196035,4852.1291615307955
2025-02-10,728.8802625711639,792.1960605410087,547.6289981766055,9539.022008966478,4894.389243244718
2025-02-11,731.6767928554098,795.2355176207603,549.7301129365659,9575.620837745377,4913.167784034585
2025-02-12,722.3404200780432,785.0881201485315,542.7154237849668,9453.433600718197,4850.474575233359
2025-02-13,726.7301701566169,789.8591955879164,546.0135710407244,9453.433600718197,4850.474575233359
2025-02-14,726.7301701566169,789.8591955879164,546.0135710407244,9453.433600718197,4850.474575233359
2025-02-16,726.7301701566169,789.8591955879164,546.0135710407244,9453.433600718197,4850.474575233359
2025-02-18,740.5502450742937,814.3495205351303,554.5273978844316,9453.433600718197,4847.174941331692
2025-02-19,734.9343875970619,808.1740167467027,550.3222182164042,9423.69916960596,4831.928841822299
2025-02-20,740.8068683908774,814.631717558503,554.7195585932129,9423.69916960596,4831.928841822299
2025-02-21,740.8068683908774,814.631717558503,554.7195585932129,9423.69916960596,4831.928841822299
2025-02-23,740.8068683908774,814.631717558503,554.7195585932129,9423.69916960596,4831.928841822299
2025-02-24,737.7661562850056,811.2879843520498,552.442659513103,9385.018701902742,4812.09573126279
2025-02-25,733.8530661524392,806.9849365920069,549.5125197915482,9335.240836974252,4786.572516132147
2025-02-26,734.1910982539331,807.356655164255,549.7656397694155,9276.072950219863,4756.234639957121
2025-02-27,734.1910982539331,807.356655164255,549.7656397694155,9276.072950219863,4756.234639957121
2025-02-28,734.1910982539331,807.356655164255,549.7656397694155,9276.072950219863,4756.234639957121
2025-03-02,734.1910982539331,807.356655164255,549.7656397694155,9276.072950219863,4756.234639957121
2025-03-03,759.151579491319,834.8045644225284,568.4561618542772,9648.741536934376,4947.317574607114
2025-03-04,760.6430809413276,834.8045644225284,566.7996954526537,9648.741536934376,4947.317574607114
2025-03-05,768.4494902633218,834.8045644225284,569.4147376429047,9746.590526441967,4947.317574607114
2025-03-06,771.3866859118348,834.8045644225284,575.4804010905206,9653.805769595621,4947.317574607114
2025-03-07,771.3866859118348,834.8045644225284,575.4804010905206,9653.805769595621,4947.317574607114
2025-03-09,771.3866859118348,834.8045644225284,575.4804010905206,9653.805769595621,4947.317574607114
2025-03-10,769.0970901146242,834.8045644225284,578.7309788521825,9653.805769595621,4947.317574607114
2025-03-11,770.4504593022449,834.8045644225284,583.7347428933298,9536.330767264042,4947.317574607114
2025-03-12,766.5747484286568,834.8045644225284,580.7982956980464,9536.330767264042,4947.317574607114
2025-03-13,784.8053274620528,834.8045644225284,602.2586196323421,9702.699531882643,4947.317574607114
2025-03-14,784.8053274620528,834.8045644225284,602.2586196323421,9702.699531882643,4947.317574607114
2025-03-15,784.8053274620528,834.8045644225284,602.2586196323421,9702.699531882643,4947.317574607114
2025-03-17,794.8220608012945,845.4594547750745,609.9454481782512,9826.53833684584,5010.461846384218
2025-03-18,787.931881281062,838.1303081550057,604.6579330943596,9741.353719379316,4967.026990580067
2025-03-19,780.9208518235977,830.6726123576041,599.2776779208772,9741.353719379316,4967.026990580067
2025-03-20,780.9208518235977,830.6726123576041,599.2776779208772,9741.353719379316,4967.026990580067
2025-03-21,780.9208518235977,830.6726123576041,599.2776779208772,9741.353719379316,4967.026990580067
2025-03-22,780.9208518235977,830.6726123576041,599.2776779208772,9741.353719379316,4967.026990580067
2025-03-24,792.5880005149412,843.0830645302809,608.2310331288711,9812.71041003455,5003.411113223917
2025-03-25,795.601807380977,846.288878303476,610.5438247212103,9867.347917359895,5031.270277504453
2025-03-26,792.528672789718,843.0199570893908,608.1855051072732,9867.347917359895,5031.270277504453
2025-03-27,773.9275393238925,823.233762249302,593.9110187184601,9867.347917359895,5031.270277504453
2025-03-28,773.9275393238925,823.233762249302,593.9110187184601,9867.347917359895,5031.270277504453
2025-03-29,773.9275393238925,823.233762249302,593.9110187184601,9867.347917359895,5031.270277504453
2025-03-30,773.9275393238925,823.233762249302,593.9110187184601,9867.347917359895,5031.270277504453
2025-03-31,761.6512144417385,810.1753238221604,584.4901824690506,9773.811804132687,4983.577070546036
2025-04-01,746.0586263859375,793.5893460966557,572.5244500378618,9650.36773472024,4920.634070808856
2025-04-02,746.0586263859375,793.5893460966557,572.5244500378618,9650.36773472024,4920.634070808856
2025-04-03,738.3291830326124,785.3674669044391,566.5928849457212,9565.422555742894,4877.321302496097
2025-04-04,738.3291830326124,785.3674669044391,566.5928849457212,9565.422555742894,4877.321302496097
2025-04-05,738.3291830326124,785.3674669044391,566.5928849457212,9565.422555742894,4877.321302496097
2025-04-07,710.5405072134207,785.3674669044391,545.2678901289827,9565.422555742894,4877.321302496097
2025-04-08,719.01614279093,785.3674669044391,557.6132285045117,8780.828336030649,4877.321302496097
2025-04-09,714.6506836558847,785.3674669044391,561.5495948657423,8727.516115356439,4877.321302496097
2025-04-10,707.9090224276905,785.3674669044391,566.4703976137345,8615.848653525556,4877.321302496097
2025-04-11,707.9090224276905,785.3674669044391,566.4703976137345,8615.848653525556,4877.321302496097
2025-04-13,707.9090224276905,785.3674669044391,566.4703976137345,8615.848653525556,4877.321302496097
2025-04-14,700.1277322081103,785.3674669044391,554.7281814124342,8521.143802002194,4877.321302496097
2025-04-15,689.6985216835096,785.3674669044391,546.4648649892541,8394.211531598912,4877.321302496097
2025-04-16,678.045052079923,785.3674669044391,537.231538407611,8329.329829148075,4877.321302496097
2025-04-17,686.548559450207,785.3674669044391,536.5165070637195,8431.932353266988,4877.321302496097
2025-04-20,686.548559450207,785.3674669044391,536.5165070637195,8431.932353266988,4877.321302496097
2025-04-21,686.548559450207,785.3674669044391,536.5165070637195,8431.932353266988,4877.321302496097
2025-04-22,678.139208848454,775.7477098027725,529.9448591454138,8328.651857761079,4817.580291804976
2025-04-23,688.1770490887288,775.7477098027725,547.9363111144968,8344.834781738318,4817.580291804976
2025-04-24,688.1770490887288,775.7477098027725,547.9363111144968,8344.834781738318,4817.580291804976
2025-04-25,688.1770490887288,775.7477098027725,547.9363111144968,8344.834781738318,4817.580291804976
2025-04-27,688.1770490887288,775.7477098027725,547.9363111144968,8344.834781738318,4817.580291804976
2025-04-28,666.6346281866173,751.4640117332867,530.7839305502083,8344.834781738318,4817.580291804976
2025-04-29,643.2664375826778,725.1222144192884,512.1778462963115,8149.749480218134,4704.9550417663295
2025-04-30,638.5975143681701,719.8591698354921,508.4603835206758,8090.597389703974,4670.805780225081
2025-05-01,642.7065451165903,724.4910755301343,511.73205198670024,8179.060257194723,4721.8765297517975
2025-05-02,642.7065451165903,724.4910755301343,511.73205198670024,8179.060257194723,4721.8765297517975
2025-05-03,642.7065451165903,724.4910755301343,511.73205198670024,8179.060257194723,4721.8765297517975
2025-05-05,667.7479583587151,752.7190133820671,531.6703797980575,8190.695223264303,4728.59354509107
2025-05-06,652.4045201643817,735.4231197519094,519.4537170436851,8119.064812488029,4687.240389004044
2025-05-07,647.8326745377808,730.2695058975911,515.8135488181654,8067.099346318688,4657.240057994527
2025-05-08,649.3225098248023,730.2695058975911,519.0123103517434,8085.65143506387,4657.240057994527
2025-05-09,649.3225098248023,730.2695058975911,519.0123103517434,8085.65143506387,4657.240057994527
2025-05-11,649.3225098248023,730.2695058975911,519.0123103517434,8085.65143506387,4657.240057994527
2025-05-12,654.2638212470946,735.8268198613673,522.9619677541078,8089.964567054074,4659.724371255062
2025-05-13,654.2638212470946,735.8268198613673,522.9619677541078,8089.964567054074,4659.724371255062
2025-05-14,663.2183496167513,745.8976535520391,530.1194440265687,8246.556545450683,4749.919507714533
2025-05-15,666.2765330302599,749.337081658312,532.5638916083301,8288.531249202802,4774.096443030973
2025-05-16,666.2765330302599,749.337081658312,532.5638916083301,8288.531249202802,4774.096443030973
2025-05-17,666.2765330302599,749.337081658312,532.5638916083301,8288.531249202802,4774.096443030973
2025-05-18,666.2765330302599,749.337081658312,532.5638916083301,8288.531249202802,4774.096443030973
2025-05-19,666.2765330302599,749.337081658312,532.5638916083301,8288.531249202802,4774.096443030973
2025-05-20,673.4457985865473,757.400094931718,538.2943830414669,8326.654409242943,4796.054934502214
2025-05-21,665.0579055176827,747.9665354381862,531.589826068955,8222.944375038693,4736.319175473886
2025-05-22,664.3556043694562,747.1766827767636,531.0284672126263,8222.944375038693,4736.319175473886
2025-05-23,664.3556043694562,747.1766827767636,531.0284672126263,8222.944375038693,4736.319175473886
2025-05-24,664.3556043694562,747.1766827767636,531.0284672126263,8222.944375038693,4736.319175473886
2025-05-27,660.6838256069365,743.0471662081882,528.0935645259013,8222.944375038693,4736.319175473886
2025-05-28,656.2491744269029,738.0596746657417,524.5488875437736,8222.944375038693,4736.319175473886
2025-05-29,656.2491744269029,738.0596746657417,524.5488875437736,8222.944375038693,4736.319175473886
2025-05-30,656.2491744269029,738.0596746657417,524.5488875437736,8222.944375038693,4736.319175473886
2025-06-01,656.2491744269029,738.0596746657417,524.5488875437736,8222.944375038693,4736.319175473886
2025-06-02,653.3651265420167,734.816090480667,522.2436288576029,8222.944375038693,4736.319175473886
2025-06-03,646.6719526560604,727.2885202630523,516.8936839695481,8222.944375038693,4736.319175473886
2025-06-04,643.5728197567516,723.8030377534442,514.4165049070336,8285.664389893007,4772.445165811636
2025-06-05,647.3838515506264,728.0891671621164,517.4627144350178,8334.729436541797,4800.706055182798
2025-06-06,647.3838515506264,728.0891671621164,517.4627144350178,8334.729436541797,4800.706055182798
2025-06-08,647.3838515506264,728.0891671621164,517.4627144350178,8334.729436541797,4800.706055182798
2025-06-09,643.1183914996807,723.2919587538163,514.0532742227083,8334.729436541797,4800.706055182798
2025-06-10,641.5576010918302,757.9388107737697,512.676172378588,8314.501798942678,5030.6676222542565
2025-06-11,638.6755055554537,754.5338911536762,510.3730561728034,8314.501798942678,5030.6676222542565
2025-06-12,635.6516860532155,750.9615382525172,507.956686690573,8358.832133685573,5057.489575639742
2025-06-13,635.6516860532155,750.9615382525172,507.956686690573,8358.832133685573,5057.489575639742
2025-06-15,635.6516860532155,750.9615382525172,507.956686690573,8358.832133685573,5057.489575639742
2025-06-16,641.3315317208844,757.6717314813174,512.4955177037915,8358.832133685573,5057.489575639742
2025-06-17,636.0633802894482,739.3347871247537,511.3055832878014,8327.854860172327,4990.187412102061
2025-06-18,633.7201227964616,736.6110777689859,509.421933518969,8327.854860172327,4990.187412102061
2025-06-20,633.7201227964616,736.6110777689859,509.421933518969,8327.854860172327,4990.187412102061
2025-06-22,633.7201227964616,736.6110777689859,509.421933518969,8327.854860172327,4990.187412102061
2025-06-23,629.7289534630894,731.9719012011966,506.21359418166634,8327.854860172327,4990.187412102061
2025-06-24,625.386911045521,726.9248837089795,502.72320218650873,8295.779886621485,4970.967561138712
2025-06-25,620.504649601047,680.4117493148284,500.87263697811187,8295.779886621485,4700.003001645134
2025-06-26,618.6772697738127,674.1404012018288,499.3975722007312,8305.28685037155,4700.003001645134
2025-06-27,618.6772697738127,674.1404012018288,499.3975722007312,8305.28685037155,4700.003001645134
2025-06-29,618.6772697738127,674.1404012018288,499.3975722007312,8305.28685037155,4700.003001645134
2025-06-30,635.7633012066697,684.1010667052798,506.3012524590082,8535.658170507713,4789.519351808435
2025-07-01,609.6311229186786,672.9291735461792,491.77206698345935,8391.808380845418,4700.861489133456
2025-07-02,609.6311229186786,672.9291735461792,491.77206698345935,8391.808380845418,4700.861489133456
2025-07-03,609.6311229186786,672.9291735461792,491.77206698345935,8391.808380845418,4700.861489133456
2025-07-06,609.6311229186786,672.9291735461792,491.77206698345935,8391.808380845418,4700.861489133456
2025-07-07,602.2622389238032,688.3348552986594,483.3093366709415,8283.717481259042,4787.206952960519
2025-07-08,612.1328777512416,705.6349922695691,481.87495626872237,8315.86940271197,4846.025861967018
2025-07-09,607.9344299149639,691.0658710705648,478.5699110064337,8258.833185299756,4745.970820918918
2025-07-10,605.1766453097404,703.2954726018122,480.0900589442698,8221.368482044316,4880.465575000872
2025-07-11,605.1766453097404,703.2954726018122,480.0900589442698,8221.368482044316,4880.465575000872
2025-07-13,605.1766453097404,703.2954726018122,480.0900589442698,8221.368482044316,4880.465575000872
2025-07-14,605.1766453097404,704.9504485096915,480.0900589442698,8221.368482044316,4880.465575000872
2025-07-15,603.4151588306755,730.3610274167316,478.6926617477357,8197.438560867138,5101.923858057095
2025-07-16,596.2760704829815,716.7031798471111,480.192352343386,8100.453529493,5053.2610351993535
2025-07-17,587.241295463024,705.8436932660684,472.9164778206795,8100.453529493,5053.2610351993535
2025-07-18,587.241295463024,705.8436932660684,472.9164778206795,8100.453529493,5053.2610351993535
2025-07-19,587.241295463024,705.8436932660684,472.9164778206795,8100.453529493,5053.2610351993535
2025-07-20,587.241295463024,705.8436932660684,472.9164778206795,8100.453529493,5053.2610351993535
2025-07-21,587.241295463024,710.2628925715393,472.9164778206795,8100.453529493,5084.8988721173055
2025-07-22,587.241295463024,713.0611004683574,472.9164778206795,8100.453529493,5174.015178173854
2025-07-23,584.3614641500736,709.5642488316611,470.5972954134472,8100.453529493,5174.015178173854
2025-07-24,582.7701178038952,711.3169818394866,467.29306968344923,8100.453529493,5159.217212992125
2025-07-25,582.7701178038952,711.3169818394866,467.29306968344923,8100.453529493,5159.217212992125
2025-07-27,582.7701178038952,711.3169818394866,467.29306968344923,8100.453529493,5159.217212992125
2025-07-28,583.2435921439354,709.5987634701569,465.2292289225844,8107.034781296637,5146.754890268153
2025-07-29,576.3265681103213,661.4896845442901,459.71180566934595,8107.034781296637,4917.641949572978
2025-07-30,580.4608991402491,675.4412168492371,460.58544949459963,8142.034609474359,5030.759293764796
2025-07-31,573.7661712431291,619.1084270114995,455.2733014027881,8105.374336250607,4674.628856915023
2025-08-01,573.7661712431291,619.1084270114995,455.2733014027881,8105.374336250607,4674.628856915023
2025-08-02,573.7661712431291,619.1084270114995,455.2733014027881,8105.374336250607,4674.628856915023
2025-08-03,573.7661712431291,619.1084270114995,455.2733014027881,8105.374336250607,4674.628856915023
2025-08-04,578.5184054433006,624.2362097005415,459.0441151275913,8172.507323618035,4713.346599856906
2025-08-05,575.7385607485365,592.4625801954493,456.8383575646624,8134.554322813625,4474.1966486659785
2025-08-06,579.3621038198656,596.1913797302552,459.71357485620285,8158.992291549986,4487.638107593086
2025-08-07,585.7499315514598,602.7647607016181,464.7822030987048,8096.826895074531,4453.445673990003
2025-08-08,585.7499315514598,602.7647607016181,464.7822030987048,8096.826895074531,4453.445673990003
2025-08-09,585.7499315514598,602.7647607016181,464.7822030987048,8096.826895074531,4453.445673990003
2025-08-11,583.4101985507234,605.9695908481482,463.42658660045333,8100.231382769232,4477.124126816814
2025-08-12,572.9600131682218,624.0520582873532,455.12557685947667,8029.927820677989,4675.79915877351
2025-08-13,572.1614791977134,568.0812473409,453.0736559346401,8029.927820677989,4274.6436457456975
2025-08-14,575.3485767982465,583.9349435873339,454.2824124985564,8074.6567383353295,4393.938028791463
2025-08-15,575.3485767982465,583.9349435873339,454.2824124985564,8074.6567383353295,4393.938028791463
2025-08-17,575.3485767982465,583.9349435873339,454.2824124985564,8074.6567383353295,4393.938028791463
2025-08-18,564.9356241276255,589.4555638748022,454.9665998665477,7957.715431552434,4476.879621637843
2025-08-19,573.5667847003374,567.0978035642325,457.92578103538534,8016.22777607016,4247.170928251609
2025-08-20,573.5667847003374,567.0978035642325,457.92578103538534,8016.22777607016,4247.170928251609
2025-08-21,569.8986161560399,563.4710065110153,454.99717883870403,7959.169576021438,4216.940259259304
2025-08-22,569.8986161560399,563.4710065110153,454.99717883870403,7959.169576021438,4216.940259259304
2025-08-24,569.8986161560399,563.4710065110153,454.99717883870403,7959.169576021438,4216.940259259304
2025-08-25,567.0892858797687,560.6933613062075,452.75425823161214,7959.169576021438,4216.940259259304
2025-08-26,565.8831515322,567.7609649607896,453.32506240084126,8013.151208217997,4245.540896033774
2025-08-27,565.8434670318909,567.7211487723619,453.2932714232688,8080.092044235297,4281.007599399445
2025-08-28,562.9594181965856,549.5191401054757,450.9828799322129,8080.092044235297,4436.300055834957
2025-08-29,562.9594181965856,549.5191401054757,450.9828799322129,8080.092044235297,4436.300055834957
2025-08-30,562.9594181965856,549.5191401054757,450.9828799322129,8080.092044235297,4436.300055834957
2025-09-02,559.4439426057623,546.0875941337972,448.16665685283067,8029.63482576632,4408.596985141486
2025-09-03,568.5825454587277,555.0080189800751,455.4875281269797,8085.936832440045,4439.50908292241
2025-09-04,563.9293001884885,550.4658668160822,451.75984565969634,8045.216542080782,4417.151982854065
2025-09-05,563.9293001884885,550.4658668160822,451.75984565969634,8045.216542080782,4417.151982854065
2025-09-07,563.9293001884885,550.4658668160822,451.75984565969634,8045.216542080782,4417.151982854065
2025-09-08,562.4569355463842,549.0286538911388,450.5803445710856,8024.211262924916,4405.619227956986
2025-09-09,573.8621765517252,584.3669674666776,454.8845353213845,8065.053908552658,4602.56214520913
2025-09-10,569.0785948092997,556.940044508014,449.25738781642997,7933.347112104977,4422.513777360501
2025-09-11,563.7554849988487,579.4830662813132,445.055074761052,7891.549861702439,4422.513777360501
2025-09-12,563.7554849988487,579.4830662813132,445.055074761052,7891.549861702439,4422.513777360501
2025-09-13,563.7554849988487,579.4830662813132,445.055074761052,7891.549861702439,4422.513777360501
2025-09-14,563.7554849988487,579.4830662813132,445.055074761052,7891.549861702439,4422.513777360501
2025-09-15,567.0185757213285,582.8371903080098,446.2172748378761,7891.549861702439,4422.513777360501
2025-09-16,576.9921653196899,565.5164616951172,452.45901780423765,7972.979163634531,4312.89229423498
2025-09-17,571.4599167875082,543.3645079396767,448.1208033750469,7947.784549477441,4135.192347467923
2025-09-18,563.6253511356363,535.915122977943,441.9771846349125,7947.784549477441,4135.192347467923
2025-09-19,563.6253511356363,535.915122977943,441.9771846349125,7947.784549477441,4135.192347467923
2025-09-20,563.6253511356363,535.915122977943,441.9771846349125,7947.784549477441,4135.192347467923
2025-09-21,563.6253511356363,535.915122977943,441.9771846349125,7947.784549477441,4135.192347467923
2025-09-22,570.9049701085066,546.0099896927304,446.004395183175,7947.784549477441,4135.192347467923
2025-09-23,574.4378363766971,536.797024293396,452.59993946654316,7996.966920295402,4101.361287347578
2025-09-24,575.4242444990589,509.24028892728154,454.64456989270417,8010.699081766856,3938.785439818525
2025-09-25,576.4634706738012,524.8540760782862,453.03003732499286,7945.579857413496,3938.785439818525
2025-09-26,576.4634706738012,524.8540760782862,453.03003732499286,7945.579857413496,3938.785439818525
2025-09-28,576.4634706738012,524.8540760782862,453.03003732499286,7945.579857413496,3938.785439818525
2025-09-29,576.4634706738012,524.8540760782862,453.03003732499286,7945.579857413496,3938.785439818525
2025-09-30,582.8339828241399,541.897440282458,458.21400461402726,8001.765316934785,3989.529541788592
2025-10-01,577.28826095322,536.7412335839258,453.85405392165904,7942.320803677494,3959.891626610638
2025-10-02,573.3137366226175,527.2897667033718,453.2950017248875,7887.639374293252,3938.9093737240455
2025-10-03,573.3137366226175,527.2897667033718,453.2950017248875,7887.639374293252,3938.9093737240455
2025-10-05,573.3137366226175,527.2897667033718,453.2950017248875,7887.639374293252,3938.9093737240455
2025-10-06,579.3032929959039,532.798498800621,458.0306914408787,7970.043575809151,3980.0601751720774
2025-10-07,588.3197598396513,493.6160565888761,457.273844043405,7958.042278151339,3656.770870362085
2025-10-08,592.4106756073361,497.048444631787,460.4535243914811,7958.042278151339,3656.770870362085
2025-10-09,595.9783918116382,486.0377450801398,461.8224138758502,7958.042278151339,3500.2090151909006
2025-10-10,595.9783918116382,486.0377450801398,461.8224138758502,7958.042278151339,3500.2090151909006
2025-10-11,595.9783918116382,486.0377450801398,461.8224138758502,7958.042278151339,3500.2090151909006
2025-10-13,596.5743026466733,486.52372773070016,462.2841839401207,8013.5285580137715,3524.613707979113
2025-10-14,590.7922357913012,481.80828372316654,457.8036723829442,8013.5285580137715,3524.613707979113
2025-10-15,578.6549676388,471.9099878699519,448.39852858400906,7949.42819158531,3496.4202562974183
2025-10-16,606.7869131236247,494.85240916579494,470.1979145170006,7861.830112726745,3457.891737018757
2025-10-17,606.7869131236247,494.85240916579494,470.1979145170006,7861.830112726745,3457.891737018757
2025-10-19,606.7869131236247,494.85240916579494,470.1979145170006,7861.830112726745,3457.891737018757
2025-10-20,611.1518780881524,498.41216528759645,473.58031677201194,7861.830112726745,3457.891737018757
2025-10-21,618.7897509196519,504.64107314606144,479.4988885128389,7960.0833633126795,3501.1067516482835
2025-10-22,605.802906451325,494.04992305099717,469.43540979717346,7911.467224010927,3479.7237728803816
2025-10-23,616.99142896132,503.1744891867021,478.1053725747891,8057.583441315746,3543.9904961774
2025-10-24,616.99142896132,503.1744891867021,478.1053725747891,8057.583441315746,3543.9904961774
2025-10-26,616.99142896132,503.1744891867021,478.1053725747891,8057.583441315746,3543.9904961774
2025-10-27,615.1263998927186,513.7368885211706,474.84705558729536,8021.691972700471,3541.969978577573
2025-10-28,618.9137829927311,495.40387342777774,478.85407816662666,7993.937011268687,3519.7559589527305
2025-10-29,623.6494667513771,504.56344939059625,482.9389248337637,8012.840876521511,3505.8046280261815
2025-10-30,614.8451156596003,497.4402912811968,476.12105024746705,8000.157012379526,3500.2551418582334
2025-10-31,614.8451156596003,497.4402912811968,476.12105024746705,8000.157012379526,3500.2551418582334
2025-11-02,614.8451156596003,497.4402912811968,476.12105024746705,8000.157012379526,3500.2551418582334
2025-11-03,613.8082776549688,496.60143774573027,475.31814820412546,7986.666026402421,3494.3525210769126
2025-11-04,610.0529986122762,493.56323014960225,472.41015177341296,7986.666026402421,3494.3525210769126
2025-11-05,604.1577760668946,488.79370178310285,467.84503532658476,7986.666026402421,3494.3525210769126
2025-11-06,608.3172324678421,492.15890897262267,471.06601683825085,7986.666026402421,3494.3525210769126
2025-11-07,608.3172324678421,492.15890897262267,471.06601683825085,7986.666026402421,3494.3525210769126
2025-11-09,608.3172324678421,492.15890897262267,471.06601683825085,7986.666026402421,3494.3525210769126
2025-11-10,612.219526093133,495.31605868104475,474.0878577733525,7972.53503941317,3488.169884937132
2025-11-11,608.9665438478585,492.6842341866987,471.5688277223535,7990.798293751697,3496.16048434744
2025-11-12,607.4217953147472,491.43445576170024,470.372612162986,7970.52825746257,3487.2918710643658
2025-11-13,624.2027348356005,505.0110707995708,483.3673621338573,8081.665027433137,3535.916798042304
2025-11-14,624.2027348356005,505.0110707995708,483.3673621338573,8081.665027433137,3535.916798042304
2025-11-15,624.2027348356005,505.0110707995708,483.3673621338573,8081.665027433137,3535.916798042304
2025-11-16,624.2027348356005,505.0110707995708,483.3673621338573,8081.665027433137,3535.916798042304
2025-11-17,617.7488442911899,499.7895522243367,478.36962682471284,7998.105346270602,3499.357490120146
2025-11-18,602.667656267417,487.5881207217639,466.6911229251492,7840.325615275026,3430.3251806487583
2025-11-19,594.3501702418718,480.8588606757832,460.25026476259734,7732.120374687436,3382.9828660971007
2025-11-20,607.0977711738394,491.17230410930824,470.1216957771429,7539.309054424451,3298.6234198869
2025-11-21,607.0977711738394,491.17230410930824,470.1216957771429,7539.309054424451,3298.6234198869
2025-11-23,607.0977711738394,491.17230410930824,470.1216957771429,7539.309054424451,3298.6234198869
2025-11-24,622.328852469925,491.17230410930824,463.80174054969496,7539.309054424451,3298.6234198869
2025-11-25,611.08523505935,482.29829248642193,455.4222329880533,7443.02451386126,3256.4966894157033
2025-11-26,604.0694058848378,476.76105768330154,450.19356044680177,7427.466613569514,3249.689745450924
2025-11-28,604.0694058848378,476.76105768330154,450.19356044680177,7427.466613569514,3249.689745450924
2025-11-29,604.0694058848378,476.76105768330154,450.19356044680177,7427.466613569514,3249.689745450924
2025-12-01,602.6397254726118,475.63268412416795,449.12806547418626,7514.536908962175,3287.7850289159455
2025-12-02,590.1246781683229,465.7551979750237,439.8010019775257,7358.482170267788,3219.5074437784124
2025-12-03,587.974242644662,464.05796930435713,438.19835132931075,7154.622780222683,3130.3142095559724
2025-12-04,582.5383042251201,459.7676613941164,434.1471207130565,7088.476874454075,3101.373834208192
2025-12-05,582.5383042251201,459.7676613941164,434.1471207130565,7088.476874454075,3101.373834208192
2025-12-06,582.5383042251201,459.7676613941164,434.1471207130565,7088.476874454075,3101.373834208192
2025-12-08,581.201961355228,458.7129543788785,433.15118721814093,7088.476874454075,3101.373834208192
2025-12-09,581.201961355228,458.7129543788785,433.15118721814093,7088.476874454075,3101.373834208192
2025-12-10,580.6542336742255,464.9779053711431,431.1990088362145,7096.588762434937,3155.144260480398
2025-12-11,591.4607192789455,473.6315528423941,439.2240013558978,7228.662516239508,3213.864268110319
2025-12-12,591.4607192789455,473.6315528423941,439.2240013558978,7228.662516239508,3213.864268110319
2025-12-14,591.4607192789455,473.6315528423941,439.2240013558978,7228.662516239508,3213.864268110319
2025-12-15,602.1015526804532,482.1525488835808,447.12597907314915,7358.711716539403,3271.6841589962455
2025-12-16,580.9699186990883,465.2307004996466,431.43343934912735,7298.607156432484,3244.961663978093
2025-12-17,580.9699186990883,465.2307004996466,431.43343934912735,7298.607156432484,3244.961663978093
2025-12-18,572.6459406534108,458.5650023068629,425.25197906740595,7231.900658050672,3215.3039463687237
2025-12-19,572.6459406534108,458.5650023068629,425.25197906740595,7231.900658050672,3215.3039463687237
2025-12-21,572.6459406534108,458.5650023068629,425.25197906740595,7231.900658050672,3215.3039463687237
2025-12-22,576.2307547490364,461.4356596665475,427.91409396341675,7193.188122336862,3198.0923480987735
2025-12-23,572.919124007813,471.7764427302699,425.45484746105126,7193.188122336862,3273.302135571006
2025-12-24,572.919124007813,471.7764427302699,425.45484746105126,7193.188122336862,3273.302135571006
2025-12-25,572.919124007813,471.7764427302699,425.45484746105126,7193.188122336862,3273.302135571006
2025-12-26,572.919124007813,471.7764427302699,425.45484746105126,7193.188122336862,3273.302135571006
2025-12-28,572.919124007813,471.7764427302699,425.45484746105126,7193.188122336862,3273.302135571006
2025-12-29,565.3010843399273,496.1014466871436,419.7976233101459,7143.165576786356,3441.09605102748
2025-12-30,560.3193674610665,497.06980862908415,414.96271412107416,7150.062841792977,3460.3198498451434
2025-12-31,562.7097770934913,493.15361930775924,416.8962439139342,7180.566122746679,3470.788874670258
2026-01-02,562.7097770934913,493.15361930775924,416.8962439139342,7180.566122746679,3470.788874670258
2026-01-04,562.7097770934913,493.15361930775924,416.8962439139342,7180.566122746679,3470.788874670258
2026-01-05,573.3541662602288,502.4822630537604,424.7823799702369,7180.566122746679,3470.788874670258
2026-01-06,563.775511102474,510.33268352310097,417.6858170179437,7127.78651879504,3497.5253615378497
2026-01-07,574.3590626184027,519.9129723791509,421.2971800880771,7262.734430701934,3563.742797082022
2026-01-08,579.8925491136271,531.5621657634944,428.7691826332203,7332.705021411304,3672.764976613027
2026-01-09,579.8925491136271,531.5621657634944,428.7691826332203,7332.705021411304,3672.764976613027
2026-01-11,579.8925491136271,531.5621657634944,428.7691826332203,7332.705021411304,3672.764976613027
2026-01-12,589.4630106543924,540.3349897491472,435.8455263084906,7378.305698837117,3695.605193213902
2026-01-13,596.5365498584272,517.0173855367875,442.2008205107195,7498.185986587602,3556.1819387031614
2026-01-14,601.1748187993521,521.0373666793054,445.639078119433,7556.486862172043,3583.8324292531197
2026-01-15,616.4557786107047,534.2813529732435,456.96655330661986,7467.442414235027,3541.601113830719
2026-01-16,616.4557786107047,534.2813529732435,456.96655330661986,7467.442414235027,3541.601113830719
2026-01-17,616.4557786107047,534.2813529732435,456.96655330661986,7467.442414235027,3541.601113830719
2026-01-18,616.4557786107047,534.2813529732435,456.96655330661986,7467.442414235027,3541.601113830719
2026-01-20,610.3210856497802,528.9644232453319,452.4190259815197,7393.12975791123,3506.3566791489893
2026-01-21,600.2300756694435,520.2185591424576,444.9387586045321,7305.861689367951,3464.967851273255
2026-01-22,597.4282374430027,517.7902099074018,442.8618109925802,7271.758362347008,3448.7935878155995
2026-01-23,597.4282374430027,517.7902099074018,442.8618109925802,7271.758362347008,3448.7935878155995
2026-01-25,597.4282374430027,517.7902099074018,442.8618109925802,7271.758362347008,3448.7935878155995
2026-01-26,597.4282374430027,517.7902099074018,442.8618109925802,7271.758362347008,3448.7935878155995
2026-01-27,595.8462221075455,516.4190794497438,441.68909411619484,7271.758362347008,3448.7935878155995
2026-01-28,612.3941220113418,487.68524337451805,448.8721980109599,7231.754600357041,3232.399198615416
2026-01-29,612.3941220113418,487.68524337451805,448.8721980109599,7231.754600357041,3232.399198615416
2026-01-30,612.3941220113418,487.68524337451805,448.8721980109599,7231.754600357041,3232.399198615416
2026-02-01,612.3941220113418,487.68524337451805,448.8721980109599,7231.754600357041,3232.399198615416
2026-02-02,612.3941220113418,487.68524337451805,448.8721980109599,7231.754600357041,3232.399198615416
2026-02-03,612.3941220113418,487.68524337451805,448.8721980109599,7231.754600357041,3232.399198615416
2026-02-04,607.001177693233,483.3905265120439,444.91928160825245,7231.754600357041,3232.399198615416
2026-02-05,596.8947171315812,475.3421610860726,437.51145549862224,7231.754600357041,3232.399198615416
2026-02-06,596.8947171315812,475.3421610860726,437.51145549862224,7231.754600357041,3232.399198615416
2026-02-08,596.8947171315812,475.3421610860726,437.51145549862224,7231.754600357041,3232.399198615416
2026-02-09,596.8947171315812,475.3421610860726,437.51145549862224,7231.754600357041,3232.399198615416
2026-02-10,590.5107004013843,470.2581953181657,432.83210356034687,7231.754600357041,3232.399198615416
2026-02-11,595.7999843088476,474.47036133507004,436.7090390306763,7231.754600357041,3232.399198615416
2026-02-12,586.0147948594094,466.677842879077,429.536697987139,7231.754600357041,3232.399198615416
2026-02-13,586.0147948594094,466.677842879077,429.536697987139,7231.754600357041,3232.399198615416
2026-02-16,586.0147948594094,466.677842879077,429.536697987139,7231.754600357041,3232.399198615416
2026-02-18,586.0147948594094,466.677842879077,429.536697987139,7231.754600357041,3232.399198615416
2026-02-19,589.3079116492654,469.3003443130341,431.95048433589506,7267.353586826392,3248.3109851311488
2026-02-20,589.3079116492654,469.3003443130341,431.95048433589506,7267.353586826392,3248.3109851311488
2026-02-22,589.3079116492654,469.3003443130341,431.95048433589506,7267.353586826392,3248.3109851311488
2026-02-23,589.3079116492654,469.3003443130341,431.95048433589506,7267.353586826392,3248.3109851311488
2026-02-24,567.3337982396873,451.80107307428943,415.84391467597806,7267.353586826392,3248.3109851311488
2026-02-25,573.5943873061326,456.786746177273,420.4327966950752,7347.549609959239,3284.156443838219
2026-02-26,573.5943873061326,456.786746177273,420.4327966950752,7347.549609959239,3284.156443838219
2026-02-27,573.5943873061326,456.786746177273,420.4327966950752,7347.549609959239,3284.156443838219
2026-03-01,573.5943873061326,456.786746177273,420.4327966950752,7347.549609959239,3284.156443838219
2026-03-02,576.1576824673664,458.82804797886655,422.31163891745786,7380.384551825715,3298.832776988481
2026-03-03,565.4520303679348,450.3025112992419,414.4646178304013,7293.024107948286,3259.7850154997063
2026-03-04,559.8525572278976,445.8433234610256,410.3603200820548,7293.024107948286,3259.7850154997063
2026-03-05,560.530057538881,446.38285656915394,410.85691376709116,7315.883193239367,3270.002409902487
2026-03-06,560.530057538881,446.38285656915394,410.85691376709116,7315.883193239367,3270.002409902487
2026-03-08,560.530057538881,446.38285656915394,410.85691376709116,7315.883193239367,3270.002409902487
2026-03-09,550.2397000948378,438.18804330408454,403.31429505439775,7181.576295572099,3209.970850152553
2026-03-10,543.0546857329065,432.466196291185,398.04782845477115,7129.763525420306,3186.811939767453
2026-03-11,540.2058589930742,430.19750899976583,395.95969750364293,7155.031407354397,3198.10600128199
2026-03-12,552.7051127223175,440.1513955212842,405.12139140840276,7394.625601861701,3305.1981421408736
2026-03-13,552.7051127223175,440.1513955212842,405.12139140840276,7394.625601861701,3305.1981421408736
2026-03-14,552.7051127223175,440.1513955212842,405.12139140840276,7394.625601861701,3305.1981421408736
2026-03-16,546.1886887507545,434.9619861258028,400.3449877066824,7269.569620835007,3249.3014925459343
2026-03-17,546.6985933168897,435.36805294371527,400.71873718459244,7276.356262191458,3252.3349381333715
2026-03-18,551.0390024328045,438.8245744875336,403.90016710055664,7304.600618449057,3264.959403367295
2026-03-19,546.8005082291855,435.44921374689744,400.79343870286,7248.414926974661,3239.845915129389
2026-03-20,546.8005082291855,435.44921374689744,400.79343870286,7248.414926974661,3239.845915129389
2026-03-22,546.8005082291855,435.44921374689744,400.79343870286,7248.414926974661,3239.845915129389
2026-03-23,543.1162586022219,432.5152303669182,398.0929600917253,7199.576329371181,3218.0163796322636
2026-03-24,543.1162586022219,432.5152303669182,398.0929600917253,7199.576329371181,3218.0163796322636
2026-03-25,529.7087293606724,464.2236893570217,388.2655190627614,7053.559428314823,3565.049688488401
2026-03-26,521.7331615327067,457.23409806543776,382.4195931587598,6998.35483035464,3537.1478700148737
2026-03-27,521.7331615327067,457.23409806543776,382.4195931587598,6998.35483035464,3537.1478700148737
2026-03-29,521.7331615327067,457.23409806543776,382.4195931587598,6998.35483035464,3537.1478700148737
2026-03-30,520.2580147563793,455.94131574773576,381.33834114787487,6978.567702894186,3527.146948734506
2026-03-31,529.5390550590295,464.0749909763232,388.1411513165879,7064.308776526002,3570.482684535458
2026-04-01,530.162451866993,464.62132059123354,388.59808825534327,6992.187137253262,3534.0305598690925
2026-04-02,526.6269210025376,461.5228683838968,386.0066174145531,6992.187137253262,3534.0305598690925
2026-04-05,526.6269210025376,461.5228683838968,386.0066174145531,6992.187137253262,3534.0305598690925
2026-04-06,525.5721251614414,460.59847127708844,385.233473926352,7023.853416769955,3550.035509011989
2026-04-07,525.5721251614414,460.59847127708844,385.233473926352,7023.853416769955,3550.035509011989
2026-04-08,525.5721251614414,460.59847127708844,385.233473926352,7023.853416769955,3550.035509011989
2026-04-09,514.9503764355263,451.2898321936458,377.44795227297254,6959.8703547937275,3517.6968298691977
2026-04-10,514.9503764355263,451.2898321936458,377.44795227297254,6959.8703547937275,3517.6968298691977
2026-04-12,514.9503764355263,451.2898321936458,377.44795227297254,6959.8703547937275,3517.6968298691977
2026-04-13,511.1815171971736,447.9868967438051,374.6854565704387,6959.8703547937275,3517.6968298691977
2026-04-14,511.9644953627496,448.6730795317467,375.259363336595,6945.1745905612415,3510.269214034728
2026-04-15,512.4610236542617,449.1082247022522,375.62330828246365,6945.1745905612415,3510.269214034728
2026-04-16,526.154593657892,461.10893232741495,385.6604112611115,7095.812783639356,3586.4056170473405
2026-04-17,526.154593657892,461.10893232741495,385.6604112611115,7095.812783639356,3586.4056170473405
2026-04-19,526.154593657892,461.10893232741495,385.6604112611115,7095.812783639356,3586.4056170473405
2026-04-20,529.4665525626916,464.0114515734931,388.08800848957065,7089.265843850539,3583.09662590721
2026-04-21,521.6739079145135,457.18216965323546,382.37616148480583,7034.954220930607,3555.646139902266
2026-04-22,525.7175881332348,460.7259514443727,385.3400952695871,7034.954220930607,3555.646139902266
2026-04-23,516.9907732553456,453.07798573340733,378.9435208494944,6983.789108423129,3529.7859808917615
2026-04-24,516.9907732553456,453.07798573340733,378.9435208494944,6983.789108423129,3529.7859808917615
2026-04-26,516.9907732553456,453.07798573340733,378.9435208494944,6983.789108423129,3529.7859808917615
2026-04-27,519.4816488357754,455.2609277684991,380.76928102022754,7081.217331313915,3579.0287014212686
2026-04-28,521.8794315844755,457.3622855377425,382.526806074888,7042.491888073413,3559.455870035326
2026-04-29,516.7151492292664,452.8364356226203,378.74149415138635,7023.457790659336,3549.835549437428
2026-04-30,512.4568806595232,449.1045938836609,375.6202715531944,6965.577216409687,3520.581223973051
2026-05-01,512.4568806595232,449.1045938836609,375.6202715531944,6965.577216409687,3520.581223973051
2026-05-03,512.4568806595232,449.1045938836609,375.6202715531944,6965.577216409687,3520.581223973051
2026-05-04,515.0445467408578,451.3723607308319,377.51697715486176,7004.302547680799,3540.153998766794
2026-05-05,516.4849719751528,452.63471394391644,378.572778995129,7023.8914826615855,3550.0547484890876
2026-05-06,512.8952220119464,448.00663295240025,376.47429120757675,6975.072997014218,3513.75629325757
2026-05-07,499.893621140602,436.64992074417785,366.9308829976067,6916.004363219704,3483.999933170952
2026-05-08,499.893621140602,436.64992074417785,366.9308829976067,6916.004363219704,3483.999933170952
2026-05-10,499.893621140602,436.64992074417785,366.9308829976067,6916.004363219704,3483.999933170952
2026-05-11,497.5632678320514,434.6143904944363,365.2203618766293,6861.029508769291,3456.305851563671
2026-05-12,497.8166636647172,434.83572812622674,365.4063589622009,6913.267950999526,3482.6214406929935
2026-05-13,498.9308893483448,435.80898830773697,366.2242205964806,6859.799888936012,3455.6864194187533
2026-05-14,486.55907337625314,425.0023841919466,357.1430857971097,6735.5492167623515,3393.0940162312068
2026-05-15,486.55907337625314,425.0023841919466,357.1430857971097,6735.5492167623515,3393.0940162312068
2026-05-17,486.55907337625314,425.0023841919466,357.1430857971097,6735.5492167623515,3393.0940162312068
2026-05-18,498.1997708853136,435.1703667982071,365.6875665327545,6805.641431158632,3428.403605041061
2026-05-19,498.9270037321827,435.8055942776524,366.22136848453306,6805.641431158632,3428.403605041061
2026-05-20,476.10531566728974,415.87117650683416,349.46984016128647,6651.992789169847,3351.0017078896367
2026-05-21,478.3563789515908,417.83744805564385,351.1221609824793,6696.468658011148,3373.4068302598425
2026-05-22,478.3563789515908,417.83744805564385,351.1221609824793,6696.468658011148,3373.4068302598425
2026-05-24,478.3563789515908,417.83744805564385,351.1221609824793,6696.468658011148,3373.4068302598425
2026-05-26,465.43884329438197,406.5541656083492,341.6404581473084,6696.468658011148,3373.4068302598425
2026-05-27,471.7444773769634,412.06204669736707,346.268906649016,6787.190525365452,3419.108793879251
2026-05-28,469.4628341012222,410.06906396386944,344.59413956568534,6739.002475847614,3394.833626819983
2026-05-29,469.4628341012222,410.06906396386944,344.59413956568534,6739.002475847614,3394.833626819983
2026-05-30,469.4628341012222,410.06906396386944,344.59413956568534,6739.002475847614,3394.833626819983
2026-06-01,452.67902626193364,395.4086481216164,332.27452361123375,6711.1152522999,3380.7851849923195
2026-06-02,446.6240781815037,390.11973766623333,327.83008313090215,6711.1152522999,3380.7851849923195
2026-06-03,446.6240781815037,390.11973766623333,327.83008313090215,6711.1152522999,3380.7851849923195
2026-06-04,438.7492099544795,383.2411530198535,322.04978862456545,6681.398546952692,3365.815125112899
2026-06-05,438.7492099544795,383.2411530198535,322.04978862456545,6681.398546952692,3365.815125112899
2026-06-07,438.7492099544795,383.2411530198535,322.04978862456545,6681.398546952692,3365.815125112899
2026-06-08,428.1849877919653,374.0134562161604,314.29546009876907,6576.030108246965,3312.7348183159
2026-06-09,419.8936696233356,366.77110850838955,308.2094838666905,6455.083762496088,3251.806999537435
2026-06-10,413.6025025761647,366.77110850838955,303.5916544284257,6358.368776795607,3251.806999537435
2026-06-11,392.18762075386496,366.77110850838955,287.8727471168725,6122.112686362509,3251.806999537435
2026-06-12,392.18762075386496,366.77110850838955,287.8727471168725,6122.112686362509,3251.806999537435
2026-06-14,392.18762075386496,366.77110850838955,287.8727471168725,6122.112686362509,3251.806999537435
2026-06-15,395.1370509783842,366.77110850838955,286.93447859995575,6102.7121728942775,3251.806999537435
2026-06-16,392.3193551284547,364.15568829467065,284.8883680478045,6064.146451741965,3231.2574015173436
2026-06-17,392.33560943529847,364.1707757437579,284.9001713475651,5913.2390744053755,3150.8469787409686
2026-06-18,404.44468792254133,364.1707757437579,290.69237943785083,5898.398585911837,3150.8469787409686
2026-06-21,404.44468792254133,364.1707757437579,290.69237943785083,5898.398585911837,3150.8469787409686
2026-06-22,400.921868805724,360.9987529458666,288.1603727086812,5788.985875609405,3092.4001473390204
2026-06-23,396.5672096442822,357.0777233161595,285.03048555456235,5726.108137226678,3058.811686144404
2026-06-24,388.4237093552114,349.7451388958434,279.1773898243591,5516.348128574655,2946.7606472233483
2026-06-25,388.4237093552114,349.7451388958434,279.1773898243591,5516.348128574655,2946.7606472233483
2026-06-26,388.4237093552114,349.7451388958434,279.1773898243591,5516.348128574655,2946.7606472233483
2026-06-28,388.4237093552114,349.7451388958434,279.1773898243591,5516.348128574655,2946.7606472233483
2026-06-29,384.1238720224889,349.7451388958434,276.086905556003,5516.348128574655,2946.7606472233483
2026-06-30,380.91413294786906,349.7451388958434,273.7799233731771,5470.253523612286,2946.7606472233483
2026-07-01,378.05058792637345,347.11590867136505,271.7217662486474,5470.253523612286,2946.7606472233483
2026-07-02,373.5617262649533,342.9943563070361,268.4954217909462,5405.301339686112,2911.7716766539424
2026-07-04,373.5617262649533,342.9943563070361,268.4954217909462,5405.301339686112,2911.7716766539424
2026-07-06,367.002199388822,342.9943563070361,265.6567399755181,5427.660806474113,2911.7716766539424
2026-07-07,371.46072523848596,347.16122289919946,268.88407061356537,5427.660806474113,2911.7716766539424
2026-07-08,382.3729224027727,357.3595869648454,276.7829298832431,5467.563316787458,2933.178135808354
2026-07-09,374.19664743088606,349.7181718026424,270.8644842777616,5350.650485137821,2870.458027833153
2026-07-10,374.19664743088606,349.7181718026424,270.8644842777616,5350.650485137821,2870.458027833153
2026-07-12,374.19664743088606,349.7181718026424,270.8644842777616,5350.650485137821,2870.458027833153
2026-07-13,381.3790131752748,356.43069537705384,276.0634827364729,5476.309236840451,2937.8700506506025
2026-07-14,384.10807067255234,358.9812286467793,278.03892734999255,5468.004222513193,2933.4146680549416
2026-07-15,385.740652808217,360.50701366843094,279.2206817063022,5491.244989091681,2945.8826184814397
2026-07-16,381.76034321659785,356.78708030412497,276.3395107706409,5434.582941830411,2915.485187573488
2026-07-17,381.76034321659785,356.78708030412497,276.3395107706409,5434.582941830411,2915.485187573488
2026-07-18,381.76034321659785,356.78708030412497,276.3395107706409,5434.582941830411,2915.485187573488
2026-07-20,378.3163471620904,353.56837695082913,273.84655360075845,5434.582941830411,2915.485187573488
2026-07-21,380.7885645662424,355.878871598001,275.63608297467357,5471.287002655255,2935.1757777814246
2026-07-22,384.91837348815443,359.7385246333267,278.6254698959073,5530.62536514953,2967.0089688024564
2026-07-23,389.0728019243575,363.6211866709715,281.632677800005,5530.62536514953,2967.0089688024564
2026-07-24,389.0728019243575,363.6211866709715,281.632677800005,5530.62536514953,2967.0089688024564
2026-07-25,389.0728019243575,363.6211866709715,281.632677800005,5530.62536514953,2967.0089688024564
2026-07-27,389.0728019243575,363.6211866709715,281.632677800005,5530.62536514953,2967.0089688024564
2026-07-28,383.32093826023043,358.2455873466935,277.46915683925795,5448.863281240392,2923.146146743484
2026-07-29,380.9510307308543,356.03070986394476,275.7536850809253,5448.863281240392,2923.146146743484
2026-07-30,390.1999121676478,356.03070986394476,286.73314591254865,5581.152962559288,2923.146146743484
2026-07-31,390.1999121676478,356.03070986394476,286.73314591254865,5581.152962559288,2923.146146743484
2026-08-01,390.1999121676478,356.03070986394476,286.73314591254865,5581.152962559288,2923.146146743484
2026-08-03,390.1999121676478,356.03070986394476,286.73314591254865,5581.152962559288,2923.146146743484
2026-08-04,390.1999121676478,356.03070986394476,286.73314591254865,5581.152962559288,2923.146146743484
2026-08-05,391.1319034977148,356.8810881559015,287.41800717904357,5527.173626372875,2894.874302263391
2026-08-06,391.1319034977148,356.8810881559015,287.41800717904357,5527.173626372875,2894.874302263391
2026-08-07,391.1319034977148,356.8810881559015,287.41800717904357,5527.173626372875,2894.874302263391
2026-08-08,391.1319034977148,356.8810881559015,287.41800717904357,5527.173626372875,2894.874302263391
2026-08-10,387.505078199345,353.5718583348135,284.75288349487937,5437.232626021806,2847.7674248181397
2026-08-11,387.505078199345,353.5718583348135,284.75288349487937,5437.232626021806,2847.7674248181397
2026-08-12,383.10688918177146,349.5588119213901,281.52093357894745,5437.232626021806,2847.7674248181397
2026-08-13,381.75214923410726,348.322704453891,280.5254211890824,5418.00552139065,2837.6971692289026
