date,dir,entry,exit,contracts,reason,pnl_gross,pnl_net,bar,q
2013-01-03,-1,2740.1366962324123,2738.348894877366,4,TP,143.02410840369703,123.02410840369703,20,
2013-01-03,1,2738.01,2740.632998901327,4,TP,209.83991210614477,189.83991210614477,22,
2013-01-07,-1,2711.751313703817,2709.203433433067,4,TP,203.8304216599863,183.8304216599863,21,
2013-01-07,1,2708.65,2712.1491316035854,4,TP,279.93052828682266,259.93052828682266,31,
2013-01-07,-1,2712.92,2715.65,4,SL,-218.40000000000146,-258.40000000000146,40,
2013-01-08,1,2724.889660720921,2720.45,4,SL,-355.17285767367866,-395.17285767367866,23,
2013-01-09,-1,2725.4040766978646,2728.39,4,SL,-238.8738641708187,-278.8738641708187,26,
2013-01-14,1,2736.996289997978,2733.33,4,SL,-293.30319983822847,-333.30319983822847,23,
2013-01-16,-1,2724.949458212307,2728.37,4,SL,-273.6433430154284,-313.6433430154284,23,
2013-01-16,1,2729.914809283748,2734.1791714869414,4,TP,341.1489762554629,321.1489762554629,243,
2013-01-17,-1,2744.7380892263163,2742.3049203398664,4,TP,194.65351091599587,174.65351091599587,30,
2013-01-17,-1,2744.856718402363,2742.2606009665187,4,TP,207.68939486755698,187.68939486755698,34,
2013-01-17,-1,2744.7494045573776,2749.34,4,SL,-367.2476354098035,-407.2476354098035,46,
2013-01-17,1,2742.744125359199,2747.249772138017,4,TP,360.45174230541306,340.45174230541306,118,
2013-01-23,1,2760.4196244038912,2764.1802308337437,4,TP,300.84851438819896,280.84851438819896,106,
2013-01-23,-1,2764.197961624835,2759.5481829437927,4,TP,371.9822944833868,351.9822944833868,119,
2013-01-24,1,2739.432990616075,2734.76,4,SL,-373.839249285993,-413.839249285993,189,
2013-01-28,1,2742.036157326267,2744.5322456113768,4,TP,199.68706280877086,179.68706280877086,31,
2013-01-28,1,2742.2000063517603,2737.92,4,SL,-342.4005081408177,-382.4005081408177,41,
2013-01-28,1,2738.94,2737.36,4,SL,-126.39999999999418,-166.39999999999418,47,
2013-01-28,-1,2745.1307348982514,2746.5,4,BE,-109.54120813988993,-149.54120813988993,77,
2013-01-29,-1,2735.5180609330714,2737.96,4,SL,-195.35512535429007,-235.35512535429007,23,
2013-01-29,-1,2738.12,2733.501112673292,4,TP,369.51098613662907,349.51098613662907,30,
2013-01-29,1,2732.83,2729.11,4,SL,-297.599999999984,-337.599999999984,34,
2013-01-29,-1,2734.957043047695,2737.59,4,BE,-210.63655618439952,-250.63655618439952,111,
2013-01-30,1,2750.165227499994,2745.77,4,SL,-351.6181999995388,-391.6181999995388,53,
2013-02-04,1,2748.385239271611,2750.3472128098083,4,TP,156.9578830557657,136.9578830557657,15,
2013-02-04,1,2748.16,2750.1843109012007,4,TP,161.9448720960645,141.9448720960645,19,
2013-02-04,-1,2751.12,2753.06,4,SL,-155.20000000000437,-195.20000000000437,23,
2013-02-04,1,2749.0044538567636,2752.5839944530926,4,TP,286.363247706322,266.363247706322,39,
2013-02-04,1,2749.0128480240196,2747.28,4,BE,-138.62784192155232,-178.62784192155232,74,
2013-02-06,1,2747.8132792624533,2742.67,4,BE,-411.4623409962587,-451.4623409962587,64,
2013-02-06,-1,2750.3483436222045,2754.99,4,SL,-371.33251022361947,-411.33251022361947,92,
2013-02-07,-1,2746.2266764187534,2743.3015422451235,4,TP,234.01073389039084,214.01073389039084,20,
2013-02-07,1,2741.28,2737.91,4,SL,-269.60000000002765,-309.60000000002765,43,
2013-02-11,-1,2772.1400542850056,2769.725824390452,4,TP,193.13839156428003,173.13839156428003,43,
2013-02-11,1,2769.43,2766.72,4,SL,-216.8000000000029,-256.8000000000029,48,
2013-02-11,-1,2771.8279703806757,2769.212766536307,4,TP,209.21630754950456,189.21630754950456,63,
2013-02-11,1,2769.2017146141307,2771.8419877841625,4,TP,211.22185360254662,191.22185360254662,74,
2013-02-11,-1,2772.22,2774.88,4,SL,-212.80000000002474,-252.80000000002474,94,
2013-02-12,-1,2771.2314624477385,2769.4371828269223,4,TP,143.54236966530152,123.54236966530152,27,
2013-02-12,-1,2771.1482385092604,2769.312298555875,4,TP,146.8751962708484,126.87519627084839,42,
2013-02-12,1,2768.96,2771.3615303781403,4,TP,192.12243025122007,172.12243025122007,47,
2013-02-12,1,2769.3769210882792,2766.46,4,SL,-233.35368706233567,-273.35368706233567,68,
2013-02-12,1,2768.6861715629643,2765.17,4,SL,-281.29372503713967,-321.29372503713967,109,
2013-02-12,-1,2770.570231122247,2766.2673610999313,4,TP,344.2296017852641,324.2296017852641,334,
2013-02-13,1,2769.943838551317,2767.87,4,SL,-165.90708410538355,-205.90708410538355,17,
2013-02-13,-1,2771.033599916322,2774.97,4,SL,-314.9120066942123,-354.9120066942123,27,
2013-02-13,-1,2776.25,2776.08,1,SL,3.400000000001455,-6.599999999998545,29,
2013-02-13,1,2774.068507968685,2768.97,4,SL,-407.8806374948181,-447.8806374948181,115,
2013-02-14,1,2762.453398677753,2765.216849824688,4,TP,221.0760917548032,201.0760917548032,18,
2013-02-14,1,2762.6060951842505,2764.8853085068304,4,TP,182.33706580638682,162.33706580638682,56,
2013-02-14,-1,2765.34,2767.86,4,SL,-201.59999999999854,-241.59999999999854,71,
2013-02-19,-1,2770.1748078312708,2772.67,4,SL,-199.61537349834543,-239.61537349834543,19,
2013-02-19,-1,2772.94,2774.75,4,SL,-144.79999999999563,-184.79999999999563,21,
2013-02-19,-1,2774.363994621718,2770.6650568509117,4,TP,295.9150216645139,275.9150216645139,82,
2013-02-19,1,2770.47,2774.018950806915,4,TP,283.916064553232,263.916064553232,146,
2013-02-20,1,2776.203085846862,2773.24,4,SL,-237.0468677489771,-277.0468677489771,90,
2013-02-21,-1,2729.8619452036523,2727.5234405092733,4,TP,187.08037555032206,167.08037555032206,15,
2013-02-25,-1,2758.075626249064,2762.1,4,SL,-321.9499000748692,-361.9499000748692,31,
2013-02-25,1,2756.3645282833504,2752.22,4,SL,-331.5622626680488,-371.5622626680488,59,
2013-02-26,1,2707.68599191018,2704.29,4,SL,-271.67935281438986,-311.67935281438986,16,
2013-02-26,-1,2709.819560342177,2713.66,4,SL,-307.2351726258421,-347.2351726258421,31,
2013-02-26,1,2705.487897703921,2698.86,4,SL,-530.2318163136806,-570.2318163136806,64,
2013-02-26,-1,2710.4275175770513,2702.8082691350655,4,TP,609.5398753588597,589.5398753588597,92,
2013-02-28,1,2748.420086620063,2753.771405848452,4,TP,428.10553827112017,408.10553827112017,194,
2013-03-04,1,2739.527428956918,2738.61,4,BE,-73.39431655342196,-113.39431655342196,42,
2013-03-04,1,2739.61418331535,2738.0,4,BE,-129.13466522801173,-169.13466522801173,66,
2013-03-04,-1,2742.5927879426504,2746.73,4,BE,-330.97696458797145,-370.97696458797145,110,
2013-03-04,1,2740.4561107790028,2736.11,4,SL,-347.6888623202103,-387.6888623202103,181,
2013-03-04,-1,2745.3551614221697,2750.57,4,SL,-417.18708622644044,-457.18708622644044,254,
2013-03-07,1,2794.464448765984,2792.72,4,BE,-139.5559012787271,-179.5559012787271,22,
2013-03-07,-1,2796.0399620823446,2793.981740879641,4,TP,164.6576962162726,144.6576962162726,32,
2013-03-07,1,2793.16,2791.3,4,SL,-148.7999999999738,-188.7999999999738,36,
2013-03-07,-1,2795.529268952669,2792.8128088985986,4,TP,217.31680432563735,197.31680432563735,72,
2013-03-07,-1,2795.564312837505,2799.07,4,SL,-280.45497299961426,-320.45497299961426,99,
2013-03-11,-1,2797.2765916254266,2799.16,4,SL,-150.67266996586113,-190.67266996586113,21,
2013-03-11,1,2796.346790593537,2794.99,4,BE,-108.54324748299405,-148.54324748299405,55,
2013-03-11,-1,2797.2722614256836,2800.61,4,SL,-267.0190859453214,-307.0190859453214,153,
2013-03-12,1,2804.5095328817642,2801.12,4,SL,-271.16263054114825,-311.16263054114825,67,
2013-03-13,-1,2795.6555326928474,2799.31,4,SL,-292.3573845722058,-332.3573845722058,75,
2013-03-14,1,2808.552152434199,2810.451206058029,4,TP,151.9242899064193,131.9242899064193,17,
2013-03-14,1,2808.3760478921563,2810.4953863173364,4,TP,169.54707401440828,149.54707401440828,32,
2013-03-14,-1,2811.0,2808.405125090193,4,TP,207.5899927845603,187.5899927845603,38,
2013-03-14,1,2807.86,2805.01,4,SL,-227.99999999999272,-267.9999999999927,45,
2013-03-14,-1,2808.27031261501,2805.1223333971643,4,TP,251.83833742765273,231.83833742765273,239,
2013-03-19,-1,2801.9988802283774,2804.54,4,SL,-203.28958172980492,-243.28958172980492,30,
2013-03-20,-1,2806.001178461297,2802.9495573738673,4,TP,244.12968699438352,224.12968699438352,52,
2013-03-20,1,2802.9,2801.69,4,BE,-96.80000000000291,-136.8000000000029,66,
2013-03-20,-1,2802.5936524493322,2804.64,4,BE,-163.70780405341065,-203.70780405341065,287,
2013-03-21,1,2783.017039192317,2785.3726707325977,4,TP,188.45052322245465,168.45052322245465,15,
2013-03-21,1,2783.1762419579077,2785.748908270138,4,TP,205.81330497843737,185.81330497843737,28,
2013-03-21,1,2783.257533643886,2780.27,4,SL,-239.00269151086832,-279.0026915108683,36,
2013-03-21,-1,2783.1782465716174,2786.5,4,BE,-265.7402742706108,-305.7402742706108,192,
2013-03-25,-1,2810.54,2812.45,4,SL,-152.79999999998836,-192.79999999998836,19,
2013-03-25,1,2810.8322373101414,2805.81,4,SL,-401.77898481131706,-441.77898481131706,56,
2013-03-26,-1,2804.9,2806.27,4,SL,-109.59999999999127,-149.59999999999127,15,
2013-03-26,1,2802.8141219554823,2804.607237802034,4,TP,143.449267724136,123.449267724136,27,
2013-03-26,-1,2804.41933101947,2802.0058099444136,4,TP,193.0816860045161,173.0816860045161,50,
2013-03-26,1,2801.94,2800.61,4,BE,-106.39999999999418,-146.39999999999418,71,
2013-03-26,-1,2803.361112090324,2800.3869803852754,4,TP,237.9305364038737,217.9305364038737,160,
2013-03-26,-1,2802.6455874873745,2805.56,4,SL,-233.1530010100323,-273.1530010100323,295,
2013-03-27,1,2787.7084570078,2791.4349672397366,4,TP,298.1208185549258,278.1208185549258,55,
2013-03-27,-1,2792.59,2796.52,4,SL,-314.3999999999869,-354.3999999999869,66,
2013-03-28,-1,2809.6022211780983,2811.77,4,SL,-173.42230575213762,-213.42230575213762,34,
2013-03-28,1,2808.198045047236,2810.2343870106083,4,TP,162.90735706978012,142.90735706978012,52,
2013-03-28,-1,2810.2538293871016,2812.86,4,SL,-208.4936490318796,-248.4936490318796,63,
2013-03-28,1,2809.8505701444274,2812.7549174315272,4,TP,232.3477829679905,212.3477829679905,242,
2013-04-01,1,2818.8454431476566,2812.74,4,SL,-488.4354518125474,-528.4354518125474,31,
2013-04-02,1,2822.7532776186304,2825.6942828186425,4,TP,235.28041600096913,215.28041600096913,243,
2013-04-03,1,2820.44,2820.15,4,BE,-23.19999999999709,-63.19999999999709,19,
2013-04-04,-1,2793.99,2797.34,4,SL,-268.0000000000291,-308.0000000000291,18,
2013-04-04,1,2792.8210201100715,2789.02,4,SL,-304.08160880571813,-344.08160880571813,56,
2013-04-08,1,2772.221734171495,2769.59,4,SL,-210.53873371958616,-250.53873371958616,16,
2013-04-08,1,2770.0,2765.26,4,BE,-379.19999999998254,-419.19999999998254,49,
2013-04-08,-1,2771.2041688823165,2767.648798817296,4,TP,284.4296052016216,264.4296052016216,125,
2013-04-08,-1,2770.245302966864,2773.63,4,SL,-270.7757626508828,-310.7757626508828,257,
2013-04-10,1,2816.952939738129,2819.8021601800806,4,TP,227.93763535613834,207.93763535613834,15,
2013-04-11,-1,2850.749430283363,2849.1406118785053,4,TP,128.70547238861036,108.70547238861036,14,
2013-04-11,1,2849.1,2850.667719434483,4,TP,125.41755475864193,105.41755475864193,18,
2013-04-11,1,2851.397532865305,2854.4967132638562,4,TP,247.93443188409583,227.93443188409583,69,
2013-04-11,-1,2858.2213939157905,2854.119113479219,4,TP,328.18243492572947,308.18243492572947,274,
2013-04-15,1,2843.963911738679,2838.85,4,SL,-409.1129390943388,-449.1129390943388,19,
2013-04-15,1,2838.99,2839.39,4,BE,32.000000000007276,-7.999999999992724,32,
2013-04-15,-1,2843.927995972652,2838.3489023287325,4,TP,446.327491513548,426.327491513548,100,
2013-04-15,-1,2844.168995647619,2838.254132228692,4,TP,473.18907351414964,453.18907351414964,141,
2013-04-15,1,2836.07,2831.73,4,SL,-347.20000000001164,-387.20000000001164,145,
2013-04-16,1,2815.71,2812.34,4,BE,-269.59999999999127,-309.59999999999127,27,
2013-04-16,-1,2818.490119661842,2814.326308751632,4,TP,333.1048728168025,313.1048728168025,49,
2013-04-16,1,2811.78,2818.2975691721667,4,TP,521.4055337733225,501.40553377332253,61,
2013-04-16,-1,2818.7,2814.1695235778625,4,TP,362.4381137709861,342.4381137709861,70,
2013-04-16,1,2813.91,2810.38,4,SL,-282.3999999999796,-322.3999999999796,76,
2013-04-16,-1,2817.880210504124,2821.08,4,BE,-255.98315967006783,-295.98315967006783,105,
2013-04-17,-1,2808.8691089014615,2805.9929649697115,4,TP,230.09151453999948,210.09151453999948,28,
2013-04-17,1,2804.46,2802.46,4,SL,-160.0,-200.0,33,
2013-04-22,1,2791.76,2787.79,4,SL,-317.6000000000204,-357.6000000000204,20,
2013-04-22,-1,2796.2237209372047,2790.5621102645177,4,TP,452.9288538149558,432.9288538149558,39,
2013-04-23,1,2826.0394071863343,2828.459055148059,4,TP,193.57183693799016,173.57183693799016,14,
2013-04-23,-1,2828.5073739645163,2831.94,4,SL,-274.6100828386989,-314.6100828386989,22,
2013-04-23,1,2836.170259206347,2830.69,4,SL,-438.42073650776,-478.42073650776,219,
2013-04-23,-1,2841.1941683402297,2834.4488509272874,4,TP,539.6253930353851,519.6253930353851,283,
2013-04-24,1,2833.6452825568485,2828.65,4,SL,-399.6226045478761,-439.6226045478761,39,
2013-04-25,1,2847.928775867312,2850.7199777232936,4,TP,223.2961484785119,203.2961484785119,20,
2013-04-25,1,2848.4170247564293,2851.321220876695,4,TP,232.3356896212499,212.3356896212499,39,
2013-04-29,-1,2853.14,2854.68,4,SL,-123.19999999999709,-163.1999999999971,17,
2013-04-30,1,2866.4058910796525,2869.678427423654,4,TP,261.8029075201048,241.80290752010478,19,
2013-04-30,1,2864.49,2862.83,4,SL,-132.79999999998836,-172.79999999998836,27,
2013-04-30,-1,2867.7897341277962,2872.06,4,SL,-341.6212697762967,-381.6212697762967,74,
2013-05-01,1,2885.27,2888.6428413757626,4,TP,269.8273100610095,249.82731006100948,13,
2013-05-01,-1,2889.08,2891.97,4,SL,-231.1999999999898,-271.1999999999898,17,
2013-05-01,1,2886.120537327211,2881.3,4,BE,-385.6429861768629,-425.6429861768629,36,
2013-05-06,1,2950.9739250427597,2953.8814157127094,4,TP,232.59925359598128,212.59925359598128,16,
2013-05-06,1,2950.882340551733,2949.33,4,BE,-124.18724413862947,-164.18724413862947,35,
2013-05-06,-1,2953.3462416715806,2951.237165175281,4,TP,168.72611970396974,148.72611970396974,81,
2013-05-06,1,2951.19,2947.9,4,SL,-263.1999999999971,-303.1999999999971,87,
2013-05-06,-1,2953.424009323869,2956.68,4,SL,-260.47925409046,-300.47925409046,160,
2013-05-07,-1,2960.5449984060824,2958.3705032167463,4,TP,173.9596151468868,153.9596151468868,31,
2013-05-07,1,2958.349887130304,2955.66,4,SL,-215.19097042433714,-255.19097042433714,35,
2013-05-08,-1,2949.4713650084723,2951.92,4,SL,-195.89079932222376,-235.89079932222376,16,
2013-05-08,-1,2952.69,2954.9,4,SL,-176.8000000000029,-216.8000000000029,25,
2013-05-09,1,2962.263449555127,2965.3300430439863,4,TP,245.32747910874605,225.32747910874605,26,
2013-05-09,-1,2965.403169682915,2961.909225033681,4,TP,279.5155719387185,259.5155719387185,36,
2013-05-09,1,2961.51,2957.49,4,SL,-321.6000000000349,-361.6000000000349,56,
2013-05-09,-1,2963.858369322561,2965.46,4,BE,-128.1304541951249,-168.1304541951249,120,
2013-05-13,1,2976.4812186561658,2973.34,4,SL,-251.2974924932496,-291.2974924932496,28,
2013-05-13,-1,2978.6207702206575,2983.57,4,SL,-395.9383823474127,-435.9383823474127,44,
2013-05-13,1,2976.842703874721,2981.394268504785,4,TP,364.12517040513194,344.12517040513194,130,
2013-05-15,1,2993.8549652912407,2996.6968934783868,4,TP,227.35425497168762,207.35425497168762,36,
2013-05-15,-1,2997.11,2993.225604526557,4,TP,310.75163787543715,290.75163787543715,43,
2013-05-15,1,2992.69,2996.4249615261047,4,TP,298.79692208836786,278.79692208836786,65,
2013-05-15,-1,2996.4709658268357,2997.69,4,BE,-97.52273385314766,-137.52273385314766,79,
2013-05-16,1,3007.029823257764,3008.8404141152705,4,TP,144.84726860053343,124.84726860053343,16,
2013-05-16,1,3006.6433226260424,3009.299096430857,4,TP,212.4619043851635,192.4619043851635,23,
2013-05-16,1,3006.9491350944472,3003.25,4,SL,-295.9308075557783,-335.9308075557783,39,
2013-05-16,-1,3010.768007971523,3006.371229111193,4,TP,351.74230882639677,331.74230882639677,56,
2013-05-16,1,3006.341951370397,3010.54904288816,4,TP,336.56732142102555,316.56732142102555,69,
2013-05-16,1,3006.1756903145056,3010.3057616884503,4,TP,330.40570991557615,310.40570991557615,85,
2013-05-20,1,3023.4321699939155,3025.8656722327455,4,TP,194.680179106399,174.680179106399,21,
2013-05-20,-1,3025.97,3028.82,4,SL,-228.0000000000291,-268.0000000000291,36,
2013-05-20,1,3025.871989576703,3028.9676772336284,4,TP,247.65501255402341,227.65501255402341,94,
2013-05-20,-1,3029.68,3032.47,4,SL,-223.1999999999971,-263.1999999999971,142,
2013-05-20,1,3027.12273379441,3023.55,4,SL,-285.81870355279534,-325.81870355279534,189,
2013-05-21,1,3022.05,3025.5363414826165,4,TP,278.9073186093083,258.9073186093083,16,
2013-05-21,-1,3025.62,3023.1964473862363,4,TP,193.88420910108835,173.88420910108835,38,
2013-05-21,1,3023.161821516413,3019.79,4,SL,-269.7457213130474,-309.7457213130474,41,
2013-05-21,-1,3023.1762879545877,3024.87,4,BE,-135.49696363297699,-175.49696363297699,124,
2013-05-22,1,3027.4991850677143,3029.5633682017747,4,TP,165.13465072483086,145.13465072483086,16,
2013-05-22,1,3034.27427532412,3031.91,4,BE,-189.14202592961374,-229.14202592961374,79,
2013-05-23,1,2973.34481035191,2969.05,4,SL,-343.58482815277966,-383.58482815277966,23,
2013-05-23,-1,2976.8385551570077,2982.33,4,SL,-439.31558743937785,-479.31558743937785,39,
2013-05-28,1,3029.465584221996,3026.51,4,BE,-236.44673775965202,-276.446737759652,92,
2013-05-29,1,2994.45,2997.644018483596,4,TP,255.5214786876968,235.5214786876968,31,
2013-05-29,-1,2999.82,2994.215063200713,4,TP,448.39494394298526,428.39494394298526,53,
2013-05-29,1,2993.01,2989.48,4,SL,-282.400000000016,-322.400000000016,58,
2013-06-03,-1,2982.071573099585,2975.9880733019904,4,TP,486.67998380755307,466.67998380755307,60,
2013-06-03,1,2975.957543703497,2970.33,4,SL,-450.2034962797552,-490.2034962797552,66,
2013-06-04,1,2997.179817954763,3000.625076203293,4,TP,275.6206598823701,255.6206598823701,53,
2013-06-04,1,2998.664173838397,2994.08,4,SL,-366.73390707175713,-406.73390707175713,91,
2013-06-04,1,2996.217144602928,2991.27,4,SL,-395.7715682342314,-435.7715682342314,159,
2013-06-05,1,2967.1202188681827,2962.49,4,SL,-370.4175094546372,-410.4175094546372,46,
2013-06-06,1,2942.960842964085,2936.91,4,SL,-484.067437126796,-524.067437126796,26,
2013-06-10,1,2991.16,2994.363511029221,4,TP,256.2808823377054,236.2808823377054,21,
2013-06-10,-1,2995.73,2991.3207508556006,4,TP,352.7399315519506,332.7399315519506,24,
2013-06-10,1,2991.5550270714075,2988.46,4,SL,-247.60216571259662,-287.6021657125966,42,
2013-06-10,-1,2993.9931083641823,2998.58,4,SL,-366.9513308654132,-406.9513308654132,67,
2013-06-10,1,2995.24,2989.44,4,SL,-463.9999999999782,-503.9999999999782,246,
2013-06-11,-1,2958.65,2960.2,4,SL,-123.99999999997817,-163.99999999997817,13,
2013-06-11,1,2958.7381995243522,2965.4278294510673,4,TP,535.1703941372034,515.1703941372034,53,
2013-06-11,-1,2967.41,2970.46,4,SL,-244.00000000001455,-284.00000000001455,60,
2013-06-11,1,2971.8937601613843,2965.8,4,SL,-487.50081291073,-527.50081291073,270,
2013-06-13,-1,2923.184567647074,2925.92,4,BE,-218.83458823409455,-258.83458823409455,27,
2013-06-17,1,2969.631985477627,2971.5689906350713,4,TP,154.9604125955375,134.9604125955375,13,
2013-06-18,1,2980.4474179014564,2982.7279752065515,4,TP,182.44458440760354,162.44458440760354,18,
2013-06-18,1,2980.9252143517156,2983.950734684261,4,TP,242.0416266036409,222.0416266036409,35,
2013-06-19,-1,2995.3588960719,2997.95,4,SL,-207.28831424799864,-247.28831424799864,54,
2013-06-19,1,2993.865552301498,2997.583271359885,4,TP,297.41752467096376,277.41752467096376,109,
2013-06-20,-1,2929.2354099138706,2935.97,4,SL,-538.7672068903339,-578.7672068903339,17,
2013-06-20,1,2929.3227009178117,2924.86,4,SL,-357.01607342492935,-397.01607342492935,48,
2013-06-24,-1,2846.309301940488,2841.2325839076047,4,TP,406.1374426306429,386.1374426306429,21,
2013-06-24,-1,2840.75917536505,2845.39,4,SL,-370.4659707959945,-410.4659707959945,84,
2013-06-24,1,2834.390894906015,2828.41,4,SL,-478.471592481219,-518.471592481219,114,
2013-06-25,-1,2878.7,2873.8156841048817,4,TP,390.74527160944854,370.74527160944854,17,
2013-06-25,1,2873.1,2866.32,4,SL,-542.3999999999796,-582.3999999999796,24,
2013-06-26,1,2889.14,2887.33,4,SL,-144.79999999999563,-184.79999999999563,13,
2013-06-26,-1,2894.000754632175,2888.9664805979946,4,TP,402.7419227344217,382.7419227344217,38,
2013-06-26,1,2888.58,2884.52,4,SL,-324.79999999999563,-364.79999999999563,47,
2013-06-26,-1,2892.835405636839,2896.61,4,SL,-301.9675490528971,-341.9675490528971,77,
2013-06-26,1,2887.9838958354494,2886.4,4,BE,-126.71166683594492,-166.71166683594492,118,
2013-06-26,-1,2892.3059652532015,2896.52,4,SL,-337.1227797438769,-377.1227797438769,331,
2013-06-27,1,2909.569183865159,2910.9620998519117,4,TP,111.43327894020331,91.43327894020331,15,
2013-07-01,1,2935.2560234054213,2936.4174148953075,4,TP,92.91131919089821,72.91131919089821,14,
2013-07-01,1,2935.3103188682185,2936.7817439137552,4,TP,117.71400364294095,97.71400364294095,18,
2013-07-01,1,2941.530227461638,2938.92,4,BE,-208.81819693102443,-248.81819693102443,255,
2013-07-08,-1,2976.3789056909113,2973.3510817892916,4,TP,242.22591212957923,222.22591212957923,25,
2013-07-08,1,2971.72,2976.761367757137,4,TP,403.3094205709858,383.3094205709858,33,
2013-07-08,-1,2977.54,2973.2123991913318,4,TP,346.2080646934555,326.2080646934555,44,
2013-07-09,-1,2974.863004481378,2972.218425927812,4,TP,211.56628428529075,191.56628428529075,30,
2013-07-09,1,2968.56,2968.4,1,SL,-3.1999999999970896,-13.19999999999709,32,
2013-07-09,-1,2973.509632137403,2976.93,4,SL,-273.62942900774215,-313.62942900774215,90,
2013-07-10,1,2987.407860786896,2990.6064745635535,4,TP,255.88910213260533,235.88910213260533,57,
2013-07-10,1,2986.615722632481,2990.265156059195,4,TP,291.9546741371232,271.9546741371232,129,
2013-07-11,1,3033.5689715934905,3035.473440425031,4,TP,152.35750652325805,132.35750652325805,24,
2013-07-11,1,3033.5833969211726,3035.5256419989673,4,TP,155.37960622357787,135.37960622357787,43,
2013-07-11,-1,3036.3,3038.51,4,SL,-176.8000000000029,-216.8000000000029,46,
2013-07-11,1,3033.530728677156,3036.0170866346007,4,TP,198.90863659558818,178.90863659558818,76,
2013-07-11,-1,3036.09,3039.39,4,SL,-263.9999999999782,-303.9999999999782,82,
2013-07-15,-1,3074.1315213422313,3075.37,4,BE,-99.0782926214888,-139.0782926214888,37,
2013-07-16,-1,3081.8554839236963,3080.090964881864,4,TP,141.1615233466,121.1615233466,22,
2013-07-16,-1,3081.4552689576617,3084.6,4,SL,-251.57848338705662,-291.5784833870566,40,
2013-07-16,1,3080.098497788597,3082.9712149636966,4,TP,229.8173740079801,209.8173740079801,79,
2013-07-16,1,3080.1527242444085,3077.02,4,SL,-250.61793955268513,-290.61793955268513,90,
2013-07-17,1,3083.89,3080.92,4,SL,-237.599999999984,-277.599999999984,22,
2013-07-17,1,3081.47,3086.2136671020853,4,TP,379.4933681668408,359.4933681668408,46,
2013-07-17,1,3083.118266600836,3082.12,4,BE,-79.86132806687237,-119.86132806687237,116,
2013-07-17,-1,3085.9743949502586,3082.4243581305313,4,TP,284.0029455781769,264.0029455781769,301,
2013-07-18,-1,3081.269356455152,3079.329193972168,4,TP,155.2129986387081,135.2129986387081,21,
2013-07-18,1,3078.83,3081.1421151675668,4,TP,184.96921340534755,164.96921340534755,26,
2013-07-18,-1,3081.159077755661,3079.2381834742305,4,TP,153.67154251445754,133.67154251445754,31,
2013-07-18,-1,3080.9650960327094,3083.77,4,SL,-224.39231738324452,-264.3923173832445,43,
2013-07-23,-1,3058.4379118196607,3056.6623230288924,4,TP,142.04710326146596,122.04710326146596,23,
2013-07-24,1,3044.0409995212094,3037.23,4,SL,-544.8799616967517,-584.8799616967517,227,
2013-07-25,-1,3050.717078857127,3055.95,4,SL,-418.63369142982265,-458.63369142982265,29,
2013-07-29,1,3075.8406590509853,3073.79,4,BE,-164.05272407882876,-204.05272407882876,65,
2013-07-30,1,3080.3254204100576,3078.25,4,SL,-166.03363280461053,-206.03363280461053,14,
2013-07-30,-1,3081.454408214983,3079.5326760996095,4,TP,153.73856922986306,133.73856922986306,19,
2013-07-30,-1,3080.8119581259975,3083.75,4,SL,-235.04334992019722,-275.0433499201972,36,
2013-07-30,1,3086.0332913189422,3079.93,4,SL,-488.26330551539286,-528.2633055153929,241,
2013-07-31,1,3098.9780276908973,3096.54,4,BE,-195.04221527178743,-235.04221527178743,37,
2013-08-01,1,3114.279488797437,3115.7702834203046,4,TP,119.26356982941797,99.26356982941797,25,
2013-08-01,-1,3115.675837295782,3118.26,4,SL,-206.73301633745723,-246.73301633745723,48,
2013-08-01,1,3114.4194329711386,3117.14263615678,4,TP,217.85625485132186,197.85625485132186,167,
2013-08-01,-1,3117.49,3114.5011366276203,4,TP,239.10906979035644,219.10906979035644,213,
2013-08-05,1,3137.47692999378,3135.43,4,SL,-163.75439950239524,-203.75439950239524,15,
2013-08-05,-1,3138.6911733608176,3136.587023445931,4,TP,168.33199319091364,148.33199319091364,21,
2013-08-05,-1,3138.6081425722778,3141.05,4,SL,-195.34859421779402,-235.34859421779402,47,
2013-08-05,1,3139.5005581611013,3137.02,4,BE,-198.4446528881017,-238.4446528881017,182,
2013-08-06,1,3137.59,3135.26,4,SL,-186.39999999999418,-226.39999999999418,17,
2013-08-07,-1,3116.664891813245,3119.49,4,SL,-226.00865494037862,-266.0086549403786,15,
2013-08-07,1,3115.426650918514,3110.01,4,SL,-433.3320734811059,-473.3320734811059,29,
2013-08-13,1,3127.05,3122.24,4,SL,-384.800000000032,-424.800000000032,26,
2013-08-14,-1,3141.473802957492,3138.042040170223,4,TP,274.54102298150246,254.54102298150246,23,
2013-08-14,1,3138.095136219081,3141.560559301064,4,TP,277.2338465586654,257.2338465586654,30,
2013-08-14,-1,3141.6512635280233,3138.303159189815,4,TP,267.8483470566789,247.8483470566789,37,
2013-08-14,1,3138.277981275798,3134.61,4,SL,-293.4385020638365,-333.4385020638365,41,
2013-08-14,-1,3138.0702127550576,3132.4466876622378,4,TP,449.88200742558547,429.88200742558547,226,
2013-08-15,1,3087.43,3090.301745378051,4,TP,229.73963024407567,209.73963024407567,14,
2013-08-15,1,3088.1034531738424,3084.79,4,SL,-265.0762539073912,-305.0762539073912,20,
2013-08-20,-1,3078.2,3080.98,4,SL,-222.400000000016,-262.400000000016,19,
2013-08-20,1,3076.9071391477473,3079.906318685852,4,TP,239.93436304837815,219.93436304837815,50,
2013-08-20,-1,3080.41,3083.19,4,SL,-222.400000000016,-262.400000000016,52,
2013-08-20,-1,3082.81,3083.78,4,SL,-77.60000000002037,-117.60000000002037,65,
2013-08-21,1,3083.105773831211,3086.874742093991,4,TP,301.51746102237666,281.51746102237666,70,
2013-08-21,-1,3086.8881047645896,3083.7045236854165,4,TP,254.68648633384873,234.68648633384873,119,
2013-08-22,1,3092.1042645492203,3096.0046432254885,4,TP,312.03029410145973,292.03029410145973,28,
2013-08-22,-1,3095.91433859982,3099.59,4,SL,-294.05291201441287,-334.05291201441287,72,
2013-08-22,1,3094.972155854208,3097.721063027925,4,TP,219.91257389738166,199.91257389738166,358,
2013-08-26,-1,3128.02,3131.25,4,SL,-258.40000000000146,-298.40000000000146,14,
2013-08-27,1,3095.4960140692083,3092.5,4,SL,-239.68112553666288,-279.6811255366629,43,
2013-08-28,1,3067.0792340200414,3063.29,4,SL,-303.1387216033181,-343.1387216033181,37,
2013-08-28,-1,3071.186003630335,3073.56,4,BE,-189.919709573187,-229.919709573187,66,
2013-09-03,1,3105.316570553333,3108.994466734354,4,TP,294.23169448167755,274.23169448167755,26,
2013-09-03,1,3105.34631662735,3109.0080917254277,4,TP,292.9420078462135,272.9420078462135,35,
2013-09-03,1,3105.9257960404875,3102.48,4,SL,-275.6636832389995,-315.6636832389995,51,
2013-09-03,1,3104.7879502091364,3100.8,4,SL,-319.03601673089724,-359.03601673089724,114,
2013-09-04,-1,3100.62357763259,3105.03,4,SL,-352.51378939283313,-392.51378939283313,21,
2013-09-05,1,3131.0275465303303,3134.9969229877493,4,TP,317.5501165935202,297.5501165935202,45,
2013-09-05,-1,3135.04,3131.1160081989283,4,TP,313.91934408573434,293.91934408573434,63,
2013-09-05,1,3128.7,3127.36,4,SL,-107.19999999997526,-147.19999999997526,76,
2013-09-05,1,3128.4983979887415,3131.987335405416,4,TP,279.1149933339693,259.1149933339693,301,
2013-09-09,1,3151.947186108892,3155.0564257434435,4,TP,248.73917076412909,228.73917076412909,22,
2013-09-09,-1,3155.071573839793,3152.4368485732507,4,TP,210.77802132338547,190.77802132338547,35,
2013-09-09,1,3151.39,3147.25,4,SL,-331.1999999999898,-371.1999999999898,41,
2013-09-10,-1,3184.056474191718,3182.2697153616605,4,TP,142.94070640458813,122.94070640458813,35,
2013-09-10,1,3182.19,3185.0378062288064,4,TP,227.82449830450787,207.82449830450787,41,
2013-09-10,1,3182.458174302826,3184.922007442571,4,TP,197.1066511796016,177.1066511796016,58,
2013-09-10,-1,3184.9638945636298,3188.59,4,SL,-290.08843490963045,-330.08843490963045,75,
2013-09-10,1,3183.4630123884626,3180.22,4,SL,-259.4409910770264,-299.4409910770264,176,
2013-09-10,-1,3186.0732820570634,3187.15,4,BE,-86.1374354349391,-126.1374354349391,267,
2013-09-11,1,3168.5011721993474,3166.04,4,SL,-196.89377594779216,-236.89377594779216,24,
2013-09-11,1,3166.96,3163.63,4,SL,-266.3999999999942,-306.3999999999942,28,
2013-09-11,-1,3170.6905035105965,3165.7426321914977,4,TP,395.82970552790357,375.82970552790357,41,
2013-09-12,-1,3178.1436668601773,3181.57,4,SL,-274.10665118582983,-314.10665118582983,29,
2013-09-12,1,3178.632250803354,3176.85,4,BE,-142.58006426833163,-182.58006426833163,127,
2013-09-17,1,3177.6193615917146,3179.2396631355805,4,TP,129.6241235092748,109.6241235092748,15,
2013-09-17,-1,3179.26588423198,3182.0,4,SL,-218.72926144158555,-258.72926144158555,21,
2013-09-18,1,3196.12,3198.717959521667,4,TP,207.8367617333788,187.8367617333788,19,
2013-09-18,-1,3198.93,3199.79,4,BE,-68.80000000001019,-108.80000000001019,26,
2013-09-18,1,3196.9685096238677,3198.9153356787156,4,TP,155.7460843878289,135.7460843878289,37,
2013-09-18,-1,3199.64,3197.2707784638187,4,TP,189.53772289449262,169.53772289449262,57,
2013-09-18,1,3197.15,3195.76,4,BE,-111.19999999998981,-151.1999999999898,80,
2013-09-19,1,3239.62,3235.04,4,SL,-366.3999999999942,-406.3999999999942,14,
2013-09-19,-1,3241.687301381263,3237.4098470666454,4,TP,342.1963451693955,322.1963451693955,38,
2013-09-19,1,3236.59,3233.27,4,SL,-265.6000000000131,-305.6000000000131,48,
2013-09-19,1,3235.064280249347,3233.98,4,BE,-86.74241994776821,-126.74241994776821,258,
2013-09-23,-1,3241.484932978231,3238.2602987646,4,TP,257.97073709047254,237.97073709047254,13,
2013-09-24,-1,3223.9858363139915,3226.34,4,SL,-188.33309488069062,-228.33309488069062,18,
2013-09-24,1,3222.07,3220.08,4,BE,-159.20000000001892,-199.20000000001892,30,
2013-09-24,-1,3223.030335268383,3230.28,4,SL,-579.9731785293625,-619.9731785293625,77,
2013-09-25,-1,3218.367701008317,3212.8419940016047,4,TP,442.05656053698476,422.05656053698476,15,
2013-09-25,-1,3213.962125309127,3219.7,4,SL,-459.0299752698411,-499.0299752698411,71,
2013-09-25,-1,3216.987248846118,3222.23,4,SL,-419.42009231057455,-459.42009231057455,111,
2013-09-25,1,3213.309726243795,3207.52,4,SL,-463.1780995036024,-503.1780995036024,254,
2013-09-26,1,3232.7618824263077,3229.01,4,SL,-300.150594104598,-340.150594104598,86,
2013-10-01,1,3228.717634133552,3224.94,4,SL,-302.21073068416445,-342.21073068416445,27,
2013-10-01,-1,3231.729223761634,3225.9953667182867,4,TP,458.70856346777146,438.70856346777146,43,
2013-10-01,1,3225.9481477925465,3231.5649909704016,4,TP,449.34745422840933,429.34745422840933,50,
2013-10-01,-1,3234.57,3237.3,4,SL,-218.40000000000146,-258.40000000000146,55,
2013-10-02,1,3235.505944418343,3239.3094246791557,4,TP,304.27842086501187,284.27842086501187,13,
2013-10-02,1,3238.0350450022265,3233.95,4,SL,-326.80360017813655,-366.80360017813655,38,
2013-10-02,-1,3240.8053698941403,3246.22,4,SL,-433.170408468759,-473.170408468759,109,
2013-10-03,1,3244.85,3241.84,4,SL,-240.79999999998108,-280.7999999999811,20,
2013-10-08,-1,3213.993465296955,3209.759213695845,4,TP,338.7401280887934,318.7401280887934,20,
2013-10-09,-1,3147.0217884850495,3139.319199540011,4,TP,616.2071156030652,596.2071156030652,76,
2013-10-09,1,3138.15,3132.46,4,SL,-455.20000000000437,-495.20000000000437,90,
2013-10-09,-1,3139.890037179678,3147.19,3,SL,-437.9977692193188,-467.9977692193188,236,
2013-10-10,1,3186.8955182022096,3190.402705765807,4,TP,280.57500508777593,260.57500508777593,57,
2013-10-10,-1,3190.85,3194.31,4,SL,-276.8000000000029,-316.8000000000029,71,
2013-10-10,1,3187.392650986159,3192.605297392734,4,TP,417.01171252600034,397.01171252600034,119,
2013-10-14,1,3217.267872876358,3222.680306250785,4,TP,432.9946699541688,412.9946699541688,25,
2013-10-14,1,3221.452463506059,3225.8187325019653,4,TP,349.3015196725173,329.3015196725173,105,
2013-10-15,-1,3255.42405550463,3259.38,4,SL,-316.4755596296163,-356.4755596296163,22,
2013-10-15,-1,3259.31,3262.78,4,SL,-277.6000000000204,-317.6000000000204,39,
2013-10-15,1,3256.262535007543,3254.14,4,BE,-169.80280060346558,-209.80280060346558,101,
2013-10-15,-1,3262.045007446573,3267.27,4,SL,-417.99940427416004,-457.99940427416004,111,
2013-10-15,1,3257.0573363086887,3254.34,4,BE,-217.38690469508583,-257.38690469508583,166,
2013-10-16,1,3261.52,3264.872182182844,4,TP,268.1745746275192,248.17457462751918,21,
2013-10-16,-1,3266.48,3269.81,4,SL,-266.3999999999942,-306.3999999999942,24,
2013-10-17,1,3268.8324889771707,3273.994401531051,4,TP,412.9530043104387,392.9530043104387,33,
2013-10-21,1,3356.04,3364.1781260088355,4,TP,651.0500807068456,631.0500807068456,21,
2013-10-21,1,3360.7777363571313,3359.68,4,BE,-87.81890857051621,-127.81890857051621,61,
2013-10-22,1,3375.3492866276806,3377.2014140124006,4,TP,148.1701907776005,128.1701907776005,18,
2013-10-22,1,3375.1008004572354,3377.165717101479,4,TP,165.19333153948537,145.19333153948537,24,
2013-10-22,-1,3377.9,3375.2541374127604,4,TP,211.669006979173,191.669006979173,29,
2013-10-22,1,3374.65,3377.3091951829565,4,TP,212.73561463651276,192.73561463651276,32,
2013-10-22,1,3376.3207779527047,3372.43,4,SL,-311.2622362163893,-351.2622362163893,72,
2013-10-23,1,3348.77,3345.67,4,SL,-247.99999999999272,-287.9999999999927,19,
2013-10-23,-1,3342.528840946461,3346.5,4,BE,-317.69272428311524,-357.69272428311524,315,
2013-10-24,-1,3350.1424305990063,3354.42,4,SL,-342.20555207950383,-382.20555207950383,43,
2013-10-28,-1,3381.235363100112,3385.05,4,SL,-305.17095199105825,-345.17095199105825,16,
2013-10-28,-1,3386.13,3378.9160236118014,4,TP,577.1181110558973,557.1181110558973,22,
2013-10-28,1,3379.1430316216943,3383.2606204531003,4,TP,329.4071065124808,309.4071065124808,40,
2013-10-28,1,3380.009242946368,3375.03,4,SL,-398.3394357094221,-438.3394357094221,82,
2013-10-29,1,3381.8940097739246,3387.2208713731548,4,TP,426.14892793841136,406.14892793841136,196,
2013-10-29,-1,3387.64,3391.9,4,SL,-340.80000000001746,-380.80000000001746,199,
2013-10-30,1,3402.1142890850942,3405.1226982337225,4,TP,240.6727318902631,220.6727318902631,14,
2013-10-30,1,3403.3556947117495,3399.63,4,SL,-298.0555769399507,-338.0555769399507,32,
2013-10-30,1,3396.5535947042126,3390.83,4,SL,-457.88757633701607,-497.88757633701607,126,
2013-10-31,1,3378.681337132466,3373.65,4,SL,-402.50697059727827,-442.50697059727827,25,
2013-11-04,1,3378.17167598268,3382.6593661382744,4,TP,359.01521244755713,339.01521244755713,146,
2013-11-04,-1,3382.81,3377.611775051966,4,TP,415.85799584270717,395.85799584270717,209,
2013-11-05,-1,3375.04,3369.7966601132925,4,TP,419.4671909365934,399.4671909365934,18,
2013-11-05,1,3369.662912712564,3365.63,4,SL,-322.63301700510056,-362.63301700510056,28,
2013-11-05,-1,3372.479231457512,3367.490475427301,4,TP,399.10048241687036,379.10048241687036,49,
2013-11-05,1,3366.79,3372.0600304613813,4,TP,421.6024369105071,401.6024369105071,60,
2013-11-05,-1,3372.11,3376.7,4,SL,-367.19999999997526,-407.19999999997526,71,
2013-11-06,-1,3394.8106095117887,3398.32,4,SL,-280.75123905691726,-320.75123905691726,22,
2013-11-06,1,3393.8771101143166,3389.09,4,SL,-382.96880914531357,-422.96880914531357,59,
2013-11-07,-1,3388.91,3382.861487591164,4,TP,483.88099270687235,463.88099270687235,19,
2013-11-07,1,3380.6,3377.74,4,SL,-228.8000000000102,-268.8000000000102,21,
2013-11-07,1,3373.24,3373.23,1,SL,-0.19999999999527063,-10.19999999999527,23,
2013-11-11,1,3361.4622614018103,3357.4,4,SL,-324.98091214481974,-364.98091214481974,67,
2013-11-12,1,3356.473685507927,3361.419370613225,4,TP,395.65480842386023,375.65480842386023,47,
2013-11-12,-1,3361.65,3365.54,4,SL,-311.1999999999898,-351.1999999999898,50,
2013-11-12,-1,3365.5138504295714,3359.35475089712,4,TP,492.72796259610914,472.72796259610914,129,
2013-11-12,1,3357.84,3353.83,4,SL,-320.80000000001746,-360.80000000001746,157,
2013-11-13,1,3350.0196434330533,3352.007161132638,4,TP,159.00141596677713,139.00141596677713,16,
2013-11-14,1,3395.2482306480206,3399.4464637541932,4,TP,335.85864849381323,315.85864849381323,44,
2013-11-14,-1,3399.69,3403.84,4,SL,-332.0000000000073,-372.0000000000073,63,
2013-11-18,1,3423.84,3420.26,4,SL,-286.3999999999942,-326.3999999999942,13,
2013-11-18,1,3420.43,3417.03,4,SL,-271.9999999999709,-311.9999999999709,26,
2013-11-18,-1,3421.049022759587,3414.614170720877,4,TP,514.7881630967822,494.7881630967822,130,
2013-11-19,-1,3387.9637348910596,3393.19,4,SL,-418.10120871523395,-458.10120871523395,25,
2013-11-19,-1,3392.06,3395.89,4,SL,-306.3999999999942,-346.3999999999942,31,
2013-11-20,1,3387.840106645121,3384.53,4,SL,-264.80853160966944,-304.80853160966944,17,
2013-11-20,-1,3389.111855655259,3396.24,4,SL,-570.2515475792461,-610.2515475792461,51,
2013-11-20,1,3383.9166184254855,3391.4012587857387,4,TP,598.7712288202601,578.7712288202601,84,
2013-11-21,1,3383.15,3386.598498928997,4,TP,275.8799143197393,255.87991431973933,14,
2013-11-21,1,3388.580720651689,3391.7257753690105,4,TP,251.6043773857382,231.6043773857382,120,
2013-11-21,1,3388.360225599315,3391.8326318928807,4,TP,277.7925034852524,257.7925034852524,179,
2013-11-21,-1,3391.96,3388.2583359315513,4,TP,296.13312547589885,276.13312547589885,199,
2013-11-21,1,3387.63,3391.885305589583,4,TP,340.4244471666243,320.4244471666243,237,
2013-11-26,1,3429.9490907153004,3427.32,4,SL,-210.32725722401665,-250.32725722401665,17,
2013-11-26,-1,3430.1552748903737,3434.32,4,SL,-333.17800877011905,-373.17800877011905,52,
2013-11-27,1,3461.5480794443097,3465.5902548514346,4,TP,323.37403256999096,303.37403256999096,300,
2013-12-02,1,3496.495523255197,3493.17,4,SL,-266.04186041575304,-306.04186041575304,16,
2013-12-02,1,3491.81,3489.75,4,SL,-164.79999999999563,-204.79999999999563,18,
2013-12-03,1,3476.43,3480.9162351737605,4,TP,358.89881390085066,338.89881390085066,21,
2013-12-03,-1,3482.23,3484.76,4,SL,-202.400000000016,-242.400000000016,31,
2013-12-03,1,3480.287918048414,3476.6,4,SL,-295.0334438731443,-335.0334438731443,118,
2013-12-04,1,3477.7692820783823,3470.5,4,SL,-581.542566270582,-621.542566270582,171,
2013-12-05,1,3483.5594803778486,3480.41,4,SL,-251.95843022789632,-291.9584302278963,15,
2013-12-05,1,3477.82,3485.293791916187,1,TP,149.47583832373311,144.47583832373311,30,
2013-12-05,-1,3486.11,3481.2140087578396,4,TP,391.679299372845,371.679299372845,50,
2013-12-05,1,3480.6,3477.06,4,SL,-283.1999999999971,-323.1999999999971,54,
2013-12-09,-1,3514.4082590641297,3517.49,4,SL,-246.53927486961038,-286.5392748696104,16,
2013-12-09,1,3515.607597832394,3519.8846356761333,4,TP,342.16302749915485,322.16302749915485,83,
2013-12-10,1,3510.349599622936,3513.1413711084124,4,TP,223.34171883812814,203.34171883812814,35,
2013-12-10,-1,3513.1712150319636,3517.13,4,SL,-316.702797442922,-356.702797442922,62,
2013-12-10,1,3512.7960269363966,3516.97190626392,4,TP,334.07034620187915,314.07034620187915,310,
2013-12-11,1,3514.693875182126,3511.01,4,SL,-294.71001457004604,-334.71001457004604,17,
2013-12-12,1,3474.413990626698,3469.69,4,SL,-377.9192501358193,-417.9192501358193,19,
2013-12-12,1,3468.38,3465.04,1,SL,-66.80000000000291,-76.80000000000291,23,
2013-12-12,1,3467.997905827191,3462.64,4,SL,-428.6324661752951,-468.6324661752951,152,
2013-12-17,-1,3470.53199807049,3472.57,4,BE,-163.0401543608241,-203.0401543608241,39,
2013-12-17,1,3468.1452227788745,3463.68,4,SL,-357.2178223099763,-397.2178223099763,81,
2013-12-17,1,3463.91,3463.56,4,SL,-27.999999999992724,-67.99999999999272,91,
2013-12-18,1,3469.470806392962,3466.91,4,SL,-204.86451143697195,-244.86451143697195,16,
2013-12-18,1,3465.65,3461.47,4,SL,-334.4000000000233,-374.4000000000233,24,
2013-12-18,-1,3467.641409968469,3461.5480526799374,4,TP,487.4685830825183,467.4685830825183,77,
2013-12-18,1,3461.34,3456.16,4,SL,-414.4000000000233,-454.4000000000233,131,
2013-12-19,-1,3500.78,3498.208179322327,4,TP,205.7456542138607,185.7456542138607,19,
2013-12-19,1,3497.3,3494.48,4,SL,-225.6000000000131,-265.6000000000131,23,
2013-12-19,-1,3497.2704972881047,3499.21,4,BE,-155.16021695162635,-195.16021695162635,125,
2013-12-23,-1,3561.32,3563.18,4,SL,-148.7999999999738,-188.7999999999738,13,
2013-12-23,-1,3563.9,3558.6697129723952,4,TP,418.4229622083876,398.4229622083876,18,
2013-12-23,1,3558.47,3555.5,4,SL,-237.599999999984,-277.599999999984,31,
2013-12-26,-1,3578.479077173169,3581.31,4,SL,-226.4738261464663,-266.4738261464663,61,
2013-12-30,1,3562.5472674265297,3567.3386431749377,4,TP,383.3100598726378,363.3100598726378,101,
2013-12-31,1,3576.742939568415,3578.41084624389,4,TP,133.4325340380019,113.4325340380019,26,
2013-12-31,-1,3579.28,3581.33,4,SL,-163.99999999997817,-203.99999999997817,32,
2013-12-31,1,3576.69417959075,3579.4372322851577,4,TP,219.44421555261215,199.44421555261215,53,
2013-12-31,-1,3579.62,3582.92,4,SL,-264.00000000001455,-304.00000000001455,61,
2014-01-02,-1,3565.7429933506955,3570.11,4,SL,-349.3605319443668,-389.3605319443668,109,
2014-01-02,1,3561.275965465522,3559.53,4,BE,-139.67723724173993,-179.67723724173993,225,
2014-01-06,1,3518.8239630824023,3517.88,4,BE,-75.51704659217648,-115.51704659217648,220,
2014-01-08,1,3558.3865228210466,3553.74,4,SL,-371.7218256837441,-411.7218256837441,19,
2014-01-08,1,3555.05,3552.93,4,SL,-169.60000000002765,-209.60000000002765,21,
2014-01-08,-1,3560.14,3563.68,4,SL,-283.1999999999971,-323.1999999999971,38,
2014-01-09,1,3572.36,3571.64,4,BE,-57.60000000002037,-97.60000000002037,23,
2014-01-09,-1,3576.369344139659,3572.910049240862,4,TP,276.7435919037598,256.7435919037598,36,
2014-01-09,1,3571.72,3569.49,4,SL,-178.40000000000146,-218.40000000000146,38,
2014-01-13,1,3562.5989763375255,3565.9377223188408,4,TP,267.09967850521934,247.09967850521934,23,
2014-01-14,1,3528.54,3531.0169056821014,4,TP,198.1524545681168,178.1524545681168,13,
2014-01-14,1,3528.7761850961883,3526.3,4,SL,-198.0948076950517,-238.0948076950517,22,
2014-01-14,-1,3530.9604619956544,3536.81,4,SL,-467.96304034764034,-507.96304034764034,31,
2014-01-14,-1,3536.96,3536.88,1,SL,1.5999999999985448,-8.400000000001455,33,
2014-01-16,-1,3605.4187523340966,3609.38,4,SL,-316.8998132722845,-356.8998132722845,26,
2014-01-16,1,3605.008482233822,3610.038001269007,4,TP,402.3615228147901,382.3615228147901,138,
2014-01-16,1,3604.3447347169335,3609.9083841791225,4,TP,445.0919569751204,425.0919569751204,200,
2014-01-21,1,3610.58,3614.9297544446813,4,TP,347.9803555745093,327.9803555745093,19,
2014-01-21,-1,3614.995258375806,3612.5229501238637,4,TP,197.7846601553756,177.7846601553756,40,
2014-01-21,1,3611.63,3606.76,4,SL,-389.59999999999127,-429.59999999999127,45,
2014-01-22,-1,3622.875719951795,3620.1462252639517,4,TP,218.3595750274617,198.3595750274617,21,
2014-01-22,-1,3622.5879676370346,3619.9207120178694,4,TP,213.38044953321514,193.38044953321514,43,
2014-01-22,-1,3622.2679545590286,3626.69,4,SL,-353.763635277719,-393.763635277719,59,
2014-01-22,1,3619.4631721753035,3623.89619400857,4,TP,354.6417466613275,334.6417466613275,103,
2014-01-23,-1,3606.0280692467227,3602.747672117758,4,TP,262.43177031716186,242.43177031716186,29,
2014-01-23,1,3602.54,3594.88,4,SL,-612.7999999999884,-652.7999999999884,37,
2014-01-27,-1,3544.6716905074086,3539.4373803035887,4,TP,418.74481630558876,398.74481630558876,18,
2014-01-27,1,3537.07,3532.49,4,SL,-366.40000000003056,-406.40000000003056,23,
2014-01-28,1,3499.9757270874443,3494.67,4,SL,-424.4581669955369,-464.4581669955369,109,
2014-01-29,1,3479.2178065016965,3486.841983419507,4,TP,609.9341534248379,589.9341534248379,75,
2014-01-29,1,3482.621086167673,3480.65,4,BE,-157.68689341384743,-197.68689341384743,256,
2014-01-30,1,3515.41957711109,3509.73,4,BE,-455.16616888719,-495.16616888719,25,
2014-01-30,-1,3516.3720837277997,3511.4430383491713,4,TP,394.3236302902733,374.3236302902733,60,
2014-02-03,1,3523.29,3518.18,4,SL,-408.8000000000102,-448.8000000000102,15,
2014-02-03,1,3515.35,3511.87,4,SL,-278.40000000000146,-318.40000000000146,17,
2014-02-04,-1,3458.282502954936,3465.66,4,SL,-590.1997636051237,-630.1997636051237,27,
2014-02-04,1,3455.2690317846814,3464.210203439913,4,TP,715.2937324185405,695.2937324185405,65,
2014-02-04,-1,3464.2538700562354,3455.8505040678924,4,TP,672.269279067441,652.269279067441,77,
2014-02-04,1,3455.13,3463.779366592009,4,TP,691.9493273607077,671.9493273607077,92,
2014-02-04,-1,3465.41,3470.99,4,SL,-446.3999999999942,-486.3999999999942,126,
2014-02-05,1,3459.0140114500005,3455.03,4,SL,-318.7209160000202,-358.7209160000202,14,
2014-02-05,1,3456.7,3451.76,4,SL,-395.199999999968,-435.199999999968,18,
2014-02-05,-1,3459.19734330939,3449.031920855031,3,TP,609.9253472615419,594.9253472615419,39,
2014-02-10,-1,3572.683356175447,3568.547923890139,4,TP,330.8345828246456,310.8345828246456,63,
2014-02-10,1,3567.69,3565.15,4,BE,-203.1999999999971,-243.1999999999971,77,
2014-02-10,-1,3572.6830074395334,3578.69,4,SL,-480.5594048373314,-520.5594048373314,141,
2014-02-11,-1,3590.463692617231,3593.81,4,SL,-267.7045906215062,-307.7045906215062,16,
2014-02-12,1,3629.6351692904873,3631.675854945769,4,TP,163.25485242254217,143.25485242254217,14,
2014-02-12,1,3629.8867843582498,3632.3427268722653,4,TP,196.4754011212426,176.4754011212426,24,
2014-02-12,1,3630.529386177923,3626.05,4,SL,-358.3508942338085,-398.3508942338085,50,
2014-02-12,1,3625.1287645110024,3620.9,4,SL,-338.3011608801826,-378.3011608801826,138,
2014-02-12,-1,3628.9310796067107,3623.8633372875315,4,TP,405.41938553433283,385.41938553433283,319,
2014-02-18,1,3670.660037484063,3667.05,4,SL,-288.8029987250411,-328.8029987250411,26,
2014-02-18,1,3666.02,3664.01,4,SL,-160.79999999998108,-200.79999999998108,28,
2014-02-18,-1,3672.5447064656078,3679.5,4,SL,-556.4234827513792,-596.4234827513792,61,
2014-02-19,1,3673.2088633666826,3670.1,4,SL,-248.7090693346181,-288.7090693346181,21,
2014-02-19,-1,3674.62052364803,3679.37,4,SL,-379.95810815758887,-419.95810815758887,66,
2014-02-19,1,3671.640509708673,3665.17,4,SL,-517.6407766938428,-557.6407766938428,150,
2014-02-20,1,3651.16,3647.31,4,SL,-307.9999999999927,-347.9999999999927,18,
2014-02-20,-1,3654.161594117668,3658.95,4,SL,-383.07247058655776,-423.07247058655776,63,
2014-02-25,-1,3683.1096428213064,3686.67,4,BE,-284.8285742954977,-324.8285742954977,76,
2014-02-26,-1,3691.8336698165335,3695.12,4,BE,-262.90641467730893,-302.90641467730893,55,
2014-02-26,1,3691.175654508928,3688.38,4,BE,-223.6523607142226,-263.6523607142226,268,
2014-02-27,1,3680.97731855083,3676.72,4,SL,-340.5854840664324,-380.5854840664324,22,
2014-02-27,1,3673.86,3674.97,1,SL,22.19999999999345,12.199999999993452,24,
2014-02-27,-1,3682.155886583169,3687.11,4,SL,-396.32907334649644,-436.32907334649644,66,
2014-03-03,1,3668.023599506153,3663.27,4,SL,-380.28796049224184,-420.28796049224184,42,
2014-03-03,1,3660.0040729788775,3648.0,3,SL,-720.2443787326501,-750.2443787326501,136,
2014-03-04,-1,3711.2975424477117,3715.61,4,SL,-344.9966041830703,-384.9966041830703,21,
2014-03-04,-1,3715.16,3715.97,4,SL,-64.79999999999563,-104.79999999999563,24,
2014-03-05,-1,3722.755163761862,3725.06,4,BE,-184.38689905102365,-224.38689905102365,24,
2014-03-05,1,3721.111857423413,3717.19,4,SL,-313.7485938730242,-353.7485938730242,32,
2014-03-05,-1,3723.797901574211,3728.08,4,SL,-342.5678740630974,-382.5678740630974,57,
2014-03-05,1,3721.1469866150505,3726.6231063665286,4,TP,438.0895801182487,418.0895801182487,90,
2014-03-05,-1,3727.2,3731.02,4,SL,-305.6000000000131,-345.6000000000131,102,
2014-03-06,1,3735.4580704379887,3737.0474342137873,4,TP,127.14910206388595,107.14910206388595,20,
2014-03-06,1,3735.5622835070085,3733.04,4,SL,-201.7826805606819,-241.7826805606819,31,
2014-03-06,1,3731.3591765070482,3727.68,4,SL,-294.3341205638717,-334.3341205638717,234,
2014-03-10,1,3699.3410282526424,3703.6241586563356,4,TP,342.6504322954497,322.6504322954497,17,
2014-03-10,-1,3705.41,3708.25,4,SL,-227.20000000001164,-267.20000000001164,19,
2014-03-10,1,3701.4502749898415,3696.47,4,SL,-398.4219991873397,-438.4219991873397,43,
2014-03-10,-1,3701.488196710939,3704.45,3,BE,-177.70819734364522,-207.70819734364522,210,
2014-03-11,-1,3713.1517333847028,3717.89,4,SL,-379.06132922376855,-419.06132922376855,60,
2014-03-11,1,3712.2000014110854,3705.82,4,SL,-510.40011288681853,-550.4001128868185,169,
2014-03-12,-1,3674.951608692308,3681.07,4,SL,-489.4713046153629,-529.4713046153629,35,
2014-03-13,-1,3717.4450383886497,3713.4511746637268,4,TP,319.50909799383226,299.50909799383226,41,
2014-03-13,1,3712.38,3709.56,4,SL,-225.6000000000131,-265.6000000000131,56,
2014-03-17,1,3664.695017520519,3661.69,4,BE,-240.40140164150216,-280.40140164150216,76,
2014-03-17,1,3662.5639808061733,3670.963082082793,4,TP,671.9281021295683,651.9281021295683,164,
2014-03-19,-1,3701.698097842948,3704.8,4,SL,-248.1521725641869,-288.1521725641869,26,
2014-03-19,-1,3704.6021685019414,3706.31,4,BE,-136.6265198446854,-176.6265198446854,213,
2014-03-20,1,3678.26348660982,3674.06,4,SL,-336.27892878561397,-376.27892878561397,16,
2014-03-25,1,3641.83,3639.29,4,SL,-203.1999999999971,-243.1999999999971,14,
2014-03-25,-1,3646.0328238729776,3650.19,4,SL,-332.57409016179736,-372.57409016179736,25,
2014-03-25,1,3644.922762344315,3635.79,4,SL,-730.6209875451896,-770.6209875451896,66,
2014-03-26,-1,3648.908299683726,3654.02,4,SL,-408.93602530191856,-448.93602530191856,16,
2014-03-26,-1,3652.13,3643.0616694615946,4,TP,725.466443072437,705.466443072437,30,
2014-03-26,-1,3649.6900065304126,3643.1716288527864,4,TP,521.4702142100941,501.4702142100941,47,
2014-03-26,1,3643.141217297011,3638.43,4,SL,-376.89738376087917,-416.89738376087917,53,
2014-03-31,1,3601.153321457896,3596.01,4,SL,-411.4657166316465,-451.4657166316465,16,
2014-03-31,-1,3604.3054230524767,3608.62,4,SL,-345.16615580185317,-385.16615580185317,23,
2014-03-31,-1,3605.342676933667,3612.3,4,SL,-556.5858453066539,-596.5858453066539,30,
2014-04-01,1,3636.032987011599,3634.52,4,BE,-121.03896092790819,-161.0389609279082,214,
2014-04-02,-1,3673.53,3673.93,4,BE,-31.999999999970896,-71.9999999999709,15,
2014-04-02,1,3667.4578581487403,3661.02,4,SL,-515.0286518992289,-555.0286518992289,29,
2014-04-02,1,3660.789650879078,3659.58,4,BE,-96.77207032626029,-136.7720703262603,158,
2014-04-03,-1,3669.551423420058,3674.85,4,SL,-423.88612639533676,-463.88612639533676,17,
2014-04-03,1,3667.37493950712,3662.13,4,SL,-419.5951605695882,-459.5951605695882,49,
2014-04-07,1,3519.2626343823276,3514.16,4,SL,-408.2107505862223,-448.2107505862223,14,
2014-04-07,-1,3523.18,3529.1,4,SL,-473.6000000000058,-513.6000000000058,28,
2014-04-08,1,3518.514058709864,3513.75,4,SL,-381.1246967891202,-421.1246967891202,18,
2014-04-08,1,3514.69,3508.04,4,SL,-532.0000000000073,-572.0000000000073,21,
2014-04-08,1,3511.8696484303164,3508.78,3,BE,-185.37890581897045,-215.37890581897045,52,
2014-04-08,-1,3521.6543724252997,3532.21,3,SL,-633.3376544820203,-663.3376544820203,87,
2014-04-09,-1,3555.604145111124,3551.8102216861225,4,TP,303.51387400012754,283.51387400012754,19,
2014-04-09,-1,3555.175011522221,3550.303407796769,4,TP,389.7282980361706,369.7282980361706,36,
2014-04-09,1,3548.43,3547.41,4,BE,-81.59999999999854,-121.59999999999854,40,
2014-04-09,-1,3555.375377681706,3563.11,4,SL,-618.7697854635189,-658.7697854635189,51,
2014-04-14,-1,3470.3574637547918,3476.26,4,SL,-472.2028996166773,-512.2028996166773,74,
2014-04-15,1,3489.9017643894567,3479.96,4,SL,-795.3411511565355,-835.3411511565355,43,
2014-04-16,-1,3511.2379040115993,3502.529917205918,4,TP,696.6389444544984,676.6389444544984,64,
2014-04-16,1,3501.71,3496.01,4,SL,-455.99999999998545,-495.99999999998545,73,
2014-04-16,-1,3508.442744081653,3510.94,3,BE,-149.8353551008222,-179.8353551008222,144,
2014-04-17,-1,3531.67,3534.22,4,SL,-203.99999999997817,-243.99999999997817,13,
2014-04-17,1,3518.378607691509,3511.69,3,SL,-401.3164614905327,-431.3164614905327,25,
2014-04-21,-1,3545.13,3548.15,4,SL,-241.59999999999854,-281.59999999999854,13,
2014-04-21,1,3540.327269512693,3533.29,4,SL,-562.9815610154401,-602.9815610154401,61,
2014-04-21,-1,3545.1793555037416,3554.29,3,SL,-546.6386697755024,-576.6386697755024,228,
2014-04-22,1,3573.1,3570.42,4,SL,-214.3999999999869,-254.3999999999869,13,
2014-04-22,1,3569.71,3567.85,4,SL,-148.8000000000102,-188.8000000000102,15,
2014-04-22,-1,3575.2577783663696,3579.08,4,SL,-305.7777306904245,-345.7777306904245,26,
2014-04-23,-1,3583.048936144101,3578.7112756990837,4,TP,347.0128356013811,327.0128356013811,13,
2014-04-28,-1,3542.8556935485262,3548.94,4,SL,-486.74451611790573,-526.7445161179057,27,
2014-04-29,-1,3561.112438889949,3554.618297861097,4,TP,519.5312823081622,499.5312823081622,30,
2014-04-29,1,3554.45,3552.13,4,BE,-185.59999999997672,-225.59999999997672,36,
2014-04-29,-1,3559.3146918864936,3561.42,3,BE,-126.31848681038718,-156.31848681038718,116,
2014-04-30,1,3556.443995992072,3552.07,4,SL,-349.9196793657393,-389.9196793657393,24,
2014-04-30,1,3550.55,3548.38,4,SL,-173.60000000000582,-213.60000000000582,26,
2014-04-30,-1,3559.809130241238,3565.8,4,SL,-479.2695807009659,-519.2695807009659,48,
2014-05-01,-1,3593.76,3596.18,4,SL,-193.59999999996944,-233.59999999996944,13,
2014-05-01,1,3587.0462207933247,3592.6023468292433,4,TP,444.4900828734899,424.4900828734899,35,
2014-05-01,1,3587.876181848373,3582.81,4,SL,-405.294547869853,-445.294547869853,47,
2014-05-01,1,3585.2,3593.1640523713063,4,TP,637.1241897045184,617.1241897045184,57,
2014-05-01,-1,3593.196056547312,3598.99,4,SL,-463.51547621503414,-503.51547621503414,74,
2014-05-05,-1,3564.66,3568.69,4,SL,-322.400000000016,-362.400000000016,14,
2014-05-06,-1,3595.4242015651575,3591.2492629963835,4,TP,333.9950855019197,313.9950855019197,22,
2014-05-06,1,3591.604560266265,3596.147841907178,4,TP,363.46253127307136,343.46253127307136,46,
2014-05-06,-1,3596.264626894415,3591.967858843582,4,TP,343.74144406665437,323.74144406665437,83,
2014-05-07,1,3552.44,3550.58,4,SL,-148.8000000000102,-188.8000000000102,13,
2014-05-07,-1,3535.6819414046627,3518.7162243771922,2,TP,678.6286810988167,668.6286810988167,208,
2014-05-13,-1,3616.61,3617.8,4,BE,-95.20000000000437,-135.20000000000437,16,
2014-05-13,1,3611.0971119751252,3617.2955213440105,4,TP,495.8727495108178,475.8727495108178,34,
2014-05-13,-1,3617.3334565055866,3622.71,4,SL,-430.1234795530763,-470.1234795530763,46,
2014-05-14,-1,3609.4,3609.6,4,SL,-15.999999999985448,-55.99999999998545,16,
2014-05-14,1,3603.756552689194,3610.1053426877834,4,TP,507.90319988715055,487.90319988715055,60,
2014-05-14,1,3603.7397671246727,3609.4758461247934,4,TP,458.88632000966027,438.88632000966027,187,
2014-05-21,1,3618.022378257142,3613.61,4,SL,-352.9902605713505,-392.9902605713505,120,
2014-05-22,-1,3639.9468056324467,3642.47,4,BE,-201.8555494042448,-241.8555494042448,16,
2014-05-22,1,3639.47595217168,3634.57,4,SL,-392.47617373439425,-432.47617373439425,38,
2014-05-27,-1,3697.27,3700.3,4,SL,-242.400000000016,-282.400000000016,19,
2014-05-28,-1,3721.132365109321,3717.6541524254935,4,TP,278.25701470621425,258.25701470621425,25,
2014-05-28,1,3715.48,3712.52,4,SL,-236.8000000000029,-276.8000000000029,48,
2014-05-28,1,3715.0451396947933,3710.23,4,SL,-385.21117558346305,-425.21117558346305,75,
2014-05-29,1,3724.2695616842325,3720.71,4,SL,-284.7649347385959,-324.7649347385959,21,
2014-05-29,-1,3726.7560794247497,3722.1072067694486,4,TP,371.9098124240918,351.9098124240918,37,
2014-05-29,1,3720.51,3717.83,4,SL,-214.40000000002328,-254.40000000002328,46,
2014-05-29,-1,3726.708372196444,3722.202970252041,4,TP,360.432155552262,340.432155552262,175,
2014-06-02,-1,3726.013040597198,3732.5,4,SL,-518.9567522241487,-558.9567522241487,120,
2014-06-03,1,3727.1771944651005,3723.09,4,SL,-326.97555720802484,-366.97555720802484,85,
2014-06-04,-1,3720.2607385920487,3723.88,4,SL,-289.5409126361119,-329.5409126361119,18,
2014-06-04,-1,3723.74,3726.09,4,SL,-188.0000000000291,-228.0000000000291,21,
2014-06-05,1,3745.15,3743.89,4,SL,-100.80000000001746,-140.80000000001746,13,
2014-06-05,-1,3753.9645455056993,3748.217241159671,4,TP,459.7843476822527,439.7843476822527,24,
2014-06-05,1,3747.86,3743.06,4,SL,-384.00000000001455,-424.00000000001455,35,
2014-06-09,-1,3794.1329326299065,3790.6751605191344,4,TP,276.62176886176894,256.62176886176894,33,
2014-06-09,1,3789.75,3794.1101557760558,4,TP,348.812462084461,328.812462084461,42,
2014-06-09,-1,3794.38,3790.475280499904,4,TP,312.3775600076988,292.3775600076988,44,
2014-06-09,-1,3793.613586790804,3790.290819601857,4,TP,265.8213751157746,245.82137511577457,63,
2014-06-09,1,3790.2840856912926,3793.532741347614,4,TP,259.89245250570093,239.89245250570093,77,
2014-06-09,-1,3795.11,3796.96,4,SL,-147.99999999999272,-187.99999999999272,82,
2014-06-09,1,3794.1931489458098,3786.56,4,SL,-610.6519156647846,-650.6519156647846,282,
2014-06-10,1,3794.6642243698,3798.6938337821352,4,TP,322.3687529868039,302.3687529868039,24,
2014-06-10,-1,3799.34,3794.2549393032014,4,TP,406.8048557439033,386.8048557439033,26,
2014-06-10,-1,3797.1418886356296,3799.09,4,BE,-155.8489091496449,-195.8489091496449,85,
2014-06-10,1,3793.7535389537097,3792.25,4,BE,-120.28311629677773,-160.28311629677773,191,
2014-06-11,-1,3798.9551646304353,3800.49,4,BE,-122.78682956515695,-162.78682956515695,122,
2014-06-12,-1,3790.118205553021,3792.18,4,BE,-164.94355575829104,-204.94355575829104,23,
2014-06-12,1,3787.5503190567642,3784.54,4,BE,-240.82552454114193,-280.82552454114193,57,
2014-06-17,1,3781.7644811987298,3777.32,4,SL,-355.55849589836725,-395.55849589836725,81,
2014-06-18,-1,3786.34,3783.5023015384077,4,TP,227.0158769273985,207.0158769273985,13,
2014-06-19,1,3807.8982441495623,3805.0,4,BE,-231.85953196498303,-271.85953196498303,19,
2014-06-19,-1,3807.2694503601106,3802.187457680411,4,TP,406.55941437595175,386.55941437595175,50,
2014-06-23,-1,3805.43,3800.1949518550064,4,TP,418.80385159947764,398.80385159947764,37,
2014-06-23,1,3799.92,3796.84,4,SL,-246.39999999999418,-286.3999999999942,42,
2014-06-23,-1,3803.659442748621,3799.572889148319,4,TP,326.92428802416543,306.92428802416543,58,
2014-06-23,1,3799.06,3796.12,4,SL,-235.20000000000437,-275.20000000000437,84,
2014-06-23,-1,3801.664220419523,3805.45,4,SL,-302.86236643813027,-342.86236643813027,181,
2014-06-25,1,3800.9115459646387,3805.7666770083865,4,TP,388.41048349982884,368.41048349982884,42,
2014-06-25,-1,3806.22,3800.131227646963,4,TP,487.10178824294417,467.10178824294417,54,
2014-06-25,1,3799.55,3798.72,4,BE,-66.40000000003056,-106.40000000003056,68,
2014-06-25,-1,3805.6891072955295,3810.62,4,SL,-394.4714163576282,-434.4714163576282,90,
2014-06-30,1,3849.621153751434,3846.84,4,SL,-222.4923001147181,-262.4923001147181,98,
2014-07-02,1,3897.9528871490497,3899.3279842818883,4,TP,110.00777062708949,90.00777062708949,14,
2014-07-02,1,3898.38697382879,3899.961749703532,4,TP,125.98206997936359,105.98206997936359,27,
2014-07-02,1,3898.282293567282,3896.12,4,SL,-172.98348538257414,-212.98348538257414,44,
2014-07-02,-1,3900.1833416847085,3898.0210403276255,4,TP,172.98410856663395,152.98410856663395,96,
2014-07-02,1,3898.0031065398043,3895.03,4,SL,-237.84852318432968,-277.8485231843297,102,
2014-07-07,1,3916.0498333755627,3918.299144084745,4,TP,179.94485673458257,159.94485673458257,17,
2014-07-07,1,3916.1838360714287,3918.1252507508802,4,TP,155.31317435612436,135.31317435612436,26,
2014-07-07,-1,3919.69,3920.47,4,BE,-62.39999999997963,-102.39999999997963,37,
2014-07-07,1,3917.962073539851,3913.33,4,SL,-370.565883188101,-410.565883188101,87,
2014-07-09,1,3877.4201340023446,3873.5,4,SL,-313.61072018757113,-353.61072018757113,22,
2014-07-09,1,3873.1,3869.57,4,SL,-282.3999999999796,-322.3999999999796,29,
2014-07-09,-1,3877.5934641124322,3884.6,4,SL,-560.5228710054143,-600.5228710054143,74,
2014-07-10,1,3843.767594271231,3849.4330430911673,4,TP,453.23590559492004,433.23590559492004,33,
2014-07-14,-1,3921.976886054774,3925.46,4,SL,-278.64911561810004,-318.64911561810004,17,
2014-07-14,-1,3925.33,3925.83,4,BE,-40.0,-80.0,33,
2014-07-15,1,3936.10197490793,3932.75,4,SL,-268.1579926344057,-308.1579926344057,23,
2014-07-15,1,3930.25,3930.61,1,SL,7.200000000002547,-2.7999999999974534,25,
2014-07-16,-1,3942.291084323297,3945.93,4,SL,-291.1132541362167,-331.1132541362167,16,
2014-07-16,-1,3945.2,3940.415721299979,4,TP,382.7422960016702,362.7422960016702,46,
2014-07-17,1,3926.8392285860486,3923.13,4,SL,-296.7382868838831,-336.7382868838831,44,
2014-07-17,-1,3931.085282844427,3925.2806888459163,4,TP,464.36751988087053,444.36751988087053,62,
2014-07-17,1,3924.48,3922.55,4,BE,-154.3999999999869,-194.3999999999869,95,
2014-07-21,-1,3932.3630392383884,3935.9,4,SL,-282.9568609289345,-322.9568609289345,25,
2014-07-21,1,3928.3076061547818,3923.5,4,SL,-384.60849238254013,-424.60849238254013,41,
2014-07-21,-1,3928.8963530774176,3931.84,4,BE,-235.49175380660017,-275.4917538066002,218,
2014-07-22,1,3952.84102857732,3949.69,4,SL,-252.0822861855777,-292.0822861855777,14,
2014-07-22,1,3951.3,3955.3143468658513,4,TP,321.1477492680933,301.1477492680933,19,
2014-07-22,-1,3955.3788579458833,3958.78,4,SL,-272.0913643293534,-312.0913643293534,24,
2014-07-23,-1,3976.474439942298,3979.33,4,BE,-228.44480461615603,-268.44480461615603,49,
2014-07-24,1,3987.74,3986.87,4,SL,-69.59999999999127,-109.59999999999127,13,
2014-07-24,-1,3985.553286194444,3989.64,4,SL,-326.9371044444779,-366.9371044444779,108,
2014-07-28,1,3963.43,3960.35,4,SL,-246.39999999999418,-286.3999999999942,14,
2014-07-29,-1,3973.58332672095,3977.08,4,SL,-279.73386232399207,-319.73386232399207,17,
2014-07-29,-1,3978.11,3980.63,4,SL,-201.59999999999854,-241.59999999999854,19,
2014-07-29,1,3976.383405065531,3972.52,4,SL,-309.07240524247754,-349.07240524247754,95,
2014-07-30,1,3983.6961598971916,3986.282859291573,4,TP,206.93595155051298,186.93595155051298,20,
2014-07-30,1,3983.6320111681193,3979.45,4,SL,-334.56089344956126,-374.56089344956126,29,
2014-07-31,1,3941.138681638988,3945.7725554768435,4,TP,370.7099070284312,350.7099070284312,19,
2014-08-04,1,3893.7795441650355,3889.82,4,BE,-316.7635332028294,-356.7635332028294,65,
2014-08-05,1,3890.704184061372,3886.29,4,SL,-353.1347249097598,-393.1347249097598,19,
2014-08-05,1,3884.48,3877.96,4,SL,-521.5999999999985,-561.5999999999985,21,
2014-08-07,-1,3888.3712174240295,3892.93,4,SL,-364.7026060776261,-404.7026060776261,31,
2014-08-07,1,3885.292630936296,3889.5230529584583,4,TP,338.43376177297614,318.43376177297614,43,
2014-08-07,-1,3890.2,3890.8,4,BE,-48.000000000029104,-88.0000000000291,51,
2014-08-07,1,3885.99,3880.97,4,SL,-401.59999999999854,-441.59999999999854,80,
2014-08-11,1,3901.8127041545454,3899.47,4,SL,-187.41633236364578,-227.41633236364578,14,
2014-08-11,-1,3903.2668537568534,3906.54,4,SL,-261.85169945172674,-301.85169945172674,25,
2014-08-12,1,3909.0565288268217,3913.294120555929,4,TP,339.0073383285926,319.0073383285926,29,
2014-08-12,1,3909.3382126865586,3905.05,4,BE,-343.0570149246705,-383.0570149246705,63,
2014-08-13,1,3925.5737852097254,3922.33,4,SL,-259.50281677804014,-299.50281677804014,27,
2014-08-13,-1,3926.891928213936,3930.66,4,SL,-301.4457428851165,-341.4457428851165,38,
2014-08-14,1,3952.25,3950.43,4,SL,-145.6000000000131,-185.6000000000131,13,
2014-08-14,1,3952.433559996182,3955.1180270816476,4,TP,214.757366837257,194.757366837257,18,
2014-08-14,-1,3954.711571487889,3955.99,4,BE,-102.27428096884978,-142.27428096884978,36,
2014-08-14,1,3951.727158563473,3954.882352337107,4,TP,252.4155018907186,232.4155018907186,48,
2014-08-14,-1,3955.54,3956.91,4,BE,-109.59999999999127,-149.59999999999127,76,
2014-08-18,1,4006.155008522392,4003.81,4,SL,-187.60068179137306,-227.60068179137306,20,
2014-08-18,-1,4008.009647157821,4012.63,4,SL,-369.6282273743418,-409.6282273743418,25,
2014-08-19,-1,4026.514820471967,4028.66,4,SL,-171.61436224261706,-211.61436224261706,26,
2014-08-19,1,4026.2055691686287,4028.613528194544,4,TP,192.63672207322088,172.63672207322088,75,
2014-08-19,-1,4028.74,4030.09,4,BE,-108.0000000000291,-148.0000000000291,121,
2014-08-20,1,4035.767947211067,4037.974115918502,4,TP,176.49349659477593,156.49349659477593,18,
2014-08-20,1,4036.093700623241,4033.29,4,SL,-224.29604985929473,-264.2960498592947,44,
2014-08-20,1,4035.3022006016904,4037.9340476263174,4,TP,210.547761970156,190.547761970156,78,
2014-08-20,-1,4038.52,4041.09,4,SL,-205.6000000000131,-245.6000000000131,84,
2014-08-21,1,4043.960404572493,4041.58,4,SL,-190.43236579946097,-230.43236579946097,34,
2014-08-21,1,4041.38,4036.93,4,SL,-356.0000000000218,-396.0000000000218,37,
2014-08-25,1,4073.285197340315,4074.3445895451428,4,TP,84.75137638622982,64.75137638622982,19,
2014-08-25,-1,4074.359391386567,4073.2632425865268,4,TP,87.69190400322259,67.69190400322259,32,
2014-08-25,1,4073.296866836659,4075.0481479062023,4,TP,140.10248556347506,120.10248556347506,40,
2014-08-25,1,4073.389950268027,4074.9936954123987,4,TP,128.29961154973716,108.29961154973716,53,
2014-08-25,-1,4075.12,4073.1608097810213,4,TP,156.73521751828957,136.73521751828957,55,
2014-08-25,-1,4074.9755824469116,4076.91,4,BE,-154.75340424705792,-194.75340424705792,67,
2014-08-25,1,4074.109876559893,4069.67,4,SL,-355.19012479144294,-395.19012479144294,166,
2014-08-26,1,4067.111361637399,4063.02,4,SL,-327.30893099193054,-367.30893099193054,51,
2014-08-27,-1,4069.270824115278,4072.12,4,SL,-227.93407077773736,-267.93407077773736,82,
2014-08-28,1,4058.6038087492425,4062.158052923409,4,TP,284.3395339333074,264.3395339333074,75,
2014-09-02,-1,4090.0788416573137,4092.05,4,BE,-157.69266741492174,-197.69266741492174,55,
2014-09-02,1,4088.1325041465584,4086.93,4,BE,-96.20033172468538,-136.20033172468538,142,
2014-09-09,-1,4088.338251749795,4092.54,4,SL,-336.13986001641024,-376.13986001641024,19,
2014-09-09,1,4083.7701166565726,4089.2073121507246,4,TP,434.9756395321674,414.9756395321674,38,
2014-09-09,-1,4089.2952069762387,4083.4010901201127,4,TP,471.5293484900758,451.5293484900758,47,
2014-09-09,1,4083.3732556220907,4081.93,4,BE,-115.46044976726989,-155.4604497672699,66,
2014-09-09,-1,4086.971093885037,4088.89,4,BE,-153.51248919701902,-193.51248919701902,169,
2014-09-09,1,4083.3223757454725,4073.5,4,SL,-785.7900596378022,-825.7900596378022,220,
2014-09-10,1,4061.61,4069.4172988362025,4,TP,624.5839068961868,604.5839068961868,16,
2014-09-10,-1,4071.55,4063.1592412885934,4,TP,671.2606969125409,651.2606969125409,21,
2014-09-10,-1,4065.54634278566,4070.93,4,BE,-430.6925771472015,-470.6925771472015,105,
2014-09-11,1,4081.375520490643,4077.19,4,SL,-334.8416392514264,-374.8416392514264,16,
2014-09-11,1,4079.08,4085.5593197512835,4,TP,518.3455801026867,498.34558010268665,22,
2014-09-11,-1,4086.5,4081.718722897372,4,TP,382.5021682102306,362.5021682102306,53,
2014-09-11,1,4080.92,4076.88,4,SL,-323.1999999999971,-363.1999999999971,61,
2014-09-11,-1,4083.4715843898093,4074.7044265980317,4,TP,701.372623342213,681.372623342213,206,
2014-09-16,1,4028.0735567661363,4035.5302705141135,4,TP,596.5370998381695,576.5370998381695,119,
2014-09-17,1,4067.26,4072.073851330128,4,TP,385.10810641022545,365.10810641022545,16,
2014-09-17,-1,4071.6418984201996,4067.3915121548443,4,TP,340.0309012284197,320.0309012284197,43,
2014-09-18,-1,4087.195525897991,4088.94,4,BE,-139.55792816072062,-179.55792816072062,23,
2014-09-22,-1,4085.750084381864,4082.26478329045,4,TP,278.82408731311443,258.82408731311443,45,
2014-09-22,1,4081.0,4077.32,4,SL,-294.3999999999869,-334.3999999999869,48,
2014-09-23,1,4057.9736438693703,4054.81,4,BE,-253.09150954963116,-293.09150954963116,102,
2014-09-23,-1,4064.139965980364,4066.65,4,BE,-200.80272157087165,-240.80272157087165,130,
2014-09-24,1,4060.1898980116594,4056.49,4,SL,-295.9918409327656,-335.9918409327656,15,
2014-09-24,1,4051.16,4050.29,1,SL,-17.399999999997817,-27.399999999997817,17,
2014-09-25,1,4076.83,4073.58,4,SL,-260.0,-300.0,13,
2014-09-25,1,4073.91,4070.76,4,SL,-251.9999999999709,-291.9999999999709,15,
2014-09-29,-1,4022.21,4025.83,4,SL,-289.59999999999127,-329.59999999999127,38,
2014-09-30,-1,4048.642033258213,4052.54,4,BE,-311.8373393429647,-351.8373393429647,68,
2014-10-01,-1,4019.0739243125167,4007.677950855381,3,TP,683.7584074281494,668.7584074281494,124,
2014-10-02,1,3986.3926003497413,3982.49,4,SL,-312.20802797932265,-352.20802797932265,16,
2014-10-02,1,3984.64,3981.0,4,SL,-291.1999999999898,-331.1999999999898,18,
2014-10-02,-1,3989.2266622233783,3984.929607762078,4,TP,343.76435690403014,323.76435690403014,30,
2014-10-02,1,3984.84509477358,3980.95,4,BE,-311.6075818864192,-351.6075818864192,42,
2014-10-06,1,4040.074722969788,4043.882975246066,4,TP,304.6601821022341,284.6601821022341,14,
2014-10-06,1,4040.8344447522672,4044.262616737812,4,TP,274.253758843588,254.253758843588,28,
2014-10-06,-1,4044.77,4040.6271363175297,4,TP,331.4290945976245,311.4290945976245,32,
2014-10-07,-1,3989.5807797979305,3995.75,4,SL,-493.5376161655586,-533.5376161655586,38,
2014-10-07,1,3988.373404745988,3997.8600408365855,3,TP,569.1981654358551,554.1981654358551,158,
2014-10-08,1,3963.2549640625466,3956.21,4,SL,-563.5971250037255,-603.5971250037255,28,
2014-10-08,-1,3968.254731388327,3957.0642416511914,3,TP,671.4293842281313,656.4293842281313,51,
2014-10-08,1,3956.940802721642,3951.74,3,BE,-312.0481632985229,-342.0481632985229,72,
2014-10-08,-1,3963.1913321767825,3971.52,3,SL,-499.72006939305174,-529.7200693930517,152,
2014-10-09,1,4032.4794803439772,4037.70913996053,4,TP,418.37276932423265,398.37276932423265,13,
2014-10-09,-1,4039.17,4033.1806701310875,4,TP,479.1463895130073,459.1463895130073,18,
2014-10-09,1,4032.23,4028.09,4,SL,-331.1999999999898,-371.1999999999898,22,
2014-10-09,1,4022.587995782444,4013.44,3,SL,-548.8797469466408,-578.8797469466408,135,
2014-10-13,1,3870.5285075503703,3863.24,4,SL,-583.0806040296375,-623.0806040296375,18,
2014-10-14,1,3839.4102967578933,3833.0,4,SL,-512.8237406314656,-552.8237406314656,20,
2014-10-14,1,3831.46,3828.23,4,SL,-258.40000000000146,-298.40000000000146,22,
2014-10-15,-1,3740.5080675872873,3747.8,4,SL,-583.3545930170294,-623.3545930170294,15,
2014-10-15,-1,3757.93,3758.31,1,SL,-7.600000000002183,-17.600000000002183,17,
2014-10-16,1,3727.2339067303437,3738.4635390171325,4,TP,898.3705829430983,878.3705829430983,20,
2014-10-16,1,3729.1079097757147,3725.9,3,BE,-192.47458654287584,-222.47458654287584,41,
2014-10-16,-1,3742.5030000501743,3747.83,2,BE,-213.07999799302706,-233.07999799302706,66,
2014-10-21,1,3909.23,3918.888833282292,4,TP,772.7066625833686,752.7066625833686,15,
2014-10-21,-1,3918.833610840563,3923.25,4,SL,-353.31113275497046,-393.31113275497046,24,
2014-10-22,-1,3972.814839711582,3979.28,4,SL,-517.2128230734597,-557.2128230734597,21,
2014-10-23,-1,3990.891552836083,3986.3038778215832,4,TP,367.01400115998695,347.01400115998695,17,
2014-10-23,1,3985.6,3990.2869363775285,4,TP,374.95491020228656,354.95491020228656,20,
2014-10-23,-1,3991.52,3996.06,4,SL,-363.1999999999971,-403.1999999999971,25,
2014-10-27,1,4035.1573885916728,4029.76,4,SL,-431.79108733380417,-471.79108733380417,21,
2014-10-27,1,4029.73,4026.42,4,SL,-264.79999999999563,-304.79999999999563,23,
2014-10-27,-1,4036.5780114082013,4044.51,3,SL,-475.9193155079356,-505.9193155079356,73,
2014-10-28,1,4079.150060786101,4076.48,4,BE,-213.60486288809625,-253.60486288809625,196,
2014-10-29,1,4097.217803858749,4090.19,4,SL,-562.2243086999151,-602.2243086999151,40,
2014-10-30,1,4081.871985167874,4076.56,4,SL,-424.95881342991197,-464.95881342991197,28,
2014-11-03,1,4165.283746814341,4171.998458312652,4,TP,537.176919864869,517.176919864869,86,
2014-11-03,-1,4172.05,4173.95,4,BE,-151.9999999999709,-191.9999999999709,141,
2014-11-04,1,4154.06810731194,4157.670129743774,4,TP,288.161794546686,268.161794546686,16,
2014-11-04,1,4153.897238397365,4157.50346714149,4,TP,288.49829952996515,268.49829952996515,22,
2014-11-04,-1,4159.3,4162.36,4,SL,-244.79999999995925,-284.79999999995925,29,
2014-11-04,1,4156.068409251011,4150.56,4,BE,-440.67274008084496,-480.67274008084496,59,
2014-11-05,-1,4161.559371834681,4164.85,4,BE,-263.2502532255603,-303.2502532255603,153,
2014-11-06,1,4145.767317540155,4152.275881256348,4,TP,520.6850972954271,500.6850972954271,18,
2014-11-06,-1,4152.390420646427,4146.905927811711,4,TP,438.75942677725106,418.75942677725106,26,
2014-11-06,1,4145.56,4145.43,4,BE,-10.400000000008731,-50.40000000000873,43,
2014-11-10,-1,4158.303234849337,4163.05,4,SL,-379.7412120530498,-419.7412120530498,36,
2014-11-12,1,4175.851778087133,4178.204792356925,4,TP,188.2411415833485,168.2411415833485,19,
2014-11-12,1,4175.685694444006,4178.458571685073,4,TP,221.83017928538902,201.83017928538902,30,
2014-11-12,-1,4182.290344659913,4187.66,4,SL,-429.5724272069492,-469.5724272069492,126,
2014-11-13,1,4218.523739061301,4211.66,4,SL,-549.0991249040962,-589.0991249040962,99,
2014-11-17,1,4218.140756631359,4222.1968459229765,4,TP,324.48714332938835,304.48714332938835,29,
2014-11-17,1,4218.403157648444,4214.22,4,SL,-334.65261187549913,-374.65261187549913,41,
2014-11-17,-1,4222.827682011044,4217.411713528651,4,TP,433.27747859148076,413.27747859148076,61,
2014-11-17,1,4217.359044816131,4212.46,4,SL,-391.9235852904967,-431.9235852904967,71,
2014-11-24,1,4261.238918716434,4264.46470850299,4,TP,258.0631829245249,238.06318292452488,20,
2014-11-25,1,4295.023202256776,4288.97,4,SL,-484.25618054207007,-524.2561805420701,34,
2014-11-25,1,4290.082600834945,4285.32,4,SL,-381.00806679562083,-421.00806679562083,106,
2014-11-26,1,4294.199096043056,4298.209444205409,4,TP,320.8278529882955,300.8278529882955,39,
2014-11-26,-1,4298.34,4301.61,4,SL,-261.59999999996217,-301.59999999996217,55,
2014-12-01,1,4316.17,4314.08,4,SL,-167.20000000001164,-207.20000000001164,13,
2014-12-02,-1,4297.65,4291.717247829381,4,TP,474.62017364945496,454.62017364945496,22,
2014-12-02,1,4291.5374132260895,4297.039977457811,4,TP,440.2051385377126,420.2051385377126,28,
2014-12-02,-1,4297.24,4298.02,4,BE,-62.40000000005239,-102.40000000005239,34,
2014-12-02,-1,4300.86,4302.51,4,SL,-132.00000000004366,-172.00000000004366,38,
2014-12-02,-1,4300.7,4294.189141435659,4,TP,520.8686851472885,500.8686851472885,88,
2014-12-02,-1,4300.690238841575,4305.08,4,SL,-351.18089267401956,-391.18089267401956,310,
2014-12-03,1,4311.530682285719,4303.69,4,SL,-627.2545828575676,-667.2545828575676,26,
2014-12-04,1,4314.952542201222,4310.53,4,SL,-353.8033760977851,-393.8033760977851,68,
2014-12-08,1,4310.556262748452,4318.061222214795,4,TP,600.3967573073896,580.3967573073896,62,
2014-12-09,-1,4234.1,4242.05,4,SL,-635.9999999999854,-675.9999999999854,20,
2014-12-09,1,4230.4227201428275,4227.73,4,BE,-215.41761142623727,-255.41761142623727,57,
2014-12-09,-1,4237.482077745698,4246.66,3,SL,-550.6753352581109,-580.6753352581109,111,
2014-12-10,1,4287.742227440117,4282.87,4,SL,-389.77819520936464,-429.77819520936464,20,
2014-12-10,-1,4282.928782274827,4272.70969829019,3,TP,613.1450390782265,598.1450390782265,165,
2014-12-15,1,4227.025732192063,4222.29,4,SL,-378.85857536501135,-418.85857536501135,16,
2014-12-15,1,4223.56,4219.83,4,BE,-298.40000000003783,-338.40000000003783,26,
2014-12-16,1,4130.776428810317,4122.32,4,SL,-676.5143048253958,-716.5143048253958,38,
2014-12-16,-1,4140.360829862079,4124.471883102209,2,TP,635.5578703948049,625.5578703948049,73,
2014-12-16,1,4139.121563707329,4131.26,1,BE,-157.23127414657938,-167.23127414657938,321,
2014-12-17,1,4100.0639771033,4097.81,4,BE,-180.31816826398426,-220.31816826398426,60,
2014-12-17,-1,4108.166108702089,4098.546955437874,3,TP,577.1491958529077,562.1491958529077,89,
2014-12-17,1,4097.56,4107.749043538892,4,TP,815.1234831113106,795.1234831113106,109,
2014-12-18,-1,4223.40104009841,4226.98,4,BE,-286.31679212718154,-326.31679212718154,26,
2014-12-18,-1,4235.923747036404,4225.776940264018,3,TP,608.8084063431779,593.8084063431779,92,
2014-12-18,1,4225.22,4218.77,4,SL,-515.9999999999854,-555.9999999999854,101,
2014-12-22,-1,4289.845878916349,4284.662066684806,4,TP,414.70497852344124,394.70497852344124,91,
2014-12-22,1,4283.36,4279.45,4,SL,-312.79999999998836,-352.79999999998836,97,
2014-12-29,1,4310.6487394899395,4314.119860774255,4,TP,277.6897027452651,257.6897027452651,30,
2014-12-29,-1,4313.6690416651,4310.163548158773,4,TP,280.43948050617473,260.43948050617473,55,
2014-12-29,1,4309.52,4313.41424772063,4,TP,311.5398176503368,291.5398176503368,64,
2014-12-29,-1,4313.62,4317.07,4,SL,-275.99999999998545,-315.99999999998545,78,
2014-12-30,1,4305.025881835007,4300.13,4,SL,-391.6705468005239,-431.6705468005239,27,
2014-12-31,1,4291.6613442054395,4294.180776618062,4,TP,201.5545930097869,181.5545930097869,30,
2015-01-05,-1,4206.428934637219,4200.386012310352,4,TP,483.4337861493259,463.4337861493259,19,
2015-01-06,-1,4167.42758136911,4173.76,4,SL,-506.59349047120486,-546.5934904712049,53,
2015-01-06,1,4159.434957997617,4151.02,3,SL,-504.8974798569907,-534.8974798569907,80,
2015-01-07,-1,4141.312708655543,4149.98,4,SL,-693.3833075565053,-733.3833075565053,22,
2015-01-07,1,4140.988837775783,4135.2,3,BE,-347.3302665470146,-377.3302665470146,71,
2015-01-07,-1,4151.241496181008,4140.276424182733,3,TP,657.9043198965337,642.9043198965337,102,
2015-01-12,-1,4188.282551885269,4172.49587442983,2,TP,631.4670982175448,621.4670982175448,140,
2015-01-13,1,4240.499891441159,4237.31,4,BE,-255.19131529268634,-295.19131529268634,149,
2015-01-20,1,4155.58,4151.98,4,SL,-288.0000000000291,-328.0000000000291,13,
2015-01-26,-1,4262.408427349857,4258.441513777087,4,TP,317.3530858216691,297.3530858216691,28,
2015-01-26,1,4258.911110914883,4264.689506985842,4,TP,462.2716856767511,442.2716856767511,71,
2015-01-26,1,4260.952467174353,4269.43122630145,4,TP,678.3007301677571,658.3007301677571,144,
2015-01-28,-1,4227.309011538349,4221.562826326453,4,TP,459.69481695166905,439.69481695166905,45,
2015-01-28,1,4220.89,4214.71,4,SL,-494.4000000000233,-534.4000000000233,47,
2015-01-29,-1,4129.468320283186,4133.77,2,BE,-172.06718867259042,-192.06718867259042,59,
2015-01-29,1,4116.295593020836,4112.51,2,BE,-151.42372083344526,-171.42372083344526,96,
2015-01-29,1,4114.709261088029,4128.630278262155,3,TP,835.2610304475638,820.2610304475638,129,
2015-02-02,-1,4132.186190936985,4144.6,2,SL,-496.55236252059694,-516.552362520597,97,
2015-02-03,1,4206.942316434455,4210.694497283941,4,TP,300.17446795885917,280.17446795885917,14,
2015-02-03,1,4208.515504945688,4213.288050737755,4,TP,381.8036633653537,361.8036633653537,26,
2015-02-03,1,4208.406444004762,4201.77,4,SL,-530.9155203809496,-570.9155203809496,33,
2015-02-04,1,4205.954165580203,4210.799246501522,4,TP,387.6064737055276,367.6064737055276,16,
2015-02-04,1,4206.15311099613,4210.673735501166,4,TP,361.6499604029377,341.6499604029377,19,
2015-02-04,1,4207.965584902775,4213.304149050808,4,TP,427.0851318426139,407.0851318426139,41,
2015-02-04,1,4207.894083501268,4203.01,4,SL,-390.7266801014339,-430.7266801014339,54,
2015-02-04,-1,4212.368538420725,4217.26,4,SL,-391.3169263420423,-431.3169263420423,95,
2015-02-05,1,4232.714413979405,4239.11201676754,4,TP,511.8082230507571,491.8082230507571,59,
2015-02-05,-1,4243.6098850411245,4250.62,4,SL,-560.8091967100336,-600.8091967100336,359,
2015-02-09,1,4216.373042530408,4221.115594922394,4,TP,379.4041913588444,359.4041913588444,17,
2015-02-09,-1,4223.947503073128,4219.045890156502,4,TP,392.12903333012946,372.12903333012946,53,
2015-02-09,1,4216.2,4214.52,4,SL,-134.39999999995052,-174.39999999995052,58,
2015-02-10,1,4239.7443422602855,4238.38,4,BE,-109.14738082283293,-149.14738082283293,35,
2015-02-10,-1,4244.892039039534,4239.786080453155,4,TP,408.47668691036233,388.47668691036233,52,
2015-02-10,1,4239.739203333524,4244.651349794984,4,TP,392.9717169167998,372.9717169167998,73,
2015-02-10,-1,4245.16,4238.898895413271,4,TP,500.8883669383067,480.8883669383067,77,
2015-02-10,1,4235.93,4234.38,4,SL,-124.00000000001455,-164.00000000001455,80,
2015-02-11,1,4289.013970059618,4292.632969932645,4,TP,289.51998984215606,269.51998984215606,53,
2015-02-11,1,4293.7025316637,4289.59,4,SL,-329.00253309599066,-369.00253309599066,206,
2015-02-12,1,4320.91,4319.02,4,SL,-151.19999999995343,-191.19999999995343,14,
2015-02-12,-1,4326.605291526549,4330.6,4,SL,-319.5766778761026,-359.5766778761026,23,
2015-02-12,1,4326.232169023257,4330.923642596967,4,TP,375.3178858968022,355.3178858968022,104,
2015-02-12,1,4326.389285153253,4330.759288816722,4,TP,349.6002930775285,329.6002930775285,140,
2015-02-12,-1,4330.76908236813,4334.85,4,SL,-326.4734105496609,-366.4734105496609,167,
2015-02-17,-1,4376.274200888921,4382.33,4,SL,-484.46392888632545,-524.4639288863254,36,
2015-02-17,1,4375.753493816001,4381.437848718882,4,TP,454.74839223054005,434.74839223054005,116,
2015-02-17,-1,4381.226425409716,4382.43,4,BE,-96.2859672227205,-136.2859672227205,215,
2015-02-17,-1,4382.33,4385.47,4,SL,-251.2000000000262,-291.2000000000262,233,
2015-02-18,1,4380.487408661011,4383.857994085993,4,TP,269.6468339985586,249.64683399855858,26,
2015-02-18,1,4381.021978081839,4384.016844099005,4,TP,239.58928137326438,219.58928137326438,35,
2015-02-18,1,4381.047384398961,4377.21,4,SL,-306.9907519168919,-346.9907519168919,47,
2015-02-18,-1,4383.722044838261,4379.97906628057,4,TP,299.43828461531666,279.43828461531666,188,
2015-02-19,1,4404.196065418652,4409.48211598929,4,TP,422.8840456510079,402.8840456510079,230,
2015-02-23,1,4439.705507257812,4436.87,4,BE,-226.8405806249939,-266.8405806249939,44,
2015-02-23,-1,4440.728809053722,4442.1,4,BE,-109.69527570225182,-149.69527570225182,110,
2015-02-24,-1,4438.4948184054465,4434.903756191195,4,TP,287.2849771401525,267.2849771401525,27,
2015-02-24,1,4434.78,4430.28,4,SL,-360.0,-400.0,31,
2015-02-24,-1,4439.597567551487,4434.268263126055,4,TP,426.34435403459065,406.34435403459065,47,
2015-02-24,-1,4439.4991640489825,4445.24,4,SL,-459.2668760813831,-499.2668760813831,57,
2015-02-24,1,4440.369252806159,4448.529019093441,4,TP,652.7813029825484,632.7813029825484,253,
2015-02-25,-1,4444.86,4440.560066515647,4,TP,343.994678748204,323.994678748204,22,
2015-02-25,1,4438.96,4443.533201696915,4,TP,365.85613575320167,345.85613575320167,27,
2015-02-26,-1,4449.21,4442.141566419292,4,TP,565.474686456655,545.474686456655,18,
2015-02-26,1,4441.95371131849,4438.86,4,BE,-247.4969054792018,-287.4969054792018,26,
2015-03-02,1,4466.572842356368,4461.47,4,SL,-408.2273885094037,-448.2273885094037,192,
2015-03-03,1,4460.95,4460.08,4,SL,-69.59999999999127,-109.59999999999127,20,
2015-03-04,-1,4432.014540406696,4434.59,4,BE,-206.0367674643203,-246.0367674643203,90,
2015-03-05,-1,4454.715385857972,4457.44,4,SL,-217.9691313621879,-257.9691313621879,19,
2015-03-05,1,4456.652691187225,4450.93,4,SL,-457.81529497799056,-497.81529497799056,98,
2015-03-09,-1,4402.136175433908,4408.18,4,SL,-483.50596528740425,-523.5059652874043,39,
2015-03-09,1,4397.785650161679,4395.66,4,BE,-170.05201293432037,-210.05201293432037,94,
2015-03-10,1,4374.706344767988,4369.66,4,SL,-403.7075814390846,-443.7075814390846,15,
2015-03-11,-1,4332.692598935168,4336.58,4,BE,-310.99208518659,-350.99208518659,26,
2015-03-11,1,4330.427981150717,4326.26,4,BE,-333.4384920573211,-373.4384920573211,64,
2015-03-11,-1,4334.195230377469,4324.70423848834,3,TP,569.4595133477378,554.4595133477378,176,
2015-03-16,-1,4336.459592693016,4331.299201666013,4,TP,412.83128216025943,392.83128216025943,15,
2015-03-16,1,4331.0,4336.684529190286,4,TP,454.76233522291295,434.76233522291295,20,
2015-03-17,1,4360.756049763673,4356.13,4,BE,-370.0839810938487,-410.0839810938487,20,
2015-03-17,-1,4365.20523322011,4359.859923677097,4,TP,427.6247634410538,407.6247634410538,91,
2015-03-17,1,4357.23,4355.72,4,SL,-120.7999999999447,-160.7999999999447,93,
2015-03-17,-1,4363.370359962908,4369.03,4,SL,-452.7712029673421,-492.7712029673421,193,
2015-03-18,-1,4363.000353109058,4359.629016322906,4,TP,269.70694289215317,249.70694289215317,27,
2015-03-18,-1,4363.100024512425,4366.16,4,SL,-244.798039005982,-284.798039005982,40,
2015-03-18,1,4360.801860309861,4365.807620537436,4,TP,400.4608182060474,380.4608182060474,74,
2015-03-18,-1,4366.31,4369.78,4,SL,-277.5999999999476,-317.5999999999476,92,
2015-03-18,1,4362.468908515025,4357.81,4,SL,-372.712681201956,-412.712681201956,172,
2015-03-19,1,4428.032731015573,4422.45,4,SL,-446.6184812458232,-486.6184812458232,16,
2015-03-19,1,4421.19,4431.078427681127,4,TP,791.0742144902179,771.0742144902179,29,
2015-03-19,-1,4432.38,4436.57,4,SL,-335.199999999968,-375.199999999968,47,
2015-03-19,1,4427.952003781399,4434.608336932843,4,TP,532.5066521154804,512.5066521154804,110,
2015-03-19,-1,4435.2,4428.101798198646,4,TP,567.8561441083002,547.8561441083002,123,
2015-03-19,1,4428.062885406245,4425.35,4,BE,-217.0308324995858,-257.0308324995858,189,
2015-03-19,-1,4433.370543559246,4435.23,4,BE,-148.75651526032016,-188.75651526032016,281,
2015-03-23,1,4452.791647454888,4456.765540637635,4,TP,317.9114546197525,297.9114546197525,35,
2015-03-23,-1,4457.14,4460.84,4,SL,-295.99999999998545,-335.99999999998545,43,
2015-03-23,1,4455.421767346867,4452.63,4,BE,-223.3413877493149,-263.3413877493149,136,
2015-03-24,-1,4447.709272270504,4451.61,4,SL,-312.0582183596707,-352.0582183596707,24,
2015-03-24,1,4456.104993091463,4450.09,4,SL,-481.1994473170489,-521.1994473170489,210,
2015-03-26,1,4294.3889895153025,4284.01,2,SL,-415.1595806120895,-435.1595806120895,41,
2015-03-30,1,4370.811346969955,4365.42,4,SL,-431.3077575963689,-471.3077575963689,53,
2015-03-30,-1,4374.7981243016275,4365.4579771139415,3,TP,560.4088312611566,545.4088312611566,145,
2015-03-31,1,4365.7584789031,4361.27,4,SL,-359.0783122479479,-399.0783122479479,14,
2015-03-31,-1,4366.604994792789,4369.25,4,BE,-211.6004165769118,-251.6004165769118,41,
2015-03-31,1,4359.817512502656,4366.659116329082,4,TP,547.3283061140683,527.3283061140683,55,
2015-03-31,-1,4367.18,4371.52,4,SL,-347.20000000001164,-387.20000000001164,100,
2015-04-01,-1,4305.727006512873,4309.36,3,BE,-217.97960922758648,-247.97960922758648,260,
2015-04-02,-1,4314.160283094477,4318.64,4,SL,-358.3773524418939,-398.3773524418939,20,
2015-04-02,-1,4322.01,4322.75,4,SL,-59.19999999998254,-99.19999999998254,22,
2015-04-02,1,4313.852739980227,4309.8,3,BE,-243.16439881360566,-273.16439881360566,151,
2015-04-02,-1,4319.530791162635,4321.25,4,BE,-137.5367069891945,-177.5367069891945,289,
2015-04-07,1,4362.1007309793695,4355.88,4,SL,-497.6584783495491,-537.6584783495491,35,
2015-04-07,-1,4366.782115622775,4371.91,4,SL,-410.230750178016,-450.230750178016,56,
2015-04-08,1,4363.738179383454,4357.18,4,SL,-524.6543506762828,-564.6543506762828,71,
2015-04-09,1,4387.188291613581,4379.3,4,SL,-631.0633290864644,-671.0633290864644,21,
2015-04-13,1,4440.386647298088,4438.34,4,BE,-163.7317838470335,-203.7317838470335,120,
2015-04-14,1,4413.52,4408.79,4,SL,-378.40000000003783,-418.40000000003783,14,
2015-04-14,1,4408.88,4404.7,4,SL,-334.4000000000233,-374.4000000000233,16,
2015-04-15,-1,4413.310476460077,4416.0,4,BE,-215.16188319386856,-255.16188319386856,21,
2015-04-15,1,4411.499575607678,4415.178280465101,4,TP,294.29638859386614,274.29638859386614,42,
2015-04-15,-1,4415.181537802084,4416.5,4,BE,-105.47697583329864,-145.47697583329864,56,
2015-04-15,1,4412.015906661218,4415.368048519466,4,TP,268.1713486598892,248.1713486598892,65,
2015-04-15,1,4412.167578658352,4415.3468535218735,4,TP,254.3419890817313,234.3419890817313,82,
2015-04-15,1,4412.772117957366,4408.21,4,SL,-364.9694365893083,-404.9694365893083,123,
2015-04-15,-1,4415.915144560512,4417.29,4,BE,-109.9884351590299,-149.9884351590299,210,
2015-04-16,1,4418.0389430624045,4422.503477524476,4,TP,357.1627569656994,337.1627569656994,31,
2015-04-16,-1,4422.58,4418.463635366901,4,TP,329.30917064790265,309.30917064790265,39,
2015-04-16,1,4417.14,4416.99,4,BE,-12.000000000043656,-52.000000000043656,47,
2015-04-16,1,4416.02789849051,4421.247666320218,4,TP,417.58142637663695,397.58142637663695,255,
2015-04-21,-1,4444.262903597333,4437.655359839922,4,TP,528.6035005928716,508.60350059287157,29,
2015-04-21,1,4435.51,4432.53,4,SL,-238.40000000003783,-278.40000000003783,36,
2015-04-21,-1,4442.276909519481,4436.126408296042,4,TP,492.0400978750695,472.0400978750695,60,
2015-04-21,1,4432.86,4440.720938556984,4,TP,628.8750845587492,608.8750845587492,95,
2015-04-21,-1,4441.32,4435.425983135205,4,TP,471.5213491836039,451.5213491836039,135,
2015-04-21,1,4435.12,4440.397320806505,4,TP,422.1856645204389,402.1856645204389,189,
2015-04-22,-1,4435.26325719828,4440.71,4,SL,-435.7394241375732,-475.7394241375732,82,
2015-04-23,1,4455.057700670607,4461.1078428993,4,TP,484.0113782953995,464.0113782953995,61,
2015-04-23,1,4455.084077469257,4460.966077574181,4,TP,470.56000839394983,450.56000839394983,127,
2015-04-27,-1,4552.590878772939,4555.64,4,BE,-243.9296981649386,-283.9296981649386,23,
2015-04-27,1,4553.385341956197,4550.35,4,BE,-242.82735649576352,-282.8273564957635,82,
2015-04-28,1,4520.25,4518.1,4,SL,-171.9999999999709,-211.9999999999709,17,
2015-04-29,1,4506.395531385824,4499.07,4,SL,-586.0425108659547,-626.0425108659547,36,
2015-04-30,1,4470.049399032439,4464.43,4,SL,-449.5519225951284,-489.5519225951284,21,
2015-04-30,1,4464.43,4461.56,4,SL,-229.59999999999127,-269.59999999999127,26,
2015-05-04,1,4501.66537215074,4499.77,4,BE,-151.62977205916832,-191.62977205916832,76,
2015-05-05,1,4461.22,4461.65,4,BE,34.39999999995052,-5.6000000000494765,16,
2015-05-06,-1,4395.544088884931,4381.78932705836,3,TP,825.2857095942454,810.2857095942454,194,
2015-05-07,1,4383.214300514092,4394.128155751025,3,TP,654.831314215935,639.831314215935,56,
2015-05-07,1,4382.34143346482,4393.44883445201,3,TP,666.4440592313986,651.4440592313986,74,
2015-05-07,-1,4394.52,4401.65,3,SL,-427.799999999952,-457.799999999952,83,
2015-05-11,1,4456.73,4456.0,4,BE,-58.399999999965075,-98.39999999996508,24,
2015-05-11,-1,4464.875786593843,4457.602795148618,4,TP,581.8393156180537,561.8393156180537,56,
2015-05-11,1,4450.798130666783,4448.95,4,BE,-147.85045334268943,-187.85045334268943,282,
2015-05-13,1,4450.735701093444,4445.41,4,BE,-426.0560874755174,-466.0560874755174,64,
2015-05-14,-1,4459.052851334808,4464.38,4,SL,-426.1718932153599,-466.1718932153599,40,
2015-05-18,1,4485.778269941149,4487.887206643732,4,TP,168.71493620659749,148.71493620659749,16,
2015-05-18,-1,4492.316694322567,4488.15356953761,4,TP,333.0499827965832,313.0499827965832,85,
2015-05-18,1,4487.95,4492.717506659152,4,TP,381.40053273215017,361.40053273215017,96,
2015-05-19,-1,4518.105973085404,4514.298030008467,4,TP,304.63544615493447,284.63544615493447,34,
2015-05-19,1,4514.03,4509.26,4,SL,-381.59999999996217,-421.59999999996217,38,
2015-05-20,-1,4494.176251582831,4498.91,4,SL,-378.69987337347993,-418.69987337347993,47,
2015-05-21,1,4501.090608113407,4503.824713920481,4,TP,218.72846456593834,198.72846456593834,25,
2015-05-27,-1,4490.32,4498.0,4,SL,-614.4000000000233,-654.4000000000233,14,
2015-05-28,1,4539.671467587813,4536.6,4,BE,-245.71740702500392,-285.7174070250039,21,
2015-05-28,-1,4536.766889665268,4529.122858515959,4,TP,611.5224919447064,591.5224919447064,138,
2015-05-28,1,4526.71,4536.1243454353835,4,TP,753.1476348306751,733.1476348306751,297,
2015-06-01,-1,4509.874683031323,4517.06,3,SL,-431.1190181206439,-461.1190181206439,95,
2015-06-02,-1,4498.120758418054,4502.09,4,BE,-317.5393265557068,-357.5393265557068,34,
2015-06-03,-1,4527.758635964339,4521.645519216268,4,TP,489.04933984566014,469.04933984566014,31,
2015-06-03,1,4521.67545786086,4528.3789940949555,4,TP,536.2828987276589,516.2828987276589,40,
2015-06-03,-1,4530.15,4535.59,4,SL,-435.20000000004075,-475.20000000004075,44,
2015-06-04,1,4509.524317377779,4505.02,4,BE,-360.34539022228273,-400.34539022228273,91,
2015-06-09,1,4414.99,4411.93,4,SL,-244.79999999995925,-284.79999999995925,13,
2015-06-11,1,4501.385068908196,4506.029706953005,4,TP,371.5710435846995,351.5710435846995,20,
2015-06-11,-1,4508.33,4510.0,4,SL,-133.60000000000582,-173.60000000000582,22,
2015-06-11,1,4503.541724155938,4501.44,4,BE,-168.1379324750742,-208.1379324750742,56,
2015-06-15,-1,4415.88,4407.389516337889,4,TP,679.2386929688655,659.2386929688655,14,
2015-06-15,1,4406.07,4400.19,4,SL,-470.40000000000873,-510.40000000000873,19,
2015-06-16,1,4435.508289311317,4442.576521557767,4,TP,565.4585797159962,545.4585797159962,27,
2015-06-16,-1,4442.66,4435.518080470206,4,TP,571.3535623835196,551.3535623835196,40,
2015-06-16,1,4435.385361486512,4429.61,4,SL,-462.02891892098705,-502.02891892098705,44,
2015-06-16,-1,4440.6936282556035,4446.98,4,SL,-502.9097395516874,-542.9097395516874,106,
2015-06-17,1,4466.1158479465275,4468.985468125522,4,TP,229.56961431955278,209.56961431955278,15,
2015-06-17,-1,4469.350738338021,4466.722769587747,4,TP,210.23750002190354,190.23750002190354,23,
2015-06-17,1,4464.85,4469.487103613163,4,TP,370.96828905298025,350.96828905298025,34,
2015-06-17,-1,4469.293059832978,4470.24,4,BE,-75.7552133617719,-115.7552133617719,89,
2015-06-17,1,4466.752711440955,4463.6,4,SL,-252.21691527636722,-292.2169152763672,114,
2015-06-22,1,4541.55,4547.997628622679,4,TP,515.8102898143261,495.8102898143261,23,
2015-06-22,1,4544.758557760226,4549.816259089656,4,TP,404.6161063544423,384.6161063544423,73,
2015-06-22,-1,4549.97,4544.598005128367,4,TP,429.75958973067463,409.75958973067463,80,
2015-06-22,1,4544.54,4549.640922215057,4,TP,408.07377720455406,388.07377720455406,95,
2015-06-22,-1,4549.99,4554.16,4,SL,-333.6000000000058,-373.6000000000058,98,
2015-06-23,-1,4545.704787973418,4542.348635518969,4,TP,268.49219635594636,248.49219635594636,48,
2015-06-23,1,4541.59,4536.79,4,SL,-384.00000000001455,-424.00000000001455,50,
2015-06-23,1,4537.56,4537.65,1,SL,1.7999999999847205,-8.20000000001528,53,
2015-06-23,1,4536.584658327857,4542.097360015464,4,TP,441.01613500854,421.01613500854,250,
2015-06-24,1,4544.35422183784,4547.28922572868,4,TP,234.80031126724498,214.80031126724498,28,
2015-06-24,-1,4548.34,4551.04,4,SL,-215.99999999998545,-255.99999999998545,32,
2015-06-24,1,4548.120346019742,4541.39,4,SL,-538.4276815793419,-578.4276815793419,153,
2015-06-25,1,4531.444979270561,4536.608807624273,4,TP,413.10626829697867,393.10626829697867,41,
2015-06-25,-1,4538.18,4541.21,4,SL,-242.39999999997963,-282.3999999999796,54,
2015-06-29,1,4443.595609391645,4441.5,4,BE,-167.64875133158057,-207.64875133158057,60,
2015-06-30,-1,4401.3931094655745,4404.67,4,BE,-262.1512427540438,-302.1512427540438,107,
2015-06-30,1,4394.754996481493,4392.23,4,BE,-201.99971851950977,-241.99971851950977,150,
2015-07-01,1,4436.071955590708,4440.653267755446,4,TP,366.504973179035,346.504973179035,24,
2015-07-01,-1,4440.706003925903,4437.084556019077,4,TP,289.7158325460623,269.7158325460623,42,
2015-07-01,1,4436.05,4442.357213417687,4,TP,504.57707341491187,484.57707341491187,55,
2015-07-01,1,4437.032058555027,4430.34,4,SL,-535.3646844021569,-575.3646844021569,62,
2015-07-02,-1,4442.621680798813,4444.1,4,BE,-118.2655360949866,-158.2655360949866,19,
2015-07-08,1,4389.76,4385.41,4,SL,-348.0000000000291,-388.0000000000291,18,
2015-07-09,1,4395.08839211755,4388.22,4,SL,-549.471369403982,-589.471369403982,148,
2015-07-14,1,4502.17,4507.157271864405,4,TP,398.9817491523718,378.9817491523718,13,
2015-07-15,1,4529.42,4534.779928287721,4,TP,428.79426301769854,408.79426301769854,14,
2015-07-15,-1,4536.82,4539.72,4,SL,-232.00000000004366,-272.00000000004366,18,
2015-07-15,-1,4541.9193739567245,4546.7,4,SL,-382.45008346202667,-422.45008346202667,100,
2015-07-15,1,4538.3311759032495,4535.21,4,BE,-249.69407225995383,-289.6940722599538,170,
2015-07-16,-1,4563.122724802322,4566.06,4,SL,-234.98201581423928,-274.9820158142393,18,
2015-07-16,1,4563.000779456677,4568.455665719261,4,TP,436.3909010066709,416.3909010066709,54,
2015-07-20,-1,4667.569980313972,4671.93,4,SL,-348.8015748822363,-388.8015748822363,23,
2015-07-20,1,4663.567930839557,4661.2,4,BE,-189.4344671646104,-229.4344671646104,50,
2015-07-20,-1,4668.460437930947,4673.47,4,SL,-400.7649655242858,-440.7649655242858,89,
2015-07-21,-1,4675.079878082125,4678.12,4,SL,-243.2097534299828,-283.2097534299828,19,
2015-07-22,1,4621.066851969818,4627.744589667211,4,TP,534.2190157913865,514.2190157913865,23,
2015-07-22,-1,4632.42,4635.98,4,SL,-284.79999999995925,-324.79999999995925,26,
2015-07-22,1,4627.459795365124,4622.31,4,BE,-411.98362920986256,-451.98362920986256,119,
2015-07-23,1,4619.61,4620.59,4,BE,78.40000000003783,38.400000000037835,28,
2015-07-23,-1,4626.866406653566,4628.24,4,BE,-109.88746771472506,-149.88746771472506,40,
2015-07-27,-1,4524.858060533646,4527.34,4,BE,-198.55515730836487,-238.55515730836487,20,
2015-07-28,-1,4527.844428643567,4518.408919434321,4,TP,754.840736739643,734.840736739643,37,
2015-07-28,1,4518.06,4511.37,4,SL,-535.2000000000407,-575.2000000000407,50,
2015-07-28,-1,4524.11,4530.01,4,SL,-472.00000000004366,-512.0000000000437,103,
2015-07-29,1,4571.528815978635,4568.56,4,SL,-237.50527829077328,-277.5052782907733,14,
2015-07-29,1,4568.89,4565.7,4,SL,-255.20000000004075,-295.20000000004075,17,
2015-07-29,-1,4568.55713300385,4572.42,4,BE,-309.0293596919946,-349.0293596919946,71,
2015-07-30,-1,4560.47169184448,4566.71,3,BE,-374.298489331195,-404.298489331195,106,
2015-08-03,1,4596.541825774389,4591.98,4,SL,-364.94606195112283,-404.94606195112283,15,
2015-08-03,1,4592.46,4600.535517180558,4,TP,646.0413744446123,626.0413744446123,20,
2015-08-03,-1,4601.21,4605.3,4,SL,-327.20000000001164,-367.20000000001164,27,
2015-08-03,1,4596.006083190001,4591.3,4,SL,-376.48665520006034,-416.48665520006034,40,
2015-08-04,-1,4576.727898779019,4580.72,3,BE,-239.52607325889403,-269.52607325889403,40,
2015-08-04,1,4570.091657422972,4578.964482443822,4,TP,709.8260016679706,689.8260016679706,48,
2015-08-04,1,4571.697309005527,4564.18,4,SL,-601.3847204421472,-641.3847204421472,81,
2015-08-05,1,4619.441608193024,4616.56,4,BE,-230.52865544188535,-270.52865544188535,170,
2015-08-10,1,4564.542843292884,4560.0,4,SL,-363.4274634307076,-403.4274634307076,62,
2015-08-10,-1,4568.336417889283,4574.3,4,SL,-477.08656885733944,-517.0865688573394,141,
2015-08-11,1,4553.401891234226,4549.34,4,BE,-324.95129873808764,-364.95129873808764,35,
2015-08-11,1,4550.08,4543.59,4,SL,-519.1999999999825,-559.1999999999825,68,
2015-08-12,-1,4460.97483282373,4468.33,3,SL,-441.3100305761873,-471.3100305761873,118,
2015-08-13,1,4529.13,4522.41,4,SL,-537.6000000000204,-577.6000000000204,17,
2015-08-13,-1,4530.306498952966,4537.1,4,SL,-543.4800837627699,-583.4800837627699,71,
2015-08-13,-1,4535.69626247187,4544.4,2,SL,-348.14950112519,-368.14950112519,155,
2015-08-17,-1,4515.441904408085,4510.949807220092,4,TP,359.3677750394272,339.3677750394272,16,
2015-08-17,1,4510.924456920827,4514.854326096614,4,TP,314.3895340630115,294.3895340630115,21,
2015-08-17,-1,4516.01,4518.61,4,BE,-207.99999999995634,-247.99999999995634,35,
2015-08-18,-1,4553.059270029936,4558.98,4,SL,-473.65839760510426,-513.6583976051043,50,
2015-08-18,1,4551.370320224704,4547.37,4,BE,-320.0256179763528,-360.0256179763528,210,
2015-08-19,-1,4516.349853956576,4520.55,4,SL,-336.0116834739165,-376.0116834739165,37,
2015-08-19,1,4512.040140204052,4505.55,4,SL,-519.2112163241109,-559.2112163241109,76,
2015-08-20,1,4469.7353998484905,4461.26,4,SL,-678.0319878792216,-718.0319878792216,29,
2015-08-25,-1,4166.659428875327,4155.389875243651,3,TP,676.1732179005594,661.1732179005594,20,
2015-08-25,-1,4168.687078884256,4154.924777317156,3,TP,825.7380940259827,810.7380940259827,26,
2015-08-25,1,4154.847744020473,4169.061493599036,2,TP,568.5499831425113,558.5499831425113,34,
2015-08-25,-1,4169.22464312888,4154.81547999232,2,TP,576.3665254623993,566.3665254623993,36,
2015-08-25,-1,4169.07165650493,4177.09,2,BE,-320.7337398028176,-340.7337398028176,44,
2015-08-25,1,4155.9928858790045,4172.034231378147,2,TP,641.6538199656861,631.6538199656861,90,
2015-08-26,-1,4131.719638266857,4115.7632738642305,2,TP,638.2545761050642,628.2545761050642,43,
2015-08-26,1,4114.49,4095.49,2,SL,-760.0,-780.0,46,
2015-08-26,-1,4125.6324503293135,4104.7407096886955,2,TP,835.6696256247233,825.6696256247233,89,
2015-08-27,1,4283.298240682109,4269.1,3,SL,-851.894440926535,-881.894440926535,27,
2015-08-27,-1,4291.421711679195,4296.96,2,BE,-221.5315328321958,-241.5315328321958,55,
2015-08-31,1,4305.534821755899,4300.95,4,BE,-366.7857404719689,-406.7857404719689,19,
2015-09-01,1,4193.8988921814425,4208.995184266494,2,TP,603.8516834020629,593.8516834020629,57,
2015-09-01,-1,4210.85,4225.72,2,SL,-594.7999999999956,-614.7999999999956,66,
2015-09-01,1,4199.17062170157,4188.33,2,SL,-433.62486806279776,-453.62486806279776,178,
2015-09-02,-1,4199.7632556740955,4206.98,4,SL,-577.3395460723259,-617.3395460723259,38,
2015-09-02,1,4191.481437825939,4183.36,3,SL,-487.28626955635264,-517.2862695563526,50,
2015-09-02,1,4184.59,4181.94,4,SL,-212.00000000004366,-252.00000000004366,53,
2015-09-02,-1,4196.007925707028,4180.356466375561,2,TP,626.0583732587111,616.0583732587111,143,
2015-09-02,1,4179.76,4194.766144736563,2,TP,600.2457894624968,590.2457894624968,193,
2015-09-03,1,4272.533273209763,4262.24,4,SL,-823.4618567810685,-863.4618567810685,32,
2015-09-03,-1,4280.380964044654,4290.01,3,SL,-577.7421573207539,-607.7421573207539,58,
2015-09-08,1,4274.268972789559,4268.16,4,SL,-488.7178231646976,-528.7178231646976,40,
2015-09-09,1,4343.23,4338.51,4,SL,-377.5999999999476,-417.5999999999476,17,
2015-09-09,1,4314.1729475636575,4304.15,2,SL,-400.9179025463163,-420.9179025463163,260,
2015-09-10,1,4255.612381712812,4248.68,3,SL,-415.9429027686929,-445.9429027686929,41,
2015-09-10,-1,4264.86768127673,4272.46,3,BE,-455.5391233962109,-485.5391233962109,62,
2015-09-15,-1,4313.898203256023,4317.47,4,SL,-285.7437395181478,-325.7437395181478,26,
2015-09-15,-1,4316.49,4321.45,4,SL,-396.8000000000029,-436.8000000000029,33,
2015-09-16,1,4358.49,4351.89,4,SL,-527.9999999999563,-567.9999999999563,15,
2015-09-16,1,4351.578207420536,4359.516477864186,4,TP,635.0616354919475,615.0616354919475,99,
2015-09-17,-1,4379.715369011239,4384.84,4,SL,-409.9704791008844,-449.9704791008844,18,
2015-09-17,1,4377.069421955172,4382.295076889574,4,TP,418.05239475215785,398.05239475215785,31,
2015-09-21,1,4340.91,4348.811215965998,4,TP,632.0972772798268,612.0972772798268,15,
2015-09-21,-1,4352.09,4355.87,4,SL,-302.3999999999796,-342.3999999999796,21,
2015-09-21,1,4354.410872758227,4347.98,3,SL,-385.8523654936471,-415.8523654936471,130,
2015-09-22,1,4275.3742508408795,4270.81,4,SL,-365.1400672703312,-405.1400672703312,22,
2015-09-22,-1,4280.638703677617,4271.044062077364,3,TP,575.6784960151526,560.6784960151526,40,
2015-09-22,1,4270.969895583767,4262.46,4,SL,-680.7916467013274,-720.7916467013274,51,
2015-09-23,-1,4276.113098246028,4281.04,4,BE,-394.15214031774667,-434.15214031774667,50,
2015-09-24,-1,4221.124988513564,4233.62,3,SL,-749.7006891861565,-779.7006891861565,181,
2015-09-28,-1,4201.63,4192.499031282984,3,TP,547.8581230209602,532.8581230209602,16,
2015-09-28,1,4190.91,4182.17,4,SL,-699.1999999999825,-739.1999999999825,19,
2015-09-28,1,4183.2,4179.7,4,SL,-280.0,-320.0,23,
2015-09-29,-1,4104.103078374813,4112.1,4,SL,-639.7537300149997,-679.7537300149997,27,
2015-09-29,-1,4119.43,4120.67,1,SL,-24.799999999995634,-34.799999999995634,29,
2015-09-30,1,4148.433652486309,4158.269771085552,4,TP,786.8894879394065,766.8894879394065,20,
2015-09-30,1,4148.534119520714,4158.125182534653,3,TP,575.4637808363259,560.4637808363259,39,
2015-09-30,-1,4164.55,4166.44,4,SL,-151.19999999995343,-191.19999999995343,46,
2015-10-01,-1,4163.568460420623,4168.67,2,BE,-204.06158317509835,-224.06158317509835,61,
2015-10-05,1,4291.59,4297.847023052391,4,TP,500.561844191252,480.561844191252,19,
2015-10-05,-1,4298.63,4300.4,4,BE,-141.59999999996217,-181.59999999996217,27,
2015-10-05,1,4293.913186488262,4299.1840425151,4,TP,421.6684821470699,401.6684821470699,37,
2015-10-06,1,4316.129964013029,4322.153882995182,4,TP,481.91351857225527,461.91351857225527,15,
2015-10-06,-1,4324.04,4327.64,4,SL,-288.0000000000291,-328.0000000000291,18,
2015-10-06,1,4319.603219869048,4314.54,4,SL,-405.05758952385804,-445.05758952385804,38,
2015-10-06,1,4316.61,4310.42,4,SL,-495.199999999968,-535.199999999968,48,
2015-10-07,-1,4328.4584852238,4333.73,4,SL,-421.72118209593464,-461.72118209593464,16,
2015-10-07,-1,4336.78,4337.97,1,SL,-23.800000000010186,-33.800000000010186,18,
2015-10-08,-1,4313.11188847497,4315.97,4,BE,-228.6489220023941,-268.6489220023941,39,
2015-10-08,1,4308.215483110611,4302.82,4,SL,-431.63864884889335,-471.63864884889335,46,
2015-10-08,1,4295.377162171663,4287.68,3,SL,-461.829730299778,-491.829730299778,179,
2015-10-12,-1,4377.03,4382.43,4,SL,-432.00000000004366,-472.00000000004366,16,
2015-10-12,1,4370.969905958357,4378.018282370593,4,TP,563.8701129788387,543.8701129788387,43,
2015-10-12,1,4369.724469137694,4375.442530374096,4,TP,457.44489891221747,437.44489891221747,80,
2015-10-12,-1,4375.54,4381.52,4,SL,-478.40000000003783,-518.4000000000378,100,
2015-10-13,1,4378.389698219354,4370.61,3,SL,-466.7818931612419,-496.7818931612419,211,
2015-10-14,1,4361.165358889187,4356.17,4,SL,-399.6287111349375,-439.6287111349375,41,
2015-10-15,1,4370.386719569863,4378.392392972532,4,TP,640.4538722135476,620.4538722135476,70,
2015-10-15,1,4373.069145319344,4365.56,4,SL,-600.731625547487,-640.731625547487,141,
2015-10-19,-1,4429.780082622848,4434.34,4,SL,-364.793390172199,-404.793390172199,21,
2015-10-20,-1,4451.955471262228,4455.28,4,BE,-265.96229902177583,-305.96229902177583,29,
2015-10-20,1,4451.400677303493,4444.08,4,SL,-585.6541842794104,-625.6541842794104,97,
2015-10-21,-1,4457.630597874761,4462.65,4,SL,-401.5521700190584,-441.5521700190584,15,
2015-10-21,-1,4462.88,4453.195593285092,4,TP,774.7525371926167,754.7525371926167,23,
2015-10-21,1,4452.9,4449.23,4,BE,-293.6000000000058,-333.6000000000058,31,
2015-10-21,1,4440.117176981941,4429.87,2,SL,-409.8870792776506,-429.8870792776506,227,
2015-10-22,-1,4455.360711824185,4463.75,3,SL,-503.3572905488836,-533.3572905488836,20,
2015-10-26,1,4615.23,4611.73,4,BE,-280.0,-320.0,19,
2015-10-26,-1,4618.503689297438,4612.9808275812675,4,TP,441.8289372936124,421.8289372936124,29,
2015-10-26,-1,4617.66592287043,4612.358689787973,4,TP,424.5786465965648,404.5786465965648,42,
2015-10-26,-1,4616.427867037404,4621.25,4,SL,-385.770637007663,-425.770637007663,66,
2015-10-27,1,4627.85507395915,4622.37,4,SL,-438.80591673201707,-478.80591673201707,50,
2015-10-27,1,4626.729645356854,4636.1833428523905,3,TP,567.2218497321774,552.2218497321774,308,
2015-10-28,-1,4639.182751431076,4634.095184450727,4,TP,407.00535842792306,387.00535842792306,17,
2015-10-28,-1,4640.06629286079,4634.478960584634,4,TP,446.98658209250425,426.98658209250425,35,
2015-10-28,1,4634.38,4633.55,4,BE,-66.39999999999418,-106.39999999999418,44,
2015-10-28,-1,4639.500216430257,4645.06,4,SL,-444.7826855794847,-484.7826855794847,87,
2015-10-29,1,4658.76680796061,4653.72,4,SL,-403.7446368487872,-443.7446368487872,31,
2015-10-29,-1,4664.00547859697,4665.25,4,BE,-99.56171224243008,-139.56171224243008,68,
2015-10-29,-1,4664.761410163664,4669.54,4,SL,-382.28718690690584,-422.28718690690584,138,
2015-10-29,-1,4666.377889693817,4670.88,4,SL,-360.16882449461264,-400.16882449461264,181,
2015-11-02,1,4655.395310298057,4658.5109000757075,4,TP,249.24718221205694,229.24718221205694,15,
2015-11-03,1,4690.252760298113,4695.497829977301,4,TP,419.60557433507347,399.60557433507347,34,
2015-11-03,-1,4695.72,4700.17,4,SL,-355.99999999998545,-395.99999999998545,48,
2015-11-04,1,4731.59,4726.43,4,SL,-412.79999999998836,-452.79999999998836,15,
2015-11-04,1,4717.5582581933795,4710.01,3,SL,-452.89549160275783,-482.89549160275783,86,
2015-11-05,1,4720.627513604777,4712.68,4,SL,-635.8010883821407,-675.8010883821407,41,
2015-11-09,1,4683.472441385529,4689.619579850352,4,TP,491.7710771858401,471.7710771858401,17,
2015-11-09,1,4683.882927554135,4679.41,4,BE,-357.834204330793,-397.834204330793,30,
2015-11-10,1,4625.29,4622.75,4,SL,-203.1999999999971,-243.1999999999971,15,
2015-11-10,-1,4632.489834544503,4638.83,4,SL,-507.21323643978394,-547.2132364397839,28,
2015-11-10,1,4626.809868012404,4620.41,4,SL,-511.98944099232904,-551.989440992329,51,
2015-11-11,1,4639.537566527019,4634.44,4,SL,-407.8053221615846,-447.8053221615846,77,
2015-11-12,-1,4617.149049899434,4621.91,4,SL,-380.8760080452339,-420.8760080452339,20,
2015-11-12,-1,4625.9,4632.1,4,SL,-496.0000000000582,-536.0000000000582,86,
2015-11-12,1,4619.529215464678,4629.390122522333,3,TP,591.6544234592948,576.6544234592948,229,
2015-11-16,1,4504.2872650471845,4514.965682608216,3,TP,640.7050536619136,625.7050536619136,37,
2015-11-16,-1,4516.03,4516.68,4,BE,-52.000000000043656,-92.00000000004366,47,
2015-11-16,1,4506.345408437989,4504.19,3,BE,-129.32450627937214,-159.32450627937214,85,
2015-11-17,-1,4568.246503948147,4565.033967506342,4,TP,257.00291534434655,237.00291534434655,18,
2015-11-17,-1,4567.825416379257,4571.05,4,SL,-257.96668965944264,-297.96668965944264,30,
2015-11-17,-1,4573.51,4563.511595122557,1,TP,199.96809754886272,194.96809754886272,36,
2015-11-17,1,4563.0,4569.267879641683,4,TP,501.4303713346453,481.4303713346453,39,
2015-11-17,1,4563.511209734412,4569.041959953594,4,TP,442.46001753461314,422.46001753461314,53,
2015-11-17,-1,4569.11,4573.46,4,SL,-348.0000000000291,-388.0000000000291,61,
2015-11-17,1,4574.578998561478,4588.478442436588,3,TP,833.9666325065809,818.9666325065809,278,
2015-11-18,1,4590.487322587409,4597.1055901232785,4,TP,529.4614028695651,509.46140286956506,81,
2015-11-19,-1,4656.782422513736,4661.52,4,SL,-379.0061989011883,-419.0061989011883,15,
2015-11-19,-1,4660.85,4665.35,4,SL,-360.0,-400.0,22,
2015-11-19,1,4656.37568345061,4651.14,4,BE,-418.8546760487952,-458.8546760487952,66,
2015-11-19,1,4655.7639716182875,4664.164115768929,4,TP,672.0115320513287,652.0115320513287,154,
2015-11-19,-1,4664.180079147857,4669.72,4,SL,-443.1936681714433,-483.1936681714433,187,
2015-11-23,1,4690.690102547369,4695.219887436305,4,TP,362.3827911148692,342.3827911148692,39,
2015-11-23,1,4694.239057127935,4689.49,4,SL,-379.924570234798,-419.924570234798,130,
2015-11-24,1,4653.283649370199,4656.737832100025,4,TP,276.33461838609946,256.33461838609946,20,
2015-11-24,1,4653.9188481744495,4649.46,4,SL,-356.70785395595885,-396.70785395595885,45,
2015-11-24,-1,4651.905608727547,4667.12,2,SL,-608.5756508981285,-628.5756508981285,153,
2015-11-25,1,4672.79,4667.83,4,SL,-396.8000000000029,-436.8000000000029,16,
2015-11-25,-1,4676.61068444073,4678.62,4,BE,-160.74524474155623,-200.74524474155623,44,
2015-11-25,-1,4679.260117487475,4681.71,4,BE,-195.99060100197676,-235.99060100197676,299,
2015-11-30,-1,4691.403930764678,4687.160854241169,4,TP,339.4461218807555,319.4461218807555,18,
2015-12-01,1,4693.557292438802,4683.93,4,SL,-770.1833951041044,-810.1833951041044,47,
2015-12-01,1,4684.55,4684.17,1,SL,-7.600000000002183,-17.600000000002183,53,
2015-12-02,1,4729.977928694876,4723.72,4,SL,-500.6342955900618,-540.6342955900618,108,
2015-12-03,-1,4681.9549078982445,4689.27,3,SL,-438.9055261053545,-468.9055261053545,103,
2015-12-08,1,4653.843831258445,4646.27,4,SL,-605.9065006755554,-645.9065006755554,51,
2015-12-08,-1,4663.064908539186,4672.1,3,SL,-542.1054876488597,-572.1054876488597,68,
2015-12-09,-1,4678.549792172272,4685.13,4,BE,-526.4166262182698,-566.4166262182698,20,
2015-12-09,-1,4680.107238977869,4693.03,4,SL,-1033.8208817704435,-1073.8208817704435,41,
2015-12-10,1,4629.426358128985,4621.52,3,SL,-474.38148773908324,-504.38148773908324,42,
2015-12-10,-1,4638.541061111266,4648.03,3,SL,-569.336333324045,-599.336333324045,70,
2015-12-10,1,4634.623380522042,4647.960842267437,3,TP,800.2477047237335,785.2477047237335,205,
2015-12-14,1,4532.99,4524.66,3,SL,-499.79999999999563,-529.7999999999956,15,
2015-12-14,-1,4541.9821982909925,4531.348130890397,3,TP,638.0440440357052,623.0440440357052,28,
2015-12-14,1,4528.55,4541.101268180019,4,TP,1004.1014544015343,984.1014544015343,37,
2015-12-14,-1,4547.6,4530.814374485697,4,TP,1342.8500411442656,1322.8500411442656,42,
2015-12-14,1,4524.14,4519.35,4,SL,-383.1999999999971,-423.1999999999971,44,
2015-12-14,1,4523.29,4542.17622892116,4,TP,1510.8983136928146,1490.8983136928146,46,
2015-12-15,1,4620.041421043443,4628.924933421036,4,TP,710.6809902074747,690.6809902074747,79,
2015-12-15,1,4620.123840748013,4613.1,4,SL,-561.9072598410276,-601.9072598410276,125,
2015-12-21,-1,4550.8054251727,4553.38,4,BE,-205.96598618401913,-245.96598618401913,49,
2015-12-21,1,4544.604784627255,4538.28,4,SL,-505.982770180417,-545.982770180417,103,
2015-12-22,-1,4570.956154445524,4565.823372309974,4,TP,410.6225708439888,390.6225708439888,45,
2015-12-22,-1,4570.911234124045,4578.17,4,SL,-580.701270076388,-620.701270076388,55,
2015-12-22,-1,4575.010413879932,4565.932937547228,4,TP,726.1981066162843,706.1981066162843,154,
2015-12-22,-1,4574.389791833719,4577.05,4,BE,-212.8166533025069,-252.8166533025069,260,
2015-12-23,-1,4613.126244294199,4617.51,4,SL,-350.7004564641102,-390.7004564641102,21,
2015-12-23,1,4612.537905724429,4608.13,4,SL,-352.6324579543143,-392.6324579543143,58,
2015-12-23,-1,4616.176137270528,4609.668921766088,4,TP,520.5772403551964,500.5772403551964,190,
2015-12-28,-1,4609.198657432604,4612.44,4,SL,-259.30740539166436,-299.30740539166436,15,
2015-12-28,-1,4612.19,4614.4,4,SL,-176.8000000000029,-216.8000000000029,17,
2015-12-28,1,4608.016190975158,4604.62,4,SL,-271.6952780126303,-311.6952780126303,31,
2015-12-30,-1,4676.315780960171,4670.917073574034,4,TP,431.89659089097404,411.89659089097404,50,
2015-12-30,1,4668.58,4666.32,4,SL,-180.80000000001746,-220.80000000001746,57,
2016-01-04,1,4477.64,4474.68,4,SL,-236.8000000000029,-276.8000000000029,13,
2016-01-04,-1,4469.278516187602,4478.27,2,SL,-359.6593524959462,-379.6593524959462,215,
2016-01-05,-1,4515.064184621693,4505.071457155954,3,TP,599.5636479443601,584.5636479443601,20,
2016-01-05,-1,4504.053642797816,4511.59,3,SL,-452.1814321310558,-482.1814321310558,83,
2016-01-05,1,4493.204098062278,4482.09,2,SL,-444.5639224911065,-464.5639224911065,153,
2016-01-06,-1,4455.002199622684,4442.6306539127845,3,TP,742.2927425939815,727.2927425939815,221,
2016-01-07,1,4355.555364269141,4367.6664903550545,3,TP,726.667565154803,711.667565154803,48,
2016-01-07,-1,4368.29,4379.17,2,SL,-435.20000000000437,-455.20000000000437,61,
2016-01-11,-1,4291.226472935038,4279.92270033794,3,TP,678.2263558258819,663.2263558258819,72,
2016-01-11,1,4279.853886624901,4267.97,3,SL,-713.0331974940418,-743.0331974940418,83,
2016-01-11,-1,4284.15362715458,4264.77161260265,2,TP,775.2805820772119,765.2805820772119,167,
2016-01-12,1,4337.72195559803,4331.12,4,SL,-528.1564478424116,-568.1564478424116,46,
2016-01-13,1,4349.327800112091,4344.74,4,SL,-367.0240089672734,-407.0240089672734,17,
2016-01-13,1,4344.32,4340.72,4,SL,-287.99999999995634,-327.99999999995634,19,
2016-01-14,-1,4178.817470646577,4193.11,1,SL,-285.850587068453,-295.850587068453,51,
2016-01-20,1,4070.3,4075.98,4,BE,454.3999999999869,414.3999999999869,21,
2016-01-20,-1,4049.7681281432024,4022.8829705982685,1,TP,537.7031508986784,532.7031508986784,228,
2016-01-21,-1,4133.828709535184,4148.66,2,SL,-593.2516185926215,-613.2516185926215,40,
2016-01-25,1,4245.581704975285,4241.53,4,BE,-324.1363980228198,-364.1363980228198,24,
2016-01-25,-1,4250.132377170415,4256.09,4,SL,-476.6098263668391,-516.6098263668391,33,
2016-01-25,-1,4254.52,4258.55,4,SL,-322.3999999999796,-362.3999999999796,35,
2016-01-25,1,4246.193538487552,4240.4,4,SL,-463.48307900421787,-503.48307900421787,93,
2016-01-25,-1,4250.91,4256.81,4,SL,-472.00000000004366,-512.0000000000437,210,
2016-01-26,-1,4202.29624523386,4211.21,3,SL,-534.825285968418,-564.825285968418,41,
2016-02-01,1,4247.95841111446,4246.12,4,BE,-147.0728891568433,-187.0728891568433,31,
2016-02-01,-1,4255.087022188573,4262.18,3,SL,-425.5786686856118,-455.5786686856118,53,
2016-02-02,-1,4252.472551982537,4242.800620035607,4,TP,773.7545557544217,753.7545557544217,56,
2016-02-02,1,4243.374780394087,4252.326581411384,3,TP,537.1080610378158,522.1080610378158,104,
2016-02-02,-1,4252.77,4253.88,4,BE,-88.7999999999738,-128.7999999999738,123,
2016-02-02,1,4243.758822391214,4235.6,4,SL,-652.7057912971213,-692.7057912971213,150,
2016-02-04,-1,4147.073916606505,4156.99,2,SL,-396.6433357397909,-416.6433357397909,42,
2016-02-08,-1,3945.5291704001033,3954.74,3,SL,-552.6497759937865,-582.6497759937865,13,
2016-02-08,-1,3955.34,3936.2736643150224,4,TP,1525.3068547982184,1505.3068547982184,21,
2016-02-08,1,3935.952006471811,3950.6790567878547,2,TP,589.0820126417566,579.0820126417566,26,
2016-02-08,-1,3950.888598332818,3938.1631981558735,2,TP,509.01600707778925,499.01600707778925,39,
2016-02-08,1,3938.016142054454,3936.29,2,BE,-69.04568217816632,-89.04568217816632,49,
2016-02-08,-1,3950.461194337506,3933.7219044568824,2,TP,669.571595224952,659.571595224952,76,
2016-02-08,-1,3942.199638012371,3922.0277742059584,2,TP,806.8745522565041,796.8745522565041,213,
2016-02-10,-1,3990.696258211366,4001.12,4,SL,-833.8993430907067,-873.8993430907067,20,
2016-02-10,1,4001.559376113564,3994.43,2,BE,-285.17504454257505,-305.17504454257505,129,
2016-02-11,1,3917.18,3928.635201881106,4,TP,916.416150488476,896.416150488476,14,
2016-02-11,1,3921.6745878301376,3930.7374982237443,4,TP,725.0328314885337,705.0328314885337,22,
2016-02-11,1,3931.118092530064,3922.19,2,BE,-357.1237012025631,-377.1237012025631,88,
2016-02-16,1,4078.361944852787,4072.2,4,BE,-492.9555882229761,-532.9555882229761,34,
2016-02-16,1,4071.659954297699,4063.45,3,SL,-492.59725786196213,-522.5972578619621,88,
2016-02-17,1,4132.77,4131.05,1,SL,-34.40000000000509,-44.40000000000509,13,
2016-02-17,-1,4139.657895167141,4148.45,4,SL,-703.3683866287174,-743.3683866287174,31,
2016-02-18,1,4174.787290912782,4167.12,3,SL,-460.0374547669162,-490.0374547669162,229,
2016-02-23,1,4209.367798362097,4204.44,4,SL,-394.2238689678197,-434.2238689678197,36,
2016-02-24,-1,4113.3133245148,4108.368838052041,4,TP,395.55891702075314,375.55891702075314,15,
2016-02-24,1,4102.18,4099.87,1,SL,-46.200000000008004,-56.200000000008004,17,
2016-02-24,-1,4105.30110598021,4111.66,4,SL,-508.7115215831727,-548.7115215831727,69,
2016-02-24,-1,4111.31,4096.741505032943,4,TP,1165.4795973646105,1145.4795973646105,107,
2016-02-24,1,4096.56,4108.48124548859,3,TP,715.2747293153516,700.2747293153516,126,
2016-02-29,1,4236.817159581962,4244.15840817348,4,TP,587.2998873214237,567.2998873214237,51,
2016-02-29,-1,4244.328010461396,4250.86,4,SL,-522.5591630882991,-562.5591630882991,109,
2016-02-29,1,4244.1832814361205,4236.05,3,SL,-487.9968861672205,-517.9968861672205,279,
2016-03-01,-1,4237.414536749758,4231.908620441765,4,TP,440.47330463938124,420.47330463938124,15,
2016-03-01,-1,4236.671504751707,4241.94,4,SL,-421.47961986338487,-461.47961986338487,28,
2016-03-02,-1,4328.572271031564,4333.85,4,SL,-422.21831747490796,-462.21831747490796,45,
2016-03-02,1,4321.180214016072,4314.59,4,SL,-527.2171212857211,-567.2171212857211,70,
2016-03-02,-1,4328.818563862537,4318.383981749479,3,TP,626.0749267834944,611.0749267834944,108,
2016-03-02,1,4317.92,4311.53,4,SL,-511.2000000000262,-551.2000000000262,116,
2016-03-03,1,4319.62,4317.55,4,SL,-165.59999999997672,-205.59999999997672,15,
2016-03-07,1,4305.328713614079,4300.91,4,SL,-353.49708912632195,-393.49708912632195,22,
2016-03-07,1,4298.9,4298.67,1,SL,-4.599999999991269,-14.599999999991269,24,
2016-03-07,-1,4304.910915453093,4308.27,3,BE,-201.5450728144242,-231.5450728144242,101,
2016-03-07,1,4302.537228593958,4291.64,2,SL,-435.88914375832246,-455.88914375832246,275,
2016-03-08,-1,4270.13,4274.67,4,SL,-363.1999999999971,-403.1999999999971,14,
2016-03-08,1,4273.257203548012,4270.5,3,BE,-165.43221288069617,-195.43221288069617,72,
2016-03-08,-1,4284.316527035542,4296.67,2,SL,-494.13891857831914,-514.1389185783191,142,
2016-03-09,-1,4272.202551946679,4275.42,4,BE,-257.3958442657022,-297.3958442657022,46,
2016-03-09,1,4265.90701586989,4280.083756769705,2,TP,567.0696359926296,557.0696359926296,115,
2016-03-10,1,4316.3747739976825,4326.34335183371,4,TP,797.4862268821744,777.4862268821744,45,
2016-03-14,1,4351.653533609415,4355.15398311195,4,TP,280.03596020280384,260.03596020280384,46,
2016-03-15,-1,4354.07247242004,4350.073941982013,4,TP,319.8824350421637,299.8824350421637,25,
2016-03-15,1,4350.008954706593,4345.52,4,SL,-359.11637652738136,-399.11637652738136,27,
2016-03-15,-1,4352.1660629360085,4357.4,4,SL,-418.71496511928854,-458.71496511928854,60,
2016-03-16,1,4372.734580221776,4367.96,4,SL,-381.9664177420782,-421.9664177420782,207,
2016-03-17,1,4385.59,4383.47,4,SL,-169.59999999999127,-209.59999999999127,17,
2016-03-21,1,4412.912767513331,4405.06,4,SL,-628.2214010664757,-668.2214010664757,41,
2016-03-23,1,4420.147924813068,4414.78,4,SL,-429.43398504547076,-469.43398504547076,71,
2016-03-24,1,4379.344910318798,4385.272932946119,4,TP,474.2418101857038,454.2418101857038,23,
2016-03-24,-1,4385.94,4392.34,4,SL,-512.0000000000437,-552.0000000000437,30,
2016-03-24,1,4389.500499296435,4384.4,4,SL,-408.03994371482986,-448.03994371482986,193,
2016-03-29,-1,4390.60363622866,4388.763687216448,4,TP,147.19592097702844,127.19592097702844,15,
2016-03-29,-1,4390.41813316021,4395.51,4,SL,-407.3493471831898,-447.3493471831898,28,
2016-03-29,-1,4395.01,4398.14,4,SL,-250.40000000000873,-290.40000000000873,31,
2016-03-30,1,4508.080293825553,4502.56,4,SL,-441.6235060441977,-481.6235060441977,105,
2016-03-31,1,4487.20554100339,4490.806830318101,4,TP,288.1031451768649,268.1031451768649,16,
2016-03-31,-1,4491.63,4494.53,4,SL,-231.9999999999709,-271.9999999999709,20,
2016-03-31,1,4487.475695252976,4491.892951361809,4,TP,353.38048870660714,333.38048870660714,31,
2016-03-31,-1,4492.74,4496.22,4,SL,-278.40000000003783,-318.40000000003783,39,
2016-04-04,1,4526.212676871756,4521.45,4,SL,-381.01414974051295,-421.01414974051295,21,
2016-04-04,-1,4528.545649964219,4532.78,4,SL,-338.748002862485,-378.748002862485,38,
2016-04-04,1,4524.124352405829,4529.8887783550545,4,TP,461.15407593802956,441.15407593802956,55,
2016-04-04,-1,4529.96,4524.405975371386,4,TP,444.32197028909286,424.32197028909286,60,
2016-04-04,1,4524.35,4522.81,4,BE,-123.19999999999709,-163.1999999999971,67,
2016-04-05,-1,4478.456565521855,4483.37,4,SL,-393.0747582516051,-433.0747582516051,32,
2016-04-05,-1,4483.09,4485.85,4,SL,-220.80000000001746,-260.80000000001746,37,
2016-04-06,1,4479.1308228391445,4483.349306730818,4,TP,337.4787113338971,317.4787113338971,18,
2016-04-06,-1,4483.363632345563,4488.28,4,SL,-393.3094123549381,-433.3094123549381,23,
2016-04-06,1,4481.7732808930905,4488.205920805561,4,TP,514.6111929976178,494.61119299761776,68,
2016-04-06,-1,4488.26,4494.55,4,SL,-503.1999999999971,-543.1999999999971,74,
2016-04-07,1,4519.773781318801,4513.78,4,SL,-479.5025055041333,-519.5025055041333,18,
2016-04-07,1,4513.73,4509.26,4,SL,-357.5999999999476,-397.5999999999476,20,
2016-04-07,-1,4521.368879502937,4512.928332693221,4,TP,675.2437447772536,655.2437447772536,42,
2016-04-11,-1,4495.193363544885,4498.8,4,BE,-288.53091640921775,-328.53091640921775,21,
2016-04-11,-1,4497.05,4502.12,4,SL,-405.5999999999767,-445.5999999999767,25,
2016-04-12,-1,4462.222498962228,4457.975665867441,4,TP,339.7466475829424,319.7466475829424,27,
2016-04-12,1,4455.37,4453.34,4,BE,-162.39999999997963,-202.39999999997963,36,
2016-04-13,1,4539.041644840127,4535.97,4,BE,-245.73158721017535,-285.73158721017535,95,
2016-04-13,1,4537.808035899369,4533.48,4,BE,-346.24287194958015,-386.24287194958015,215,
2016-04-14,-1,4549.717028515543,4554.1,4,SL,-350.63771875662496,-390.63771875662496,49,
2016-04-14,-1,4554.339001198125,4559.39,4,SL,-404.0799041500577,-444.0799041500577,136,
2016-04-20,-1,4534.864954955921,4540.85,4,SL,-478.80360352632124,-518.8036035263212,22,
2016-04-20,-1,4543.46,4545.6,4,SL,-171.2000000000262,-211.2000000000262,24,
2016-04-21,-1,4533.795387634268,4538.77,4,SL,-397.9689892585884,-437.9689892585884,66,
2016-04-25,1,4465.53531478656,4459.85,4,BE,-454.82518292476016,-494.82518292476016,45,
2016-04-26,-1,4480.148637400683,4483.56,4,SL,-272.9090079454181,-312.9090079454181,16,
2016-04-26,1,4479.457922267114,4473.97,4,SL,-439.0337813690712,-479.0337813690712,44,
2016-04-27,1,4417.571915036613,4421.687063409518,4,TP,329.2118698323611,309.2118698323611,13,
2016-04-27,1,4417.233474494229,4413.22,4,SL,-321.07795953830646,-361.07795953830646,17,
2016-05-02,-1,4350.27,4340.608474948294,4,TP,772.9220041364897,752.9220041364897,18,
2016-05-02,1,4340.366687316661,4337.81,4,BE,-204.5349853328662,-244.5349853328662,31,
2016-05-02,-1,4347.279035274514,4354.87,4,SL,-607.2771780388575,-647.2771780388575,47,
2016-05-02,1,4341.508869353998,4350.70665627548,3,TP,551.8672152888939,536.8672152888939,129,
2016-05-02,1,4341.264132667339,4350.289705103124,4,TP,722.0457948627882,702.0457948627882,183,
2016-05-03,1,4353.886081469473,4350.71,4,SL,-254.08651755780738,-294.0865175578074,17,
2016-05-03,1,4347.05,4346.75,1,SL,-6.000000000003638,-16.000000000003638,19,
2016-05-03,-1,4344.895652270249,4336.262723210428,4,TP,690.6343247857149,670.6343247857149,163,
2016-05-04,1,4314.04,4310.59,4,SL,-275.99999999998545,-315.99999999998545,18,
2016-05-04,-1,4317.1129372984415,4318.46,4,BE,-107.76501612468564,-147.76501612468564,24,
2016-05-04,-1,4317.690113743716,4322.06,4,SL,-349.59090050273517,-389.59090050273517,28,
2016-05-04,-1,4323.400949002138,4316.139265200946,4,TP,580.9347040953435,560.9347040953435,105,
2016-05-04,1,4315.23,4310.62,4,SL,-368.7999999999738,-408.7999999999738,112,
2016-05-05,-1,4322.287962443778,4329.32,4,SL,-562.5630044977152,-602.5630044977152,43,
2016-05-05,1,4317.388668189184,4311.03,4,SL,-508.6934551347076,-548.6934551347076,59,
2016-05-05,1,4315.754189101868,4323.113429557529,4,TP,588.7392364528932,568.7392364528932,125,
2016-05-05,-1,4326.18,4329.46,4,SL,-262.3999999999796,-302.3999999999796,130,
2016-05-09,1,4345.641128279059,4341.1,4,SL,-363.29026232466276,-403.29026232466276,57,
2016-05-09,1,4341.31,4338.12,4,SL,-255.20000000004075,-295.20000000004075,69,
2016-05-09,1,4341.026127155739,4350.001599191641,3,TP,538.5283221540885,523.5283221540885,175,
2016-05-10,-1,4359.435722069916,4363.05,4,SL,-289.14223440675414,-329.14223440675414,18,
2016-05-10,-1,4363.64,4365.82,4,SL,-174.39999999995052,-214.39999999995052,20,
2016-05-11,-1,4395.166951732453,4399.17,4,SL,-320.2438614037965,-360.2438614037965,45,
2016-05-16,1,4339.145125351364,4344.3578438351315,4,TP,417.01747870138206,397.01747870138206,54,
2016-05-17,-1,4365.381287786687,4357.456347876039,4,TP,633.9951928517985,613.9951928517985,119,
2016-05-17,1,4356.78,4366.003429431987,4,TP,737.8743545589532,717.8743545589532,139,
2016-05-19,1,4324.140398452146,4320.4,4,SL,-299.2318761716888,-339.2318761716888,17,
2016-05-19,1,4322.916913248111,4318.7,4,SL,-337.35305984890147,-377.35305984890147,21,
2016-05-23,1,4372.006173510288,4377.393334591026,4,TP,430.9728864590579,410.9728864590579,28,
2016-05-23,-1,4377.47938674346,4382.35,4,BE,-389.64906052322476,-429.64906052322476,51,
2016-05-23,1,4374.282519249372,4370.36,4,SL,-313.8015399497817,-353.8015399497817,86,
2016-05-25,1,4454.11,4453.46,1,SL,-12.999999999992724,-22.999999999992724,13,
2016-05-25,-1,4460.869120844349,4464.36,4,SL,-279.27033245206985,-319.27033245206985,21,
2016-05-25,-1,4465.2,4466.44,4,SL,-99.19999999998254,-139.19999999998254,24,
2016-05-26,-1,4482.474458840155,4477.006320475602,4,TP,437.45106916430814,417.45106916430814,17,
2016-05-26,-1,4479.55346662636,4485.95,4,SL,-511.72266989116906,-551.7226698911691,62,
2016-05-26,-1,4483.256867456038,4487.93,4,SL,-373.85060351698485,-413.85060351698485,288,
2016-05-31,1,4515.570000972216,4517.536770086249,4,TP,157.34152912264108,137.34152912264108,14,
2016-05-31,1,4519.021857269022,4515.28,4,SL,-299.34858152177185,-339.34858152177185,71,
2016-05-31,1,4514.72,4514.55,4,SL,-13.60000000000582,-53.60000000000582,76,
2016-06-01,-1,4507.573079145434,4510.22,4,BE,-211.75366836527246,-251.75366836527246,19,
2016-06-01,1,4505.023243016845,4508.837187749376,4,TP,305.11557860249013,285.11557860249013,30,
2016-06-01,1,4504.893610390249,4508.783196432006,4,TP,311.1668833405565,291.1668833405565,32,
2016-06-06,-1,4516.44,4521.22,4,SL,-382.4000000000524,-422.4000000000524,17,
2016-06-07,-1,4527.04,4528.62,4,BE,-126.39999999999418,-166.39999999999418,19,
2016-06-07,-1,4529.974420467502,4526.971023157593,4,TP,240.27178479271242,220.27178479271242,76,
2016-06-07,1,4525.84,4522.39,4,SL,-275.99999999998545,-315.99999999998545,81,
2016-06-08,1,4522.677844208032,4517.61,4,SL,-405.4275366426009,-445.4275366426009,40,
2016-06-09,1,4508.273981991876,4514.050504944008,4,TP,462.12183617055416,442.12183617055416,43,
2016-06-09,1,4508.824027817922,4514.372753959317,4,TP,443.8980913116393,423.8980913116393,74,
2016-06-09,-1,4514.47,4509.228369268126,4,TP,419.33045854995726,399.33045854995726,113,
2016-06-09,-1,4513.564637985816,4503.832870392993,3,TP,583.906055569405,568.906055569405,263,
2016-06-13,-1,4442.49119178548,4448.5,4,SL,-480.7046571616229,-520.7046571616229,20,
2016-06-14,1,4428.162501476825,4434.296443091663,4,TP,490.7153291870054,470.7153291870054,29,
2016-06-14,1,4428.662050398118,4422.86,4,SL,-464.1640318494319,-504.1640318494319,46,
2016-06-15,-1,4436.63,4436.7,4,BE,-5.599999999976717,-45.59999999997672,18,
2016-06-15,1,4431.868444913608,4435.513116838244,4,TP,291.5737539708789,271.5737539708789,31,
2016-06-15,-1,4435.66,4432.071139769268,4,TP,287.1088184585824,267.1088184585824,47,
2016-06-15,1,4432.0,4426.96,4,SL,-403.1999999999971,-443.1999999999971,54,
2016-06-15,-1,4435.026072204667,4429.59849519145,4,TP,434.2061610573728,414.2061610573728,114,
2016-06-16,-1,4376.230199278863,4382.42,4,SL,-495.1840576909308,-535.1840576909308,119,
2016-06-16,-1,4378.399014942384,4384.82,4,SL,-513.6788046092261,-553.6788046092261,170,
2016-06-20,1,4427.486638794306,4431.232403337492,4,TP,299.66116345487535,279.66116345487535,29,
2016-06-20,1,4435.406858789443,4431.29,4,SL,-329.3487031554105,-369.3487031554105,145,
2016-06-21,1,4412.83493678116,4416.170524250041,4,TP,266.84699751051085,246.84699751051085,16,
2016-06-21,1,4414.531063901941,4410.6,4,SL,-314.4851121552347,-354.4851121552347,34,
2016-06-21,1,4409.45,4408.34,4,SL,-88.7999999999738,-128.7999999999738,37,
2016-06-21,1,4408.601687031469,4402.89,4,SL,-456.93496251748,-496.93496251748,125,
2016-06-22,-1,4416.39762019111,4419.55,4,BE,-252.19038471121166,-292.19038471121166,62,
2016-06-22,1,4419.192799123604,4408.01,3,SL,-670.9679474162476,-700.9679474162476,218,
2016-06-23,-1,4429.413294097401,4434.15,4,SL,-378.9364722078608,-418.9364722078608,33,
2016-06-28,1,4261.133537547215,4258.65,4,BE,-198.68300377725973,-238.68300377725973,95,
2016-06-28,-1,4267.948676953764,4256.355211573462,3,TP,695.6079228181443,680.6079228181443,233,
2016-06-30,-1,4375.464836432897,4371.5111919245965,4,TP,316.29156066403084,296.29156066403084,17,
2016-06-30,-1,4371.007575410599,4377.44,4,SL,-514.5939671520318,-554.5939671520318,78,
2016-07-05,-1,4406.875418287691,4410.63,4,BE,-300.36653698472946,-340.36653698472946,61,
2016-07-05,1,4400.649054251738,4408.452018427369,4,TP,624.2371340504906,604.2371340504906,107,
2016-07-05,-1,4408.69,4400.23321615893,4,TP,676.5427072855528,656.5427072855528,133,
2016-07-06,-1,4386.49709210455,4393.3,4,SL,-544.2326316360413,-584.2326316360413,27,
2016-07-07,1,4459.585944012643,4455.56,4,SL,-322.0755210114294,-362.0755210114294,86,
2016-07-11,1,4554.418134243262,4558.332245961259,4,TP,313.1289374397602,293.1289374397602,39,
2016-07-11,-1,4558.84,4553.969974613374,4,TP,389.6020309301093,369.6020309301093,42,
2016-07-12,1,4583.160317405786,4580.13,4,SL,-242.42539246290107,-282.4253924629011,28,
2016-07-12,-1,4582.47348493181,4577.8256965777255,4,TP,371.8230683267757,351.8230683267757,258,
2016-07-13,-1,4580.483189753977,4586.1,4,BE,-449.34481968186446,-489.34481968186446,32,
2016-07-14,-1,4593.078853654652,4597.51,4,SL,-354.4917076278216,-394.4917076278216,36,
2016-07-14,1,4592.337316867096,4587.12,4,SL,-417.385349367687,-457.385349367687,227,
2016-07-18,-1,4594.65239965077,4597.77,4,SL,-249.40802793840703,-289.40802793840703,27,
2016-07-19,1,4607.397267728072,4601.8,4,SL,-447.7814182457223,-487.7814182457223,17,
2016-07-19,-1,4609.192776140956,4601.457900557743,4,TP,618.7900466570136,598.7900466570136,77,
2016-07-19,1,4602.880740513931,4600.13,4,BE,-220.0592411145044,-260.0592411145044,226,
2016-07-20,-1,4629.8,4630.84,4,BE,-83.19999999999709,-123.19999999999709,17,
2016-07-21,-1,4666.2,4666.44,4,SL,-19.199999999982538,-59.19999999998254,13,
2016-07-21,1,4661.707416980167,4666.101148870647,4,TP,351.498551238401,331.498551238401,43,
2016-07-21,-1,4666.135432162783,4660.317900253635,4,TP,465.4025527318299,445.4025527318299,54,
2016-07-21,1,4659.33,4655.94,4,SL,-271.2000000000262,-311.2000000000262,76,
2016-07-21,1,4658.43656070033,4653.71,4,SL,-378.12485602640663,-418.12485602640663,131,
2016-07-25,-1,4663.768123600966,4659.640933494945,4,TP,330.17520848166896,310.17520848166896,27,
2016-07-25,1,4658.11,4657.97,4,BE,-11.199999999953434,-51.199999999953434,37,
2016-07-25,1,4657.548134781667,4655.55,4,BE,-159.85078253332176,-199.85078253332176,132,
2016-07-25,-1,4659.3296315865955,4657.58,4,EOD,139.97052692764555,99.97052692764555,361,
2016-07-27,-1,4707.239127633569,4710.79,4,SL,-284.0697893144534,-324.0697893144534,27,
2016-07-28,-1,4710.750551311203,4717.74,3,SL,-419.366921327819,-449.366921327819,25,
2016-07-28,1,4703.99284407157,4702.55,3,BE,-86.57064429420643,-116.57064429420643,189,
2016-08-01,-1,4733.890877794158,4737.64,4,SL,-299.92977646739746,-339.92977646739746,17,
2016-08-01,-1,4738.62,4741.26,4,SL,-211.2000000000262,-251.2000000000262,22,
2016-08-01,1,4747.661991056159,4750.05,3,EOD,143.28053663044557,113.28053663044557,361,
2016-08-03,1,4720.039699650224,4717.69,4,BE,-187.97597201795725,-227.97597201795725,126,
2016-08-04,1,4733.831784762143,4729.63,4,SL,-336.1427809714223,-376.1427809714223,29,
2016-08-04,1,4728.03,4727.19,4,SL,-67.20000000001164,-107.20000000001164,32,
2016-08-04,-1,4735.276377483484,4742.21,3,SL,-416.01735099096913,-446.01735099096913,88,
2016-08-08,-1,4791.619160197647,4787.886899184217,4,TP,298.5808810743765,278.5808810743765,15,
2016-08-09,1,4794.94096200589,4797.790973900766,4,TP,228.00095159014745,208.00095159014745,34,
2016-08-09,1,4802.141837197423,4798.36,4,SL,-302.5469757938845,-342.5469757938845,183,
2016-08-10,-1,4796.421698831283,4794.058430510017,4,TP,189.06146570123383,169.06146570123383,17,
2016-08-10,-1,4795.790370584048,4793.667414999515,4,TP,169.83644676263793,149.83644676263793,29,
2016-08-10,-1,4795.3977340980155,4792.493848148975,4,TP,232.31087592321273,212.31087592321273,58,
2016-08-10,1,4791.81,4789.6,4,SL,-176.8000000000029,-216.8000000000029,65,
2016-08-11,-1,4805.860644282301,4808.75,4,BE,-231.14845741591125,-271.14845741591125,262,
2016-08-16,-1,4807.133962125125,4811.95,4,SL,-385.2830299899506,-425.2830299899506,35,
2016-08-16,-1,4810.113629335944,4804.726358097476,4,TP,430.98169907745614,410.98169907745614,231,
2016-08-17,-1,4784.6970683295185,4789.65,4,SL,-396.23453363848967,-436.23453363848967,197,
2016-08-18,-1,4804.332459596405,4809.35,4,SL,-401.4032322876301,-441.4032322876301,35,
2016-08-22,-1,4799.06,4802.07,4,SL,-240.7999999999447,-280.7999999999447,18,
2016-08-22,1,4801.406568774717,4794.88,3,SL,-391.5941264830144,-421.5941264830144,118,
2016-08-22,-1,4810.489044571487,4796.94374973071,2,TP,541.8117936310955,531.8117936310955,235,
2016-08-22,1,4794.76,4807.02,4,EOD,980.8000000000175,940.8000000000175,361,
2016-08-23,1,4830.978445781398,4829.21,4,BE,-141.4756625118025,-181.4756625118025,87,
2016-08-24,1,4815.263600224658,4818.390769541586,4,TP,250.1735453542642,230.1735453542642,35,
2016-08-24,1,4814.92648049394,4811.41,4,SL,-281.3184395152348,-321.3184395152348,53,
2016-08-25,1,4773.94787783461,4778.396523117278,4,TP,355.891622613417,335.891622613417,32,
2016-08-25,-1,4778.423749833459,4783.21,4,SL,-382.90001332330576,-422.90001332330576,38,
2016-08-29,1,4791.001882388158,4789.72,4,BE,-102.55059105264081,-142.5505910526408,63,
2016-08-29,-1,4793.76638509734,4797.93,4,SL,-333.0891922127921,-373.0891922127921,137,
2016-08-30,1,4788.32,4794.224386258004,4,TP,472.3509006403765,452.3509006403765,33,
2016-08-30,1,4790.0916355703,4785.4,4,SL,-375.3308456240484,-415.3308456240484,39,
2016-08-30,1,4786.96,4784.7,4,SL,-180.80000000001746,-220.80000000001746,41,
2016-08-31,-1,4768.62,4771.35,4,BE,-218.40000000003783,-258.40000000003783,20,
2016-08-31,1,4767.748519332543,4772.62575292275,4,TP,390.1786872165394,370.1786872165394,57,
2016-08-31,1,4767.839594427514,4764.19,4,SL,-291.9675542011828,-331.9675542011828,96,
2016-08-31,1,4765.819806219923,4762.52,4,BE,-263.984497593774,-303.984497593774,151,
2016-09-01,1,4780.9440462693055,4777.32,4,SL,-289.9237015444669,-329.9237015444669,23,
2016-09-01,1,4776.28,4774.92,4,SL,-108.7999999999738,-148.7999999999738,31,
2016-09-01,-1,4772.046047711228,4780.15,3,SL,-486.2371373262795,-516.2371373262795,179,
2016-09-06,1,4807.993184177573,4803.82,4,BE,-333.85473420588824,-373.85473420588824,50,
2016-09-07,1,4832.05343404736,4829.14,4,SL,-233.0747237887408,-273.0747237887408,21,
2016-09-07,1,4831.06,4835.226578707497,4,TP,333.32629659969825,313.32629659969825,32,
2016-09-07,-1,4835.265534720678,4830.890208534003,4,TP,350.02609493400087,330.02609493400087,39,
2016-09-07,1,4832.394035814576,4827.61,4,SL,-382.7228651660698,-422.7228651660698,78,
2016-09-08,-1,4812.460283308612,4809.796448508113,4,TP,213.10678403991915,193.10678403991915,18,
2016-09-08,-1,4809.18,4813.73,4,SL,-363.9999999999418,-403.9999999999418,66,
2016-09-13,1,4743.792357352757,4738.9,4,SL,-391.38858822057955,-431.38858822057955,23,
2016-09-14,1,4738.295089229017,4743.941134598574,4,TP,451.6836295645044,431.6836295645044,13,
2016-09-14,1,4737.737896390411,4732.0,4,SL,-459.0317112328921,-499.0317112328921,22,
2016-09-14,-1,4744.057953635013,4750.6,4,SL,-523.3637091989658,-563.3637091989658,39,
2016-09-15,1,4753.704169577383,4749.64,4,SL,-325.13356619063416,-365.13356619063416,16,
2016-09-15,-1,4759.178978062334,4766.54,4,SL,-588.8817550132808,-628.8817550132808,27,
2016-09-19,1,4832.33,4829.2,4,SL,-250.40000000000873,-290.40000000000873,15,
2016-09-19,1,4830.81,4835.128405899269,4,TP,345.4724719414662,325.4724719414662,20,
2016-09-19,-1,4835.73,4839.11,4,SL,-270.40000000000873,-310.40000000000873,24,
2016-09-19,-1,4836.83,4841.32,4,SL,-359.19999999998254,-399.19999999998254,29,
2016-09-20,1,4811.226075827166,4814.877302762639,4,TP,292.0981548378768,272.0981548378768,14,
2016-09-20,1,4811.332848374502,4814.496277102081,4,TP,253.07429820633843,233.07429820633843,19,
2016-09-20,-1,4814.45823548302,4820.38,4,SL,-473.7411613584118,-513.7411613584118,23,
2016-09-20,1,4813.009232483924,4806.46,4,SL,-523.9385987139394,-563.9385987139394,65,
2016-09-21,-1,4827.97,4828.82,4,BE,-67.99999999995634,-107.99999999995634,21,
2016-09-21,1,4826.879332047848,4823.2,4,SL,-294.3465638278576,-334.3465638278576,89,
2016-09-22,1,4881.229714373929,4878.63,4,SL,-207.9771499142953,-247.9771499142953,15,
2016-09-22,1,4879.17,4883.287556452112,4,TP,329.4045161689428,309.4045161689428,25,
2016-09-22,-1,4883.47,4880.156978057675,4,TP,265.04175538604613,245.04175538604613,39,
2016-09-22,-1,4882.671002374528,4885.83,4,SL,-252.71981003774272,-292.7198100377427,57,
2016-09-26,-1,4824.264879031559,4820.250510063983,4,TP,321.14951740608376,301.14951740608376,29,
2016-09-26,-1,4824.276046933526,4829.45,4,SL,-413.91624531788693,-453.91624531788693,43,
2016-09-28,-1,4870.71523094768,4868.947133721883,4,TP,141.44777806373895,121.44777806373895,20,
2016-09-28,-1,4870.772481369732,4873.67,4,SL,-231.80149042142148,-271.8014904214215,32,
2016-09-28,-1,4872.59,4868.378654087574,4,TP,336.90767299405707,316.90767299405707,36,
2016-09-28,1,4868.395130052605,4864.55,4,SL,-307.6104042083898,-347.6104042083898,43,
2016-09-29,-1,4870.365237108595,4867.93694807126,4,TP,194.2631229867402,174.2631229867402,19,
2016-09-29,-1,4870.2411079798885,4872.7,4,SL,-196.71136160890455,-236.71136160890455,31,
2016-09-29,1,4868.049610629144,4860.58,4,SL,-597.5688503315178,-637.5688503315178,37,
2016-09-29,1,4857.84,4857.63,1,SL,-4.200000000000728,-14.200000000000728,39,
2016-10-03,1,4863.721463710787,4859.37,4,SL,-348.11709686298855,-388.11709686298855,15,
2016-10-03,-1,4862.4569783626475,4866.88,4,SL,-353.8417309882061,-393.8417309882061,74,
2016-10-03,1,4858.15676247708,4851.79,4,SL,-509.3409981663717,-549.3409981663717,141,
2016-10-04,1,4885.8852168576705,4882.43,4,SL,-276.4173486136133,-316.4173486136133,40,
2016-10-04,-1,4887.771428179666,4877.903771235119,3,TP,592.0594166728188,577.0594166728188,92,
2016-10-05,1,4878.636629347572,4884.076230941959,4,TP,435.1681275509327,415.1681275509327,99,
2016-10-06,-1,4865.94088052442,4861.819489854765,4,TP,329.71125357238634,309.71125357238634,63,
2016-10-06,1,4860.42,4865.771385091411,4,TP,428.11080731284164,408.11080731284164,79,
2016-10-06,1,4861.663194313188,4856.0,4,SL,-453.05554505503096,-493.05554505503096,99,
2016-10-10,1,4898.048842526984,4894.42,4,SL,-290.30740215872356,-330.30740215872356,176,
2016-10-12,-1,4816.513994197086,4822.6,4,SL,-486.88046423318156,-526.8804642331816,26,
2016-10-12,1,4815.0319813841,4822.490900579018,4,TP,596.7135355934442,576.7135355934442,121,
2016-10-13,-1,4776.851699871783,4779.51,3,BE,-159.49800769301874,-189.49800769301874,108,
2016-10-17,-1,4801.058414681181,4804.63,4,BE,-285.7268255055533,-325.7268255055533,54,
2016-10-18,-1,4848.48,4850.45,4,SL,-157.60000000002037,-197.60000000002037,18,
2016-10-18,1,4845.407232493709,4843.95,4,BE,-116.57859949671547,-156.57859949671547,51,
2016-10-18,-1,4847.882729865762,4852.44,4,SL,-364.58161073904193,-404.58161073904193,133,
2016-10-19,1,4832.78,4835.077528710599,4,TP,183.80229684793449,163.80229684793449,18,
2016-10-19,-1,4836.7,4838.92,4,SL,-177.60000000002037,-217.60000000002037,22,
2016-10-19,1,4833.269156363742,4836.176654716949,4,TP,232.59986825658416,212.59986825658416,44,
2016-10-19,-1,4838.08,4841.52,4,SL,-275.20000000004075,-315.20000000004075,58,
2016-10-20,-1,4829.768304768437,4839.26,4,SL,-759.3356185250741,-799.3356185250741,35,
2016-10-20,1,4825.414903733065,4818.81,3,SL,-396.2942239838958,-426.2942239838958,61,
2016-10-20,-1,4828.745589268224,4839.41,2,SL,-426.5764292710446,-446.5764292710446,191,
2016-10-24,1,4881.17,4886.498174166531,4,TP,426.2539333224413,406.2539333224413,15,
2016-10-24,-1,4887.1,4891.26,4,SL,-332.79999999998836,-372.79999999998836,19,
2016-10-24,1,4889.677178977009,4895.670553471196,4,TP,479.4699595349812,459.4699595349812,83,
2016-10-25,-1,4908.090914942816,4911.17,4,SL,-246.32680457470997,-286.32680457470997,16,
2016-10-25,1,4906.7760102022585,4909.573182956978,4,TP,223.77382037753705,203.77382037753705,35,
2016-10-25,1,4906.939574009495,4909.737205307202,4,TP,223.81050381656678,203.81050381656678,48,
2016-10-25,-1,4909.739265804591,4906.775766541317,4,TP,237.0799410618929,217.0799410618929,53,
2016-10-26,-1,4862.727635221966,4857.814560880254,4,TP,393.045947336941,373.045947336941,15,
2016-10-26,1,4857.728724613458,4851.93,4,SL,-463.89796907664277,-503.89796907664277,21,
2016-10-26,-1,4860.667597259897,4864.75,4,BE,-326.59221920825075,-366.59221920825075,67,
2016-10-31,-1,4819.878676653225,4818.017286215528,4,TP,148.91123501576658,128.91123501576658,14,
2016-10-31,-1,4820.036301520783,4817.819780931613,4,TP,177.32164713357633,157.32164713357633,16,
2016-10-31,-1,4820.030663568004,4823.3,4,SL,-261.5469145597308,-301.5469145597308,20,
2016-10-31,-1,4821.31,4817.4955195648945,4,TP,305.1584348084725,285.1584348084725,23,
2016-10-31,1,4816.8,4813.36,4,SL,-275.20000000004075,-315.20000000004075,25,
2016-10-31,-1,4818.4,4813.679530674157,4,TP,377.63754606741713,357.63754606741713,63,
2016-10-31,1,4812.45,4809.46,4,SL,-239.19999999998254,-279.19999999998254,65,
2016-10-31,-1,4816.479657994154,4821.08,4,SL,-368.0273604676768,-408.0273604676768,121,
2016-11-02,1,4765.141882030762,4758.59,4,SL,-524.1505624609272,-564.1505624609272,55,
2016-11-02,1,4756.929460580146,4749.05,3,SL,-472.7676348087516,-502.7676348087516,173,
2016-11-03,1,4725.499696108676,4719.97,4,SL,-442.3756886940828,-482.3756886940828,15,
2016-11-03,1,4720.39,4716.87,4,SL,-281.6000000000349,-321.6000000000349,21,
2016-11-03,-1,4722.755340073311,4714.122500363205,4,TP,690.6271768084844,670.6271768084844,82,
2016-11-07,-1,4738.378128213988,4743.38,4,BE,-400.1497428809671,-440.1497428809671,31,
2016-11-08,-1,4768.501810832618,4764.814999941532,4,TP,294.9448712868616,274.9448712868616,18,
2016-11-08,1,4764.55,4759.47,4,SL,-406.3999999999942,-446.3999999999942,21,
2016-11-08,-1,4766.444771783115,4770.35,4,SL,-312.41825735080056,-352.41825735080056,69,
2016-11-09,1,4750.47,4783.9506428689965,3,TP,2008.8385721397754,1993.8385721397754,18,
2016-11-09,-1,4787.59,4804.2,1,SL,-332.19999999999345,-342.19999999999345,21,
2016-11-10,-1,4849.23,4852.66,4,SL,-274.4000000000233,-314.4000000000233,13,
2016-11-10,-1,4851.06,4854.53,4,SL,-277.5999999999476,-317.5999999999476,16,
2016-11-10,1,4841.62326996297,4830.94,4,SL,-854.6615970376297,-894.6615970376297,27,
2016-11-16,1,4758.187722081354,4769.452927771699,3,TP,675.912341420717,660.912341420717,48,
2016-11-17,1,4788.834118458642,4794.902248523683,4,TP,485.45040520330076,465.45040520330076,19,
2016-11-17,1,4793.56480823004,4798.953662756969,4,TP,431.1083621542639,411.1083621542639,73,
2016-11-21,-1,4844.184435866436,4852.5,3,SL,-498.93384801385764,-528.9338480138576,150,
2016-11-22,-1,4879.193518238072,4882.45,4,SL,-260.5185409542173,-300.5185409542173,18,
2016-11-22,-1,4881.21,4876.851780144947,4,TP,348.6575884042395,328.6575884042395,29,
2016-11-22,1,4875.75,4881.0967815149925,4,TP,427.74252119939774,407.74252119939774,38,
2016-11-22,-1,4881.33,4877.386698224012,4,TP,315.46414207899943,295.46414207899943,55,
2016-11-22,1,4877.16,4873.11,4,SL,-324.00000000001455,-364.00000000001455,57,
2016-11-23,-1,4847.356029583162,4850.35,4,BE,-239.51763334705902,-279.517633347059,49,
2016-11-23,1,4842.8869906664595,4835.65,4,SL,-578.9592533167888,-618.9592533167888,111,
2016-11-28,-1,4860.080752976057,4864.44,4,SL,-348.7397619154217,-388.7397619154217,24,
2016-11-28,-1,4866.61,4867.93,1,SL,-26.40000000001237,-36.40000000001237,26,
2016-11-28,-1,4870.153440851889,4873.27,4,BE,-249.32473184890114,-289.32473184890114,151,
2016-11-29,1,4860.641707894383,4856.59,4,SL,-324.1366315506457,-364.1366315506457,17,
2016-11-29,1,4858.4,4850.48,4,SL,-633.6000000000058,-673.6000000000058,20,
2016-11-30,-1,4878.72,4880.37,4,SL,-131.9999999999709,-171.9999999999709,13,
2016-11-30,1,4872.057582716446,4864.11,4,SL,-635.806617315684,-675.806617315684,21,
2016-12-01,-1,4797.539318800713,4788.267400740429,4,TP,741.7534448226797,721.7534448226797,40,
2016-12-05,-1,4754.839459669434,4761.08,4,SL,-499.2432264452509,-539.2432264452509,18,
2016-12-05,-1,4758.35,4765.23,3,SL,-412.799999999952,-442.799999999952,22,
2016-12-06,-1,4782.541553907004,4788.57,4,SL,-482.2756874396873,-522.2756874396873,22,
2016-12-06,1,4778.944450352366,4777.15,3,BE,-107.66702114200598,-137.66702114200598,104,
2016-12-07,1,4777.770973853345,4772.88,4,BE,-391.2779082675843,-431.2779082675843,19,
2016-12-07,-1,4778.413380994024,4784.2,4,SL,-462.92952047806466,-502.92952047806466,46,
2016-12-08,1,4852.713046445676,4846.75,4,SL,-477.043715654072,-517.043715654072,35,
2016-12-08,1,4854.980527651428,4862.453280049422,4,TP,597.8201918394916,577.8201918394916,139,
2016-12-12,-1,4873.004100154993,4879.76,4,SL,-540.4719876006129,-580.4719876006129,23,
2016-12-12,1,4870.730496055627,4864.18,4,SL,-524.0396844501083,-564.0396844501083,57,
2016-12-14,-1,4947.2409740887515,4944.070645851641,4,TP,253.6262589688704,233.6262589688704,32,
2016-12-14,1,4943.58,4947.051703304839,4,TP,277.7362643871311,257.7362643871311,53,
2016-12-14,-1,4947.94,4951.85,4,SL,-312.8000000000611,-352.8000000000611,58,
2016-12-14,1,4943.406799971241,4948.036368287978,4,TP,370.3654653389822,350.3654653389822,72,
2016-12-15,1,4928.935285159667,4934.781582862795,4,TP,467.70381625028676,447.70381625028676,15,
2016-12-15,-1,4943.2,4945.01,4,BE,-144.80000000003201,-184.80000000003201,93,
2016-12-19,-1,4917.687824604093,4925.05,4,SL,-588.9740316725511,-628.9740316725511,13,
2016-12-19,-1,4923.79,4926.2,4,SL,-192.79999999998836,-232.79999999998836,15,
2016-12-20,1,4953.020005883154,4950.78,4,BE,-179.2004706523585,-219.2004706523585,34,
2016-12-20,1,4950.834196632373,4956.478050528413,4,TP,451.5083116832102,431.5083116832102,84,
2016-12-20,1,4950.543343788268,4955.564451131107,4,TP,401.68858742705197,381.68858742705197,218,
2016-12-21,1,4949.1,4945.19,4,SL,-312.8000000000611,-352.8000000000611,36,
2016-12-21,-1,4950.233329490021,4946.494214185559,4,TP,299.1292243569478,279.1292243569478,71,
2016-12-22,-1,4939.428367641883,4935.419424402513,4,TP,320.71545914957824,300.71545914957824,75,
2016-12-22,1,4935.15,4929.26,4,SL,-471.19999999995343,-511.19999999995343,119,
2016-12-29,1,4927.768770010077,4923.35,4,SL,-353.50160080612113,-393.50160080612113,15,
2016-12-29,1,4924.1,4921.03,4,SL,-245.60000000004948,-285.6000000000495,19,
2016-12-29,-1,4926.623261156159,4920.1364573052715,4,TP,518.9443080710043,498.94430807100434,70,
2016-12-29,1,4919.83,4914.28,4,SL,-444.00000000001455,-484.00000000001455,81,
2017-01-03,1,4893.99,4902.245932785862,4,TP,660.4746228690055,640.4746228690055,16,
2017-01-03,-1,4902.58,4905.21,4,BE,-210.40000000000873,-250.40000000000873,30,
2017-01-04,1,4928.089500969144,4931.415899962996,4,TP,266.11191950818466,246.11191950818466,16,
2017-01-04,1,4928.418703759534,4932.04972819631,4,TP,290.481954942079,270.481954942079,35,
2017-01-04,-1,4932.25,4927.749878641839,4,TP,360.00970865286945,340.00970865286945,37,
2017-01-04,1,4927.622858275578,4923.59,4,SL,-322.62866204626334,-362.62866204626334,48,
2017-01-04,1,4925.06782123993,4931.0907805854185,4,TP,481.8367476390995,461.8367476390995,121,
2017-01-04,-1,4931.78,4935.55,4,SL,-301.6000000000349,-341.6000000000349,136,
2017-01-05,1,4952.7010966388925,4958.2193751412315,4,TP,441.46228018711554,421.46228018711554,89,
2017-01-05,-1,4958.230719702439,4951.912438597188,4,TP,505.46248842008936,485.46248842008936,95,
2017-01-05,1,4951.31,4946.74,4,SL,-365.6000000000495,-405.6000000000495,98,
2017-01-09,1,5015.547556004321,5018.9895380524185,4,TP,275.3585638477671,255.35856384776707,21,
2017-01-09,-1,5019.09594514807,5022.1,4,SL,-240.324388154404,-280.324388154404,28,
2017-01-09,1,5016.099060739627,5010.69,4,SL,-432.72485917019367,-472.72485917019367,36,
2017-01-09,1,5009.92,5019.847589914679,1,TP,198.5517982935744,193.5517982935744,50,
2017-01-09,-1,5020.0,5022.44,4,BE,-195.19999999996799,-235.19999999996799,109,
2017-01-10,-1,5029.234341762425,5022.82905729967,4,TP,512.4227570203948,492.4227570203948,22,
2017-01-10,-1,5027.750079534063,5021.579629173287,4,TP,493.63602886209264,473.63602886209264,49,
2017-01-10,-1,5026.6111324973535,5030.81,4,SL,-335.909400211749,-375.909400211749,84,
2017-01-11,1,5036.836051596114,5033.69,4,SL,-251.68412768915005,-291.68412768915005,18,
2017-01-11,-1,5039.162807717166,5035.167726842788,4,TP,319.60646995023126,299.60646995023126,38,
2017-01-11,1,5037.442626792247,5030.13,4,SL,-585.0101433797681,-625.0101433797681,115,
2017-01-11,1,5031.42,5032.61,1,SL,23.799999999991996,13.799999999991996,117,
2017-01-11,1,5030.064066100042,5020.76,3,SL,-558.2439660024829,-588.2439660024829,197,
2017-01-17,-1,5039.190403362432,5044.34,4,BE,-411.96773100542487,-451.96773100542487,39,
2017-01-18,-1,5051.25,5055.3,4,SL,-324.00000000001455,-364.00000000001455,14,
2017-01-19,1,5069.84656922961,5066.69,4,SL,-252.52553836886364,-292.52553836886364,41,
2017-01-19,1,5067.97,5061.86,4,SL,-488.80000000004657,-528.8000000000466,47,
2017-01-23,1,5063.03512397431,5058.42,4,SL,-369.2099179448269,-409.2099179448269,38,
2017-01-24,1,5078.653478959905,5074.72,4,SL,-314.678316792415,-354.678316792415,14,
2017-01-24,1,5075.7,5073.12,4,SL,-206.39999999999418,-246.39999999999418,18,
2017-01-24,-1,5077.544624891958,5079.7,4,BE,-172.43000864335045,-212.43000864335045,130,
2017-01-25,-1,5132.631437178597,5135.16,4,SL,-202.28502571226272,-242.28502571226272,38,
2017-01-26,1,5158.14,5156.64,4,SL,-120.0,-160.0,16,
2017-01-26,1,5157.926547783125,5153.91,4,SL,-321.3238226500107,-361.3238226500107,56,
2017-01-26,-1,5159.310004460729,5154.367397071189,4,TP,395.4085911632137,375.4085911632137,153,
2017-01-26,1,5154.615492284689,5159.354468557491,4,TP,379.1181018241332,359.1181018241332,279,
2017-01-31,1,5105.19,5102.33,4,SL,-228.7999999999738,-268.7999999999738,13,
2017-01-31,-1,5106.86346573159,5111.82,4,SL,-396.5227414727997,-436.5227414727997,53,
2017-01-31,1,5100.460935092854,5094.75,4,SL,-456.8748074283212,-496.8748074283212,119,
2017-02-01,1,5156.592979129786,5150.18,4,SL,-513.0383303828421,-553.0383303828421,17,
2017-02-02,-1,5140.5,5147.03,4,SL,-522.3999999999796,-562.3999999999796,16,
2017-02-02,1,5148.84,5142.52,4,SL,-505.5999999999767,-545.5999999999767,147,
2017-02-06,-1,5154.733091904463,5151.145371379677,4,TP,287.0176419828931,267.0176419828931,15,
2017-02-06,1,5150.82,5154.15327349754,4,TP,266.6618798032141,246.6618798032141,23,
2017-02-06,-1,5155.36,5157.42,4,BE,-164.80000000003201,-204.80000000003201,46,
2017-02-08,1,5176.818567489936,5172.77,4,SL,-323.88539919484174,-363.88539919484174,17,
2017-02-08,-1,5177.861470266019,5184.85,4,SL,-559.0823787185218,-599.0823787185218,43,
2017-02-09,1,5201.493063767732,5198.29,4,BE,-256.24510141853534,-296.24510141853534,45,
2017-02-09,-1,5203.820513746243,5207.58,4,SL,-300.75890030057053,-340.75890030057053,53,
2017-02-09,-1,5206.32,5207.62,4,SL,-104.00000000001455,-144.00000000001455,56,
2017-02-13,1,5247.013966116834,5249.571017923725,4,TP,204.56414455125923,184.56414455125923,73,
2017-02-13,1,5247.342117131634,5250.008064277536,4,TP,213.2757716721244,193.2757716721244,110,
2017-02-13,-1,5250.012263820152,5252.85,4,SL,-227.01889438787475,-267.01889438787475,115,
2017-02-14,1,5249.693628246479,5252.758958627617,4,TP,245.22643049102044,225.22643049102044,22,
2017-02-14,-1,5253.33,5249.980967815507,4,TP,267.9225747594319,247.92257475943188,30,
2017-02-14,1,5249.943799529131,5244.98,4,SL,-397.1039623305114,-437.1039623305114,35,
2017-02-14,-1,5253.007319463363,5248.30867501411,4,TP,375.89155594025215,355.89155594025215,61,
2017-02-15,1,5272.417653492417,5275.271919922737,4,TP,228.341314425561,208.341314425561,58,
2017-02-15,-1,5275.59,5278.26,4,SL,-213.60000000000582,-253.60000000000582,66,
2017-02-16,1,5309.1913256667885,5304.68,4,SL,-360.9060533430602,-400.9060533430602,21,
2017-02-16,1,5301.26,5300.98,1,SL,-5.600000000013097,-15.600000000013097,23,
2017-02-16,1,5302.716022987961,5293.32,4,SL,-751.6818390369008,-791.6818390369008,83,
2017-02-21,1,5342.636901835494,5339.3,4,SL,-266.95214683953964,-306.95214683953964,120,
2017-02-22,1,5339.07,5337.24,4,SL,-146.39999999999418,-186.39999999999418,13,
2017-02-27,-1,5327.532082245725,5330.52,4,SL,-239.0334203420207,-279.0334203420207,23,
2017-02-28,-1,5346.013844743684,5344.426394823631,4,TP,126.99599360421416,106.99599360421416,13,
2017-02-28,-1,5342.37083924938,5339.243040713631,4,TP,250.22388285993657,230.22388285993657,138,
2017-03-01,-1,5362.218328001076,5368.79,4,SL,-525.7337599139282,-565.7337599139282,32,
2017-03-02,-1,5387.0,5382.121662879917,4,TP,390.26696960667323,370.26696960667323,16,
2017-03-02,1,5382.2580157802195,5385.3122512646005,4,TP,244.33883875048195,224.33883875048195,29,
2017-03-02,-1,5386.05,5381.97903094058,4,TP,325.67752475362795,305.67752475362795,39,
2017-03-02,1,5380.56,5377.76,4,SL,-224.00000000001455,-264.00000000001455,42,
2017-03-06,1,5348.267321339351,5342.63,4,SL,-450.98570714806556,-490.98570714806556,51,
2017-03-07,1,5345.83,5352.626237125447,4,TP,543.6989700357663,523.6989700357663,25,
2017-03-07,-1,5352.70703992997,5358.11,4,SL,-432.2368056023697,-472.2368056023697,50,
2017-03-09,-1,5356.99,5360.09,4,SL,-248.0000000000291,-288.0000000000291,16,
2017-03-09,1,5360.921812307056,5356.59,4,SL,-346.54498456446163,-386.54498456446163,242,
2017-03-13,1,5387.650397989321,5385.55,4,BE,-168.03183914569672,-208.03183914569672,29,
2017-03-13,1,5385.151485706699,5388.4272951767325,4,TP,262.0647576027113,242.06475760271132,102,
2017-03-13,-1,5388.44884401559,5385.196876305278,4,TP,260.1574168249499,240.1574168249499,121,
2017-03-13,1,5385.215669221905,5388.602361162372,4,TP,270.93535523737955,250.93535523737955,198,
2017-03-14,-1,5383.200958789889,5381.208891298478,4,TP,159.3653993128828,139.3653993128828,17,
2017-03-14,1,5380.8,5378.34,4,SL,-196.8000000000029,-236.8000000000029,21,
2017-03-14,-1,5376.403093659029,5381.56,4,EOD,-412.55250727772363,-452.55250727772363,361,
2017-03-15,-1,5382.622101588453,5383.74,4,BE,-89.43187292374205,-129.43187292374205,116,
2017-03-16,-1,5421.394500963278,5418.59854430599,4,TP,223.67653258304927,203.67653258304927,15,
2017-03-16,-1,5421.388740389132,5418.633633190762,4,TP,220.40857586958737,200.40857586958737,22,
2017-03-16,-1,5420.996383873208,5418.368130730067,4,TP,210.26025145132735,190.26025145132735,37,
2017-03-20,-1,5408.51,5410.2,4,SL,-135.19999999996799,-175.19999999996799,18,
2017-03-21,1,5434.4060106772195,5433.18,4,BE,-98.08085417753318,-138.08085417753318,22,
2017-03-22,1,5340.860046066193,5335.11,4,SL,-460.00368529545085,-500.00368529545085,30,
2017-03-22,-1,5344.734961390032,5352.58,3,SL,-470.7023165980536,-500.7023165980536,90,
2017-03-23,1,5354.511824140784,5358.0522493357485,4,TP,283.2340155971906,263.2340155971906,34,
2017-03-23,1,5352.434787676987,5348.34,4,SL,-327.58301415895403,-367.58301415895403,47,
2017-03-23,1,5360.359296241683,5370.929334352979,3,TP,634.202286677737,619.202286677737,326,
2017-03-27,1,5318.38,5326.417315113449,4,TP,642.9852090759232,622.9852090759232,19,
2017-03-27,-1,5326.521309707195,5332.7,4,SL,-494.29522342441487,-534.2952234244149,22,
2017-03-28,1,5376.639327040528,5370.44,4,SL,-495.9461632422608,-535.9461632422608,18,
2017-03-28,1,5371.48,5363.71,4,SL,-621.5999999999622,-661.5999999999622,22,
2017-03-28,-1,5379.322387924047,5369.87641144575,3,TP,566.7585886978122,551.7585886978122,50,
2017-03-28,1,5368.13,5378.111518178538,4,TP,798.5214542830363,778.5214542830363,95,
2017-03-30,-1,5433.203424923593,5437.59,4,SL,-350.92600611256785,-390.92600611256785,27,
2017-03-30,1,5436.962525382196,5432.35,4,SL,-369.00203057564795,-409.00203057564795,150,
2017-04-03,1,5446.279397147911,5441.51,4,BE,-381.551771832892,-421.551771832892,37,
2017-04-04,-1,5427.999571580919,5420.242435890719,4,TP,620.5708552159922,600.5708552159922,81,
2017-04-04,-1,5427.595929272555,5432.98,4,SL,-430.72565819558804,-470.72565819558804,115,
2017-04-04,-1,5430.826957360437,5436.77,4,SL,-475.4434111651062,-515.4434111651062,293,
2017-04-06,1,5424.272257698681,5419.16,4,SL,-408.98061589447025,-448.98061589447025,15,
2017-04-06,1,5420.02,5415.51,4,SL,-360.80000000001746,-400.80000000001746,17,
2017-04-06,-1,5427.478057588181,5419.218844831761,3,TP,495.55276538521866,480.55276538521866,42,
2017-04-06,1,5417.21,5427.908782264062,4,TP,855.902581124974,835.902581124974,60,
2017-04-06,-1,5427.994989465177,5418.587784784276,4,TP,752.5763744721189,732.5763744721189,70,
2017-04-06,1,5417.98,5428.0321895428615,4,TP,804.175163428954,784.175163428954,91,
2017-04-06,1,5421.651607353368,5429.353897788005,4,TP,616.1832347710151,596.1832347710151,235,
2017-04-10,1,5433.688524063955,5429.64,4,SL,-323.8819251163659,-363.8819251163659,90,
2017-04-11,1,5400.03,5400.43,1,SL,8.000000000010914,-1.999999999989086,15,
2017-04-11,-1,5386.9933723400445,5396.92,2,SL,-397.06510639822227,-417.06510639822227,205,
2017-04-12,1,5392.552578473311,5396.995775929845,4,TP,355.45579652272863,335.45579652272863,22,
2017-04-12,1,5392.896930842067,5396.962796145929,4,TP,325.26922430894047,305.26922430894047,30,
2017-04-12,-1,5396.491932680499,5391.75348330816,4,TP,379.0759497871477,359.0759497871477,58,
2017-04-12,1,5390.12,5387.37,4,SL,-220.0,-260.0,63,
2017-04-13,1,5386.933374222525,5382.02,4,SL,-393.06993780199264,-433.06993780199264,175,
2017-04-17,1,5371.47,5374.942726349012,4,TP,277.8181079209753,257.8181079209753,30,
2017-04-17,-1,5375.68,5380.15,4,SL,-357.5999999999476,-397.5999999999476,37,
2017-04-18,1,5391.736511990587,5386.39,4,SL,-427.7209592469444,-467.7209592469444,51,
2017-04-18,1,5387.39,5380.89,4,SL,-520.0,-560.0,151,
2017-04-19,1,5418.472100644205,5420.697273560615,4,TP,178.01383331279794,158.01383331279794,19,
2017-04-19,-1,5424.252728167996,5425.38,4,BE,-90.18174656033807,-130.18174656033807,100,
2017-04-19,1,5421.830156263293,5417.9,4,SL,-314.4125010634889,-354.4125010634889,166,
2017-04-20,1,5418.3,5417.38,4,SL,-73.60000000000582,-113.60000000000582,14,
2017-04-20,-1,5422.8896591590865,5429.23,4,SL,-507.2272672730469,-547.2272672730469,41,
2017-04-24,-1,5503.77,5505.51,4,BE,-139.19999999998254,-179.19999999998254,29,
2017-04-24,1,5500.282820720085,5504.890263621016,4,TP,368.5954320745077,348.5954320745077,43,
2017-04-26,1,5553.54,5548.99,4,SL,-364.00000000001455,-404.00000000001455,13,
2017-04-26,1,5548.91,5546.68,4,SL,-178.39999999996508,-218.39999999996508,53,
2017-04-26,1,5547.174299708986,5551.9634095321035,4,TP,383.12878584940336,363.12878584940336,113,
2017-04-26,-1,5552.73,5556.93,4,SL,-336.0000000000582,-376.0000000000582,116,
2017-04-26,1,5546.995316640982,5540.33,4,SL,-533.2253312785906,-573.2253312785906,140,
2017-04-27,-1,5554.1275850508555,5556.2,4,SL,-165.7931959315465,-205.7931959315465,14,
2017-04-27,-1,5557.39,5559.39,4,SL,-160.0,-200.0,17,
2017-04-27,1,5558.97432664965,5564.096018042958,4,TP,409.73531146468304,389.73531146468304,104,
2017-04-27,1,5558.8118631193365,5564.033291972265,4,TP,417.7143082342809,397.7143082342809,196,
2017-05-01,1,5606.74375060675,5603.86,4,SL,-230.70004854002036,-270.70004854002036,42,
2017-05-01,-1,5609.702848339889,5613.58,4,SL,-310.1721328088752,-350.1721328088752,63,
2017-05-02,-1,5633.457957620063,5636.09,4,BE,-210.5633903949638,-250.5633903949638,76,
2017-05-03,-1,5623.261823785905,5620.0572588968525,4,TP,256.365191124205,236.365191124205,31,
2017-05-03,1,5619.28,5613.67,4,SL,-448.7999999999738,-488.7999999999738,40,
2017-05-03,-1,5622.471659996453,5616.731146341249,4,TP,459.2410924163414,439.2410924163414,77,
2017-05-03,1,5615.27,5612.25,4,SL,-241.60000000003492,-281.6000000000349,82,
2017-05-04,-1,5617.580928527333,5623.41,4,SL,-466.325717813379,-506.325717813379,50,
2017-05-08,1,5644.201104146004,5639.86,4,SL,-347.28833168031997,-387.28833168031997,112,
2017-05-09,1,5678.508795720453,5675.93,4,BE,-206.30365763623558,-246.30365763623558,138,
2017-05-10,-1,5670.481205959591,5674.09,4,SL,-288.70352323276165,-328.70352323276165,115,
2017-05-11,1,5662.435998486122,5656.99,4,SL,-435.6798788897868,-475.6798788897868,17,
2017-05-15,-1,5697.64,5703.07,4,SL,-434.3999999999505,-474.3999999999505,75,
2017-05-16,-1,5711.304238345595,5713.69,4,SL,-190.86093235237058,-230.86093235237058,20,
2017-05-16,1,5711.284706463977,5707.68,4,SL,-288.3765171181585,-328.3765171181585,54,
2017-05-17,1,5681.032358981427,5674.59,4,SL,-515.3887185141502,-555.3887185141502,23,
2017-05-23,1,5697.697187116238,5704.517271043983,4,TP,545.6067142196116,525.6067142196116,105,
2017-05-23,1,5698.71587656168,5692.81,4,SL,-472.4701249343343,-512.4701249343343,201,
2017-05-24,-1,5715.163702900214,5711.4884901808355,4,TP,294.01701755028625,274.01701755028625,29,
2017-05-24,1,5711.07,5706.9,4,SL,-333.6000000000058,-373.6000000000058,35,
2017-05-24,-1,5714.3124026163305,5709.709246994345,4,TP,368.25244975880196,348.25244975880196,91,
2017-05-24,1,5709.3,5705.93,4,SL,-269.59999999999127,-309.59999999999127,95,
2017-05-24,-1,5713.532388336094,5715.44,4,BE,-152.60893311242398,-192.60893311242398,180,
2017-05-25,-1,5745.413716365929,5748.28,4,SL,-229.3026907256717,-269.3026907256717,20,
2017-05-25,-1,5748.32,5750.72,4,SL,-192.00000000004366,-232.00000000004366,25,
2017-05-30,1,5792.994096724097,5797.483011805895,4,TP,359.11320654384326,339.11320654384326,73,
2017-05-30,-1,5797.706310307993,5798.61,4,BE,-72.29517536055937,-112.29517536055937,210,
2017-06-01,-1,5805.413615958212,5810.7,4,SL,-422.91072334301134,-462.91072334301134,17,
2017-06-01,1,5803.101631247394,5796.86,4,SL,-499.3304997915402,-539.3304997915402,25,
2017-06-01,1,5800.37,5795.28,4,SL,-407.20000000001164,-447.20000000001164,36,
2017-06-05,-1,5878.063387706648,5881.23,4,SL,-253.32898346809088,-293.3289834680909,16,
2017-06-05,1,5880.235923127446,5875.14,4,BE,-407.67385019564244,-447.67385019564244,116,
2017-06-06,1,5880.940855649295,5877.21,4,SL,-298.46845194362686,-338.46845194362686,109,
2017-06-07,1,5874.4650142973405,5865.74,4,SL,-698.0011437872599,-738.0011437872599,21,
2017-06-07,-1,5877.75856814183,5871.497812602753,4,TP,500.86044312622107,480.86044312622107,54,
2017-06-07,1,5868.054461851555,5865.98,4,BE,-165.9569481244398,-205.9569481244398,153,
2017-06-12,-1,5669.777803974839,5683.03,2,SL,-530.0878410064252,-550.0878410064252,53,
2017-06-13,1,5748.102201116118,5744.98,4,BE,-249.77608928944392,-289.7760892894439,34,
2017-06-13,1,5740.577396041189,5731.79,3,SL,-527.2437624713348,-557.2437624713348,77,
2017-06-14,-1,5766.186311277821,5759.834003493101,4,TP,508.1846227776259,488.1846227776259,40,
2017-06-14,1,5759.53,5750.55,4,SL,-718.3999999999651,-758.3999999999651,46,
2017-06-14,-1,5765.064801203284,5756.1147619999065,4,TP,716.0031362702284,696.0031362702284,87,
2017-06-14,1,5753.13,5764.251448006507,4,TP,889.7158405205846,869.7158405205846,110,
2017-06-14,1,5756.605764729003,5766.672701877031,3,TP,604.0162288816828,589.0162288816828,194,
2017-06-15,1,5665.88,5658.13,4,SL,-620.0,-660.0,13,
2017-06-15,1,5657.71,5652.97,4,SL,-379.19999999998254,-419.19999999998254,15,
2017-06-20,-1,5766.87,5758.826610410396,4,TP,643.4711671683181,623.4711671683181,19,
2017-06-20,1,5758.792160100564,5754.4,4,BE,-351.37280804512557,-391.37280804512557,29,
2017-06-20,-1,5763.368417448345,5768.42,4,BE,-404.1266041323979,-444.1266041323979,75,
2017-06-21,1,5741.937878940918,5746.653908115461,4,TP,377.282333963376,357.282333963376,14,
2017-06-21,1,5742.847727220174,5737.77,4,SL,-406.21817761391867,-446.21817761391867,24,
2017-06-21,1,5738.06,5746.997898792995,4,TP,715.0319034395943,695.0319034395943,32,
2017-06-21,-1,5749.31,5752.73,4,SL,-273.59999999993306,-313.59999999993306,39,
2017-06-26,1,5838.1052201583025,5833.56,4,SL,-363.6176126641658,-403.6176126641658,31,
2017-06-27,-1,5751.86,5741.646567569244,4,TP,817.0745944604278,797.0745944604278,27,
2017-06-27,1,5741.33,5748.917699985222,4,TP,607.0159988177329,587.0159988177329,32,
2017-06-27,-1,5750.24,5754.55,4,SL,-344.800000000032,-384.800000000032,35,
2017-06-27,1,5743.4953339313815,5751.705506854264,4,TP,656.8138338306017,636.8138338306017,66,
2017-06-27,1,5746.791868711993,5741.09,4,SL,-456.14949695940595,-496.14949695940595,170,
2017-06-28,-1,5681.610248506293,5688.41,3,SL,-407.9850896224161,-437.9850896224161,38,
2017-06-28,-1,5685.31,5692.41,3,SL,-425.99999999996726,-455.99999999996726,62,
2017-06-29,1,5685.388983372097,5676.36,3,SL,-541.7390023258304,-571.7390023258304,96,
2017-07-05,1,5610.793695759417,5605.07,3,BE,-343.4217455650105,-373.4217455650105,32,
2017-07-05,-1,5614.652872469981,5623.15,3,SL,-509.8276518011153,-539.8276518011153,74,
2017-07-06,1,5598.33,5592.16,4,BE,-493.6000000000058,-533.6000000000058,35,
2017-07-06,-1,5599.728298897486,5603.44,3,BE,-222.70206615083225,-252.70206615083225,117,
2017-07-10,1,5666.4324681570515,5658.52,4,SL,-632.9974525640864,-672.9974525640864,22,
2017-07-11,-1,5687.434425229249,5691.75,4,SL,-345.2459816600458,-385.2459816600458,22,
2017-07-12,-1,5760.544810614616,5756.425089698095,4,TP,329.5776733216917,309.5776733216917,17,
2017-07-12,1,5756.368874483653,5749.94,4,SL,-514.3099586922472,-554.3099586922472,24,
2017-07-12,-1,5760.106075251188,5763.14,4,BE,-242.7139799050201,-282.7139799050201,52,
2017-07-12,1,5755.170224141467,5760.932683848462,4,TP,460.99677655962296,440.99677655962296,93,
2017-07-13,1,5784.64887245365,5789.973225185865,4,TP,425.9482185771776,405.9482185771776,15,
2017-07-13,1,5791.057523197645,5785.01,4,SL,-483.8018558116164,-523.8018558116164,58,
2017-07-13,-1,5796.694905285133,5788.2510909017765,3,TP,506.628863001406,491.628863001406,260,
2017-07-17,1,5839.97,5846.337416327134,4,TP,509.39330617067753,489.39330617067753,14,
2017-07-17,1,5848.096013042372,5839.33,4,SL,-701.2810433897539,-741.2810433897539,67,
2017-07-18,-1,5830.16,5833.91,4,SL,-300.0,-340.0,16,
2017-07-18,1,5834.342594880805,5843.866001942202,4,TP,761.872564911755,741.872564911755,83,
2017-07-19,1,5903.636869444139,5898.96,4,SL,-374.1495555311121,-414.1495555311121,21,
2017-07-19,-1,5907.909615405152,5900.887914115992,4,TP,561.7361031327891,541.7361031327891,38,
2017-07-19,1,5900.01,5896.28,4,BE,-298.40000000003783,-338.40000000003783,70,
2017-07-20,-1,5926.26551417038,5920.244150530269,4,TP,481.7090912089043,461.7090912089043,41,
2017-07-20,-1,5921.604580708469,5924.62,3,BE,-180.92515749183804,-210.92515749183804,159,
2017-07-24,1,5916.94,5920.950052735582,4,TP,320.8042188466061,300.8042188466061,23,
2017-07-24,-1,5921.1,5925.16,4,SL,-324.79999999995925,-364.79999999995925,29,
2017-07-24,1,5919.426721723712,5918.41,4,BE,-81.33773789697443,-121.33773789697443,94,
2017-07-25,-1,5926.365055336274,5931.17,4,SL,-384.3955730980815,-424.3955730980815,26,
2017-07-25,1,5924.902323792126,5931.714760711589,4,TP,544.9949535571068,524.9949535571068,110,
2017-07-26,1,5946.242514945434,5948.8408127362145,4,TP,207.86382326245075,187.86382326245075,16,
2017-07-26,1,5948.429779541279,5944.55,4,SL,-310.38236330226937,-350.38236330226937,78,
2017-07-27,-1,5985.323096767903,5989.74,4,SL,-353.3522585677565,-393.3522585677565,63,
2017-07-31,1,5927.013215907817,5923.86,4,SL,-252.25727262535656,-292.25727262535656,17,
2017-08-01,-1,5901.060207504734,5893.876951668244,4,TP,574.6604669191584,554.6604669191584,17,
2017-08-01,1,5893.79820603556,5898.369908275165,4,TP,365.73617916837975,345.73617916837975,34,
2017-08-01,-1,5898.486998998922,5892.272721057976,4,TP,497.1422352756781,477.1422352756781,45,
2017-08-01,1,5892.15,5891.07,4,BE,-86.39999999999418,-126.39999999999418,51,
2017-08-01,-1,5896.475179373707,5901.75,4,SL,-421.9856501034519,-461.9856501034519,85,
2017-08-03,-1,5916.42,5908.686975836766,4,TP,618.6419330587523,598.6419330587523,16,
2017-08-03,1,5908.358401493987,5901.21,4,SL,-571.8721195189573,-611.8721195189573,24,
2017-08-07,-1,5910.181967625584,5913.54,4,SL,-268.642589953306,-308.642589953306,17,
2017-08-08,-1,5922.729745298093,5926.75,4,SL,-321.6203761525685,-361.6203761525685,26,
2017-08-09,1,5874.96,5867.2,4,SL,-620.8000000000175,-660.8000000000175,13,
2017-08-09,-1,5884.090446247738,5892.35,4,SL,-660.7643001809629,-700.7643001809629,28,
2017-08-10,1,5871.37,5870.03,4,SL,-107.20000000001164,-147.20000000001164,14,
2017-08-14,1,5884.930319029378,5888.802872103831,4,TP,309.80424595625664,289.80424595625664,16,
2017-08-14,1,5884.682354046811,5888.9000765469755,4,TP,337.417800013136,317.417800013136,25,
2017-08-14,-1,5889.45,5896.12,4,SL,-533.6000000000058,-573.6000000000058,33,
2017-08-16,-1,5915.175593878427,5919.34,4,SL,-333.15248972583504,-373.15248972583504,66,
2017-08-16,1,5919.386680902189,5910.99,3,SL,-503.8008541313684,-533.8008541313684,242,
2017-08-17,1,5895.7000135307935,5890.82,4,SL,-390.4010824635043,-430.4010824635043,28,
2017-08-17,1,5893.14,5888.67,4,SL,-357.6000000000204,-397.6000000000204,30,
2017-08-21,1,5790.780579746011,5781.9,4,SL,-710.4463796809432,-750.4463796809432,28,
2017-08-23,1,5848.4169352836325,5843.62,4,SL,-383.7548226906074,-423.7548226906074,39,
2017-08-23,-1,5854.90752889939,5846.970751665623,4,TP,634.9421787013853,614.9421787013853,61,
2017-08-23,1,5844.96,5854.445222158904,4,TP,758.817772712282,738.817772712282,77,
2017-08-23,-1,5854.483162882582,5846.735906754938,4,TP,619.7804902115604,599.7804902115604,88,
2017-08-23,1,5845.07,5853.973270803312,4,TP,712.2616642649518,692.2616642649518,109,
2017-08-23,-1,5854.39,5859.14,4,SL,-380.0,-420.0,113,
2017-08-24,-1,5839.926712905535,5843.8,2,BE,-154.93148377860052,-174.93148377860052,353,
2017-08-28,-1,5833.715918437202,5829.922670060793,4,TP,303.45987011271063,283.45987011271063,19,
2017-08-28,-1,5832.394575927529,5836.84,4,SL,-355.63392579766514,-395.63392579766514,52,
2017-08-31,1,5961.79534231231,5967.907889987969,4,TP,489.0038140527031,469.0038140527031,101,
2017-08-31,1,5962.768755227642,5968.661443889362,4,TP,471.41509293760464,451.41509293760464,130,
2017-08-31,-1,5968.83,5974.49,4,SL,-452.79999999998836,-492.79999999998836,144,
2017-09-05,-1,5970.865387959732,5979.85,3,SL,-539.0767224160845,-569.0767224160845,48,
2017-09-06,-1,5948.145756106782,5941.703968071064,4,TP,515.3430428574211,495.3430428574211,44,
2017-09-06,1,5938.31,5934.28,4,SL,-322.4000000000524,-362.4000000000524,47,
2017-09-07,-1,5959.740869779403,5955.420355367914,4,TP,345.6411529190518,325.6411529190518,18,
2017-09-07,1,5955.329449802157,5946.08,4,SL,-739.9559841725568,-779.9559841725568,31,
2017-09-07,-1,5957.6314343741415,5961.25,4,BE,-289.48525006868294,-329.48525006868294,65,
2017-09-07,1,5956.726371314401,5961.47,2,EOD,189.74514742396423,169.74514742396423,361,
2017-09-11,1,5978.317140485824,5973.45,4,SL,-389.37123886593326,-429.37123886593326,87,
2017-09-12,1,5994.538597489305,5988.44,4,SL,-487.88779914444603,-527.887799144446,13,
2017-09-12,1,5991.74,5983.87,4,SL,-629.5999999999913,-669.5999999999913,18,
2017-09-13,1,5982.06971797036,5978.68,4,SL,-271.177437628794,-311.177437628794,18,
2017-09-13,1,5977.77,5975.57,4,SL,-176.0000000000582,-216.0000000000582,20,
2017-09-13,-1,5984.586469154405,5991.48,4,SL,-551.4824676475837,-591.4824676475837,28,
2017-09-13,-1,5991.89,5992.88,1,SL,-19.799999999995634,-29.799999999995634,30,
2017-09-13,1,5985.94957259176,5981.04,4,SL,-392.76580734083836,-432.76580734083836,127,
2017-09-14,-1,5976.100707114914,5981.58,4,SL,-438.3434308068536,-478.3434308068536,33,
2017-09-18,1,6001.445881332232,5999.68,4,BE,-141.27050657851214,-181.27050657851214,79,
2017-09-18,-1,6007.583238210546,6003.359947327814,4,TP,337.8632706186181,317.8632706186181,195,
2017-09-18,1,6003.337976677712,5998.48,4,SL,-388.6381342169625,-428.6381342169625,279,
2017-09-19,1,5978.524689821063,5987.639474336364,4,TP,729.1827612241468,709.1827612241468,124,
2017-09-20,-1,5992.83,5985.461969091241,4,TP,589.4424727006844,569.4424727006844,24,
2017-09-20,1,5984.0,5981.76,4,BE,-179.19999999998254,-219.19999999998254,48,
2017-09-25,-1,5896.90815483837,5902.47,4,SL,-444.9476129304094,-484.9476129304094,40,
2017-09-25,1,5889.967056329705,5880.14,3,SL,-589.6233797822788,-619.6233797822788,65,
2017-09-26,1,5900.085578574566,5895.58,4,BE,-360.44628596529947,-400.44628596529947,25,
2017-09-26,-1,5903.942895200606,5898.250834413628,4,TP,455.36486295823124,435.36486295823124,58,
2017-09-26,1,5896.82,5893.35,4,SL,-277.5999999999476,-317.5999999999476,62,
2017-09-27,1,5922.579206158991,5920.04,4,BE,-203.13649271927716,-243.13649271927716,37,
2017-09-28,-1,5924.063755056693,5917.352342559042,4,TP,536.9129998120479,516.9129998120479,47,
2017-09-28,1,5917.2920368647565,5925.935651929261,4,TP,691.4892051603965,671.4892051603965,55,
2017-09-28,-1,5927.08,5932.02,4,SL,-395.20000000004075,-435.20000000004075,59,
2017-10-02,1,5989.873587047823,5986.67,4,SL,-256.28696382584167,-296.28696382584167,21,
2017-10-02,-1,5993.309367805466,5999.79,4,SL,-518.450575562747,-558.450575562747,30,
2017-10-03,1,5987.619729920994,5992.742359920984,4,TP,409.8103999991872,389.8103999991872,16,
2017-10-03,1,5990.197114534305,5984.02,4,SL,-494.16916274436517,-534.1691627443652,43,
2017-10-04,1,5985.567973101349,5980.53,4,SL,-403.0378481079242,-443.0378481079242,14,
2017-10-04,1,5980.12,5977.11,4,SL,-240.80000000001746,-280.80000000001746,18,
2017-10-04,-1,5987.579833417262,5982.530348125568,4,TP,403.95882333556074,383.95882333556074,62,
2017-10-04,-1,5987.643037480716,5992.48,4,SL,-386.95700154268707,-426.95700154268707,101,
2017-10-05,-1,6024.237218216785,6029.71,4,SL,-437.8225426572317,-477.8225426572317,131,
2017-10-09,-1,6070.2939681479575,6067.671012130215,4,TP,209.83648141940648,189.83648141940648,21,
2017-10-09,1,6067.42,6065.87,4,BE,-124.00000000001455,-164.00000000001455,26,
2017-10-09,-1,6070.714585651755,6073.98,4,SL,-261.2331478595297,-301.2331478595297,36,
2017-10-09,1,6069.088662229639,6064.94,4,SL,-331.8929783711792,-371.8929783711792,79,
2017-10-10,1,6078.188469050486,6075.31,4,SL,-230.27752403882914,-270.27752403882914,19,
2017-10-10,1,6073.98,6072.92,4,SL,-84.79999999995925,-124.79999999995925,21,
2017-10-11,-1,6061.358235430023,6065.12,4,SL,-300.9411655981239,-340.9411655981239,39,
2017-10-12,1,6072.56,6068.17,4,SL,-351.2000000000262,-391.2000000000262,13,
2017-10-12,1,6067.34,6066.1,4,SL,-99.19999999998254,-139.19999999998254,17,
2017-10-12,-1,6076.125123783859,6080.23,4,BE,-328.390097291267,-368.390097291267,33,
2017-10-16,1,6111.494125375583,6113.490894491092,4,TP,159.7415292407095,139.7415292407095,27,
2017-10-16,1,6111.823894009404,6109.29,4,SL,-202.71152075234568,-242.71152075234568,41,
2017-10-16,1,6110.13,6108.62,4,SL,-120.80000000001746,-160.80000000001746,46,
2017-10-17,-1,6111.529718125822,6108.712842079173,4,TP,225.35008373190067,205.35008373190067,23,
2017-10-17,-1,6111.251817354453,6114.81,4,SL,-284.6546116437821,-324.6546116437821,40,
2017-10-17,1,6109.146681131099,6105.58,4,SL,-285.33449048794864,-325.33449048794864,58,
2017-10-17,-1,6111.943176670273,6116.27,4,SL,-346.1458663782105,-386.1458663782105,97,
2017-10-17,1,6108.52600792007,6114.471678719878,4,TP,475.65366398463084,455.65366398463084,213,
2017-10-18,-1,6118.986771644491,6113.662172066154,4,TP,425.96796626690775,405.96796626690775,114,
2017-10-19,-1,6069.227234166024,6076.74,3,BE,-450.7659500385671,-480.7659500385671,81,
2017-10-24,-1,6070.633106589964,6076.04,4,SL,-432.5514728028793,-472.5514728028793,56,
2017-10-25,1,6076.555248465305,6072.17,4,SL,-350.81987722442136,-390.81987722442136,23,
2017-10-26,1,6053.514902722309,6058.812877724211,4,TP,423.83800015217275,403.83800015217275,19,
2017-10-26,1,6054.277851795592,6049.34,4,SL,-395.0281436473597,-435.0281436473597,32,
2017-10-26,-1,6056.206299143783,6063.64,3,SL,-446.0220513730201,-476.0220513730201,77,
2017-10-30,1,6232.588119176728,6225.09,4,SL,-599.8495341381931,-639.8495341381931,119,
2017-10-31,-1,6247.11,6240.222502801122,4,TP,550.9997759102407,530.9997759102407,23,
2017-10-31,1,6237.88,6232.8,4,SL,-406.3999999999942,-446.3999999999942,25,
2017-10-31,-1,6242.414263670576,6249.48,4,SL,-565.2589063539199,-605.2589063539199,106,
2017-11-01,-1,6274.05645230345,6270.009864260646,4,TP,323.7270434242964,303.7270434242964,23,
2017-11-02,-1,6232.9954150373205,6236.83,4,SL,-306.76679701435205,-346.76679701435205,18,
2017-11-02,-1,6239.9,6242.2,1,SL,-46.00000000000364,-56.00000000000364,20,
2017-11-02,1,6229.739381804684,6223.55,4,SL,-495.150544374701,-535.150544374701,36,
2017-11-06,1,6303.255698309348,6307.425900536223,4,TP,333.6161781499686,313.6161781499686,51,
2017-11-06,1,6305.887002144252,6303.98,4,BE,-152.56017154017172,-192.56017154017172,123,
2017-11-07,1,6320.742171961878,6315.98,4,SL,-380.9737569502613,-420.9737569502613,34,
2017-11-08,-1,6319.980108062422,6315.88307605733,4,TP,327.7625604073546,307.7625604073546,18,
2017-11-08,-1,6319.009802407294,6323.31,4,SL,-344.0158074165083,-384.0158074165083,54,
2017-11-09,1,6287.9,6282.63,1,SL,-105.39999999999054,-115.39999999999054,14,
2017-11-09,-1,6294.734906968322,6304.17,3,SL,-566.1055819006651,-596.1055819006651,40,
2017-11-09,1,6292.90593519301,6281.79,2,SL,-444.6374077204018,-464.6374077204018,137,
2017-11-14,-1,6293.0644820883535,6286.8740473579355,4,TP,495.23477843344153,475.23477843344153,25,
2017-11-14,1,6286.839571509202,6281.67,4,SL,-413.565720736151,-453.565720736151,30,
2017-11-14,-1,6289.1717283984135,6299.32,3,SL,-608.8962960951721,-638.8962960951721,77,
2017-11-14,1,6284.021967251941,6274.83,3,SL,-551.5180351164418,-581.5180351164418,204,
2017-11-15,-1,6245.777548073394,6252.03,3,SL,-375.14711559631905,-405.14711559631905,41,
2017-11-16,1,6301.601141366168,6305.01338938087,4,TP,272.9798411761294,252.9798411761294,23,
2017-11-16,-1,6305.017422944441,6306.4,4,BE,-110.60616444468906,-150.60616444468906,29,
2017-11-20,1,6318.596256182899,6315.61,4,SL,-238.90049463196192,-278.9004946319619,24,
2017-11-20,-1,6321.871832793153,6317.162314781581,4,TP,376.7614409257658,356.7614409257658,41,
2017-11-20,1,6315.57,6313.18,4,SL,-191.19999999995343,-231.19999999995343,44,
2017-11-22,1,6375.252495176284,6373.5,4,BE,-140.19961410274846,-180.19961410274846,52,
2017-11-22,-1,6380.294169982889,6384.47,4,SL,-334.0664013689093,-374.0664013689093,99,
2017-11-27,-1,6408.26,6411.37,4,SL,-248.7999999999738,-288.7999999999738,15,
2017-11-27,1,6412.072982100337,6407.7,4,SL,-349.8385680269712,-389.8385680269712,106,
2017-11-28,-1,6418.073678173241,6413.5171466673955,4,TP,364.5225204676535,344.5225204676535,17,
2017-11-28,-1,6415.4232425336295,6410.614654608117,4,TP,384.6870340409805,364.6870340409805,85,
2017-11-28,1,6411.612703577603,6405.15,4,SL,-517.0162862082361,-557.0162862082361,264,
2017-11-30,-1,6339.379618512761,6328.682804800928,3,TP,641.8088227099724,626.8088227099724,22,
2017-11-30,1,6326.78,6338.462266374044,4,TP,934.5813099235238,914.5813099235238,33,
2017-11-30,-1,6338.91,6341.93,3,BE,-181.2000000000262,-211.2000000000262,50,
2017-12-04,-1,6376.610715962427,6367.036954029735,4,TP,765.9009546153538,745.9009546153538,15,
2017-12-04,1,6365.996115056108,6358.7,4,SL,-583.689204488619,-623.689204488619,26,
2017-12-06,1,6266.280465504912,6279.097427343461,3,TP,769.0177103129463,754.0177103129463,86,
2017-12-07,1,6299.947603607134,6309.745891022987,3,TP,587.8972449512003,572.8972449512003,22,
2017-12-07,-1,6310.64,6300.426560963559,4,TP,817.0751229153393,797.0751229153393,31,
2017-12-07,1,6296.07,6293.97,4,SL,-167.99999999995634,-207.99999999995634,39,
2017-12-07,-1,6307.686792553397,6314.52,3,SL,-409.9924467962046,-439.9924467962046,61,
2017-12-11,1,6358.311697321237,6352.73,4,SL,-446.53578569901583,-486.53578569901583,27,
2017-12-11,-1,6363.197759191721,6365.49,4,BE,-183.37926466228964,-223.37926466228964,64,
2017-12-11,1,6359.331352843811,6365.558098135947,4,TP,498.13962337088014,478.13962337088014,107,
2017-12-11,-1,6366.14,6370.56,4,SL,-353.6000000000058,-393.6000000000058,114,
2017-12-12,-1,6386.510045141049,6378.696296517169,4,TP,625.0998899104161,605.0998899104161,19,
2017-12-12,-1,6386.62192337724,6391.95,4,SL,-426.2461298207927,-466.2461298207927,31,
2017-12-12,1,6382.115612577007,6389.467643940293,4,TP,588.162509062895,568.162509062895,84,
2017-12-13,1,6409.477340011077,6413.754872879092,4,TP,342.20262944116257,322.20262944116257,19,
2017-12-13,-1,6414.34,6410.018709311385,4,TP,345.70325508924725,325.70325508924725,31,
2017-12-13,1,6409.953926354302,6404.6,4,SL,-428.31410834412964,-468.31410834412964,38,
2017-12-14,-1,6411.5,6404.534458456725,4,TP,557.2433234620257,537.2433234620257,21,
2017-12-14,1,6404.426542719449,6401.44,4,BE,-238.92341755592497,-278.92341755592497,34,
2017-12-14,-1,6409.318357185542,6415.66,4,SL,-507.3314251566626,-547.3314251566626,55,
2017-12-14,1,6408.299640021163,6416.854606782724,4,TP,684.3973409248429,664.3973409248429,139,
2017-12-18,-1,6505.653502162761,6510.39,4,SL,-378.9198269791814,-418.9198269791814,32,
2017-12-18,1,6506.098724871698,6501.28,4,SL,-385.4979897358862,-425.4979897358862,109,
2017-12-19,1,6490.633119188558,6483.7,4,SL,-554.6495350846817,-594.6495350846817,55,
2017-12-21,1,6481.96,6476.85,4,SL,-408.7999999999738,-448.7999999999738,22,
2017-12-21,-1,6481.753294288064,6483.31,4,BE,-124.53645695488376,-164.53645695488376,108,
2017-12-26,-1,6422.700089984243,6429.01,4,SL,-504.7928012605553,-544.7928012605553,56,
2017-12-27,-1,6438.001659588789,6441.67,4,SL,-293.4672328968736,-333.4672328968736,30,
2017-12-27,1,6441.293241058827,6434.24,4,SL,-564.2592847062042,-604.2592847062042,133,
2017-12-28,-1,6449.000664072797,6446.42599348813,4,TP,205.97364677334554,185.97364677334554,20,
2017-12-28,-1,6443.327949079713,6438.460658924492,4,TP,389.3832124176697,369.3832124176697,242,
2018-01-02,-1,6444.41,6447.83,4,SL,-273.6000000000058,-313.6000000000058,13,
2018-01-04,1,6582.79,6579.67,4,SL,-249.59999999999127,-289.59999999999127,14,
2018-01-04,1,6583.325090569339,6594.021711560017,3,TP,641.7972594406638,626.7972594406638,60,
2018-01-04,1,6584.69103958624,6582.87,3,BE,-109.26237517438494,-139.26237517438494,214,
2018-01-08,1,6655.776025247896,6650.98,4,SL,-383.68201983168547,-423.68201983168547,39,
2018-01-08,-1,6661.167765735539,6667.12,4,SL,-476.1787411568366,-516.1787411568366,57,
2018-01-09,-1,6677.99467241088,6667.732191589158,3,TP,615.7488493033452,600.7488493033452,68,
2018-01-09,1,6664.63,6677.798506362134,4,TP,1053.4805089706788,1033.4805089706788,91,
2018-01-09,-1,6678.0,6685.49,3,SL,-449.3999999999869,-479.3999999999869,106,
2018-01-10,1,6646.888493042694,6643.19,4,BE,-295.8794434155425,-335.8794434155425,19,
2018-01-10,-1,6644.851486323873,6650.2,3,BE,-320.9108205675875,-350.9108205675875,145,
2018-01-11,-1,6676.4800384535065,6673.370480023516,4,TP,248.76467439920816,228.76467439920816,16,
2018-01-11,1,6672.54,6676.596617057304,4,TP,324.52936458430486,304.52936458430486,29,
2018-01-11,-1,6678.66,6682.94,4,SL,-342.3999999999796,-382.3999999999796,31,
2018-01-11,1,6673.672073767465,6666.15,4,SL,-601.7659013972298,-641.7659013972298,65,
2018-01-16,1,6821.216592447896,6829.456967411749,4,TP,659.2299971082684,639.2299971082684,42,
2018-01-16,-1,6829.571251205615,6820.234577617912,4,TP,746.9338870162755,726.9338870162755,51,
2018-01-16,1,6820.122860599293,6812.5,4,SL,-609.8288479434268,-649.8288479434268,63,
2018-01-17,-1,6756.801692862221,6763.3,4,SL,-519.8645710223354,-559.8645710223354,47,
2018-01-17,1,6748.083092867194,6759.550560193598,3,TP,688.0480395842642,673.0480395842642,81,
2018-01-18,1,6804.825610786405,6802.42,4,BE,-192.44886291242437,-232.44886291242437,22,
2018-01-18,-1,6810.366039618118,6804.070177914655,4,TP,503.66893627702666,483.66893627702666,30,
2018-01-18,1,6796.246923578637,6809.491529881055,3,TP,794.6763781450863,779.6763781450863,156,
2018-01-23,1,6935.566994270277,6929.13,4,SL,-514.9595416221564,-554.9595416221564,28,
2018-01-23,1,6933.810926561042,6943.450557763759,3,TP,578.377872163037,563.377872163037,40,
2018-01-24,-1,6972.406052719623,6979.45,3,SL,-422.6368368225849,-452.6368368225849,33,
2018-01-24,1,6969.861050500554,6958.52,2,SL,-453.6420200221255,-473.6420200221255,103,
2018-01-29,-1,7008.11,6998.903314351563,4,TP,736.534851874967,716.534851874967,31,
2018-01-29,1,6998.774477532617,6991.54,3,SL,-434.06865195704086,-464.06865195704086,48,
2018-01-29,1,6994.901701458072,6987.27,3,SL,-457.90208748430814,-487.90208748430814,68,
2018-01-30,1,6924.406101506038,6915.46,3,SL,-536.7660903622709,-566.7660903622709,20,
2018-01-30,-1,6925.341494143847,6931.34,2,BE,-239.9402342461326,-259.9402342461326,86,
2018-01-31,1,6976.869475678082,6969.28,4,BE,-607.1580542466108,-647.1580542466108,29,
2018-01-31,1,6970.7512343302,6969.22,4,BE,-122.49874641594943,-162.49874641594943,73,
2018-02-01,1,6924.080387096784,6917.94,3,BE,-368.42322580705513,-398.42322580705513,18,
2018-02-01,-1,6934.38519997489,6944.66,3,SL,-616.4880015065683,-646.4880015065683,27,
2018-02-06,1,6509.561536332478,6475.12,1,SL,-688.8307266495576,-698.8307266495576,48,
2018-02-06,1,6490.25,6469.12,1,SL,-422.6000000000022,-432.6000000000022,58,
2018-02-07,1,6638.296871126958,6653.723898684629,2,TP,617.0811023068381,607.0811023068381,23,
2018-02-07,-1,6653.939128304455,6679.38,2,SL,-1017.6348678217983,-1037.6348678217983,36,
2018-02-12,1,6488.115102131975,6479.66,3,SL,-507.30612791849126,-537.3061279184913,25,
2018-02-12,-1,6500.320052402933,6481.23690266524,2,TP,763.3259895076844,753.3259895076844,39,
2018-02-13,1,6491.526688444767,6505.734613221548,2,TP,568.316991071224,558.316991071224,25,
2018-02-13,-1,6505.481036216597,6513.95,3,SL,-508.13782700415686,-538.1378270041569,31,
2018-02-13,1,6507.7869267835185,6524.410293961951,2,TP,664.9346871372836,654.9346871372836,146,
2018-02-13,-1,6524.940609425081,6540.36,2,SL,-616.7756229967563,-636.7756229967563,231,
2018-02-15,-1,6725.237817800313,6742.02,2,SL,-671.2872879875067,-691.2872879875067,23,
2018-02-15,-1,6739.983437072709,6723.120406406751,2,TP,674.5212266383533,664.5212266383533,67,
2018-02-15,1,6722.927833652979,6710.19,2,SL,-509.51334611916536,-529.5133461191654,73,
2018-02-20,-1,6791.017614244667,6801.64,2,SL,-424.8954302133279,-444.8954302133279,94,
2018-02-21,1,6814.903059316062,6821.17103503062,4,TP,501.4380571646325,481.4380571646325,16,
2018-02-21,1,6814.851091188018,6822.129627118378,4,TP,582.2828744288563,562.2828744288563,30,
2018-02-21,-1,6822.164738210758,6813.702659578578,4,TP,676.9662905743462,656.9662905743462,32,
2018-02-21,-1,6821.751488119859,6828.22,4,BE,-517.4809504113364,-557.4809504113364,48,
2018-02-21,1,6825.058653807259,6840.191034690622,2,TP,605.2952353344881,595.2952353344881,240,
2018-02-22,1,6800.912585521208,6791.75,4,SL,-733.0068416966242,-773.0068416966242,21,
2018-02-22,-1,6806.662458391313,6791.799734397782,2,TP,594.5089597412152,584.5089597412152,49,
2018-02-22,1,6791.59,6805.884935279594,2,TP,571.7974111837611,561.7974111837611,53,
2018-02-22,-1,6806.127331006334,6817.24,2,SL,-444.5067597466186,-464.5067597466186,70,
2018-02-22,1,6802.776525613561,6792.65,2,SL,-405.06102454244683,-425.06102454244683,196,
2018-02-26,1,6947.749990810549,6941.74,4,SL,-480.799264843954,-520.799264843954,58,
2018-02-27,1,6983.255450887479,6979.03,4,SL,-338.0360709983506,-378.0360709983506,22,
2018-02-27,-1,6987.027765426189,6996.37,2,SL,-373.68938295243424,-393.68938295243424,45,
2018-02-27,1,6976.45395791531,6965.86,2,SL,-423.75831661240227,-443.75831661240227,82,
2018-02-28,-1,6933.780219730041,6940.53,4,SL,-539.9824215967237,-579.9824215967237,23,
2018-02-28,-1,6943.72,6946.12,4,SL,-191.9999999999709,-231.9999999999709,25,
2018-02-28,1,6936.167743778327,6924.42,2,SL,-469.90975113309105,-489.90975113309105,84,
2018-03-05,1,6783.092653053574,6772.7,4,SL,-831.4122442859662,-871.4122442859662,13,
2018-03-06,-1,6914.430898008811,6920.58,4,SL,-491.9281592951302,-531.9281592951302,23,
2018-03-06,-1,6919.17,6924.05,4,SL,-390.40000000000873,-430.40000000000873,26,
2018-03-06,1,6907.989981507612,6923.366843502656,2,TP,615.0744798017331,605.0744798017331,54,
2018-03-06,1,6912.487287299635,6901.72,2,SL,-430.6914919853807,-450.6914919853807,85,
2018-03-07,1,6877.558607998599,6874.44,4,BE,-249.48863988793164,-289.48863988793164,39,
2018-03-07,-1,6886.004418903172,6892.53,3,SL,-391.53486580964454,-421.53486580964454,54,
2018-03-07,1,6882.471320407961,6876.12,2,BE,-254.05281631843536,-274.05281631843536,149,
2018-03-07,-1,6897.188233851526,6913.11,1,SL,-318.4353229694716,-328.4353229694716,306,
2018-03-08,1,6959.130697082667,6964.530762923687,4,TP,432.00526728156547,412.00526728156547,22,
2018-03-08,1,6959.5286108103355,6953.09,4,SL,-515.0888648268301,-555.0888648268301,29,
2018-03-08,1,6952.68,6943.24,3,SL,-566.4000000000306,-596.4000000000306,68,
2018-03-08,-1,6960.668925780486,6969.6,3,SL,-535.8644531708887,-565.8644531708887,108,
2018-03-08,1,6951.18573064729,6946.61,3,BE,-274.54383883743503,-304.54383883743503,233,
2018-03-12,-1,7140.345029291024,7131.250984122848,4,TP,727.5236134540319,707.5236134540319,83,
2018-03-12,1,7126.82,7124.83,4,SL,-159.19999999998254,-199.19999999998254,90,
2018-03-13,1,7173.319436948554,7168.26,4,SL,-404.75495588427293,-444.75495588427293,25,
2018-03-13,1,7170.18,7163.53,4,SL,-532.0000000000437,-572.0000000000437,31,
2018-03-13,-1,7178.003786704642,7167.148585477114,3,TP,651.3120736517158,636.3120736517158,59,
2018-03-13,1,7166.42,7154.89,4,SL,-922.3999999999796,-962.3999999999796,62,
2018-03-14,-1,7065.3758278799705,7074.68,4,SL,-744.3337696023809,-784.3337696023809,32,
2018-03-14,-1,7075.52,7078.06,4,SL,-203.1999999999971,-243.1999999999971,35,
2018-03-14,1,7056.708269635499,7045.61,2,SL,-443.93078541997966,-463.93078541997966,47,
2018-03-14,-1,7069.5975137126015,7054.291048897755,2,TP,612.258592593862,602.258592593862,95,
2018-03-14,1,7052.0,7043.99,3,SL,-480.6000000000131,-510.6000000000131,108,
2018-03-15,-1,7035.96099022638,7042.97,3,SL,-420.54058641720985,-450.54058641720985,35,
2018-03-19,-1,6938.045125439272,6941.87,4,BE,-305.9899648582359,-345.9899648582359,21,
2018-03-19,-1,6941.48,6946.99,4,SL,-440.80000000001746,-480.80000000001746,23,
2018-03-19,1,6931.801296828057,6925.07,3,SL,-403.87780968345396,-433.87780968345396,41,
2018-03-20,-1,6888.50134389532,6892.01,2,BE,-140.3462441872034,-160.3462441872034,91,
2018-03-20,1,6874.365482319263,6860.29,2,SL,-563.0192927705139,-583.0192927705139,138,
2018-03-20,-1,6887.587485035184,6867.239068710191,2,TP,813.9366529997278,803.9366529997278,225,
2018-03-21,-1,6871.2422607701765,6876.93,4,SL,-455.01913838590553,-495.01913838590553,17,
2018-03-21,1,6875.077971579277,6887.81602672248,3,TP,764.283308592203,749.283308592203,108,
2018-03-22,1,6772.967879223811,6785.829079396314,3,TP,771.6720103501939,756.6720103501939,33,
2018-03-22,-1,6787.67,6797.09,3,SL,-565.2000000000044,-595.2000000000044,43,
2018-03-22,1,6777.705196386396,6768.35,2,SL,-374.20785545582476,-394.20785545582476,67,
2018-03-26,1,6652.438352244897,6649.49,3,BE,-176.90113469383505,-206.90113469383505,21,
2018-03-26,1,6645.86,6661.6642776639255,4,TP,1264.3422131140687,1244.3422131140687,25,
2018-03-26,-1,6661.729747202751,6651.198351496125,3,TP,631.8837423975856,616.8837423975856,35,
2018-03-26,1,6646.84,6637.28,4,SL,-764.800000000032,-804.800000000032,42,
2018-03-27,-1,6787.04,6774.9813151714025,4,TP,964.6947862878005,944.6947862878005,14,
2018-03-27,-1,6780.141210236528,6788.41,3,SL,-496.1273858082859,-526.1273858082859,35,
2018-03-27,1,6767.780683878737,6756.6,2,SL,-447.22735514948,-467.22735514948,44,
2018-03-27,1,6756.819163008086,6741.48,2,SL,-613.5665203234748,-633.5665203234748,91,
2018-03-28,-1,6500.398744518823,6533.46,1,SL,-661.2251096235377,-671.2251096235377,33,
2018-03-28,-1,6498.019494958996,6512.78,1,BE,-295.21010082007706,-305.21010082007706,161,
2018-03-29,-1,6477.170664875053,6482.52,1,BE,-106.98670249894349,-116.98670249894349,54,
2018-04-02,1,6538.246418085804,6526.47,3,SL,-706.5850851482355,-736.5850851482355,15,
2018-04-02,1,6518.48,6516.84,4,SL,-131.19999999995343,-171.19999999995343,17,
2018-04-03,-1,6449.409217543051,6434.8708136850955,2,TP,581.5361543182371,571.5361543182371,20,
2018-04-03,1,6420.97,6418.51,1,SL,-49.20000000000073,-59.20000000000073,22,
2018-04-04,1,6360.434821319191,6376.216426523764,2,TP,631.2642081829472,621.2642081829472,22,
2018-04-04,1,6362.59196242995,6378.365012564592,2,TP,630.9220053856552,620.9220053856552,36,
2018-04-04,1,6366.515624308864,6382.657423068779,2,TP,645.6719503966087,635.6719503966087,76,
2018-04-04,-1,6384.89,6394.71,2,SL,-392.79999999998836,-412.79999999998836,79,
2018-04-05,-1,6612.935243629926,6595.648329807741,2,TP,691.4765528873977,681.4765528873977,48,
2018-04-05,-1,6605.675699061363,6617.55,2,SL,-474.97203754548536,-494.97203754548536,97,
2018-04-09,-1,6493.1993120474945,6506.31,4,SL,-1048.8550362004753,-1088.8550362004753,18,
2018-04-09,-1,6505.93,6509.4,4,SL,-277.5999999999476,-317.5999999999476,20,
2018-04-10,-1,6562.378680710225,6572.97,3,SL,-635.4791573865077,-665.4791573865077,54,
2018-04-11,1,6583.7,6586.55,4,BE,228.0000000000291,188.0000000000291,16,
2018-04-11,-1,6596.497390214404,6604.21,4,SL,-617.0087828476971,-657.0087828476971,29,
2018-04-11,1,6588.195145489164,6599.247019009629,3,TP,663.1124112279031,648.1124112279031,46,
2018-04-11,-1,6601.19,6609.33,4,SL,-651.2000000000262,-691.2000000000262,54,
2018-04-11,1,6594.2089266152725,6615.368277089257,2,TP,846.3740189593955,836.3740189593955,130,
2018-04-12,1,6653.474214987955,6668.814121549122,2,TP,613.5962624466993,603.5962624466993,195,
2018-04-12,1,6653.739142611527,6636.93,2,SL,-672.3657044610809,-692.3657044610809,238,
2018-04-16,-1,6658.594363119326,6663.68,3,BE,-305.1382128404657,-335.1382128404657,55,
2018-04-16,1,6648.623988649894,6643.89,2,BE,-189.3595459957578,-209.3595459957578,103,
2018-04-18,1,6815.89,6806.32,3,SL,-574.2000000000371,-604.2000000000371,17,
2018-04-18,-1,6817.6804653306135,6827.3,2,SL,-384.7813867754667,-404.7813867754667,86,
2018-04-19,-1,6797.136105815692,6803.54,3,SL,-384.2336510584937,-414.2336510584937,29,
2018-04-19,-1,6804.12,6787.446008627471,4,TP,1333.9193098022952,1313.9193098022952,38,
2018-04-19,-1,6799.1088836915915,6806.82,3,SL,-462.6669785044942,-492.6669785044942,46,
2018-04-19,1,6790.160121077663,6779.08,2,SL,-443.204843106505,-463.204843106505,86,
2018-04-23,-1,6683.880272961653,6691.25,2,BE,-294.78908153389057,-314.78908153389057,76,
2018-04-24,-1,6679.2995856870075,6686.14,4,SL,-547.2331450394267,-587.2331450394267,16,
2018-04-24,1,6671.661382055402,6660.36,3,SL,-678.0829233241457,-708.0829233241457,22,
2018-04-24,1,6663.94,6659.89,4,SL,-323.9999999999418,-363.9999999999418,24,
2018-04-25,-1,6476.949383242158,6491.4,1,SL,-289.01233515684,-299.01233515684,67,
2018-04-26,-1,6599.778209149577,6588.715221339997,3,TP,663.7792685748354,648.7792685748354,19,
2018-04-26,-1,6598.405569127311,6605.44,3,SL,-422.06585236133833,-452.06585236133833,33,
2018-04-30,1,6687.449212970815,6701.16279458947,3,TP,822.8148971192786,807.8148971192786,63,
2018-04-30,-1,6701.2131636470895,6686.484610426224,2,TP,589.14212883461,579.14212883461,77,
2018-05-01,1,6580.78,6595.753909702626,4,TP,1197.9127762100688,1177.9127762100688,18,
2018-05-01,-1,6600.0,6608.12,4,SL,-649.5999999999913,-689.5999999999913,26,
2018-05-01,1,6599.424578047231,6587.93,2,SL,-459.78312188923155,-479.78312188923155,95,
2018-05-02,-1,6680.77540256836,6691.58,3,SL,-648.2758458984063,-678.2758458984063,23,
2018-05-02,1,6680.031873523984,6676.95,2,BE,-123.27494095938164,-143.27494095938164,131,
2018-05-03,-1,6611.429542200158,6622.25,3,SL,-649.2274679905313,-679.2274679905313,22,
2018-05-03,1,6606.4231790731965,6592.28,2,SL,-565.7271629278694,-585.7271629278694,52,
2018-05-07,1,6819.297274120279,6831.032901152718,3,TP,704.1376219463382,689.1376219463382,59,
2018-05-07,-1,6833.25,6820.097548496762,4,TP,1052.1961202590319,1032.1961202590319,67,
2018-05-07,1,6819.3,6832.0118899859535,3,TP,762.7133991572009,747.7133991572009,84,
2018-05-07,1,6826.8262694821215,6820.49,3,SL,-380.17616892730075,-410.17616892730075,218,
2018-05-08,-1,6803.441967352433,6811.11,3,SL,-460.0819588540253,-490.0819588540253,65,
2018-05-08,-1,6809.052789017195,6822.28,2,SL,-529.0884393121814,-549.0884393121814,106,
2018-05-09,1,6822.24,6835.832385367094,4,TP,1087.390829367505,1067.390829367505,15,
2018-05-09,-1,6837.41,6827.4541920943775,4,TP,796.464632449788,776.464632449788,23,
2018-05-09,1,6823.9,6816.31,4,SL,-607.1999999999389,-647.1999999999389,31,
2018-05-09,1,6824.903605029788,6835.401901617483,3,TP,629.8977952617133,614.8977952617133,74,
2018-05-09,1,6825.0051198680085,6814.21,3,SL,-647.7071920805065,-677.7071920805065,85,
2018-05-10,1,6916.049164122293,6922.238966044398,4,TP,495.18415376835037,475.18415376835037,22,
2018-05-10,1,6917.0370041596125,6924.017342395521,4,TP,558.427058872694,538.427058872694,36,
2018-05-14,1,6982.76238538686,6990.473685095078,4,TP,616.9039766574133,596.9039766574133,40,
2018-05-14,1,6990.522770969304,6984.07,4,SL,-516.2216775443085,-556.2216775443085,134,
2018-05-15,-1,6883.858912260969,6894.18,3,SL,-619.265264341866,-649.265264341866,64,
2018-05-15,1,6871.228931182532,6860.52,2,SL,-428.3572473012464,-448.3572473012464,156,
2018-05-16,1,6894.976461764779,6899.952332274296,4,TP,398.06964076138684,378.06964076138684,16,
2018-05-17,1,6902.84,6912.076060550068,4,TP,738.8848440054426,718.8848440054426,21,
2018-05-17,-1,6915.39,6915.19,4,BE,16.000000000058208,-23.999999999941792,32,
2018-05-17,1,6922.644488628953,6912.43,2,SL,-408.5795451580998,-428.5795451580998,201,
2018-05-21,1,6937.397554177802,6943.653361199253,4,TP,500.46456171607133,480.46456171607133,31,
2018-05-21,-1,6943.700221490063,6936.530049907494,4,TP,573.6137266055448,553.6137266055448,35,
2018-05-21,1,6932.61,6929.67,4,SL,-235.19999999996799,-275.199999999968,39,
2018-05-22,1,6937.18,6931.93,4,SL,-420.0,-460.0,17,
2018-05-23,1,6866.195721049665,6858.8,3,SL,-443.74326297987864,-473.74326297987864,82,
2018-05-24,1,6953.878940104893,6946.28,4,SL,-607.915208391496,-647.915208391496,15,
2018-05-24,1,6935.47,6938.25,1,SL,55.59999999999491,45.59999999999491,17,
2018-05-29,-1,6928.249567698256,6937.82,4,SL,-765.6345841394796,-805.6345841394796,13,
2018-05-29,-1,6935.66,6941.56,4,SL,-472.00000000004366,-512.0000000000437,16,
2018-05-29,1,6935.887239300241,6953.073610072691,2,TP,687.4548308979865,677.4548308979865,72,
2018-05-29,-1,6954.01,6937.237533603511,2,TP,670.8986558595643,660.8986558595643,94,
2018-05-30,-1,6956.752224021273,6962.57,4,SL,-465.4220782981429,-505.4220782981429,17,
2018-05-30,-1,6963.01,6952.729334574091,4,TP,822.4532340727455,802.4532340727455,23,
2018-05-30,1,6949.48,6946.56,4,SL,-233.59999999993306,-273.59999999993306,25,
2018-05-30,1,6947.01,6944.67,4,SL,-187.20000000001164,-227.20000000001164,28,
2018-05-30,-1,6957.331271156281,6947.329424378649,3,TP,600.1108066579582,585.1108066579582,52,
2018-05-30,1,6947.271150913082,6957.481335096894,3,TP,612.6110510287253,597.6110510287253,64,
2018-05-30,-1,6958.86,6964.45,4,SL,-447.20000000001164,-487.20000000001164,73,
2018-05-31,1,6981.599345197974,6989.220209141483,4,TP,609.6691154807195,589.6691154807195,45,
2018-05-31,1,6981.491023164697,6989.186731596921,4,TP,615.6566745779128,595.6566745779128,62,
2018-05-31,-1,6989.209483086058,6981.299130004887,4,TP,632.8282464936638,612.8282464936638,73,
2018-06-04,1,7113.882752015888,7105.11,4,SL,-701.8201612710982,-741.8201612710982,39,
2018-06-04,1,7107.658892937442,7119.23232692824,3,TP,694.4060394478583,679.4060394478583,76,
2018-06-05,-1,7161.451679495671,7166.47,4,SL,-401.4656403463596,-441.4656403463596,21,
2018-06-05,1,7163.6633093002865,7161.77,4,BE,-151.46474402288732,-191.46474402288732,97,
2018-06-05,1,7156.38,7153.62,4,SL,-220.80000000001746,-260.80000000001746,99,
2018-06-06,-1,7181.26,7176.883630296344,4,TP,350.10957629252516,330.10957629252516,14,
2018-06-06,-1,7181.11416416789,7176.964276998572,4,TP,331.99097354539845,311.99097354539845,17,
2018-06-07,-1,7201.042201127186,7207.25,4,SL,-496.623909825139,-536.623909825139,17,
2018-06-07,-1,7205.32,7196.21057635188,4,TP,728.7538918495557,708.7538918495557,28,
2018-06-07,1,7194.71,7188.35,4,SL,-508.7999999999738,-548.7999999999738,38,
2018-06-11,1,7157.737511522649,7156.09,4,BE,-131.8009218118823,-171.8009218118823,48,
2018-06-12,1,7185.105388650138,7180.1,4,SL,-400.4310920109856,-440.4310920109856,22,
2018-06-12,-1,7187.143701494929,7179.739767815107,4,TP,592.3146943857137,572.3146943857137,48,
2018-06-12,1,7179.7,7185.719289287528,4,TP,481.5431430022727,461.5431430022727,74,
2018-06-12,-1,7186.86,7192.52,4,SL,-452.8000000000611,-492.8000000000611,97,
2018-06-13,1,7219.532170537931,7223.056769655152,4,TP,281.9679293776426,261.9679293776426,16,
2018-06-14,1,7247.412688028616,7240.32,4,SL,-567.4150422892853,-607.4150422892853,26,
2018-06-14,-1,7255.984179173283,7263.66,3,SL,-460.54924960299104,-490.54924960299104,32,
2018-06-14,-1,7264.73,7264.78,1,SL,-1.000000000003638,-11.000000000003638,34,
2018-06-14,1,7255.217697504237,7269.871329046819,2,TP,586.1452617032774,576.1452617032774,117,
2018-06-18,-1,7197.84,7202.62,4,SL,-382.3999999999796,-422.3999999999796,13,
2018-06-18,-1,7203.55,7207.9,4,SL,-347.99999999995634,-387.99999999995634,15,
2018-06-19,1,7182.638162718677,7176.29,4,SL,-507.85301749419887,-547.8530174941989,25,
2018-06-19,1,7175.96,7168.94,4,SL,-561.6000000000349,-601.6000000000349,28,
2018-06-20,1,7269.704069246761,7275.147989345559,4,TP,435.51360790384933,415.51360790384933,22,
2018-06-20,1,7271.647504030256,7266.11,4,SL,-443.00032242048474,-483.00032242048474,43,
2018-06-20,1,7267.01,7267.67,4,BE,52.79999999998836,12.799999999988358,53,
2018-06-20,-1,7276.796607649251,7284.05,3,SL,-435.2035410449389,-465.2035410449389,114,
2018-06-21,-1,7295.894698978312,7286.787855961768,4,TP,728.5474413234624,708.5474413234624,30,
2018-06-21,1,7283.58,7279.46,4,SL,-329.59999999999127,-369.59999999999127,32,
2018-06-26,-1,7074.62,7077.32,4,SL,-215.99999999998545,-255.99999999998545,14,
2018-06-26,-1,7082.72,7084.8,4,BE,-166.39999999999418,-206.39999999999418,31,
2018-06-26,-1,7075.120123474465,7086.83,2,SL,-468.3950610214015,-488.3950610214015,165,
2018-06-27,1,7087.99,7089.06,1,SL,21.40000000001237,11.40000000001237,13,
2018-06-27,-1,7102.562825195743,7112.44,4,SL,-790.1739843405085,-830.1739843405085,20,
2018-06-27,1,7098.369112841901,7112.734742751973,2,TP,574.6251964028488,564.6251964028488,45,
2018-06-27,1,7103.966228865627,7088.04,3,SL,-955.5737319376385,-985.5737319376385,96,
2018-06-28,1,6972.515623497076,6964.7,3,SL,-468.9374098245935,-498.9374098245935,16,
2018-06-28,1,6961.27,6952.99,4,SL,-662.4000000000524,-702.4000000000524,19,
2018-06-28,-1,6984.543672297746,6998.48,1,SL,-278.72655404507896,-288.72655404507896,27,
2018-06-28,-1,6993.9,6967.545072141627,3,TP,1581.2956715023392,1566.2956715023392,50,
2018-06-28,-1,6986.111713062145,7002.27,1,SL,-323.16573875710674,-333.16573875710674,89,
2018-07-05,1,7067.827133362269,7060.0,4,BE,-626.1706689815037,-666.1706689815037,30,
2018-07-05,-1,7061.520068915214,7079.2,2,SL,-707.1972433914198,-727.1972433914198,154,
2018-07-09,1,7254.89411602472,7249.31,4,SL,-446.7292819775321,-486.7292819775321,21,
2018-07-09,1,7251.48,7245.85,4,SL,-450.39999999993597,-490.39999999993597,24,
2018-07-10,1,7278.460061753541,7271.75,4,SL,-536.8049402832548,-576.8049402832548,21,
2018-07-10,-1,7282.60612371631,7275.038741537266,4,TP,605.3905743235373,585.3905743235373,43,
2018-07-10,1,7275.044805477771,7282.353022059613,4,TP,584.6573265473853,564.6573265473853,53,
2018-07-10,1,7281.569173307656,7272.56,4,SL,-720.7338646124117,-760.7338646124117,245,
2018-07-11,1,7239.175830212927,7248.193904541702,4,TP,721.4459463019739,701.4459463019739,21,
2018-07-11,-1,7248.75,7258.85,4,SL,-808.0000000000291,-848.0000000000291,32,
2018-07-11,1,7249.287490313366,7239.07,3,SL,-613.0494188019838,-643.0494188019838,112,
2018-07-11,-1,7257.816000649297,7239.467638716103,2,TP,733.9344773277844,723.9344773277844,280,
2018-07-12,1,7284.173366381741,7289.349042046655,4,TP,414.05405319310375,394.05405319310375,20,
2018-07-16,1,7380.0,7371.23,4,BE,-701.6000000000349,-741.6000000000349,16,
2018-07-16,-1,7386.195843680834,7378.701757580274,4,TP,599.5268880447838,579.5268880447838,41,
2018-07-16,1,7377.55,7369.89,4,SL,-612.7999999999884,-652.7999999999884,52,
2018-07-16,-1,7377.749598266874,7367.559425202167,3,TP,611.4103838824121,596.4103838824121,237,
2018-07-18,-1,7389.306418620582,7396.86,3,SL,-453.2148827650599,-483.2148827650599,124,
2018-07-19,1,7378.685818386635,7373.56,4,BE,-410.0654709307855,-450.0654709307855,19,
2018-07-23,-1,7324.08044072853,7333.72,3,SL,-578.3735562881884,-608.3735562881884,34,
2018-07-24,1,7457.827489376276,7450.15,4,SL,-614.1991501021403,-654.1991501021403,28,
2018-07-24,1,7458.393939716453,7451.39,3,SL,-420.2363829871683,-450.2363829871683,91,
2018-07-25,1,7420.7824017057965,7414.22,4,SL,-524.9921364636975,-564.9921364636975,37,
2018-07-25,-1,7425.743870621286,7414.034290155131,3,TP,702.5748279692925,687.5748279692925,79,
2018-07-25,1,7413.74,7424.811627258104,3,TP,664.2976354862367,649.2976354862367,106,
2018-07-25,-1,7424.848271919621,7432.13,3,SL,-436.90368482275517,-466.90368482275517,119,
2018-07-26,1,7412.621180519364,7403.53,4,SL,-727.2944415491656,-767.2944415491656,17,
2018-07-26,-1,7415.546826457655,7421.38,2,BE,-233.32694169381284,-253.32694169381284,92,
2018-07-26,1,7408.355671875828,7394.84,2,SL,-540.6268750331219,-560.6268750331219,202,
2018-07-31,1,7240.624460258252,7226.02,4,SL,-1168.3568206601194,-1208.3568206601194,17,
2018-07-31,1,7227.74,7221.17,4,SL,-525.5999999999767,-565.5999999999767,21,
2018-08-01,-1,7270.524369796934,7278.3,3,SL,-466.5378121839967,-496.5378121839967,24,
2018-08-06,1,7387.240392697114,7382.71,4,SL,-362.43141576909693,-402.43141576909693,16,
2018-08-06,-1,7393.04,7401.57,4,SL,-682.3999999999796,-722.3999999999796,23,
2018-08-06,1,7393.160941339743,7404.530702961776,3,TP,682.1856973220019,667.1856973220019,91,
2018-08-06,-1,7404.31583644433,7411.13,3,SL,-408.84981334022086,-438.84981334022086,128,
2018-08-07,1,7465.620580284275,7460.11,4,SL,-440.8464227420336,-480.8464227420336,16,
2018-08-07,1,7461.05,7446.65,4,SL,-1152.0000000000437,-1192.0000000000437,20,
2018-08-07,-1,7468.877861367479,7476.29,3,SL,-444.72831795123057,-474.72831795123057,61,
2018-08-07,1,7459.458653177374,7451.44,3,SL,-481.1191906424574,-511.1191906424574,84,
2018-08-08,-1,7457.36637804632,7466.67,4,SL,-744.2897562943836,-784.2897562943836,41,
2018-08-09,-1,7477.01,7479.16,4,BE,-171.9999999999709,-211.9999999999709,36,
2018-08-09,1,7477.3128470067995,7486.929784114793,4,TP,769.3549686394545,749.3549686394545,119,
2018-08-09,1,7478.0389470236005,7487.405756254886,4,TP,749.3447385028412,729.3447385028412,189,
2018-08-13,1,7446.536332827573,7437.82,3,SL,-522.9799696543705,-552.9799696543705,109,
2018-08-15,1,7389.8399923779,7378.01,3,SL,-709.7995426739726,-739.7995426739726,18,
2018-08-15,1,7382.17,7372.71,3,SL,-567.6000000000022,-597.6000000000022,26,
2018-08-16,-1,7403.636962193982,7411.11,4,SL,-597.8430244814081,-637.8430244814081,62,
2018-08-16,1,7397.646910671699,7405.90097532248,4,TP,660.3251720625121,640.3251720625121,101,
2018-08-21,1,7406.606105950602,7400.82,4,SL,-462.8884760481742,-502.8884760481742,112,
2018-08-21,-1,7415.535094156596,7422.28,3,SL,-404.69435060424075,-434.69435060424075,130,
2018-08-22,1,7393.510446007092,7389.77,4,BE,-299.2356805672898,-339.2356805672898,23,
2018-08-22,-1,7399.385954946705,7402.65,2,BE,-130.56180213177868,-150.56180213177868,70,
2018-08-27,-1,7527.547510381915,7532.81,4,SL,-420.99916944680444,-460.99916944680444,29,
2018-08-28,1,7576.92,7569.75,4,SL,-573.6000000000058,-613.6000000000058,16,
2018-08-28,-1,7581.550966960344,7574.193207469633,4,TP,588.6207592568826,568.6207592568826,48,
2018-08-28,1,7573.15,7568.91,4,SL,-339.19999999998254,-379.19999999998254,62,
2018-08-28,1,7569.845331252653,7564.31,4,SL,-442.82650021217705,-482.82650021217705,125,
2018-08-30,1,7639.99,7650.415629588133,4,TP,834.0503670506587,814.0503670506587,15,
2018-08-30,-1,7650.709481149354,7640.721643036738,3,TP,599.2702867569824,584.2702867569824,20,
2018-08-30,1,7640.972685940045,7649.836290615458,4,TP,709.0883740330173,689.0883740330173,35,
2018-08-30,-1,7650.41,7658.2,4,SL,-623.1999999999971,-663.1999999999971,49,
2018-09-04,-1,7614.293574167574,7626.71,1,SL,-248.3285166485257,-258.3285166485257,48,
2018-09-04,1,7609.044606933309,7589.89,1,SL,-383.0921386661794,-393.0921386661794,174,
2018-09-06,-1,7517.386568822084,7500.655923202641,2,TP,669.2258247777136,659.2258247777136,35,
2018-09-10,1,7425.773937562404,7439.691401044002,2,TP,556.6985392639253,546.6985392639253,100,
2018-09-10,-1,7440.08,7448.79,2,SL,-348.40000000000146,-368.40000000000146,113,
2018-09-11,-1,7433.72,7439.59,4,SL,-469.59999999999127,-509.59999999999127,13,
2018-09-12,-1,7496.01,7483.989790368105,3,TP,721.2125779137205,706.2125779137205,18,
2018-09-12,1,7483.7564499577575,7476.17,3,SL,-455.1869974654437,-485.1869974654437,24,
2018-09-12,-1,7470.19615634961,7486.63,1,SL,-328.67687300780744,-338.67687300780744,113,
2018-09-13,1,7553.65933187072,7565.731713733259,3,TP,724.3429117523556,709.3429117523556,32,
2018-09-13,-1,7566.048147925695,7554.6360678905985,3,TP,684.7248021057931,669.7248021057931,46,
2018-09-13,1,7548.29,7545.59,4,SL,-215.99999999998545,-255.99999999998545,52,
2018-09-19,-1,7473.264707465587,7483.32,2,SL,-402.21170137650915,-422.21170137650915,106,
2018-09-20,-1,7545.69,7552.93,4,SL,-579.2000000000553,-619.2000000000553,15,
2018-09-24,-1,7477.87,7488.56,3,SL,-641.4000000000306,-671.4000000000306,16,
2018-09-25,-1,7547.500235964013,7552.61,4,SL,-408.781122878936,-448.781122878936,34,
2018-09-25,1,7540.932728683828,7539.84,4,BE,-87.41829470622179,-127.41829470622179,52,
2018-09-25,-1,7548.358734662414,7539.435768093431,4,TP,713.8373255186161,693.8373255186161,81,
2018-09-25,1,7539.33,7532.39,4,SL,-555.199999999968,-595.199999999968,89,
2018-09-25,-1,7548.134944645098,7556.94,3,SL,-528.3033212941154,-558.3033212941154,117,
2018-09-26,-1,7583.083109143054,7591.29,4,SL,-656.5512685557042,-696.5512685557042,35,
2018-09-26,1,7578.048035677299,7585.561962838161,4,TP,601.1141728689836,581.1141728689836,61,
2018-10-01,1,7689.693708812051,7686.47,4,BE,-257.8967049640778,-297.8967049640778,92,
2018-10-02,-1,7638.636738357906,7648.72,2,SL,-403.3304656837572,-423.3304656837572,21,
2018-10-03,1,7656.82,7651.96,4,SL,-388.7999999999738,-428.7999999999738,13,
2018-10-03,-1,7666.665210990905,7658.6797879411615,4,TP,638.8338439794461,618.8338439794461,27,
2018-10-03,1,7657.33,7666.566115298351,4,TP,738.8892238681001,718.8892238681001,32,
2018-10-03,-1,7672.13,7674.66,4,SL,-202.39999999997963,-242.39999999997963,36,
2018-10-03,1,7662.349631180605,7655.88,4,SL,-517.5704944483732,-557.5704944483732,82,
2018-10-08,-1,7359.34,7376.82,3,SL,-1048.7999999999738,-1078.7999999999738,13,
2018-10-09,1,7358.2763927966425,7378.181586665638,2,TP,796.2077547598165,786.2077547598165,25,
2018-10-09,-1,7381.18,7392.06,2,SL,-435.20000000000437,-455.20000000000437,32,
2018-10-09,-1,7382.138232387587,7396.96,2,SL,-592.8707044965267,-612.8707044965267,52,
2018-10-11,-1,7038.298701392506,7071.35,1,SL,-661.0259721498915,-671.0259721498915,20,
2018-10-11,-1,7066.57,7091.04,3,SL,-1468.2000000000153,-1498.2000000000153,22,
2018-10-11,1,7026.1443320680355,7024.31,1,BE,-36.6866413607022,-46.6866413607022,77,
2018-10-16,1,7146.937830076315,7141.29,4,SL,-451.8264061051741,-491.8264061051741,22,
2018-10-16,-1,7154.699531051291,7162.67,4,SL,-637.637515896713,-677.637515896713,27,
2018-10-16,-1,7165.311165092031,7177.97,2,SL,-506.35339631877287,-526.3533963187729,86,
2018-10-17,-1,7259.5115448215,7274.61,1,SL,-301.9691035699907,-311.9691035699907,137,
2018-10-18,-1,7236.0238053322555,7237.89,2,BE,-74.64778670979285,-94.64778670979285,19,
2018-10-18,1,7222.512055058915,7204.73,2,SL,-711.2822023566332,-731.2822023566332,31,
2018-10-18,-1,7227.5039690855265,7232.02,2,BE,-180.64123657895834,-200.64123657895834,87,
2018-10-18,1,7212.270700289643,7199.9,2,SL,-494.8280115857415,-514.8280115857415,102,
2018-10-22,-1,7128.049980034541,7144.18,1,SL,-322.6003993091945,-332.6003993091945,72,
2018-10-23,1,7004.386204489669,7021.466787794471,2,TP,683.2233321921012,673.2233321921012,18,
2018-10-23,1,7000.78,6983.11,2,SL,-706.8000000000029,-726.8000000000029,32,
2018-10-24,-1,7110.96,7095.633866570417,3,TP,919.5680057749814,904.5680057749814,14,
2018-10-25,-1,6901.904808679098,6910.47,2,BE,-342.60765283608634,-362.60765283608634,19,
2018-10-25,-1,6920.37,6929.43,4,SL,-724.800000000032,-764.800000000032,21,
2018-10-29,-1,6943.4886563690825,6927.423736058032,2,TP,642.5968124420251,632.5968124420251,19,
2018-10-29,-1,6940.436997175593,6955.26,2,SL,-592.9201129762805,-612.9201129762805,32,
2018-10-29,1,6930.997692377434,6908.5,1,SL,-449.953847548677,-459.953847548677,79,
2018-10-30,1,6723.787400914171,6700.15,1,SL,-472.7480182834188,-482.7480182834188,74,
2018-10-30,1,6723.316620190003,6696.86,1,SL,-529.1324038000676,-539.1324038000676,224,
2018-10-31,1,6957.084497671356,6935.96,1,SL,-422.4899534271208,-432.4899534271208,135,
2018-11-01,1,6990.489194693879,6976.46,4,SL,-1122.3355755102966,-1162.3355755102966,14,
2018-11-01,1,6980.95,6973.57,4,SL,-590.4000000000087,-630.4000000000087,16,
2018-11-01,-1,6986.42555079575,6957.793510134273,1,TP,572.6408132295364,567.6408132295364,50,
2018-11-01,1,6957.01,6986.305712854837,1,TP,585.9142570967379,580.9142570967379,63,
2018-11-05,-1,6902.086321649009,6878.114343422335,2,TP,958.8791290669542,948.8791290669542,121,
2018-11-07,1,7073.102683679164,7086.920596867289,3,TP,829.0747912874576,814.0747912874576,21,
2018-11-08,-1,7162.217908331076,7174.34,3,SL,-727.3255001354664,-757.3255001354664,19,
2018-11-08,1,7157.829293619279,7179.529624787581,1,TP,434.00662336604,429.00662336604,69,
2018-11-13,1,6891.263680726765,6885.02,4,SL,-499.49445814119827,-539.4944581411983,13,
2018-11-13,1,6880.33,6876.62,4,BE,-296.8000000000029,-336.8000000000029,21,
2018-11-13,-1,6885.0095790313135,6897.13,1,BE,-242.4084193737326,-252.4084193737326,88,
2018-11-14,-1,6902.62,6913.47,3,SL,-651.0000000000218,-681.0000000000218,16,
2018-11-14,1,6890.392085627036,6878.4,2,SL,-479.68342508145724,-499.68342508145724,23,
2018-11-15,1,6758.743893720673,6741.62,2,SL,-684.955748826942,-704.955748826942,36,
2018-11-20,1,6515.305578157578,6502.9,2,SL,-496.2231263031208,-516.2231263031208,21,
2018-11-20,1,6502.38,6479.91,2,SL,-898.8000000000102,-918.8000000000102,24,
2018-11-20,-1,6523.69384515902,6557.81,1,SL,-682.3230968196003,-692.3230968196003,69,
2018-11-21,1,6587.87,6585.65,1,SL,-44.40000000000509,-54.40000000000509,20,
2018-11-21,-1,6612.977662808114,6623.33,1,SL,-207.04674383772726,-217.04674383772726,34,
2018-11-21,1,6589.602035652826,6615.610610324135,1,TP,520.1714934261872,515.1714934261872,52,
2018-11-21,-1,6615.905179325681,6591.748907308361,1,TP,483.1254403464118,478.1254403464118,73,
2018-11-26,-1,6617.81,6622.71,4,SL,-391.9999999999709,-431.9999999999709,16,
2018-11-26,1,6624.321808622499,6619.29,2,BE,-201.27234489995317,-221.27234489995317,171,
2018-11-27,-1,6646.876513885548,6660.73,2,SL,-554.1394445780679,-574.1394445780679,28,
2018-11-28,-1,6748.558824345842,6739.623174767189,4,TP,714.8519662922627,694.8519662922627,23,
2018-11-28,-1,6747.270689477995,6753.23,4,SL,-476.7448417603737,-516.7448417603737,33,
2018-11-28,-1,6748.929902267348,6738.407524748424,3,TP,631.342651135401,616.342651135401,37,
2018-11-28,1,6736.54,6729.94,4,SL,-528.0000000000291,-568.0000000000291,46,
2018-11-28,-1,6737.769969561801,6759.37,3,BE,-1296.001826291922,-1326.001826291922,151,
2018-11-29,1,6881.522036752384,6879.29,3,BE,-133.92220514306246,-163.92220514306246,18,
2018-11-29,-1,6892.282602928093,6880.878319665591,3,TP,684.256995750111,669.256995750111,32,
2018-11-29,1,6879.96,6878.58,3,BE,-82.80000000000655,-112.80000000000655,47,
2018-11-29,-1,6889.991805856438,6873.581757710366,2,TP,656.4019258428743,646.4019258428743,61,
2018-12-04,1,7026.53259970574,7022.57,4,BE,-317.0079764592083,-357.0079764592083,18,
2018-12-04,1,7019.62,7018.05,4,SL,-125.59999999997672,-165.59999999997672,23,
2018-12-04,-1,7031.791683322607,7020.160947829509,3,TP,697.8441295859193,682.8441295859193,58,
2018-12-04,-1,7033.241053605238,7036.03,3,BE,-167.3367836856778,-197.3367836856778,80,
2018-12-04,1,7021.974561561348,7014.18,3,SL,-467.6736936808811,-497.6736936808811,92,
2018-12-06,1,6674.4109254049445,6651.58,1,SL,-456.61850809889074,-466.61850809889074,25,
2018-12-10,1,6637.9850743362185,6627.21,2,SL,-431.0029734487398,-451.0029734487398,20,
2018-12-10,1,6621.77,6616.19,4,SL,-446.40000000006694,-486.40000000006694,22,
2018-12-10,1,6601.92,6586.83,1,SL,-301.8000000000029,-311.8000000000029,24,
2018-12-10,-1,6617.444620166184,6647.31,1,SL,-597.3075966763281,-607.3075966763281,200,
2018-12-11,-1,6778.7953403677475,6769.402994624911,4,TP,751.3876594269095,731.3876594269095,17,
2018-12-11,-1,6782.66,6768.833090014281,4,TP,1106.1527988575108,1086.1527988575108,28,
2018-12-11,-1,6779.221054286677,6769.27167810897,3,TP,596.9625706623992,581.9625706623992,39,
2018-12-11,1,6766.35,6750.44,4,SL,-1272.8000000000611,-1312.8000000000611,41,
2018-12-11,-1,6778.574536759682,6760.389545530708,2,TP,727.3996491589423,717.3996491589423,66,
2018-12-11,1,6761.0406177023315,6743.99,2,SL,-682.0247080932677,-702.0247080932677,81,
2018-12-12,-1,6796.348210498625,6789.8593583592365,4,TP,519.1081711510924,499.1081711510924,16,
2018-12-12,-1,6795.717250660479,6786.9846101269995,4,TP,698.6112426783802,678.6112426783802,25,
2018-12-12,-1,6796.017133116626,6807.29,4,SL,-901.829350669941,-941.829350669941,30,
2018-12-13,1,6798.64407500745,6781.26,2,SL,-695.3630002979844,-715.3630002979844,25,
2018-12-13,-1,6813.125476071655,6831.04,1,SL,-358.2904785669052,-368.2904785669052,43,
2018-12-13,1,6795.394970952,6777.61,1,SL,-355.699419040011,-365.699419040011,71,
2018-12-18,-1,6500.000652238046,6505.95,4,SL,-475.94782095628034,-515.9478209562803,13,
2018-12-18,-1,6513.72,6514.16,1,SL,-8.799999999991996,-18.799999999991996,16,
2018-12-18,1,6498.501111367303,6513.843637637602,2,TP,613.7010508119783,603.7010508119783,58,
2018-12-18,-1,6514.15,6496.735210848615,2,TP,696.5915660553947,686.5915660553947,73,
2018-12-18,1,6496.07,6515.219070115415,2,TP,765.9628046166108,755.9628046166108,82,
2018-12-18,-1,6513.033481051944,6526.57,2,SL,-541.4607579222138,-561.4607579222138,156,
2018-12-19,1,6533.943281440914,6557.083021294183,2,TP,925.5895941307608,915.5895941307608,148,
2018-12-20,1,6319.13,6306.67,2,SL,-498.40000000000146,-518.4000000000015,14,
2018-12-20,-1,6342.448352267863,6362.55,1,SL,-402.0329546427456,-412.0329546427456,36,
2018-12-20,1,6324.129237270423,6355.951923340715,1,TP,636.453721405851,631.453721405851,73,
2018-12-20,-1,6359.76,6324.7037784601125,1,TP,701.124430797754,696.124430797754,80,
2018-12-20,1,6324.327315931133,6305.74,1,SL,-371.74631862266324,-381.74631862266324,99,
2018-12-26,1,5999.514079206812,6017.813675424084,2,TP,731.9838486908702,721.9838486908702,21,
2018-12-27,1,6173.679761389284,6145.44,2,SL,-1129.5904555713787,-1149.5904555713787,19,
2018-12-27,-1,6156.545960803566,6120.813409370595,1,TP,714.6510286594275,709.6510286594275,145,
2018-12-31,1,6348.436493164285,6339.62,3,SL,-528.9895898571012,-558.9895898571012,17,
2018-12-31,1,6344.87,6333.62,3,SL,-675.0,-705.0,21,
2019-01-07,-1,6435.86,6447.22,4,SL,-908.8000000000466,-948.8000000000466,19,
2019-01-07,1,6425.044434491847,6414.85,2,SL,-407.777379673862,-427.777379673862,25,
2019-01-07,1,6418.81,6437.364088663218,3,TP,1113.2453197930772,1098.2453197930772,33,
2019-01-07,-1,6439.08,6422.077490079605,3,TP,1020.1505952236948,1005.1505952236948,41,
2019-01-07,1,6421.0,6436.491980528088,2,TP,619.6792211235152,609.6792211235152,55,
2019-01-07,-1,6438.34,6453.07,3,SL,-883.7999999999738,-913.7999999999738,61,
2019-01-08,1,6560.150229106034,6551.0,4,SL,-732.0183284827363,-772.0183284827363,18,
2019-01-09,1,6574.20730722985,6564.84,3,SL,-562.0384337909854,-592.0384337909854,17,
2019-01-09,1,6569.41,6587.797716014009,3,TP,1103.2629608405477,1088.2629608405477,20,
2019-01-09,-1,6587.765704344675,6598.44,2,SL,-426.97182621297543,-446.97182621297543,25,
2019-01-09,1,6576.119187383948,6592.705631537238,2,TP,663.4577661316143,653.4577661316143,40,
2019-01-09,-1,6592.105483708563,6577.649279151783,2,TP,578.2481822711998,568.2481822711998,61,
2019-01-09,1,6577.442038762298,6566.96,2,SL,-419.28155049190536,-439.28155049190536,65,
2019-01-10,-1,6541.864346189047,6546.54,3,BE,-280.5392286571805,-310.5392286571805,51,
2019-01-14,-1,6532.524278340815,6535.97,3,BE,-206.74329955112626,-236.74329955112626,24,
2019-01-14,1,6522.075434956644,6532.702194054977,3,TP,637.6055458999508,622.6055458999508,39,
2019-01-14,-1,6532.890901959203,6545.11,3,SL,-733.1458824478068,-763.1458824478068,50,
2019-01-16,1,6701.618438997984,6694.5,3,SL,-427.10633987906476,-457.10633987906476,62,
2019-01-23,1,6695.215369470415,6686.78,4,SL,-674.8295576332021,-714.8295576332021,49,
2019-01-24,1,6672.07,6684.735885934632,4,TP,1013.2708747706056,993.2708747706056,15,
2019-01-24,1,6678.582672766439,6692.119672750715,2,TP,541.4799993710403,531.4799993710403,44,
2019-01-28,-1,6673.499060021194,6676.64,3,BE,-188.45639872837637,-218.45639872837637,50,
2019-01-28,-1,6682.222201032638,6665.612976759834,2,TP,664.3689709121463,654.3689709121463,130,
2019-01-29,-1,6691.276625230975,6680.867469811905,3,TP,624.5493251441985,609.5493251441985,37,
2019-01-29,1,6680.1,6670.25,4,SL,-788.0000000000291,-828.0000000000291,41,
2019-01-30,1,6715.92,6708.85,4,SL,-565.5999999999767,-605.5999999999767,19,
2019-01-30,-1,6714.855094512344,6718.59,3,BE,-224.09432925935107,-254.09432925935107,135,
2019-01-31,-1,6847.2828253385815,6857.35,4,SL,-805.3739729135123,-845.3739729135123,16,
2019-02-04,1,6876.9385733231275,6886.3088258013795,3,TP,562.2151486951225,547.2151486951225,16,
2019-02-04,-1,6888.89,6893.9,4,SL,-400.7999999999447,-440.7999999999447,18,
2019-02-04,-1,6900.35,6901.7,1,SL,-26.999999999989086,-36.999999999989086,20,
2019-02-05,1,6995.836311991907,7005.943494874619,4,TP,808.574630617004,788.574630617004,48,
2019-02-05,-1,7006.09,7012.78,3,SL,-401.399999999976,-431.399999999976,62,
2019-02-05,-1,7015.050622118437,7016.76,3,BE,-102.56267289380048,-132.56267289380048,149,
2019-02-05,1,7002.941593751419,6995.05,3,SL,-473.49562508510644,-503.49562508510644,184,
2019-02-06,-1,7028.236086654685,7017.8391440095265,3,TP,623.8165587095136,608.8165587095136,28,
2019-02-06,1,7016.01,7008.74,4,SL,-581.6000000000349,-621.6000000000349,31,
2019-02-07,-1,6922.959355714685,6928.39,4,SL,-434.4515428251907,-474.4515428251907,29,
2019-02-07,-1,6930.36,6928.02,4,BE,187.19999999993888,147.19999999993888,38,
2019-02-07,1,6920.902132457355,6908.52,2,SL,-495.28529829418403,-515.285298294184,90,
2019-02-11,1,6938.32,6929.81,3,SL,-510.5999999999585,-540.5999999999585,16,
2019-02-11,-1,6939.92579246126,6926.583595423561,3,TP,800.5318222619644,785.5318222619644,53,
2019-02-11,1,6919.42,6917.92,4,SL,-120.0,-160.0,61,
2019-02-13,1,7045.614956469941,7054.159824864943,4,TP,683.5894716002076,663.5894716002076,17,
2019-02-13,1,7046.590259581576,7054.320343931441,4,TP,618.406747989211,598.406747989211,31,
2019-02-14,1,6982.693792157341,6976.36,4,SL,-506.7033725872898,-546.7033725872898,17,
2019-02-14,-1,6992.13,6995.25,4,BE,-249.59999999999127,-289.59999999999127,26,
2019-02-14,1,6994.119562400403,7010.930115582282,2,TP,672.4221272751674,662.4221272751674,77,
2019-02-14,1,6994.890335850983,6991.36,2,BE,-141.21343403934588,-161.21343403934588,122,
2019-02-14,-1,7011.249594197952,7023.18,2,SL,-477.21623208191886,-497.21623208191886,165,
2019-02-19,1,7058.861061528997,7064.995344994627,4,TP,490.74267725038226,470.74267725038226,73,
2019-02-19,-1,7066.01,7067.86,4,BE,-147.99999999995634,-187.99999999995634,91,
2019-02-19,1,7059.939826295189,7066.55049600958,4,TP,528.8535771512397,508.85357715123973,126,
2019-02-19,-1,7066.554755678117,7071.93,4,SL,-430.0195457506925,-470.0195457506925,136,
2019-02-20,1,7075.489186101623,7080.141451204404,4,TP,372.1812082224642,352.1812082224642,20,
2019-02-20,1,7077.8753800550185,7083.48231751087,4,TP,448.5549964681559,428.5549964681559,46,
2019-02-20,1,7081.858096022494,7088.844336650131,4,TP,558.8992502109613,538.8992502109613,133,
2019-02-20,-1,7089.5,7081.726381522573,4,TP,621.8894781941344,601.8894781941344,154,
2019-02-21,-1,7026.8607016592005,7038.03,2,SL,-446.7719336319715,-466.7719336319715,104,
2019-02-25,1,7149.627030279281,7144.94,4,SL,-374.9624223425053,-414.9624223425053,26,
2019-02-25,-1,7154.565806891053,7144.786860259542,3,TP,586.7367978906987,571.7367978906987,58,
2019-02-25,1,7142.31,7153.572243997441,4,TP,900.979519795219,880.979519795219,83,
2019-02-26,-1,7104.5,7110.42,4,SL,-473.6000000000058,-513.6000000000058,14,
2019-02-26,1,7110.198815377929,7102.27,3,SL,-475.7289226757348,-505.7289226757348,90,
2019-02-26,-1,7123.241195860726,7110.393952824795,2,TP,513.8897214372628,503.8897214372628,185,
2019-02-27,1,7105.0083664121585,7101.04,4,SL,-317.4693129726802,-357.4693129726802,21,
2019-02-27,1,7099.33,7095.44,4,SL,-311.2000000000262,-351.2000000000262,23,
2019-02-28,1,7105.112481246055,7098.31,4,SL,-544.198499684353,-584.198499684353,32,
2019-02-28,1,7096.76,7093.44,4,SL,-265.6000000000495,-305.6000000000495,34,
2019-02-28,-1,7105.339756929478,7113.66,3,SL,-499.2145842312857,-529.2145842312857,132,
2019-03-04,1,7199.005203244808,7193.5,4,SL,-440.41625958467193,-480.41625958467193,21,
2019-03-04,1,7193.09,7203.139665838889,4,TP,803.9732671111415,783.9732671111415,28,
2019-03-04,-1,7203.61,7196.431471271231,4,TP,574.2822983014776,554.2822983014776,38,
2019-03-04,1,7193.81,7190.84,4,SL,-237.60000000002037,-277.6000000000204,40,
2019-03-05,1,7146.969139553229,7138.9,4,SL,-645.5311642583547,-685.5311642583547,16,
2019-03-05,-1,7149.299054836039,7134.661657987629,2,TP,585.4958739364156,575.4958739364156,47,
2019-03-05,-1,7150.5272443365675,7159.64,2,SL,-364.51022653731343,-384.51022653731343,100,
2019-03-06,-1,7156.743848872332,7153.312972831194,4,TP,274.47008329101664,254.47008329101664,17,
2019-03-06,-1,7154.950267549757,7146.995943800873,4,TP,636.3458999107388,616.3458999107388,46,
2019-03-06,1,7145.84,7141.4,4,SL,-355.20000000004075,-395.20000000004075,51,
2019-03-12,1,7173.321703946179,7182.880978493875,3,TP,573.5564728617646,558.5564728617646,22,
2019-03-12,-1,7184.33,7175.1686674089615,4,TP,732.9066072830756,712.9066072830756,45,
2019-03-12,-1,7185.030330820578,7186.56,4,BE,-122.37353435382829,-162.3735343538283,58,
2019-03-13,1,7237.528730015272,7245.089013405016,4,TP,604.8226711794996,584.8226711794996,65,
2019-03-13,-1,7245.101104070418,7251.16,4,SL,-484.7116743665538,-524.7116743665538,80,
2019-03-14,-1,7254.517134850151,7259.66,4,SL,-411.42921198792465,-451.42921198792465,22,
2019-03-14,-1,7257.44,7264.19,4,SL,-540.0,-580.0,26,
2019-03-14,1,7248.850540799961,7241.54,3,SL,-438.6324479976611,-468.6324479976611,39,
2019-03-14,-1,7256.1049908181285,7258.98,4,BE,-230.00073454968515,-270.00073454968515,135,
2019-03-18,1,7329.22011699659,7322.9,3,SL,-379.2070197954308,-409.2070197954308,112,
2019-03-19,1,7352.18,7348.78,1,SL,-68.00000000001091,-78.00000000001091,13,
2019-03-19,-1,7362.794754181781,7368.91,4,SL,-489.21966545749456,-529.2196654574946,50,
2019-03-19,1,7355.497370069491,7352.72,4,BE,-222.1896055592515,-262.1896055592515,81,
2019-03-19,-1,7361.962707873201,7367.9,4,SL,-474.9833701438911,-514.9833701438911,116,
2019-03-19,1,7355.433968342719,7375.526009363513,2,TP,803.6816408317827,793.6816408317827,247,
2019-03-20,-1,7343.462492181022,7335.683884580958,4,TP,622.2886080051103,602.2886080051103,28,
2019-03-20,1,7334.76,7345.5107621968855,4,TP,860.060975750821,840.060975750821,33,
2019-03-20,1,7336.697970847725,7346.717032589005,3,TP,601.143704476799,586.143704476799,55,
2019-03-20,-1,7347.44,7351.89,4,BE,-356.0000000000582,-396.0000000000582,76,
2019-03-20,1,7341.275276016194,7333.08,3,SL,-491.7165609716358,-521.7165609716358,144,
2019-03-25,1,7307.269545801126,7294.46,2,SL,-512.38183204503,-532.38183204503,17,
2019-03-25,1,7292.15,7280.56,2,SL,-463.59999999996944,-483.59999999996944,19,
2019-03-25,-1,7303.792535662833,7322.42,1,SL,-372.54928674334224,-382.54928674334224,107,
2019-03-26,1,7381.01,7387.070773991443,4,TP,484.86191931544454,464.86191931544454,14,
2019-03-26,1,7388.480827448588,7380.43,3,BE,-483.0496469152422,-513.0496469152422,63,
2019-03-26,1,7384.280114493553,7372.32,2,SL,-478.4045797421277,-498.4045797421277,138,
2019-03-27,-1,7365.2811631514005,7352.859710447959,3,TP,745.287162206514,730.287162206514,25,
2019-03-27,1,7345.896122337116,7331.22,2,SL,-587.0448934846354,-607.0448934846354,74,
2019-03-28,-1,7318.479752954418,7323.43,4,BE,-396.01976364661823,-436.01976364661823,19,
2019-03-28,-1,7323.62,7329.75,4,SL,-490.40000000000873,-530.4000000000087,31,
2019-03-28,1,7321.04752219647,7308.15,2,SL,-515.9008878588065,-535.9008878588065,92,
2019-04-01,-1,7448.330003491117,7439.659874558382,4,TP,693.6103146187816,673.6103146187816,36,
2019-04-02,1,7473.797116474895,7480.056162225674,4,TP,500.7236600622855,480.7236600622855,21,
2019-04-02,-1,7478.975748834599,7486.71,3,SL,-464.05506992408846,-494.05506992408846,57,
2019-04-02,1,7473.54306331305,7485.797273595339,3,TP,735.2526169373414,720.2526169373414,137,
2019-04-03,-1,7538.636664685495,7544.4,4,SL,-461.06682516037836,-501.06682516037836,16,
2019-04-03,1,7536.06,7530.12,4,SL,-475.20000000004075,-515.2000000000407,37,
2019-04-03,-1,7543.0297673582145,7550.88,4,SL,-628.0186113428499,-668.0186113428499,51,
2019-04-04,1,7557.645554188991,7550.9,4,SL,-539.6443351193011,-579.6443351193011,47,
2019-04-08,-1,7555.029955765569,7545.284628853338,4,TP,779.6261529784533,759.6261529784533,30,
2019-04-09,1,7579.374830563597,7573.7,4,SL,-453.986445087794,-493.986445087794,81,
2019-04-09,-1,7588.085175569412,7590.13,3,BE,-122.68946583528304,-152.68946583528304,140,
2019-04-09,1,7582.317906474689,7575.53,4,SL,-543.0325179751526,-583.0325179751526,232,
2019-04-10,-1,7582.032826527525,7587.88,4,SL,-467.77387779802666,-507.77387779802666,14,
2019-04-10,1,7578.254324110988,7586.374323554896,4,TP,649.5999555126764,629.5999555126764,23,
2019-04-10,1,7579.851115409507,7577.81,4,BE,-163.28923276050773,-203.28923276050773,54,
2019-04-10,-1,7585.754346835894,7591.56,4,SL,-464.45225312854745,-504.45225312854745,72,
2019-04-11,1,7599.562342232032,7607.767463790367,4,TP,656.4097246668098,636.4097246668098,70,
2019-04-11,1,7601.043695867283,7589.31,3,SL,-704.0217520369333,-734.0217520369333,131,
2019-04-15,1,7629.12,7633.662505785465,4,TP,363.40046283723495,343.40046283723495,14,
2019-04-16,-1,7654.11,7656.31,4,SL,-176.0000000000582,-216.0000000000582,13,
2019-04-16,1,7650.514764487441,7654.762204859442,4,TP,339.7952297600568,319.7952297600568,24,
2019-04-16,1,7655.18477489844,7663.220262149042,4,TP,642.8389800481818,622.8389800481818,104,
2019-04-16,1,7654.518057038833,7661.873230164179,4,TP,588.4138500277186,568.4138500277186,208,
2019-04-18,-1,7687.07,7681.409341137743,4,TP,452.85270898057206,432.85270898057206,13,
2019-04-18,-1,7686.090703688099,7680.796450272144,4,TP,423.54027327637596,403.54027327637596,19,
2019-04-24,1,7813.44173378631,7804.98,4,SL,-676.9387029048085,-716.9387029048085,15,
2019-04-24,-1,7813.13309238938,7820.42,3,SL,-437.2144566371935,-467.2144566371935,67,
2019-04-24,1,7808.612950756546,7800.6,3,SL,-480.7770453927151,-510.7770453927151,156,
2019-04-25,-1,7836.8466208509835,7827.938897038355,3,TP,534.4634287576991,519.4634287576991,38,
2019-04-25,1,7826.21,7818.75,3,SL,-447.6000000000022,-477.6000000000022,42,
2019-04-25,-1,7829.856548675832,7836.18,1,BE,-126.46902648337345,-136.46902648337345,282,
2019-04-29,1,7829.546587440634,7820.88,4,BE,-693.3269952506816,-733.3269952506816,21,
2019-04-29,-1,7830.738167061735,7836.95,4,SL,-496.9466350611765,-536.9466350611765,67,
2019-04-30,1,7774.539213328788,7784.011032936716,3,TP,568.3091764757046,553.3091764757046,35,
2019-04-30,-1,7785.78,7789.8,4,SL,-321.6000000000349,-361.6000000000349,38,
2019-05-01,-1,7831.420309823975,7823.637778012941,4,TP,622.602544882684,602.602544882684,14,
2019-05-01,1,7822.01,7828.859138584158,4,TP,547.9310867326421,527.9310867326421,32,
2019-05-01,-1,7828.967796065425,7822.682289341771,4,TP,502.8405378923344,482.8405378923344,34,
2019-05-01,-1,7828.880069973925,7834.45,4,SL,-445.5944020859897,-485.5944020859897,39,
2019-05-01,1,7823.978449644297,7832.271252463316,4,TP,663.4242255215213,643.4242255215213,82,
2019-05-01,1,7827.613809348401,7815.53,3,SL,-725.028560904102,-755.028560904102,192,
2019-05-07,1,7726.141265545586,7717.76,4,BE,-670.5012436468678,-710.5012436468678,17,
2019-05-07,1,7713.34,7696.46,4,SL,-1350.4000000000087,-1390.4000000000087,19,
2019-05-08,-1,7623.28,7639.56,2,SL,-651.2000000000262,-671.2000000000262,17,
2019-05-08,-1,7635.42,7644.22,2,SL,-352.0000000000073,-372.0000000000073,19,
2019-05-09,1,7531.860611439583,7522.26,2,SL,-384.0244575833276,-404.0244575833276,15,
2019-05-09,1,7490.408045882884,7511.123601904704,2,TP,828.6222408727917,818.6222408727917,138,
2019-05-13,1,7410.168618166527,7391.74,3,SL,-1105.7170899916491,-1135.7170899916491,21,
2019-05-14,1,7368.068243060499,7360.67,3,SL,-443.89458362995356,-473.89458362995356,18,
2019-05-14,1,7353.69,7345.7,1,SL,-159.79999999999563,-169.79999999999563,20,
2019-05-15,1,7367.787997422232,7377.205091270425,4,TP,753.367507855437,733.367507855437,13,
2019-05-20,-1,7386.14109001813,7365.603992412206,2,TP,821.4839042369567,811.4839042369567,20,
2019-05-20,-1,7391.76,7398.38,2,BE,-264.79999999999563,-284.79999999999563,54,
2019-05-21,-1,7440.473758088635,7451.61,3,SL,-668.1745146818866,-698.1745146818866,74,
2019-05-21,-1,7454.77,7465.98,2,SL,-448.3999999999651,-468.3999999999651,276,
2019-05-22,1,7424.132571523243,7431.779191642781,4,TP,611.7296095630445,591.7296095630445,22,
2019-05-22,-1,7432.92,7438.94,4,SL,-481.59999999996217,-521.5999999999622,25,
2019-05-22,1,7427.7413937937245,7436.391321675841,4,TP,691.9942305693257,671.9942305693257,45,
2019-05-22,1,7430.109549502101,7422.82,3,BE,-437.37297012607087,-467.37297012607087,87,
2019-05-22,-1,7439.383903506744,7424.324566523267,2,TP,602.3734793390759,592.3734793390759,136,
2019-05-22,1,7424.553055688362,7416.09,3,SL,-507.7833413017288,-537.7833413017288,197,
2019-05-23,-1,7324.671893619361,7311.459759503124,3,TP,792.7280469742436,777.7280469742436,37,
2019-05-23,1,7310.06,7302.09,3,SL,-478.2000000000153,-508.2000000000153,43,
2019-05-23,-1,7320.511349489894,7332.17,3,SL,-699.5190306063523,-729.5190306063523,84,
2019-05-23,-1,7324.241650305067,7306.777261825913,2,TP,698.5755391661587,688.5755391661587,126,
2019-05-23,1,7305.68,7295.04,2,SL,-425.6000000000131,-445.6000000000131,145,
2019-05-28,1,7344.857238260374,7339.17,3,BE,-341.2342956224529,-371.2342956224529,40,
2019-05-29,-1,7224.339513084782,7232.83,4,SL,-679.2389532174275,-719.2389532174275,16,
2019-05-29,-1,7227.495154287392,7216.4308820143615,3,TP,663.8563363818503,648.8563363818503,21,
2019-05-29,1,7215.78,7225.601674678825,3,TP,589.3004807294892,574.3004807294892,36,
2019-05-29,-1,7228.0,7236.11,4,SL,-648.7999999999738,-688.7999999999738,45,
2019-05-29,-1,7229.230700499296,7232.43,1,BE,-63.985990014080016,-73.98599001408002,260,
2019-05-30,1,7244.58,7251.074007572442,4,TP,519.5206057953328,499.5206057953328,13,
2019-05-30,1,7250.084737979786,7245.61,4,SL,-357.9790383829095,-397.9790383829095,38,
2019-05-30,1,7246.77,7255.90798935096,4,TP,731.039148076743,711.039148076743,61,
2019-05-30,-1,7257.17,7248.9485083328,4,TP,657.7193333760079,637.7193333760079,78,
2019-05-30,1,7248.904679630036,7242.66,4,SL,-499.5743704029155,-539.5743704029155,82,
2019-06-03,1,7111.84,7105.74,4,SL,-488.0000000000291,-528.0000000000291,13,
2019-06-04,-1,7047.225454988911,7035.708178177445,3,TP,691.0366086879731,676.0366086879731,18,
2019-06-04,-1,7045.493792495903,7033.01859414089,3,TP,748.5119013007898,733.5119013007898,29,
2019-06-04,-1,7044.414830721842,7055.87,3,SL,-687.3101566894729,-717.3101566894729,46,
2019-06-06,1,7224.480638579878,7212.42,3,SL,-723.6383147926972,-753.6383147926972,24,
2019-06-06,-1,7223.77121519003,7231.12,3,SL,-440.9270885982187,-470.9270885982187,74,
2019-06-10,-1,7503.9640928383305,7515.74,2,SL,-471.0362864667695,-491.0362864667695,36,
2019-06-11,-1,7578.178865496414,7563.314519562698,2,TP,594.5738373486529,584.5738373486529,38,
2019-06-11,1,7560.379642390929,7549.94,2,SL,-417.58569563717174,-437.58569563717174,74,
2019-06-12,-1,7504.92,7488.44400345849,4,TP,1318.0797233207704,1298.0797233207704,37,
2019-06-12,1,7485.59,7480.57,4,SL,-401.6000000000349,-441.6000000000349,48,
2019-06-12,1,7476.762172233407,7465.9,2,SL,-434.48688933629455,-454.48688933629455,128,
2019-06-13,1,7513.453315099021,7507.16,4,SL,-503.4652079216903,-543.4652079216903,39,
2019-06-13,1,7506.44,7523.121613327059,4,TP,1334.5290661647596,1314.5290661647596,66,
2019-06-13,1,7510.722721374073,7501.43,3,SL,-557.5632824443892,-587.5632824443892,90,
2019-06-20,-1,7761.627712259875,7753.656344297684,4,TP,637.709436975274,617.709436975274,14,
2019-06-20,-1,7761.012958804762,7754.760706163686,4,TP,500.1802112860605,480.1802112860605,37,
2019-06-20,1,7754.638227293843,7764.006618201891,4,TP,749.4712726438593,729.4712726438593,42,
2019-06-24,-1,7742.931732552814,7737.118513191561,4,TP,465.0575489002222,445.0575489002222,15,
2019-06-24,1,7737.10343402251,7728.95,4,SL,-652.2747218007862,-692.2747218007862,19,
2019-06-24,-1,7739.583382807412,7730.876842622334,3,TP,522.3924111046654,507.39241110466537,73,
2019-06-24,-1,7741.135080693529,7731.421750107373,3,TP,582.7998351693714,567.7998351693714,112,
2019-06-24,1,7731.06,7741.408133654919,4,TP,827.8506923934765,807.8506923934765,123,
2019-06-26,1,7663.111154763718,7653.67,2,SL,-377.6461905487304,-397.6461905487304,56,
2019-06-27,-1,7662.738199232436,7669.59,4,SL,-548.1440614051098,-588.1440614051098,26,
2019-06-27,1,7659.304229796729,7666.997794023893,4,TP,615.4851381731714,595.4851381731714,63,
2019-06-27,1,7659.819556933084,7652.95,4,SL,-549.5645546467131,-589.5645546467131,78,
2019-06-27,1,7658.648695777888,7652.19,4,BE,-516.6956622310681,-556.6956622310681,110,
2019-07-01,-1,7816.13,7807.476585621022,4,TP,692.2731503182149,672.2731503182149,13,
2019-07-01,-1,7809.9671777488575,7799.346650327388,3,TP,637.2316452881932,622.2316452881932,41,
2019-07-01,1,7799.297113663518,7788.34,3,SL,-657.4268198110622,-687.4268198110622,53,
2019-07-02,-1,7765.3808865898445,7759.060345036502,4,TP,505.64332426736655,485.64332426736655,20,
2019-07-02,1,7760.45375377255,7766.615451275457,4,TP,492.9358002325898,472.9358002325898,55,
2019-07-02,-1,7766.620589987951,7772.65,4,SL,-482.3528009639267,-522.3528009639267,60,
2019-07-02,1,7764.395896714245,7757.25,3,SL,-428.7538028547169,-458.7538028547169,130,
2019-07-08,-1,7768.88539316119,7775.73,4,SL,-547.5685471047473,-587.5685471047473,46,
2019-07-11,1,7914.617590947325,7920.48846498011,4,TP,469.66992262277927,449.66992262277927,14,
2019-07-11,1,7917.122367117352,7912.29,4,SL,-386.58936938816623,-426.58936938816623,42,
2019-07-11,-1,7919.541505569391,7927.14,3,SL,-455.90966583655245,-485.90966583655245,112,
2019-07-15,-1,7952.40211049941,7947.090814790554,4,TP,424.90365670848405,404.90365670848405,34,
2019-07-15,-1,7951.179677558933,7945.561212156004,4,TP,449.477232234276,429.477232234276,76,
2019-07-15,-1,7951.778519619315,7953.5,4,BE,-137.71843045477,-177.71843045477,107,
2019-07-15,1,7945.982616725532,7945.5,4,BE,-38.609338042588206,-78.6093380425882,182,
2019-07-16,1,7958.017884403255,7953.45,4,SL,-365.43075226043584,-405.43075226043584,45,
2019-07-16,-1,7961.616205918035,7954.48123686478,4,TP,570.7975242604152,550.7975242604152,82,
2019-07-16,1,7954.01,7953.19,4,BE,-65.60000000004948,-105.60000000004948,97,
2019-07-17,1,7933.390135763128,7927.49,4,SL,-472.01086105022114,-512.0108610502211,40,
2019-07-18,-1,7875.384975499353,7886.12,3,SL,-644.1014700388405,-674.1014700388405,52,
2019-07-18,1,7868.534813323689,7864.73,3,BE,-228.28879942138883,-258.28879942138883,83,
2019-07-22,1,7878.777593273623,7891.770050235543,3,TP,779.5474177151846,764.5474177151846,68,
2019-07-22,1,7879.003071456529,7874.35,3,BE,-279.1842873917267,-309.1842873917267,111,
2019-07-25,-1,7958.605687724134,7967.26,2,SL,-346.1724910346311,-366.1724910346311,70,
2019-07-30,-1,7955.523222650538,7963.13,3,SL,-456.40664096774344,-486.40664096774344,123,
2019-07-30,1,7948.99455164289,7946.64,4,BE,-188.3641314311535,-228.3641314311535,206,
2019-07-31,-1,7968.85,7972.03,4,SL,-254.39999999995052,-294.3999999999505,14,
2019-07-31,-1,7970.009126464707,7962.274121942303,4,TP,618.8003617923096,598.8003617923096,17,
2019-07-31,1,7961.81,7967.799971448123,4,TP,479.1977158498048,459.1977158498048,30,
2019-07-31,-1,7967.927390631007,7974.08,4,SL,-492.2087495194137,-532.2087495194137,36,
2019-07-31,1,7963.201769495334,7956.22,4,SL,-558.541559626683,-598.541559626683,67,
2019-08-01,1,7955.2927864946,7930.82,1,SL,-489.4557298919972,-499.4557298919972,239,
2019-08-01,1,7920.26,7927.0,1,SL,134.79999999999563,124.79999999999563,241,
2019-08-05,-1,7497.849704130977,7477.110783623156,2,TP,829.5568203128641,819.5568203128641,115,
2019-08-05,1,7476.68,7464.66,2,SL,-480.80000000001746,-500.80000000001746,131,
2019-08-06,-1,7511.639116511345,7521.25,2,SL,-384.4353395462167,-404.4353395462167,33,
2019-08-06,1,7497.852750974991,7479.41,2,SL,-737.7100389996485,-757.7100389996485,45,
2019-08-06,1,7481.963835765811,7466.27,1,SL,-313.8767153162189,-323.8767153162189,101,
2019-08-07,-1,7444.92,7427.153773256291,2,TP,710.6490697483605,700.6490697483605,14,
2019-08-07,1,7420.17,7396.28,4,SL,-1911.2000000000262,-1951.2000000000262,16,
2019-08-07,1,7387.56,7392.02,1,SL,89.20000000000073,79.20000000000073,18,
2019-08-07,-1,7436.868140285764,7459.28,1,SL,-448.2371942847203,-458.2371942847203,41,
2019-08-08,-1,7600.775043792543,7614.31,3,SL,-812.0973724474243,-842.0973724474243,27,
2019-08-12,-1,7595.358145548589,7583.995523403608,3,TP,681.7573286988772,666.7573286988772,18,
2019-08-12,-1,7594.174541178132,7605.48,3,SL,-678.327529312046,-708.327529312046,32,
2019-08-12,1,7583.644456977529,7594.95368701905,3,TP,678.5538024912603,663.5538024912603,47,
2019-08-12,-1,7598.01,7604.19,4,SL,-494.3999999999505,-534.3999999999505,51,
2019-08-12,-1,7606.419906792043,7623.3,2,SL,-675.2037283183017,-695.2037283183017,182,
2019-08-14,1,7602.8999174915125,7584.06,4,SL,-1507.1933993209677,-1547.1933993209677,16,
2019-08-14,1,7586.53,7610.102970224382,4,TP,1885.8376179506013,1865.8376179506013,26,
2019-08-14,-1,7610.261654569658,7592.934026235623,2,TP,693.1051333614232,683.1051333614232,32,
2019-08-14,1,7587.83,7579.74,4,SL,-647.2000000000116,-687.2000000000116,35,
2019-08-15,-1,7505.074593844552,7512.09,1,BE,-140.3081231089709,-150.3081231089709,31,
2019-08-15,1,7487.202764669447,7484.65,1,BE,-51.05529338894485,-61.05529338894485,91,
2019-08-19,1,7722.551427979205,7716.44,4,SL,-488.91423833643785,-528.9142383364378,20,
2019-08-19,-1,7717.993086264654,7728.27,2,SL,-411.0765494138468,-431.0765494138468,108,
2019-08-20,-1,7693.216423568628,7682.915498408564,3,TP,618.0555096038006,603.0555096038006,30,
2019-08-20,-1,7692.405740365936,7700.23,3,SL,-469.4555780437986,-499.4555780437986,42,
2019-08-21,-1,7748.87,7754.47,1,SL,-112.00000000000728,-122.00000000000728,13,
2019-08-21,1,7738.165362635395,7734.45,3,BE,-222.9217581236844,-252.9217581236844,72,
2019-08-22,1,7754.012377006945,7750.11,4,BE,-312.1901605556195,-352.1901605556195,33,
2019-08-26,-1,7542.082015102782,7529.4519026284215,3,TP,757.8067484616258,742.8067484616258,37,
2019-08-26,1,7529.15,7520.16,2,SL,-359.59999999999127,-379.59999999999127,40,
2019-08-26,-1,7535.870348844853,7553.18,2,SL,-692.386046205902,-712.386046205902,103,
2019-08-27,1,7621.701389197657,7629.412737950172,4,TP,616.9079002012586,596.9079002012586,17,
2019-08-27,1,7621.459309903508,7618.37,3,BE,-185.3585942105019,-215.3585942105019,44,
2019-08-28,-1,7519.5602226194505,7526.4,4,SL,-547.1821904439275,-587.1821904439275,15,
2019-08-28,-1,7522.871908521564,7533.77,3,SL,-653.8854887061643,-683.8854887061643,19,
2019-08-29,1,7695.472604161009,7704.774256135853,4,TP,744.1321579874784,724.1321579874784,15,
2019-08-29,1,7701.0049889170095,7691.22,4,SL,-782.7991133607429,-822.7991133607429,42,
2019-09-03,1,7642.083419629028,7655.694907685667,3,TP,816.6892833983547,801.6892833983547,20,
2019-09-03,1,7647.186329316592,7636.57,3,SL,-636.9797589955124,-666.9797589955124,31,
2019-09-03,1,7629.49,7632.08,1,SL,51.80000000000291,41.80000000000291,34,
2019-09-04,1,7683.071757103526,7689.611698600519,4,TP,523.1953197594703,503.1953197594703,15,
2019-09-04,1,7684.5795023673345,7679.54,4,BE,-403.1601893867628,-443.1601893867628,37,
2019-09-09,-1,7868.834980403795,7861.6690723812035,4,TP,573.2726418073435,553.2726418073435,23,
2019-09-10,-1,7765.755773670696,7774.11,3,SL,-501.25357975823135,-531.2535797582314,54,
2019-09-10,-1,7772.939094700843,7785.9,2,SL,-518.4362119662546,-538.4362119662546,142,
2019-09-12,1,7938.633604866681,7927.01,4,SL,-929.8883893344464,-969.8883893344464,14,
2019-09-12,1,7929.7737299453875,7953.733368707631,1,TP,479.1927752448646,474.1927752448646,212,
2019-09-16,1,7853.708167063037,7847.82,4,SL,-471.05336504297156,-511.05336504297156,61,
2019-09-16,1,7850.75,7840.16,4,SL,-847.2000000000116,-887.2000000000116,85,
2019-09-16,-1,7861.643712713751,7864.17,2,BE,-101.05149144997995,-121.05149144997995,118,
2019-09-17,-1,7865.77,7852.134566783183,4,TP,1090.8346573454037,1070.8346573454037,24,
2019-09-17,1,7851.958740491247,7844.84,4,SL,-569.4992392997665,-609.4992392997665,41,
2019-09-17,1,7848.796007160387,7857.662698036981,4,TP,709.335270127558,689.335270127558,94,
2019-09-17,-1,7859.0,7865.75,4,SL,-540.0,-580.0,115,
2019-09-18,1,7865.6355868884275,7864.93,4,BE,-56.44695107417647,-96.44695107417647,163,
2019-09-19,1,7932.780978978413,7926.33,4,SL,-516.0783182730665,-556.0783182730665,141,
2019-09-23,-1,7816.0,7819.36,4,SL,-268.7999999999738,-308.7999999999738,16,
2019-09-23,-1,7819.67,7825.08,4,SL,-432.79999999998836,-472.79999999998836,21,
2019-09-23,1,7810.674285441703,7801.28,3,SL,-563.6571265022212,-593.6571265022212,36,
2019-09-23,-1,7818.108191122834,7803.037170201912,2,TP,602.8408368368764,592.8408368368764,78,
2019-09-23,-1,7815.944552473693,7825.8,3,SL,-591.326851578433,-621.326851578433,127,
2019-09-24,1,7859.714986071237,7854.76,4,BE,-396.3988856989454,-436.3988856989454,36,
2019-09-25,1,7709.15117473812,7699.93,4,SL,-737.6939790495817,-777.6939790495817,14,
2019-09-25,-1,7699.94,7723.92,2,SL,-959.2000000000189,-979.2000000000189,85,
2019-09-26,1,7754.268163165285,7735.66,2,SL,-744.3265266114031,-764.3265266114031,92,
2019-09-26,-1,7761.63944796159,7739.648232182971,2,TP,879.6486311447734,869.6486311447734,231,
2019-09-30,-1,7708.16,7699.736204749217,4,TP,673.9036200626288,653.9036200626288,17,
2019-09-30,-1,7707.001101229277,7712.33,4,SL,-426.31190165782755,-466.31190165782755,20,
2019-09-30,-1,7720.872110506377,7731.28,3,SL,-624.4733696173716,-654.4733696173716,116,
2019-10-01,1,7803.39,7795.46,4,SL,-634.4000000000233,-674.4000000000233,33,
2019-10-01,1,7785.83,7782.22,1,SL,-72.19999999999345,-82.19999999999345,35,
2019-10-02,-1,7600.651299175078,7585.744359988597,2,TP,596.2775674592194,586.2775674592194,55,
2019-10-02,1,7584.41,7572.79,3,SL,-697.1999999999935,-727.1999999999935,61,
2019-10-03,1,7550.64,7564.133881763556,3,TP,809.6329058133415,794.6329058133415,16,
2019-10-03,-1,7564.367575325042,7552.519426440757,2,TP,473.9259553713782,463.9259553713782,30,
2019-10-03,-1,7551.849727589588,7586.09,1,SL,-684.8054482082443,-694.8054482082443,99,
2019-10-07,1,7722.610345254283,7712.84,2,SL,-390.81381017131207,-410.81381017131207,18,
2019-10-07,-1,7731.676298945834,7719.424662543777,3,TP,735.0981841233988,720.0981841233988,33,
2019-10-07,1,7743.210166723621,7762.762252269166,2,TP,782.0834218218079,772.0834218218079,243,
2019-10-08,-1,7648.885998996665,7661.11,2,SL,-488.96004013338825,-508.96004013338825,108,
2019-10-09,-1,7680.96,7669.552001570827,4,TP,912.6398743338359,892.6398743338359,22,
2019-10-09,1,7664.86,7659.9,4,SL,-396.8000000000029,-436.8000000000029,24,
2019-10-09,1,7659.65,7662.62,4,BE,237.60000000002037,197.60000000002037,45,
2019-10-09,-1,7676.6380363401895,7667.132581666157,3,TP,570.3272804419248,555.3272804419248,91,
2019-10-09,1,7666.89,7677.131027507576,3,TP,614.4616504545229,599.4616504545229,129,
2019-10-14,-1,7839.833723966912,7846.86,4,SL,-562.102082647034,-602.102082647034,20,
2019-10-14,-1,7844.79,7850.61,4,SL,-465.5999999999767,-505.5999999999767,35,
2019-10-14,-1,7851.209338098065,7859.98,2,SL,-350.8264760773818,-370.8264760773818,87,
2019-10-15,1,7881.052108532792,7886.961109249002,4,TP,472.7200572968286,452.7200572968286,30,
2019-10-16,1,7912.899869405701,7918.477373151302,4,TP,446.2002996481169,426.2002996481169,18,
2019-10-16,1,7913.128447040907,7908.0,4,BE,-410.2757632725843,-450.2757632725843,29,
2019-10-16,-1,7917.831515551334,7924.47,3,SL,-398.3090669199919,-428.3090669199919,59,
2019-10-16,1,7914.165234893539,7929.213026429404,2,TP,601.9116614346058,591.9116614346058,139,
2019-10-17,-1,7972.522202235389,7978.53,4,SL,-480.6238211688469,-520.6238211688469,21,
2019-10-17,1,7965.805205616492,7957.32,3,BE,-509.11233698951037,-539.1123369895104,58,
2019-10-21,1,7911.849184693428,7905.44,4,SL,-512.7347754742368,-552.7347754742368,18,
2019-10-21,-1,7913.750771387556,7923.52,3,SL,-586.153716746685,-616.153716746685,96,
2019-10-22,-1,7972.740967554553,7966.74227913044,4,TP,479.895073929074,459.895073929074,17,
2019-10-23,-1,7869.61,7875.21,4,SL,-448.0000000000291,-488.0000000000291,15,
2019-10-23,1,7861.083166677402,7851.48,3,SL,-576.1900006441465,-606.1900006441465,66,
2019-10-23,-1,7870.813261907269,7880.15,2,SL,-373.46952370920917,-393.46952370920917,86,
2019-10-24,-1,7949.4,7944.276763519865,4,TP,409.858918410755,389.858918410755,18,
2019-10-24,-1,7938.217454184856,7947.96,2,SL,-389.7018326057514,-409.7018326057514,101,
2019-10-28,1,8081.6386843458395,8079.19,4,BE,-195.89474766718922,-235.89474766718922,15,
2019-10-28,1,8079.887409704712,8085.8490689518985,4,TP,476.93273977492936,456.93273977492936,18,
2019-10-28,-1,8085.851519994947,8080.202907729769,4,TP,451.88898121421516,431.88898121421516,21,
2019-10-28,-1,8085.576622984138,8090.79,4,SL,-417.07016126892995,-457.07016126892995,44,
2019-10-30,-1,8046.58741669804,8039.22896713688,4,TP,588.6759648928273,568.6759648928273,31,
2019-10-30,1,8039.11,8047.098046652149,4,TP,639.0437321719219,619.0437321719219,48,
2019-10-30,1,8041.406633925519,8038.65,3,BE,-165.39803553114325,-195.39803553114325,260,
2019-10-31,1,8098.824015377921,8088.14,4,SL,-854.7212302336266,-894.7212302336266,15,
2019-10-31,1,8089.03,8083.16,4,SL,-469.59999999999127,-509.59999999999127,21,
2019-11-04,1,8216.479158084787,8214.41,4,BE,-165.53264678295818,-205.53264678295818,25,
2019-11-04,-1,8219.083488488566,8208.761697872016,3,TP,619.3074369930036,604.3074369930036,65,
2019-11-04,1,8208.38,8206.41,4,BE,-157.5999999999476,-197.5999999999476,112,
2019-11-05,-1,8214.457025833477,8221.81,4,SL,-588.2379333217978,-628.2379333217978,31,
2019-11-05,1,8209.946560655739,8202.57,3,SL,-442.5936393443408,-472.5936393443408,41,
2019-11-05,1,8194.46,8191.19,1,SL,-65.39999999999054,-75.39999999999054,43,
2019-11-05,-1,8214.4168313812,8222.97,3,SL,-513.1901171279242,-543.1901171279242,155,
2019-11-06,-1,8193.913937560594,8188.812453852225,4,TP,408.1186966694804,388.1186966694804,17,
2019-11-06,-1,8193.591031772397,8189.406717415665,4,TP,334.7451485385682,314.7451485385682,45,
2019-11-06,1,8186.58,8187.63,4,BE,84.00000000001455,44.00000000001455,58,
2019-11-06,-1,8190.592604782896,8181.40238441129,4,TP,735.2176297285041,715.2176297285041,134,
2019-11-06,1,8173.85,8174.67,1,SL,16.39999999999418,6.399999999994179,138,
2019-11-07,1,8240.990659405457,8248.445681684554,4,TP,596.401782327739,576.401782327739,40,
2019-11-07,-1,8259.132980645929,8270.45,4,SL,-905.3615483257454,-945.3615483257454,150,
2019-11-07,-1,8262.58,8260.87,4,BE,136.79999999993015,96.79999999993015,209,
2019-11-11,1,8204.06,8203.36,4,SL,-55.99999999991269,-95.99999999991269,15,
2019-11-11,-1,8212.410157874909,8217.94,4,SL,-442.38737000734545,-482.38737000734545,18,
2019-11-11,-1,8218.3,8220.51,4,SL,-176.80000000007567,-216.80000000007567,20,
2019-11-11,-1,8219.67,8223.88,4,SL,-336.79999999993015,-376.79999999993015,41,
2019-11-12,-1,8282.342750958933,8271.59279083161,3,TP,644.9976076393796,629.9976076393796,200,
2019-11-12,1,8271.519720712371,8283.178849031732,3,TP,699.547699161667,684.547699161667,219,
2019-11-13,1,8243.363370762036,8235.3,4,SL,-645.0696609629085,-685.0696609629085,21,
2019-11-13,-1,8250.168602680424,8257.65,3,SL,-448.8838391745594,-478.8838391745594,50,
2019-11-14,1,8241.223851371728,8247.423490920135,4,TP,495.9711638726003,475.9711638726003,20,
2019-11-14,-1,8247.66,8253.74,4,BE,-486.3999999999942,-526.3999999999942,34,
2019-11-14,1,8244.16269756558,8238.31,4,SL,-468.2158052464365,-508.2158052464365,77,
2019-11-18,1,8283.885201554325,8293.78190010637,3,TP,593.8019131227338,578.8019131227338,67,
2019-11-20,1,8314.98698799399,8319.526981258407,4,TP,363.19946115327184,343.19946115327184,17,
2019-11-20,1,8317.842579752709,8324.28582644918,4,TP,515.4597357177408,495.45973571774084,57,
2019-11-20,1,8322.013451590026,8315.17,4,SL,-547.4761272020987,-587.4761272020987,137,
2019-11-21,-1,8270.275295575913,8264.319596963642,4,TP,476.4558889817272,456.4558889817272,30,
2019-11-21,1,8264.340148145895,8271.562176105983,4,TP,577.7622368070297,557.7622368070297,36,
2019-11-21,-1,8274.38,8277.57,4,SL,-255.20000000004075,-295.20000000004075,39,
2019-11-21,-1,8275.65,8278.86,4,SL,-256.80000000007567,-296.80000000007567,42,
2019-11-21,1,8264.473966781572,8256.27,3,SL,-492.2380068942948,-522.2380068942948,48,
2019-11-21,1,8253.77,8252.78,1,SL,-19.799999999995634,-29.799999999995634,50,
2019-11-21,-1,8269.625147799112,8255.760383826595,2,TP,554.5905589006725,544.5905589006725,124,
2019-11-26,1,8369.64,8366.02,4,SL,-289.5999999999185,-329.5999999999185,16,
2019-11-26,-1,8376.401160059972,8381.7,4,SL,-423.9071952023369,-463.9071952023369,27,
2019-11-26,1,8371.814368633422,8379.897330987988,4,TP,646.6369883652078,626.6369883652078,42,
2019-11-27,1,8403.66,8409.7220946811,4,TP,484.96757448796416,464.96757448796416,17,
2019-11-27,-1,8409.84921911889,8413.74,4,BE,-311.26247048872756,-351.26247048872756,35,
2019-12-03,1,8191.53,8174.83,3,BE,-1001.9999999999891,-1031.999999999989,19,
2019-12-03,-1,8202.53170268071,8185.135414351374,2,TP,695.8515331734452,685.8515331734452,40,
2019-12-03,1,8184.1,8202.335944550807,2,TP,729.4377820322552,719.4377820322552,46,
2019-12-03,-1,8202.56,8212.92,2,SL,-414.4000000000233,-434.4000000000233,48,
2019-12-03,1,8189.508726908656,8207.168995031312,2,TP,706.4107249062363,696.4107249062363,108,
2019-12-04,1,8301.093139754179,8309.684595452603,4,TP,687.3164558739518,667.3164558739518,79,
2019-12-04,-1,8309.70659469848,8301.512252535753,4,TP,655.5473730181984,635.5473730181984,100,
2019-12-04,1,8301.450086296038,8310.203704512069,4,TP,700.289457282488,680.289457282488,124,
2019-12-04,1,8302.264504157789,8294.79,4,SL,-597.9603326230426,-637.9603326230426,173,
2019-12-05,1,8308.680316441672,8314.767546520688,4,TP,486.97840632128646,466.97840632128646,13,
2019-12-05,1,8309.81369386925,8303.24,4,BE,-525.895509539987,-565.895509539987,29,
2019-12-10,-1,8358.052468107086,8363.69,3,BE,-338.2519135748953,-368.2519135748953,36,
2019-12-11,-1,8369.655168216317,8373.0,4,SL,-267.5865426946257,-307.5865426946257,18,
2019-12-11,1,8375.186299854264,8383.21656606086,3,TP,481.81597239581606,466.81597239581606,273,
2019-12-18,1,8591.814611316544,8594.673880779768,4,TP,228.74155705794692,208.74155705794692,13,
2019-12-18,1,8592.39946650467,8587.36,4,SL,-403.1573203735752,-443.1573203735752,19,
2019-12-19,1,8599.67,8603.838137476763,4,TP,333.45099814105197,313.45099814105197,26,
2019-12-19,1,8600.300265968644,8596.54,4,SL,-300.8212774914864,-340.8212774914864,49,
2019-12-19,-1,8602.993943349438,8609.37,4,SL,-510.08453204500256,-550.0845320450026,60,
2019-12-23,1,8701.286637911882,8699.8,4,BE,-118.93103295064066,-158.93103295064066,30,
2019-12-23,-1,8702.385405192032,8706.31,4,SL,-313.96758463743026,-353.96758463743026,91,
2019-12-31,1,8704.490601230265,8696.81,3,SL,-460.83607381595357,-490.83607381595357,37,
2020-01-02,-1,8825.2571711301,8814.144651760495,3,TP,666.7511621763697,651.7511621763697,42,
2020-01-02,1,8799.606490302447,8818.532692345276,2,TP,757.0480817131465,747.0480817131465,172,
2020-01-07,-1,8845.780129995834,8855.91,2,SL,-405.194800166646,-425.194800166646,44,
2020-01-07,1,8833.112296376621,8853.405951759085,2,TP,811.7462152985536,801.7462152985536,86,
2020-01-09,1,8992.465110788497,8987.54,4,BE,-394.00886307965266,-434.00886307965266,17,
2020-01-13,-1,9008.55849226959,9014.05,4,SL,-439.32061843268457,-479.32061843268457,27,
2020-01-13,-1,9015.421168143514,9021.99,4,SL,-525.506548518897,-565.506548518897,88,
2020-01-14,1,9040.252331906022,9057.058523269212,2,TP,672.2476545276004,662.2476545276004,145,
2020-01-15,1,9049.828047944406,9059.411322846638,4,TP,766.6619921785605,746.6619921785605,21,
2020-01-15,-1,9060.76,9067.54,4,SL,-542.4000000000524,-582.4000000000524,25,
2020-01-15,1,9060.765634091304,9057.85,3,BE,-174.9380454781931,-204.9380454781931,149,
2020-01-15,-1,9071.102095342543,9060.62999843285,3,TP,628.3258145815489,613.3258145815489,185,
2020-01-15,1,9060.576068855618,9051.29,3,SL,-557.1641313370492,-587.1641313370492,203,
2020-01-16,1,9089.462765533077,9097.536883078166,4,TP,645.9294036071515,625.9294036071515,27,
2020-01-16,1,9093.422334950632,9088.32,4,SL,-408.18679605057696,-448.18679605057696,57,
2020-01-21,1,9147.76088016296,9154.342222906149,4,TP,526.5074194551562,506.5074194551562,17,
2020-01-21,-1,9155.59,9159.56,4,SL,-317.5999999999476,-357.5999999999476,20,
2020-01-21,-1,9163.635301617562,9168.19,3,BE,-273.28190294632805,-303.28190294632805,98,
2020-01-21,1,9165.24873390763,9154.47,3,SL,-646.724034457875,-676.724034457875,243,
2020-01-22,1,9218.443374841676,9226.235136882682,4,TP,623.3409632804978,603.3409632804978,52,
2020-01-22,1,9221.802522255784,9215.18,3,SL,-397.351335347048,-427.351335347048,104,
2020-01-23,-1,9165.24447369563,9172.84,3,SL,-455.73157826223905,-485.73157826223905,28,
2020-01-27,1,8954.132846985212,8969.806455081,2,TP,626.9443238314852,616.9443238314852,39,
2020-01-27,-1,8970.0,8976.28,2,BE,-251.2000000000262,-271.2000000000262,58,
2020-01-30,1,9079.560603088245,9099.957607586999,2,TP,815.8801799501816,805.8801799501816,39,
2020-01-30,-1,9100.16442766425,9077.766133660461,1,TP,447.9658800757534,442.9658800757534,47,
2020-01-30,1,9077.0,9061.56,2,SL,-617.6000000000204,-637.6000000000204,63,
2020-02-03,1,9107.086385381586,9133.371136629637,1,TP,525.6950249610236,520.6950249610236,357,
2020-02-04,-1,9245.172262115519,9257.02,3,SL,-710.8642730689098,-740.8642730689098,16,
2020-02-04,-1,9255.43,9267.34,2,SL,-476.3999999999942,-496.3999999999942,20,
2020-02-04,-1,9263.616120108069,9274.15,2,SL,-421.3551956772426,-441.3551956772426,60,
2020-02-06,-1,9374.10827780253,9380.62,4,SL,-520.9377757976472,-560.9377757976472,19,
2020-02-06,-1,9383.02,9385.06,4,SL,-163.19999999992433,-203.19999999992433,22,
2020-02-11,-1,9557.094497880651,9567.54,2,BE,-417.8200847739936,-437.8200847739936,32,
2020-02-11,1,9568.37712647289,9552.55,2,SL,-633.0850589156034,-653.0850589156034,129,
2020-02-12,1,9585.011802944498,9580.19,4,SL,-385.7442355598323,-425.7442355598323,14,
2020-02-12,1,9576.87,9574.21,4,SL,-212.80000000013388,-252.80000000013388,19,
2020-02-12,-1,9576.499152758071,9587.73,2,SL,-449.23388967712526,-469.23388967712526,104,
2020-02-13,1,9559.917269931144,9552.01,3,SL,-474.4361958686204,-504.4361958686204,33,
2020-02-13,1,9548.83,9572.783018668926,4,TP,1916.2414935140987,1896.2414935140987,42,
2020-02-13,-1,9574.34,9583.91,3,SL,-574.1999999999825,-604.1999999999825,66,
2020-02-18,1,9601.622655456113,9591.24,4,SL,-830.6124364890275,-870.6124364890275,60,
2020-02-18,1,9596.27,9612.452840333544,4,TP,1294.627226683515,1274.627226683515,76,
2020-02-18,-1,9612.7,9599.328315825493,2,TP,534.8673669803247,524.8673669803247,105,
2020-02-20,-1,9697.648118164594,9705.47,3,SL,-469.31291012431757,-499.31291012431757,24,
2020-02-20,1,9693.476312143854,9707.429692501273,2,TP,558.1352142967808,548.1352142967808,75,
2020-02-24,1,9145.590834248214,9122.25,1,SL,-466.81668496428756,-476.81668496428756,62,
2020-02-26,-1,8970.785117816866,9004.96,1,SL,-683.4976436626675,-693.4976436626675,58,
2020-02-27,1,8644.727759151405,8608.67,1,SL,-721.155183028095,-731.155183028095,18,
2020-02-27,1,8624.07,8679.304525074676,1,TP,1104.6905014935328,1099.6905014935328,25,
2020-02-27,-1,8680.081525913456,8632.72099522368,1,TP,947.2106137955052,942.2106137955052,36,
2020-03-02,-1,8551.132366364325,8518.400089114928,1,TP,654.6455449879431,649.6455449879431,29,
2020-03-02,1,8517.03,8477.44,1,SL,-791.8000000000029,-801.8000000000029,36,
2020-03-02,-1,8533.607141807104,8563.51,1,SL,-598.0571638579204,-608.0571638579204,79,
2020-03-03,-1,8836.03139945842,8930.2,1,SL,-1883.3720108316265,-1893.3720108316265,31,
2020-03-03,-1,8945.63,8969.75,1,SL,-482.400000000016,-492.400000000016,33,
2020-03-04,-1,8731.283985818007,8759.1,1,SL,-556.3202836398705,-566.3202836398705,47,
2020-03-04,1,8708.987870502773,8759.756892012985,1,TP,1015.3804302042408,1010.3804302042408,166,
2020-03-05,1,8744.526017419792,8729.97,1,SL,-291.1203483958525,-301.1203483958525,23,
2020-03-05,-1,8761.976046960415,8785.98,1,SL,-480.07906079168606,-490.07906079168606,49,
2020-03-09,1,7941.8725593672,7934.45,3,SL,-445.35356203199626,-475.35356203199626,20,
2020-03-09,1,7939.1744047204475,7954.545066070672,2,TP,614.8264540089804,604.8264540089804,22,
2020-03-10,-1,8195.72380818793,8211.75,1,BE,-320.5238362414093,-330.5238362414093,33,
2020-03-11,1,8154.99,8189.061080929344,2,TP,1362.8432371737654,1352.8432371737654,30,
2020-03-11,-1,8192.4,8220.89,1,SL,-569.7999999999956,-579.7999999999956,39,
2020-03-11,1,8165.949360901347,8142.75,1,SL,-463.98721802694126,-473.98721802694126,59,
2020-03-12,-1,7479.363989551374,7543.07,1,SL,-1274.1202089725084,-1284.1202089725084,29,
2020-03-12,-1,7571.77,7547.42,1,SL,487.0000000000073,477.0000000000073,31,
2020-03-12,-1,7507.593768332454,7525.36,1,BE,-355.3246333509196,-365.3246333509196,42,
2020-03-12,-1,7528.957530022923,7606.12,1,SL,-1543.2493995415462,-1553.2493995415462,209,
2020-03-16,-1,7502.26,7502.2599999999975,4,TP,2.1827872842550278e-10,-19.99999999978172,15,
2020-03-18,1,7187.346153685987,7146.97,1,SL,-807.5230737197307,-817.5230737197307,99,
2020-03-19,-1,7126.179533727894,7158.26,1,SL,-641.6093254421321,-651.6093254421321,25,
2020-03-23,-1,6960.735743166823,7004.66,1,SL,-878.4851366635303,-888.4851366635303,26,
2020-03-23,1,6949.90145658998,6903.45,1,SL,-929.029131799598,-939.029131799598,109,
2020-03-24,1,7354.84,7395.316422813276,1,TP,809.5284562655252,804.5284562655252,23,
2020-03-24,-1,7420.186484126457,7363.5947627548,1,TP,1131.834427433132,1126.834427433132,97,
2020-03-24,1,7363.1671814658175,7418.812365707408,1,TP,1112.9036848318174,1107.9036848318174,112,
2020-03-25,1,7583.869744427828,7521.18,1,SL,-1253.7948885565493,-1263.7948885565493,24,
2020-03-26,1,7592.501159181436,7566.17,1,SL,-526.6231836287261,-536.6231836287261,21,
2020-03-26,-1,7624.62188905267,7651.31,1,SL,-533.7622189466128,-543.7622189466128,30,
2020-03-30,1,7673.08,7659.0,2,SL,-563.1999999999971,-583.1999999999971,13,
2020-03-30,-1,7705.424284279673,7730.82,1,SL,-507.9143144065347,-517.9143144065347,34,
2020-03-31,1,7855.479024116301,7839.24,2,SL,-649.5609646520461,-669.5609646520461,20,
2020-03-31,1,7838.0,7827.55,4,SL,-835.9999999999854,-875.9999999999854,23,
2020-03-31,-1,7868.9382304836045,7894.7,1,SL,-515.2353903279072,-525.2353903279072,37,
2020-04-01,1,7613.426690976761,7589.77,2,SL,-946.2676390704291,-966.2676390704291,17,
2020-04-01,1,7598.98,7599.15,2,BE,6.80000000000291,-13.19999999999709,32,
2020-04-01,-1,7625.185962596808,7639.34,1,SL,-283.08074806383956,-293.08074806383956,45,
2020-04-01,1,7623.926466250337,7597.93,1,SL,-519.9293250067421,-529.9293250067421,153,
2020-04-02,1,7499.4545739354935,7485.52,2,SL,-557.3829574197225,-577.3829574197225,13,
2020-04-02,1,7469.05,7463.14,4,SL,-472.79999999998836,-512.7999999999884,15,
2020-04-02,1,7442.94,7432.41,1,SL,-210.5999999999949,-220.5999999999949,17,
2020-04-06,-1,7790.6373078041515,7803.79,3,SL,-789.1615317509059,-819.1615317509059,16,
2020-04-06,-1,7804.82,7812.19,3,SL,-442.19999999999345,-472.19999999999345,18,
2020-04-07,-1,8267.864733820565,8238.413717957526,1,TP,589.0203172607653,584.0203172607653,34,
2020-04-07,1,8226.99,8214.44,2,SL,-501.9999999999709,-521.9999999999709,37,
2020-04-09,1,8286.004037899109,8263.79,1,SL,-444.28075798216014,-454.28075798216014,38,
2020-04-13,1,8204.799491428857,8186.46,1,BE,-366.789828577148,-376.789828577148,30,
2020-04-13,-1,8225.794812425123,8196.629099960055,1,TP,583.3142493013656,578.3142493013656,51,
2020-04-13,1,8188.38,8175.56,2,SL,-512.7999999999884,-532.7999999999884,93,
2020-04-13,-1,8214.295221894154,8235.3,1,SL,-420.09556211691233,-430.09556211691233,140,
2020-04-14,1,8570.328453348999,8603.29306028114,1,TP,659.2921386428134,654.2921386428134,131,
2020-04-15,1,8554.89659649366,8540.7,3,SL,-851.7957896195367,-881.7957896195367,13,
2020-04-15,1,8523.91,8511.78,1,SL,-242.599999999984,-252.599999999984,15,
2020-04-15,-1,8550.762572910136,8557.0,1,BE,-124.74854179727117,-134.74854179727117,74,
2020-04-16,-1,8691.304389279829,8670.20005839932,2,TP,844.173235220369,834.173235220369,18,
2020-04-16,-1,8674.903706277766,8695.34,1,SL,-408.7258744446808,-418.7258744446808,74,
2020-04-20,1,8767.214757062833,8754.99,3,SL,-733.4854237699983,-763.4854237699983,15,
2020-04-20,-1,8777.24205602727,8793.24,1,SL,-319.9588794546071,-329.9588794546071,55,
2020-04-22,1,8569.697564716173,8555.89,2,SL,-552.3025886469259,-572.3025886469259,19,
2020-04-22,1,8555.13,8587.053945035748,4,TP,2553.9156028599245,2533.9156028599245,30,
2020-04-22,-1,8593.69,8564.848034204033,3,TP,1730.5179477580532,1715.5179477580532,38,
2020-04-22,1,8564.617721512663,8586.862422428412,1,TP,444.8940183149898,439.8940183149898,41,
2020-04-22,-1,8585.854860243482,8600.65,2,SL,-591.8055902607011,-611.8055902607011,56,
2020-04-23,1,8722.085252258896,8746.266826721925,1,TP,483.63148926058784,478.63148926058784,31,
2020-04-23,1,8740.910538699114,8713.21,1,SL,-554.0107739822997,-564.0107739822997,195,
2020-04-23,1,8659.81,8635.64,1,SL,-483.40000000000146,-493.40000000000146,197,
2020-04-27,-1,8855.334478862975,8845.95800813323,4,TP,750.1176583796041,730.1176583796041,14,
2020-04-27,-1,8856.393102992655,8866.42,3,SL,-601.6138204406889,-631.6138204406889,23,
2020-04-27,1,8854.866039408715,8839.82,2,SL,-601.8415763485973,-621.8415763485973,77,
2020-04-29,-1,8862.01,8871.27,3,SL,-555.6000000000131,-585.6000000000131,13,
2020-04-29,-1,8879.05,8880.35,4,SL,-104.00000000008731,-144.0000000000873,16,
2020-04-30,-1,8991.495126861622,9006.15,2,SL,-586.1949255350919,-606.1949255350919,21,
2020-04-30,1,8984.991384371302,9013.632076589649,1,TP,572.8138443669377,567.8138443669377,59,
2020-04-30,-1,9015.26,8985.54697755459,1,TP,594.2604489082078,589.2604489082078,72,
2020-04-30,1,8983.58,8962.5,1,SL,-421.59999999999854,-431.59999999999854,75,
2020-04-30,-1,9011.988094591812,8981.069728047047,1,TP,618.3673308953075,613.3673308953075,120,
2020-05-04,-1,8686.59,8691.36,4,BE,-381.6000000000349,-421.6000000000349,16,
2020-05-06,1,9018.347810984442,9008.66,3,SL,-581.268659066518,-611.268659066518,25,
2020-05-06,1,9003.14,8994.62,1,SL,-170.39999999997235,-180.39999999997235,27,
2020-05-07,-1,9107.3913912206,9090.379828517694,2,TP,680.4625081162521,670.4625081162521,17,
2020-05-13,-1,9112.679010184464,9134.07,1,SL,-427.8197963107232,-437.8197963107232,31,
2020-05-13,1,9120.812748425731,9111.21,1,BE,-192.05496851463977,-202.05496851463977,111,
2020-05-14,1,8941.03,8928.5,2,SL,-501.2000000000262,-521.2000000000262,15,
2020-05-14,-1,8928.555442352059,8954.83,1,SL,-525.4911529588207,-535.4911529588207,98,
2020-05-18,-1,9287.5,9299.68,3,SL,-730.8000000000175,-760.8000000000175,16,
2020-05-18,1,9272.603599035672,9257.71,2,SL,-595.7439614269242,-615.7439614269242,24,
2020-05-18,1,9255.25,9286.382393389309,4,TP,2490.591471144726,2470.591471144726,46,
2020-05-19,1,9348.212171709509,9362.655707682728,3,TP,866.6121583931817,851.6121583931817,23,
2020-05-19,-1,9363.06,9381.87,2,SL,-752.4000000000524,-772.4000000000524,27,
2020-05-19,1,9379.109709487277,9398.080030631965,2,TP,758.8128457875428,748.8128457875428,196,
2020-05-20,1,9458.952630357322,9453.2,2,BE,-230.1052142928529,-250.1052142928529,193,
2020-05-21,1,9490.310225020632,9475.0,2,SL,-612.4090008252824,-632.4090008252824,25,
2020-05-26,-1,9545.930288172769,9534.241495941895,3,TP,701.3275338524545,686.3275338524545,17,
2020-05-28,1,9428.450025067887,9448.402713994306,2,TP,798.1075570567918,788.1075570567918,36,
2020-05-28,-1,9452.74,9462.79,3,SL,-603.0000000000655,-633.0000000000655,38,
2020-06-02,-1,9591.424136119214,9599.12,3,SL,-461.75183284718514,-491.75183284718514,32,
2020-06-02,-1,9600.19,9603.73,4,SL,-283.19999999992433,-323.19999999992433,37,
2020-06-02,1,9585.468422104228,9573.52,2,SL,-477.936884169103,-497.936884169103,75,
2020-06-03,-1,9684.382336460907,9696.65,2,BE,-490.7065415637044,-510.7065415637044,21,
2020-06-03,1,9678.938574014623,9673.16,2,BE,-231.14296058491163,-251.14296058491163,53,
2020-06-03,1,9675.891733498072,9693.287315079056,2,TP,695.8232632393629,685.8232632393629,84,
2020-06-03,1,9679.3166660309,9674.89,2,BE,-177.06664123601513,-197.06664123601513,135,
2020-06-04,1,9710.528831187692,9704.17,2,BE,-254.35324750767904,-274.35324750767904,92,
2020-06-08,1,9806.559750735152,9782.96,2,SL,-943.9900294061226,-963.9900294061226,18,
2020-06-08,-1,9797.034819852552,9813.3,1,SL,-325.3036029489522,-335.3036029489522,102,
2020-06-09,1,9883.747717586812,9901.194022385282,2,TP,697.8521919388004,687.8521919388004,49,
2020-06-09,-1,9908.16,9915.44,4,SL,-582.4000000000524,-622.4000000000524,54,
2020-06-10,1,10042.581091348948,10058.186555352264,2,TP,624.2185601326491,614.2185601326491,21,
2020-06-10,1,10041.603712109763,10057.818349180285,2,TP,648.5854828208539,638.5854828208539,28,
2020-06-10,-1,10061.7,10067.58,4,SL,-470.39999999993597,-510.39999999993597,32,
2020-06-10,1,10047.01516767909,10034.58,2,SL,-497.4067071636091,-517.4067071636091,53,
2020-06-10,-1,10065.328673280334,10044.697290191372,1,TP,412.6276617792246,407.6276617792246,82,
2020-06-10,1,10044.581461245594,10026.49,2,SL,-723.6584498237789,-743.6584498237789,87,
2020-06-10,-1,10064.317470517532,10067.77,1,BE,-69.0505896493778,-79.0505896493778,129,
2020-06-10,-1,10065.533421105067,10072.99,2,BE,-298.2631557973218,-318.2631557973218,218,
2020-06-11,-1,9919.70225442321,9935.22,1,SL,-310.3549115357964,-320.3549115357964,29,
2020-06-15,1,9521.660597858525,9553.2203142685,1,TP,631.19432819949,626.19432819949,23,
2020-06-15,-1,9556.27,9573.89,1,SL,-352.3999999999796,-362.3999999999796,26,
2020-06-15,-1,9605.505559134423,9635.03,1,SL,-590.4888173115614,-600.4888173115614,104,
2020-06-16,-1,9976.563419052629,9985.45,3,SL,-533.1948568423104,-563.1948568423104,13,
2020-06-16,-1,9988.13,9995.82,4,SL,-615.2000000000407,-655.2000000000407,15,
2020-06-16,1,9965.66497731986,9991.113281686597,1,TP,508.9660873347384,503.9660873347384,25,
2020-06-16,1,9976.7532168204,9998.051333495452,2,TP,851.9246670020948,841.9246670020948,56,
2020-06-16,1,9978.97818610877,9952.21,2,SL,-1070.7274443508504,-1090.7274443508504,72,
2020-06-17,1,10002.34755914734,9987.52,2,SL,-593.1023658935737,-613.1023658935737,28,
2020-06-17,-1,10006.409944861069,10013.64,1,BE,-144.6011027786153,-154.6011027786153,132,
2020-06-18,-1,9987.529732788607,9988.88,2,BE,-54.01068845567352,-74.01068845567352,18,
2020-06-18,1,9977.170293405774,9990.712351844648,2,TP,541.6823375549575,531.6823375549575,35,
2020-06-18,-1,9990.698539864954,10001.03,2,SL,-413.2584054018662,-433.2584054018662,40,
2020-06-18,1,9978.44467622145,9965.13,2,SL,-532.5870488580404,-552.5870488580404,53,
2020-06-18,-1,9991.229466384708,9994.71,2,BE,-139.22134461165115,-159.22134461165115,88,
2020-06-22,-1,10010.71177027323,10022.92,4,SL,-976.658378141583,-1016.658378141583,24,
2020-06-23,1,10188.236715076795,10205.742494366741,2,TP,700.2311715978431,690.2311715978431,30,
2020-06-23,-1,10205.98,10187.635852696903,2,TP,733.7658921238472,723.7658921238472,36,
2020-06-23,-1,10204.875983979626,10216.85,2,SL,-478.9606408149848,-498.9606408149848,49,
2020-06-24,1,10203.929945343609,10182.88,2,SL,-841.9978137443832,-861.9978137443832,20,
2020-06-24,1,10171.86,10155.25,1,SL,-332.20000000001164,-342.20000000001164,22,
2020-06-29,-1,9804.294557971478,9827.57,1,SL,-465.5088405704373,-475.5088405704373,33,
2020-07-01,1,10167.038676753677,10149.04,2,SL,-719.9470701470273,-739.9470701470273,25,
2020-07-01,-1,10183.964128105168,10201.74,1,SL,-355.51743789663306,-365.51743789663306,39,
2020-07-02,1,10409.430326523885,10422.163239774616,3,TP,763.9747950438687,748.9747950438687,47,
2020-07-02,1,10408.684064939178,10396.07,3,SL,-756.8438963506924,-786.8438963506924,58,
2020-07-06,1,10494.893859972452,10503.222556744866,4,TP,666.2957417931466,646.2957417931466,18,
2020-07-06,1,10495.446393267646,10503.566721722525,4,TP,649.626276390336,629.626276390336,21,
2020-07-06,1,10495.275609239497,10503.474827566815,4,TP,655.9374661854235,635.9374661854235,24,
2020-07-07,-1,10631.73,10641.13,3,SL,-563.9999999999782,-593.9999999999782,18,
2020-07-07,1,10644.236711298527,10625.75,1,SL,-369.73422597053286,-379.73422597053286,217,
2020-07-08,1,10623.075364110176,10636.798027720184,3,TP,823.3598166004595,808.3598166004595,71,
2020-07-08,1,10621.201280431058,10637.280203798502,2,TP,643.1569346977631,633.1569346977631,81,
2020-07-08,1,10622.193380561412,10609.47,2,SL,-508.93522245649365,-528.9352224564936,93,
2020-07-08,1,10607.17,10603.6,1,SL,-71.39999999999418,-81.39999999999418,95,
2020-07-09,-1,10740.427537838728,10754.7,1,SL,-285.4492432254483,-295.4492432254483,34,
2020-07-09,1,10721.973107974862,10699.82,1,SL,-443.0621594972399,-453.0621594972399,48,
2020-07-13,1,10977.357254064622,10959.97,2,SL,-695.4901625849016,-715.4901625849016,33,
2020-07-13,1,10968.19,10999.938692271806,2,TP,1269.9476908722136,1259.9476908722136,41,
2020-07-13,-1,11000.5,11001.65,1,BE,-22.999999999992724,-32.999999999992724,54,
2020-07-13,1,11007.199278423645,10987.39,1,SL,-396.18556847290165,-406.18556847290165,208,
2020-07-14,1,10574.852121218388,10538.04,1,SL,-736.2424243677378,-746.2424243677378,19,
2020-07-14,1,10522.2,10503.55,4,SL,-1492.0000000001164,-1532.0000000001164,21,
2020-07-14,1,10469.95,10424.3,1,SL,-913.0000000000291,-923.0000000000291,23,
2020-07-15,-1,10739.49,10759.53,2,SL,-801.6000000000349,-821.6000000000349,13,
2020-07-15,-1,10765.13,10777.75,4,SL,-1009.600000000064,-1049.600000000064,15,
2020-07-15,-1,10762.14,10722.958718918591,1,TP,783.6256216281618,778.6256216281618,27,
2020-07-15,1,10716.7,10708.63,1,BE,-161.40000000003056,-171.40000000003056,46,
2020-07-15,-1,10751.125919713148,10723.69198288137,1,TP,548.6787366355566,543.6787366355566,87,
2020-07-15,1,10723.480494762185,10680.45,1,SL,-860.6098952436878,-870.6098952436878,94,
2020-07-16,1,10574.49,10601.33098777272,2,TP,1073.6395109088335,1063.6395109088335,21,
2020-07-16,-1,10604.1,10579.663319483549,2,TP,977.4672206580726,967.4672206580726,26,
2020-07-16,1,10578.828178004695,10563.15,1,SL,-313.56356009389856,-323.56356009389856,31,
2020-07-16,1,10551.587040191807,10529.98,1,SL,-432.1408038361551,-442.1408038361551,88,
2020-07-20,-1,10671.000752696355,10692.52,1,SL,-430.38494607291796,-440.38494607291796,24,
2020-07-22,1,10865.675191997881,10849.13,1,SL,-330.9038399576457,-340.9038399576457,74,
2020-07-23,-1,10852.26,10861.77,3,SL,-570.6000000000131,-600.6000000000131,16,
2020-07-23,1,10842.715725122762,10816.84,1,SL,-517.514502455233,-527.514502455233,42,
2020-07-27,1,10594.806458474975,10625.34441962162,1,TP,610.759222932902,605.759222932902,76,
2020-07-28,-1,10630.724962043872,10616.127740435206,2,TP,583.8888643466635,573.8888643466635,20,
2020-07-28,1,10600.64,10591.39,1,SL,-185.0,-195.0,22,
2020-07-28,-1,10625.889152161282,10631.89,1,BE,-120.01695677434327,-130.01695677434327,86,
2020-07-28,-1,10630.637127728613,10645.99,1,SL,-307.0574454277448,-317.0574454277448,124,
2020-07-28,1,10610.084057343496,10637.916154263712,1,TP,556.6419384043184,551.6419384043184,189,
2020-07-29,1,10606.597286676662,10600.24,4,SL,-508.58293413301,-548.58293413301,15,
2020-07-29,1,10604.357676540792,10588.92,3,SL,-926.2605924475429,-956.2605924475429,20,
2020-07-29,-1,10612.633997959323,10626.04,2,SL,-536.2400816271111,-556.2400816271111,32,
2020-07-29,1,10624.007744971204,10608.39,2,SL,-624.7097988481983,-644.7097988481983,159,
2020-07-30,1,10598.934868646244,10614.24806383387,2,TP,612.5278075050301,602.5278075050301,16,
2020-07-30,1,10601.455477301184,10587.35,2,SL,-564.2190920473513,-584.2190920473513,24,
2020-07-30,1,10577.14,10567.2,1,SL,-198.7999999999738,-208.7999999999738,26,
2020-07-30,-1,10601.542526282761,10606.96,1,BE,-108.34947434475907,-118.34947434475907,92,
2020-08-03,1,11027.69044124325,11045.56054972778,2,TP,714.8043393811531,704.8043393811531,26,
2020-08-03,1,11031.954262172176,11028.52,2,BE,-137.3704868870118,-157.3704868870118,54,
2020-08-03,1,11031.617623148817,11015.03,2,SL,-663.5049259526568,-683.5049259526568,77,
2020-08-03,-1,11051.414785828523,11067.35,1,SL,-318.70428342954256,-328.70428342954256,182,
2020-08-04,-1,11050.479070923437,11063.14,3,SL,-759.6557445937651,-789.6557445937651,15,
2020-08-04,-1,11063.52,11069.93,4,SL,-512.7999999999884,-552.7999999999884,17,
2020-08-04,1,11061.62523471979,11042.89,2,SL,-749.4093887916097,-769.4093887916097,114,
2020-08-05,1,11084.892813583529,11100.94374336402,2,TP,642.0371912196424,632.0371912196424,19,
2020-08-05,-1,11106.35,11110.81,4,SL,-356.79999999993015,-396.79999999993015,21,
2020-08-06,-1,11113.393983696686,11121.09,3,SL,-461.7609781988722,-491.7609781988722,28,
2020-08-06,-1,11126.32,11130.62,4,SL,-344.0000000000873,-384.0000000000873,30,
2020-08-06,1,11112.92420606946,11140.981104099421,1,TP,561.1379605992261,556.1379605992261,98,
2020-08-10,-1,11155.05,11141.82914194971,3,TP,793.2514830173022,778.2514830173022,18,
2020-08-10,1,11141.569799208002,11130.54,3,SL,-661.787952480081,-691.787952480081,21,
2020-08-10,1,11126.25,11119.22,1,SL,-140.6000000000131,-150.6000000000131,23,
2020-08-11,-1,11022.820871171334,11041.69,1,SL,-377.38257657332724,-387.38257657332724,16,
2020-08-11,1,11003.583942025558,10972.86,1,SL,-614.4788405111467,-624.4788405111467,35,
2020-08-11,-1,11023.73228631265,11028.8,1,BE,-101.35427374698338,-111.35427374698338,92,
2020-08-12,1,10994.142692888128,11005.669941269098,3,TP,691.6349028581681,676.6349028581681,17,
2020-08-13,1,11201.141975291372,11186.15,2,BE,-599.67901165488,-619.67901165488,25,
2020-08-13,-1,11219.90918806972,11196.84233781493,1,TP,461.33700509581104,456.33700509581104,45,
2020-08-13,1,11195.13,11218.73997249821,2,TP,944.3988999284193,934.3988999284193,54,
2020-08-13,-1,11220.42,11234.87,2,SL,-578.0000000000291,-598.0000000000291,60,
2020-08-17,1,11251.755592201394,11266.23567353447,3,TP,868.804879984491,853.804879984491,61,
2020-08-17,-1,11266.307055715723,11270.52,2,BE,-168.5177713711164,-188.5177713711164,81,
2020-08-17,1,11252.798878194495,11267.65232693866,2,TP,594.1379497665912,584.1379497665912,104,
2020-08-17,-1,11267.683774443143,11253.420278189573,2,TP,570.5398501428135,560.5398501428135,127,
2020-08-17,1,11253.285511989383,11267.268824529472,2,TP,559.3325016035669,549.3325016035669,175,
2020-08-18,1,11358.794416521425,11331.24,2,SL,-1102.1766608570033,-1122.1766608570033,25,
2020-08-18,1,11339.49,11335.35,4,SL,-331.19999999995343,-371.19999999995343,29,
2020-08-19,1,11380.84,11375.82,4,SL,-401.6000000000349,-441.6000000000349,15,
2020-08-24,1,11702.495283055763,11716.009948167217,3,TP,810.8799066872234,795.8799066872234,16,
2020-08-24,1,11703.599723373749,11664.92,3,SL,-2320.7834024249314,-2350.7834024249314,23,
2020-08-25,1,11605.38150156816,11591.49,2,SL,-555.6600627263833,-575.6600627263833,25,
2020-08-25,1,11602.621046918093,11623.999553953243,1,TP,427.5701407029919,422.5701407029919,45,
2020-08-25,-1,11629.38,11642.72,3,SL,-800.4000000000087,-830.4000000000087,48,
2020-08-26,1,11781.09384087569,11791.606847669966,3,TP,630.7804076565299,615.7804076565299,16,
2020-08-26,1,11783.22964641018,11776.21,3,SL,-421.1787846108564,-451.1787846108564,23,
2020-08-26,1,11770.59,11773.11,1,SL,50.40000000000873,40.40000000000873,25,
2020-08-26,-1,11794.892354827005,11780.007126426264,2,TP,595.4091360296297,585.4091360296297,33,
2020-08-27,-1,11973.48839848913,11945.430904562489,1,TP,561.1498785328149,556.1498785328149,16,
2020-08-27,-1,11972.425581576132,12001.82,1,SL,-587.8883684773609,-597.8883684773609,23,
2020-08-27,1,11945.459660449798,11918.64,1,SL,-536.3932089959781,-546.3932089959781,37,
2020-08-27,1,11967.8486918665,11937.4,1,SL,-608.9738373300133,-618.9738373300133,187,
2020-08-31,-1,12034.000896805146,12050.23,1,SL,-324.582063897069,-334.582063897069,22,
2020-08-31,1,12043.008147943592,12074.79975750432,1,TP,635.8321912145402,630.8321912145402,135,
2020-09-01,-1,12188.32,12216.8,1,SL,-569.5999999999913,-579.5999999999913,23,
2020-09-01,1,12208.271064230978,12243.210644660297,1,TP,698.7916085863981,693.7916085863981,155,
2020-09-02,-1,12395.815771141433,12406.74,2,SL,-436.96915434265975,-456.96915434265975,15,
2020-09-02,-1,12401.48300287758,12378.072129038266,1,TP,468.21747678626707,463.21747678626707,19,
2020-09-02,1,12302.72456333632,12291.35,1,BE,-227.4912667263925,-237.4912667263925,98,
2020-09-03,-1,12196.393487630707,12162.662399685347,1,TP,674.6217589071966,669.6217589071966,39,
2020-09-03,1,12159.37,12132.54,1,SL,-536.5999999999985,-546.5999999999985,43,
2020-09-08,1,11144.35,11127.33,4,SL,-1361.600000000035,-1401.600000000035,13,
2020-09-08,1,11130.27,11230.458058124876,1,TP,2003.7611624975034,1998.7611624975034,23,
2020-09-09,-1,11274.055016647895,11297.82,1,SL,-475.29966704209073,-485.29966704209073,33,
2020-09-10,1,11509.221559848402,11528.767744092474,2,TP,781.8473697629088,771.8473697629088,18,
2020-09-10,-1,11527.207251944248,11555.16,1,SL,-559.0549611150345,-569.0549611150345,34,
2020-09-10,1,11510.972527142421,11478.66,1,SL,-646.2505428484292,-656.2505428484292,76,
2020-09-14,-1,11270.8,11280.04,4,SL,-739.2000000001281,-779.2000000001281,13,
2020-09-14,-1,11275.03,11291.93,2,SL,-675.9999999999854,-695.9999999999854,16,
2020-09-14,1,11308.6569786959,11288.69,1,SL,-399.33957391800504,-409.33957391800504,183,
2020-09-15,1,11446.393992438212,11429.61,2,SL,-671.35969752846,-691.35969752846,50,
2020-09-16,-1,11466.476485851705,11442.428848811258,1,TP,480.9527408089343,475.9527408089343,44,
2020-09-17,1,11041.181869863713,11084.327910262487,1,TP,862.9208079754972,857.9208079754972,69,
2020-09-17,-1,11090.84,11115.89,1,SL,-500.99999999998545,-510.99999999998545,73,
2020-09-17,1,11062.462883009042,11032.21,1,SL,-605.0576601808643,-615.0576601808643,142,
2020-09-21,-1,10800.56284587886,10825.18,1,SL,-492.3430824228126,-502.3430824228126,17,
2020-09-21,-1,10817.0,10850.26,1,SL,-665.2000000000044,-675.2000000000044,20,
2020-09-21,1,10775.287631092431,10756.34,1,BE,-378.95262184862077,-388.95262184862077,54,
2020-09-22,-1,11039.099945585365,11044.69,1,BE,-111.80108829270466,-121.80108829270466,41,
2020-09-22,1,11007.740364973648,10965.44,1,SL,-846.007299472949,-856.007299472949,90,
2020-09-23,-1,11150.738440856772,11157.13,2,BE,-255.66236572907655,-275.66236572907655,19,
2020-09-23,1,11134.873499294232,11118.7,2,SL,-646.9399717692431,-666.9399717692431,23,
2020-09-23,1,11085.408810877825,11077.57,1,BE,-156.77621755650762,-166.77621755650762,112,
2020-09-24,-1,10774.043399977227,10799.64,1,SL,-511.9320004554538,-521.9320004554538,16,
2020-09-24,-1,10824.91,10830.98,1,SL,-121.39999999999418,-131.39999999999418,18,
2020-09-28,-1,11329.062089886069,11314.109393015113,2,TP,598.1078748382424,588.1078748382424,13,
2020-09-28,-1,11308.534136609405,11325.84,1,SL,-346.11726781189645,-356.11726781189645,52,
2020-09-29,1,11359.02,11345.23,3,SL,-827.4000000000524,-857.4000000000524,14,
2020-09-29,1,11351.31,11376.58718513737,2,TP,1011.0874054948363,1001.0874054948363,17,
2020-09-29,-1,11380.09,11356.336807889653,2,TP,950.127684413892,940.127684413892,26,
2020-09-29,1,11355.910089216606,11375.010416861636,2,TP,764.0131058012048,754.0131058012048,35,
2020-09-29,-1,11375.25858792135,11386.57,2,SL,-452.45648314601567,-472.45648314601567,40,
2020-09-30,1,11339.592418361215,11355.631494283129,2,TP,641.5630368765414,631.5630368765414,17,
2020-09-30,-1,11361.35,11391.46,4,SL,-2408.799999999901,-2448.799999999901,22,
2020-10-01,1,11553.900911218807,11535.48,2,SL,-736.8364487522922,-756.8364487522922,17,
2020-10-01,-1,11549.180795405126,11522.334601965727,1,TP,536.9238687879624,531.9238687879624,78,
2020-10-01,-1,11543.284723966111,11562.05,1,SL,-375.30552067775716,-385.30552067775716,126,
2020-10-01,1,11516.796006901732,11549.36409113254,1,TP,651.3616846161676,646.3616846161676,204,
2020-10-05,1,11362.16827535053,11373.771678016754,3,TP,696.2041599734221,681.2041599734221,22,
2020-10-06,-1,11474.878593238824,11489.96,2,SL,-603.2562704470183,-623.2562704470183,33,
2020-10-06,-1,11494.62,11498.57,4,SL,-315.9999999999127,-355.9999999999127,40,
2020-10-06,1,11465.393167531243,11459.56,1,BE,-116.66335062487633,-126.66335062487633,96,
2020-10-07,1,11432.184730349853,11421.79,3,SL,-623.6838209911002,-653.6838209911002,31,
2020-10-08,-1,11566.041805575851,11548.653128876585,2,TP,695.5470679706195,685.5470679706195,33,
2020-10-08,-1,11552.864697048262,11564.3,2,SL,-457.4121180694783,-477.4121180694783,105,
2020-10-08,1,11533.33627946486,11520.77,1,SL,-251.3255892971938,-261.3255892971938,125,
2020-10-12,1,11904.63043908601,11890.36,1,SL,-285.40878172017983,-295.40878172017983,22,
2020-10-13,-1,12096.369158188423,12068.277241337817,1,TP,561.8383370121228,556.8383370121228,36,
2020-10-13,1,12052.58,12095.828950566607,4,TP,3459.916045328573,3439.916045328573,50,
2020-10-13,-1,12099.36,12120.5,1,SL,-422.79999999998836,-432.79999999998836,55,
2020-10-13,-1,12142.871523954274,12086.733717847454,1,TP,1122.7561221364158,1117.7561221364158,254,
2020-10-14,1,12118.068485850044,12104.42,1,BE,-272.9697170008876,-282.9697170008876,44,
2020-10-15,1,11842.931821691298,11827.29,1,SL,-312.83643382594164,-322.83643382594164,40,
2020-10-19,1,11932.775312422456,11909.09,3,SL,-1421.1187453473758,-1451.1187453473758,25,
2020-10-20,-1,11696.201571460753,11672.079092627991,1,TP,482.44957665523543,477.44957665523543,20,
2020-10-20,1,11672.182511714753,11694.175780972137,1,TP,439.86538514767744,434.86538514767744,27,
2020-10-20,-1,11695.1,11716.0,1,SL,-417.9999999999927,-427.9999999999927,30,
2020-10-26,1,11656.493554942674,11640.69,1,SL,-316.0710988534629,-326.0710988534629,59,
2020-10-27,-1,11556.07949724577,11578.5,1,SL,-448.4100550846051,-458.4100550846051,16,
2020-10-27,1,11534.522415039422,11563.12391812128,1,TP,572.0300616371605,567.0300616371605,22,
2020-10-27,1,11540.856369228613,11563.70370328201,1,TP,456.9466810679296,451.9466810679296,38,
2020-10-27,1,11542.47856389358,11528.57,2,SL,-556.3425557431765,-576.3425557431765,49,
2020-10-29,-1,11239.301147435992,11274.35,1,SL,-700.9770512801697,-710.9770512801697,26,
2020-11-02,1,11166.853744612215,11193.061635177866,1,TP,524.1578113130163,519.1578113130163,43,
2020-11-02,-1,11196.83,11216.2,1,SL,-387.400000000016,-397.400000000016,49,
2020-11-03,-1,11146.020525854805,11163.32,2,SL,-691.9789658077934,-711.9789658077934,16,
2020-11-04,-1,11632.593535556844,11658.12,1,SL,-510.52928886314476,-520.5292888631448,34,
2020-11-05,1,12052.336022591619,12034.97,1,BE,-347.3204518323837,-357.3204518323837,70,
2020-11-05,1,12037.219911002627,12034.84,1,BE,-47.59822005253227,-57.59822005253227,145,
2020-11-09,-1,12153.382117774156,12188.8,1,SL,-708.3576445168728,-718.3576445168728,18,
2020-11-09,-1,12189.61,12183.75,1,BE,117.20000000001164,107.20000000001164,33,
2020-11-09,-1,12196.9,12220.69,1,SL,-475.80000000001746,-485.80000000001746,35,
2020-11-10,-1,11656.546024127529,11707.44,1,SL,-1017.8795174494371,-1027.8795174494371,133,
2020-11-11,1,11788.408757618807,11822.531707914783,1,TP,682.459005919518,677.459005919518,103,
2020-11-12,1,11919.200053440789,11945.589914251881,1,TP,527.797216221843,522.797216221843,42,
2020-11-12,1,11928.048498735048,11912.36,1,SL,-313.76997470095375,-323.76997470095375,119,
2020-11-16,1,11975.664800636188,11955.28,1,SL,-407.6960127237544,-417.6960127237544,212,
2020-11-17,1,11995.857427049188,12023.442252006675,1,TP,551.6964991497298,546.6964991497298,165,
2020-11-18,1,11966.021195302099,11954.74,2,SL,-451.247812083966,-471.247812083966,22,
2020-11-18,1,11940.65,11940.21,1,SL,-8.800000000010186,-18.800000000010186,24,
2020-11-19,-1,11873.753596468903,11894.81,2,SL,-842.2561412438517,-862.2561412438517,15,
2020-11-23,1,11969.850686675845,11977.196134097987,4,TP,587.6357937713328,567.6357937713328,14,
2020-11-23,1,11974.4844805678,11961.84,2,SL,-505.77922271200805,-525.779222712008,36,
2020-11-24,-1,11926.73489070014,11935.8,1,BE,-181.30218599719228,-191.30218599719228,68,
2020-11-25,1,12119.460908938394,12130.625610415436,3,TP,669.882088622544,654.882088622544,21,
2020-11-25,1,12120.510931076484,12110.31,3,SL,-612.055864589056,-642.055864589056,32,
2020-11-25,1,12112.99,12096.23,4,SL,-1340.8000000000175,-1380.8000000000175,35,
2020-11-25,-1,12123.68628381048,12128.78,1,BE,-101.8743237903982,-111.8743237903982,92,
2020-11-25,1,12102.743160170865,12124.22888680409,1,TP,429.71453266451135,424.71453266451135,175,
2020-12-01,-1,12371.25,12381.09,3,SL,-590.4000000000087,-620.4000000000087,14,
2020-12-01,-1,12376.64,12388.19,2,SL,-462.00000000004366,-482.00000000004366,17,
2020-12-01,1,12380.06575026733,12356.43,1,SL,-472.71500534658117,-482.71500534658117,70,
2020-12-02,-1,12359.202286526264,12374.03,1,SL,-296.55426947472733,-306.55426947472733,29,
2020-12-03,1,12485.168100871653,12480.06,4,SL,-408.6480697322986,-448.6480697322986,18,
2020-12-03,-1,12492.949975019208,12483.209367042557,3,TP,584.4364785990911,569.4364785990911,24,
2020-12-07,1,12581.27904849394,12575.65,3,BE,-337.7429096363994,-367.7429096363994,206,
2020-12-08,-1,12558.597159111623,12568.17,2,SL,-382.91363553507836,-402.91363553507836,38,
2020-12-08,1,12542.06078140375,12528.39,2,SL,-546.8312561500352,-566.8312561500352,49,
2020-12-09,-1,12612.16,12622.36,3,SL,-612.0000000000437,-642.0000000000437,13,
2020-12-09,-1,12622.28,12629.26,4,SL,-558.3999999999651,-598.3999999999651,20,
2020-12-09,1,12608.85208033138,12583.76,1,SL,-501.84160662760405,-511.84160662760405,42,
2020-12-09,1,12596.998405506443,12580.5,1,SL,-329.9681101288661,-339.9681101288661,126,
2020-12-14,1,12501.155181441603,12523.290652491582,2,TP,885.418841999126,875.418841999126,103,
2020-12-14,-1,12524.88,12540.47,2,SL,-623.6000000000058,-643.6000000000058,109,
2020-12-15,1,12552.0550677137,12565.58737977775,2,TP,541.2924825619848,531.2924825619848,18,
2020-12-15,1,12553.172548254572,12568.121999695177,2,TP,597.9780576242047,587.9780576242047,31,
2020-12-15,1,12554.860832996674,12546.36,3,SL,-510.0499798003875,-540.0499798003875,44,
2020-12-16,-1,12597.798936556013,12607.73,2,SL,-397.24253775944817,-417.24253775944817,25,
2020-12-16,1,12587.307275412893,12610.821296575059,1,TP,470.2804232433118,465.2804232433118,60,
2020-12-16,-1,12613.2,12627.68,2,SL,-579.1999999999825,-599.1999999999825,68,
2020-12-17,1,12741.513625119107,12731.98,4,SL,-762.6900095285964,-802.6900095285964,16,
2020-12-17,-1,12750.586420251297,12739.912670929161,3,TP,640.4249593281202,625.4249593281202,24,
2020-12-17,1,12721.56837560491,12715.87,2,BE,-227.93502419634024,-247.93502419634024,82,
2020-12-21,1,12621.299837893297,12609.59,2,SL,-468.3935157318774,-488.3935157318774,15,
2020-12-21,1,12614.121043861955,12587.76,1,SL,-527.2208772390877,-537.2208772390877,19,
2020-12-22,-1,12714.8,12723.18,4,SL,-670.4000000000815,-710.4000000000815,15,
2020-12-22,1,12715.214806206137,12701.36,1,SL,-277.0961241227269,-287.0961241227269,52,
2020-12-22,-1,12739.484310982702,12708.842802164882,1,TP,612.8301763564014,607.8301763564014,78,
2020-12-22,1,12707.76,12687.96,1,SL,-396.0000000000218,-406.0000000000218,92,
2020-12-23,1,12682.75807837791,12701.331745717373,2,TP,742.9466935784876,732.9466935784876,40,
2020-12-23,-1,12701.737436432162,12708.76,2,BE,-280.90254271352023,-300.90254271352023,64,
2020-12-23,-1,12704.334989111414,12685.826969233429,2,TP,740.3207951194054,730.3207951194054,103,
2020-12-28,-1,12813.18233035737,12802.59619942282,3,TP,635.1678560729488,620.1678560729488,14,
2020-12-28,1,12801.17,12794.95,4,BE,-497.5999999999476,-537.5999999999476,21,
2020-12-28,-1,12801.32720838789,12818.19,1,SL,-337.25583224222646,-347.25583224222646,92,
2020-12-29,1,12904.906013711021,12881.67,3,SL,-1394.1608226612516,-1424.1608226612516,26,
2020-12-31,1,12844.04,12838.35,4,SL,-455.20000000004075,-495.20000000004075,20,
2020-12-31,-1,12853.36775915949,12862.79,3,SL,-565.3344504306733,-595.3344504306733,36,
2020-12-31,1,12843.278806107131,12857.544420881217,2,TP,570.6245909634163,560.6245909634163,75,
2020-12-31,-1,12858.1,12845.211151037603,3,TP,773.3309377438127,758.3309377438127,100,
2021-01-04,-1,12907.315729434227,12887.165141057623,2,TP,806.0235350641597,796.0235350641597,22,
2021-01-04,1,12879.08,12890.15,3,BE,664.1999999999825,634.1999999999825,30,
2021-01-05,1,12743.435882502687,12731.73,2,SL,-468.2353001074807,-488.2353001074807,53,
2021-01-05,1,12736.98,12731.85,1,BE,-102.59999999998399,-112.59999999998399,75,
2021-01-05,1,12731.95,12712.0,1,SL,-399.00000000001455,-409.00000000001455,106,
2021-01-06,-1,12628.037525630674,12659.74,1,SL,-634.04948738651,-644.04948738651,18,
2021-01-11,-1,12960.189984985096,12929.68039829935,1,TP,610.191733714928,605.191733714928,14,
2021-01-11,-1,12951.455017976468,12965.31,1,SL,-277.09964047062385,-287.09964047062385,27,
2021-01-11,-1,12963.1,12973.08,2,SL,-399.19999999998254,-419.19999999998254,31,
2021-01-11,1,12953.885362676687,12992.812296425129,1,TP,778.5386749688405,773.5386749688405,115,
2021-01-11,-1,12992.88418338233,13015.06,1,SL,-443.5163323533925,-453.5163323533925,181,
2021-01-12,1,12931.8,12913.68,3,SL,-1087.1999999999389,-1117.1999999999389,17,
2021-01-13,-1,12914.39723854194,12932.38,2,SL,-719.3104583223612,-739.3104583223612,21,
2021-01-13,-1,12943.42,12951.78,1,SL,-167.20000000001164,-177.20000000001164,23,
2021-01-13,1,12897.624788989933,12931.158615346083,1,TP,670.676527122996,665.676527122996,55,
2021-01-14,1,12996.824890587392,12986.24,3,SL,-635.093435243507,-665.093435243507,17,
2021-01-14,-1,13005.49775565499,13014.5,3,SL,-540.1346607006417,-570.1346607006417,33,
2021-01-14,1,13001.655350387133,12995.0,2,BE,-266.2140154853114,-286.2140154853114,126,
2021-01-19,1,12914.735630376896,12894.59,3,SL,-1208.7378226137298,-1238.7378226137298,18,
2021-01-19,1,12889.04373866089,12884.86,1,BE,-83.67477321779006,-93.67477321779006,85,
2021-01-21,-1,13333.96193677339,13315.733324739707,2,TP,729.1444813473208,719.1444813473208,25,
2021-01-21,1,13313.49,13337.352294720044,2,TP,954.4917888017517,944.4917888017517,32,
2021-01-21,-1,13337.457630979125,13341.83,2,BE,-174.89476083501359,-194.89476083501359,39,
2021-01-25,1,13540.069899545151,13530.43,3,SL,-578.3939727090547,-608.3939727090547,19,
2021-01-25,1,13532.16,13554.305810768481,3,TP,1328.7486461088702,1313.7486461088702,26,
2021-01-25,-1,13557.11,13537.252325501937,2,TP,794.3069799225486,784.3069799225486,39,
2021-01-25,1,13537.007738060218,13520.78,2,BE,-649.1095224086894,-669.1095224086894,58,
2021-01-26,-1,13497.454472163032,13515.86,1,SL,-368.11055673937517,-378.11055673937517,36,
2021-01-26,-1,13500.829640445678,13520.77,1,SL,-398.8071910864528,-408.8071910864528,79,
2021-01-27,-1,13264.910269291218,13289.64,1,SL,-494.59461417562125,-504.59461417562125,30,
2021-01-27,-1,13294.2,13319.65,1,SL,-508.9999999999782,-518.9999999999782,33,
2021-01-28,1,13157.3,13193.104562998975,2,TP,1432.182519959024,1422.182519959024,13,
2021-02-01,1,13084.04,13063.9,2,SL,-805.6000000000495,-825.6000000000495,16,
2021-02-02,1,13397.182515904913,13413.230964233679,2,TP,641.9379331506207,631.9379331506207,25,
2021-02-02,1,13394.50855545573,13383.54,2,SL,-438.742218229163,-458.742218229163,37,
2021-02-02,-1,13412.939867853169,13431.39,1,BE,-369.00264293661166,-379.00264293661166,48,
2021-02-03,-1,13514.971523060285,13532.51,1,SL,-350.7695387943022,-360.7695387943022,29,
2021-02-03,1,13493.25928148521,13473.08,1,SL,-403.5856297042119,-413.5856297042119,41,
2021-02-03,1,13465.83,13467.87,1,SL,40.80000000001746,30.800000000017462,45,
2021-02-04,-1,13460.665254186644,13442.777182593776,2,TP,715.5228637147229,705.5228637147229,20,
2021-02-04,-1,13454.515984690132,13432.904353808324,2,TP,864.4652352722915,854.4652352722915,58,
2021-02-04,1,13427.56,13452.969382522657,2,TP,1016.375300906293,1006.375300906293,86,
2021-02-08,-1,13666.42,13656.05342267744,3,TP,621.9946393536156,606.9946393536156,23,
2021-02-08,1,13660.780702588654,13678.324185705489,2,TP,701.7393246733991,691.7393246733991,77,
2021-02-08,1,13659.164599730277,13647.42,2,SL,-469.7839892110642,-489.7839892110642,117,
2021-02-10,-1,13746.61396998855,13731.497725478319,2,TP,604.649780409236,594.649780409236,21,
2021-02-10,-1,13745.605058622219,13757.29,2,SL,-467.3976551112719,-487.3976551112719,31,
2021-02-10,1,13731.593486307067,13715.13,2,SL,-658.5394522827119,-678.5394522827119,44,
2021-02-11,-1,13734.09592087093,13723.037232286135,3,TP,663.5213150877098,648.5213150877098,20,
2021-02-11,-1,13722.99798792337,13733.77,2,SL,-430.8804830651934,-450.8804830651934,77,
2021-02-11,1,13710.846410241127,13688.82,1,SL,-440.528204822549,-450.528204822549,170,
2021-02-16,-1,13850.191814354823,13863.79,2,SL,-543.9274258071237,-563.9274258071237,15,
2021-02-16,-1,13867.83,13844.005349598161,4,TP,1905.9720321471104,1885.9720321471104,42,
2021-02-16,1,13843.13,13826.88,2,SL,-650.0,-670.0,47,
2021-02-16,1,13845.634798865674,13827.72,1,SL,-358.29597731350077,-368.29597731350077,85,
2021-02-17,-1,13662.11,13669.6,3,SL,-449.3999999999869,-479.3999999999869,13,
2021-02-17,1,13648.487346601547,13634.15,1,BE,-286.7469320309465,-296.7469320309465,44,
2021-02-18,1,13556.362538657273,13532.22,2,SL,-965.7015462909476,-985.7015462909476,36,
2021-02-18,1,13517.56,13515.18,1,SL,-47.59999999998399,-57.59999999998399,38,
2021-02-18,-1,13557.561812335347,13514.16640442044,1,TP,867.9081582981235,862.9081582981235,155,
2021-02-22,-1,13417.057427420712,13434.41,1,SL,-347.0514515857576,-357.0514515857576,23,
2021-02-22,1,13406.000242339616,13379.85,1,SL,-523.0048467923189,-533.0048467923189,49,
2021-02-24,-1,13087.036556239322,13049.549722366297,1,TP,749.7366774604961,744.7366774604961,24,
2021-02-24,1,13049.08444763249,13013.06,1,SL,-720.4889526497936,-730.4889526497936,32,
2021-02-24,-1,13070.53536237073,13116.59,1,SL,-921.0927525853913,-931.0927525853913,87,
2021-03-01,-1,13097.574019376752,13070.437138587171,1,TP,542.7376157916297,537.7376157916297,19,
2021-03-01,-1,13097.969763429119,13111.8,1,BE,-276.6047314176103,-286.6047314176103,41,
2021-03-02,1,13217.056312866487,13206.22,1,BE,-216.72625732975575,-226.72625732975575,55,
2021-03-04,1,12723.100282300065,12704.37,1,SL,-374.60564600129146,-384.60564600129146,16,
2021-03-04,1,12691.8,12659.38,3,SL,-1945.2000000000044,-1975.2000000000044,18,
2021-03-04,1,12616.574650812423,12525.61,1,SL,-1819.293016248448,-1829.293016248448,199,
2021-03-08,-1,12648.17,12667.61,4,SL,-1555.2000000000407,-1595.2000000000407,13,
2021-03-08,-1,12678.3,12687.17,4,SL,-709.600000000064,-749.600000000064,16,
2021-03-08,1,12581.13155449525,12652.606575388692,1,TP,1429.5004178688396,1424.5004178688396,40,
2021-03-09,1,12610.17,12597.64,3,SL,-751.8000000000393,-781.8000000000393,13,
2021-03-09,1,12599.18,12643.239553811321,3,TP,2643.57322867927,2628.57322867927,19,
2021-03-09,-1,12655.02,12670.52,3,SL,-930.0,-960.0,23,
2021-03-10,-1,12932.809924497027,12968.01,1,SL,-704.001510059461,-714.001510059461,21,
2021-03-10,1,12907.038274179014,12891.54,1,BE,-309.9654835802721,-319.9654835802721,45,
2021-03-11,1,12964.543026566429,12938.98,1,SL,-511.2605313285894,-521.2605313285894,15,
2021-03-11,-1,12978.537246959644,12998.62,1,SL,-401.65506080713385,-411.65506080713385,33,
2021-03-11,-1,12997.2,12951.693113419311,2,TP,1820.27546322759,1810.27546322759,48,
2021-03-11,1,12926.35,12925.34,1,SL,-20.200000000004366,-30.200000000004366,50,
2021-03-15,-1,12934.792354267145,12947.1,2,SL,-492.3058293142094,-512.3058293142094,21,
2021-03-15,-1,12950.45,12968.84,4,SL,-1471.1999999999534,-1511.1999999999534,23,
2021-03-15,1,12934.466840505815,12969.550958636275,1,TP,701.6823626092082,696.6823626092082,79,
2021-03-15,1,12937.76708348766,12917.44,1,SL,-406.5416697532055,-416.5416697532055,118,
2021-03-17,-1,13000.566257447612,13015.83,1,SL,-305.27485104776133,-315.27485104776133,18,
2021-03-17,-1,13024.62,13033.94,3,SL,-559.1999999999825,-589.1999999999825,20,
2021-03-18,1,13006.96499591516,12994.96,2,SL,-480.1998366064072,-500.1998366064072,14,
2021-03-18,-1,13013.07051381552,12980.713608783359,1,TP,647.1381006432421,642.1381006432421,32,
2021-03-18,-1,12995.550533807329,12962.738240754285,1,TP,656.2458610608883,651.2458610608883,80,
2021-03-18,-1,12994.691487828366,13013.6,1,SL,-378.17024343268713,-388.17024343268713,163,
2021-03-22,1,12976.172805550194,12990.343100128714,2,TP,566.8117831408017,556.8117831408017,19,
2021-03-22,-1,12993.87,13001.18,4,SL,-584.7999999999593,-624.7999999999593,21,
2021-03-23,-1,13105.555408587752,13123.77,2,SL,-728.5836564899364,-748.5836564899364,39,
2021-03-23,1,13090.865249389146,13068.25,1,SL,-452.30498778291803,-462.30498778291803,72,
2021-03-23,-1,13124.584447601634,13157.37,1,SL,-655.7110479673429,-665.7110479673429,97,
2021-03-23,1,13097.588348983221,13144.730845469716,1,TP,942.8499297298913,937.8499297298913,221,
2021-03-25,1,12754.897348094413,12736.77,1,SL,-362.5469618882562,-372.5469618882562,23,
2021-03-25,1,12743.894008206356,12788.798941423835,1,TP,898.0986643495635,893.0986643495635,27,
2021-03-25,-1,12788.901660121754,12835.09,1,SL,-923.766797564931,-933.766797564931,33,
2021-03-25,1,12764.863632796243,12731.41,1,SL,-669.0726559248651,-679.0726559248651,67,
2021-03-29,1,12953.941076320705,12939.13,1,SL,-296.2215264141196,-306.2215264141196,16,
2021-03-29,1,12934.18,12911.09,2,SL,-923.6000000000058,-943.6000000000058,25,
2021-03-30,-1,12859.409132985751,12842.054783550437,2,TP,694.1739774125745,684.1739774125745,46,
2021-04-01,1,13290.905890235617,13282.94,4,BE,-637.271218849346,-677.271218849346,35,
2021-04-01,1,13283.72,13301.446714033002,4,TP,1418.1371226401825,1398.1371226401825,37,
2021-04-01,-1,13303.56,13316.85,3,SL,-797.4000000000524,-827.4000000000524,40,
2021-04-01,1,13299.5152905534,13316.001302249704,2,TP,659.4404678521823,649.4404678521823,90,
2021-04-01,1,13299.250855512675,13289.12,2,SL,-405.23422050697263,-425.23422050697263,107,
2021-04-01,1,13291.548026648261,13277.47,1,SL,-281.5605329652317,-291.5605329652317,239,
2021-04-06,1,13583.276560099117,13603.528176841459,2,TP,810.0646696936747,800.0646696936747,79,
2021-04-06,1,13604.167304584744,13585.92,1,SL,-364.94609169487376,-374.94609169487376,230,
2021-04-07,-1,13557.422095794052,13574.3,2,SL,-675.1161682378734,-695.1161682378734,16,
2021-04-07,1,13587.579374249362,13618.360720820567,1,TP,615.6269314240853,610.6269314240853,272,
2021-04-08,1,13737.561760776603,13730.97,3,SL,-395.50564659624797,-425.50564659624797,14,
2021-04-08,1,13734.688817295866,13721.51,3,SL,-790.729037751953,-820.729037751953,18,
2021-04-08,-1,13746.916566698987,13760.32,2,SL,-536.1373320405255,-556.1373320405255,28,
2021-04-08,1,13732.104533840335,13712.73,2,SL,-774.9813536134025,-794.9813536134025,43,
2021-04-08,-1,13744.740713314484,13720.928361944672,1,TP,476.247027396239,471.247027396239,82,
2021-04-08,1,13720.845367208132,13718.45,1,BE,-47.90734416263149,-57.90734416263149,93,
2021-04-08,-1,13740.826123650713,13743.02,2,BE,-87.75505397148663,-107.75505397148663,140,
2021-04-12,1,13798.142730312775,13790.02,3,SL,-487.3638187664619,-517.3638187664619,19,
2021-04-12,1,13782.11598170096,13766.83,1,SL,-305.71963401918765,-315.71963401918765,70,
2021-04-12,1,13776.619201742815,13801.42124098031,1,TP,496.04078474989365,491.04078474989365,177,
2021-04-12,-1,13803.53,13815.61,2,SL,-483.1999999999971,-503.1999999999971,183,
2021-04-13,1,13925.01570715408,13915.93,2,BE,-363.42828616318,-383.42828616318,107,
2021-04-13,1,13913.53778249948,13938.680649006694,1,TP,502.8573301442884,497.8573301442884,226,
2021-04-14,-1,13976.051641175241,13983.91,4,SL,-628.6687059806718,-668.6687059806718,14,
2021-04-14,-1,13984.94,13968.416710014624,4,TP,1321.8631988301058,1301.8631988301058,21,
2021-04-14,1,13968.352891579067,13979.618149437272,3,TP,675.9154714923352,660.9154714923352,29,
2021-04-14,-1,13984.65,13967.618942063988,4,TP,1362.484634880966,1342.484634880966,31,
2021-04-15,1,13962.637740985321,13949.12,3,SL,-811.0644591192249,-841.0644591192249,32,
2021-04-15,-1,13973.197768710506,13984.84,2,SL,-465.6892515797517,-485.6892515797517,46,
2021-04-15,-1,13978.89,13986.57,3,SL,-460.80000000001746,-490.80000000001746,58,
2021-04-19,1,13998.650793287794,13980.3,2,BE,-734.0317315117863,-754.0317315117863,34,
2021-04-20,-1,13904.096015462683,13922.64,2,SL,-741.7593814926659,-761.7593814926659,16,
2021-04-20,1,13897.915309091626,13884.79,1,SL,-262.5061818325048,-272.5061818325048,45,
2021-04-21,-1,13760.980427863682,13787.38,2,SL,-1055.9828854526859,-1075.9828854526859,19,
2021-04-21,-1,13788.83,13795.06,4,SL,-498.3999999999651,-538.3999999999651,21,
2021-04-22,-1,13900.970953186663,13905.7,2,BE,-189.16187253351382,-209.16187253351382,55,
2021-04-22,1,13907.93797879522,13864.76,1,SL,-863.5595759044008,-873.5595759044008,221,
2021-04-26,-1,13953.29,13960.87,4,SL,-606.3999999999942,-646.3999999999942,13,
2021-04-26,-1,13956.27,13946.185339523878,4,TP,806.7728380898188,786.7728380898188,16,
2021-04-26,-1,13952.614534426531,13962.79,2,SL,-407.0186229387764,-427.0186229387764,34,
2021-04-28,-1,13935.924864273267,13949.84,2,SL,-556.6054290693137,-576.6054290693137,18,
2021-04-28,1,13943.688228607958,13924.2,1,SL,-389.76457215914706,-399.76457215914706,80,
2021-05-03,-1,13900.47155393845,13879.24461236007,2,TP,849.0776631352492,839.0776631352492,30,
2021-05-03,1,13878.7,13902.656107192754,1,TP,479.1221438550565,474.1221438550565,34,
2021-05-05,-1,13656.238658172242,13632.496094195976,1,TP,474.8512795253191,469.8512795253191,22,
2021-05-05,1,13632.246685099775,13615.08,1,SL,-343.333701995507,-353.333701995507,28,
2021-05-06,1,13467.652878782945,13448.47,1,SL,-383.6575756589082,-393.6575756589082,28,
2021-05-06,1,13448.28,13430.51,2,SL,-710.8000000000175,-730.8000000000175,32,
2021-05-06,-1,13478.48617366931,13437.111710774938,1,TP,827.4892578874278,822.4892578874278,98,
2021-05-06,1,13436.01,13482.409692651274,1,TP,927.9938530254731,922.9938530254731,115,
2021-05-06,-1,13482.679195440542,13514.58,1,SL,-638.0160911891653,-648.0160911891653,124,
2021-05-11,1,13195.363644455101,13172.86,1,SL,-450.0728891020117,-460.0728891020117,61,
2021-05-11,-1,13239.534973845957,13278.79,1,SL,-785.1005230808732,-795.1005230808732,110,
2021-05-12,1,13173.603607266665,13196.02567192675,1,TP,448.44129320172215,443.44129320172215,13,
2021-05-12,1,13182.154292426805,13146.66,1,SL,-709.8858485361052,-719.8858485361052,31,
2021-05-13,-1,13153.947350147391,13182.3,1,SL,-567.0529970521602,-577.0529970521602,31,
2021-05-13,1,13150.879220905032,13123.57,1,SL,-546.1844181006381,-556.1844181006381,116,
2021-05-17,-1,13328.457204974218,13308.370488026138,1,TP,401.7343389616144,396.7343389616144,22,
2021-05-17,1,13301.63,13286.11,2,SL,-620.7999999999447,-640.7999999999447,31,
2021-05-17,-1,13323.903510374603,13277.536724843369,1,TP,927.335710624684,922.335710624684,63,
2021-05-17,1,13277.314470195392,13322.613137413826,1,TP,905.9733443686855,900.9733443686855,68,
2021-05-17,-1,13323.96,13281.182554935958,1,TP,855.5489012808175,850.5489012808175,98,
2021-05-18,1,13336.15164821135,13316.85,2,SL,-772.0659284539579,-792.0659284539579,21,
2021-05-18,-1,13347.671356721099,13364.96,2,SL,-691.5457311560021,-711.5457311560021,47,
2021-05-19,1,13001.45,13037.515674436425,3,TP,2163.9404661854496,2148.9404661854496,13,
2021-05-19,1,13028.495017785088,13058.760069895352,1,TP,605.301042205283,600.301042205283,49,
2021-05-25,1,13662.524994622678,13647.12,1,SL,-308.0998924535379,-318.0998924535379,107,
2021-05-26,-1,13687.980636618659,13697.28,3,SL,-557.9618028805271,-587.9618028805271,59,
2021-05-27,-1,13677.413701682162,13689.0,3,SL,-695.1778990702587,-725.1778990702587,42,
2021-06-01,-1,13767.1,13752.609769742692,4,TP,1159.218420584657,1139.218420584657,17,
2021-06-01,1,13750.06,13743.13,4,SL,-554.4000000000233,-594.4000000000233,19,
2021-06-01,1,13740.17,13733.89,1,SL,-125.6000000000131,-135.6000000000131,21,
2021-06-02,1,13679.369774897481,13669.3,2,SL,-402.7909958992677,-422.7909958992677,33,
2021-06-02,1,13670.33,13672.83,3,BE,150.0,120.0,43,
2021-06-02,-1,13695.083886634384,13709.24,2,SL,-566.2445346246386,-586.2445346246386,71,
2021-06-02,1,13684.676178242582,13673.23,2,SL,-457.84712970329565,-477.84712970329565,174,
2021-06-03,-1,13533.238069790958,13502.611204150913,1,TP,612.5373128008869,607.5373128008869,69,
2021-06-03,-1,13540.326487536615,13566.58,1,SL,-525.070249267701,-535.070249267701,89,
2021-06-07,1,13738.082848912685,13754.040000581434,2,TP,638.2860667499335,628.2860667499335,16,
2021-06-07,-1,13754.729589482848,13740.38060432731,2,TP,573.9594062214746,563.9594062214746,23,
2021-06-07,1,13739.03,13754.775140223737,3,TP,944.7084134241959,929.7084134241959,29,
2021-06-07,1,13740.613867089975,13733.64,2,BE,-278.95468359900406,-298.95468359900406,42,
2021-06-07,-1,13748.744719209566,13734.048270406183,2,TP,587.8579521353095,577.8579521353095,93,
2021-06-07,1,13734.000137827152,13733.0,2,BE,-40.005513086071005,-60.005513086071005,112,
2021-06-07,1,13728.175277446595,13744.508501812556,2,TP,653.3289746384253,643.3289746384253,240,
2021-06-08,1,13880.285896971689,13857.99,2,SL,-891.8358788675687,-911.8358788675687,23,
2021-06-08,1,13848.36,13851.64,1,SL,65.59999999997672,55.59999999997672,25,
2021-06-09,-1,13879.701859405543,13893.47,3,SL,-826.0884356674069,-856.0884356674069,16,
2021-06-09,1,13867.871999578176,13854.63,2,SL,-529.6799831270619,-549.6799831270619,21,
2021-06-09,1,13855.85,13846.06,4,SL,-783.2000000000698,-823.2000000000698,23,
2021-06-09,1,13850.78,13856.65,4,BE,469.5999999999185,429.5999999999185,35,
2021-06-10,1,13907.167952592059,13882.86,1,SL,-486.15905184116855,-496.15905184116855,76,
2021-06-14,-1,14006.96,14019.46,4,SL,-1000.0,-1040.0,16,
2021-06-14,1,13994.416506550673,13992.26,1,BE,-43.130131013458595,-53.130131013458595,67,
2021-06-14,-1,14019.159156843778,14034.43,1,SL,-305.41686312444654,-315.41686312444654,108,
2021-06-15,-1,14098.13,14109.1,2,SL,-438.80000000004657,-458.80000000004657,14,
2021-06-15,1,14089.248793133382,14073.06,1,SL,-323.7758626676441,-333.7758626676441,56,
2021-06-16,-1,14075.14,14081.05,4,SL,-472.79999999998836,-512.7999999999884,19,
2021-06-16,1,14077.210175172097,14064.61,3,SL,-756.0105103257592,-786.0105103257592,71,
2021-06-21,-1,14014.766429260992,13986.468183200514,1,TP,565.964921209561,560.964921209561,17,
2021-06-21,-1,14021.148136516476,14046.11,1,SL,-499.23726967048424,-509.23726967048424,25,
2021-06-22,1,14148.691225029846,14141.43,1,BE,-145.22450059692346,-155.22450059692346,20,
2021-06-22,-1,14167.57095827699,14142.218434446388,1,TP,507.05047661205754,502.05047661205754,31,
2021-06-22,-1,14167.131987524594,14181.42,1,SL,-285.7602495081301,-295.7602495081301,61,
2021-06-23,1,14294.02339347919,14290.23,3,BE,-227.60360875145125,-257.60360875145125,24,
2021-06-23,1,14285.65,14305.73416892052,4,TP,1606.733513641666,1586.733513641666,27,
2021-06-23,-1,14307.97,14316.19,4,SL,-657.6000000000931,-697.6000000000931,29,
2021-06-23,1,14299.970317778332,14291.58,3,SL,-503.4190666999348,-533.4190666999348,78,
2021-06-24,1,14376.651716409131,14388.744093521522,3,TP,725.542626743445,710.542626743445,30,
2021-06-24,1,14391.336467068939,14406.123536378038,2,TP,591.482772363961,581.482772363961,141,
2021-06-24,1,14394.501729403015,14384.12,2,SL,-415.2691761205642,-435.2691761205642,203,
2021-06-28,1,14445.879465236409,14456.639897861296,4,TP,860.8346099909977,840.8346099909977,14,
2021-06-28,1,14444.562724835425,14459.598745635492,2,TP,601.4408320026996,591.4408320026996,30,
2021-06-28,-1,14464.83,14469.47,4,SL,-371.19999999995343,-411.19999999995343,32,
2021-06-29,1,14513.224464581846,14500.72,2,SL,-500.1785832738824,-520.1785832738824,46,
2021-06-29,1,14508.902074854992,14530.927880106632,1,TP,440.51610503280244,435.51610503280244,139,
2021-06-30,-1,14563.57394518155,14574.64,2,SL,-442.64219273798517,-462.64219273798517,18,
2021-06-30,1,14551.422542705139,14540.08,2,SL,-453.7017082055536,-473.7017082055536,28,
2021-06-30,1,14551.510131936235,14539.44,2,SL,-482.8052774493699,-502.8052774493699,177,
2021-07-01,1,14555.743494022026,14545.02,3,SL,-643.4096413215593,-673.4096413215593,25,
2021-07-01,1,14541.44,14546.68,1,BE,104.79999999999563,94.79999999999563,47,
2021-07-06,1,14769.128041547936,14762.76,4,SL,-509.44332383485744,-549.4433238348574,14,
2021-07-06,-1,14775.882862465685,14764.198128211732,3,TP,701.0840552371883,686.0840552371883,23,
2021-07-06,-1,14774.077609901411,14781.79,3,BE,-462.7434059153893,-492.7434059153893,37,
2021-07-06,1,14765.408115019372,14746.46,2,SL,-757.9246007749316,-777.9246007749316,64,
2021-07-07,-1,14858.734219409387,14843.659108704416,3,TP,904.5066422982563,889.5066422982563,16,
2021-07-07,1,14831.51,14815.71,2,SL,-632.0000000000437,-652.0000000000437,59,
2021-07-08,1,14609.680631194846,14598.59,2,SL,-443.6252477938251,-463.6252477938251,15,
2021-07-08,1,14582.18,14585.25,1,SL,61.39999999999418,51.39999999999418,17,
2021-07-08,1,14575.45,14567.36,4,SL,-647.2000000000116,-687.2000000000116,19,
2021-07-08,-1,14626.185226111582,14650.67,1,SL,-489.69547776836407,-499.69547776836407,36,
2021-07-08,1,14598.67992895179,14637.940549148801,1,TP,785.2124039402406,780.2124039402406,59,
2021-07-08,-1,14648.97,14599.625782827825,2,TP,1973.7686868869787,1963.7686868869787,68,
2021-07-08,1,14599.363171237497,14638.81187224208,1,TP,788.974020091664,783.974020091664,75,
2021-07-08,-1,14639.55,14600.343698432303,1,TP,784.1260313539169,779.1260313539169,88,
2021-07-08,-1,14636.691658810392,14665.52,1,SL,-576.5668237921636,-586.5668237921636,130,
2021-07-12,-1,14853.763339291349,14865.67,2,SL,-476.26642834606173,-496.26642834606173,101,
2021-07-13,-1,14879.449949310338,14888.16,2,SL,-348.40202758648957,-368.40202758648957,16,
2021-07-13,-1,14891.36,14896.68,4,SL,-425.5999999999767,-465.5999999999767,18,
2021-07-14,-1,14978.057982129956,14989.89,2,SL,-473.28071480173094,-493.28071480173094,34,
2021-07-14,1,14961.17061291195,14985.923579938164,1,TP,495.0593405242762,490.0593405242762,78,
2021-07-14,1,14962.274580006591,14946.68,1,SL,-311.8916001318212,-321.8916001318212,118,
2021-07-15,-1,14855.603492847642,14876.6,1,SL,-419.9301430471678,-429.9301430471678,20,
2021-07-15,-1,14871.93,14894.75,1,SL,-456.3999999999942,-466.3999999999942,27,
2021-07-19,-1,14531.702479713664,14553.65,1,SL,-438.9504057267186,-448.9504057267186,14,
2021-07-19,1,14514.346489780559,14491.71,1,SL,-452.7297956111943,-462.7297956111943,24,
2021-07-19,1,14498.73,14479.46,1,SL,-385.40000000000873,-395.40000000000873,27,
2021-07-20,-1,14570.044779115093,14587.87,2,SL,-713.008835396322,-733.008835396322,20,
2021-07-22,1,14882.717894604184,14870.5,3,SL,-733.0736762510423,-763.0736762510423,22,
2021-07-22,1,14878.353134811696,14892.870891924693,2,TP,580.7102845198824,570.7102845198824,28,
2021-07-22,-1,14892.829990841421,14903.95,2,SL,-444.8003663431882,-464.8003663431882,31,
2021-07-22,1,14893.564172131453,14916.82360834352,1,TP,465.18872424134315,460.18872424134315,145,
2021-07-22,1,14893.872057440707,14876.45,1,SL,-348.4411488141268,-358.4411488141268,160,
2021-07-26,1,15092.913195044139,15114.148946267997,2,TP,849.4300489543093,839.4300489543093,118,
2021-07-26,1,15100.715823084698,15122.188768215941,2,TP,858.91780524973,848.91780524973,228,
2021-07-28,-1,14980.772450167342,15010.29,1,SL,-590.3509966531783,-600.3509966531783,38,
2021-07-29,-1,15071.862070171017,15091.54,1,SL,-393.5585965796781,-403.5585965796781,92,
2021-08-02,-1,15002.822071840885,15020.77,1,SL,-358.9585631823138,-368.9585631823138,47,
2021-08-02,1,14996.652388661674,14989.24,1,BE,-148.24777323348826,-158.24777323348826,261,
2021-08-03,-1,14992.31,15005.55,3,SL,-794.3999999999869,-824.3999999999869,13,
2021-08-03,-1,15006.01,14979.860596394925,4,TP,2091.952288406028,2071.952288406028,21,
2021-08-03,1,14972.4,14959.02,3,SL,-802.799999999952,-832.799999999952,23,
2021-08-03,1,14961.45,14949.2,4,SL,-980.0,-1020.0,25,
2021-08-03,-1,14953.94,14980.03,1,SL,-521.8000000000029,-531.8000000000029,135,
2021-08-04,1,15059.699541089629,15070.51808343046,3,TP,649.1125404498234,634.1125404498234,15,
2021-08-04,1,15060.986045890179,15051.0,3,SL,-599.1627534107101,-629.1627534107101,22,
2021-08-04,-1,15072.09459639284,15055.564174372132,2,TP,661.2168808283604,651.2168808283604,33,
2021-08-04,1,15040.931335434685,15037.81,1,BE,-62.42670869371068,-72.42670869371068,129,
2021-08-04,-1,15061.290285557232,15076.94,2,SL,-625.9885777107411,-645.9885777107411,163,
2021-08-05,1,15122.41010573892,15136.733619107301,3,TP,859.410802102866,844.410802102866,60,
2021-08-09,1,15102.008932114133,15130.162839888797,1,TP,563.0781554932764,558.0781554932764,57,
2021-08-10,-1,15148.400748434755,15157.16,4,SL,-700.7401252195996,-740.7401252195996,17,
2021-08-10,-1,15159.06,15162.84,4,SL,-302.4000000000524,-342.4000000000524,23,
2021-08-10,1,15143.68593435251,15133.71,2,SL,-399.03737410044414,-419.03737410044414,48,
2021-08-12,-1,14990.899966522604,14974.098353294166,2,TP,672.0645291374967,662.0645291374967,32,
2021-08-12,-1,14989.779191282518,15003.87,2,SL,-563.6323486993206,-583.6323486993206,49,
2021-08-16,1,15099.01588806587,15092.32,4,SL,-535.6710452695552,-575.6710452695552,17,
2021-08-16,1,15086.62,15077.74,1,SL,-177.60000000002037,-187.60000000002037,19,
2021-08-17,1,15012.159198163108,14995.81,1,SL,-326.98396326217335,-336.98396326217335,24,
2021-08-17,1,14992.95,14976.27,2,SL,-667.2000000000116,-687.2000000000116,26,
2021-08-17,-1,15021.335101065846,15056.21,1,SL,-697.497978683059,-707.497978683059,74,
2021-08-17,1,14991.577291979642,14955.84,1,SL,-714.7458395928334,-724.7458395928334,146,
2021-08-18,1,14991.233743242927,15005.168709228326,3,TP,836.0979591239811,821.0979591239811,15,
2021-08-18,1,15005.852747247804,14994.53,2,SL,-452.90988991211634,-472.90988991211634,76,
2021-08-19,1,14781.07,14813.302698969921,2,TP,1289.3079587968532,1279.3079587968532,16,
2021-08-19,-1,14820.12,14825.27,2,BE,-205.99999999998545,-225.99999999998545,21,
2021-08-24,-1,15348.161193573611,15336.889670801875,2,TP,450.8609108694509,440.8609108694509,23,
2021-08-24,1,15333.86,15348.804469109038,4,TP,1195.5575287230022,1175.5575287230022,32,
2021-08-24,-1,15349.22,15359.54,3,SL,-619.2000000000917,-649.2000000000917,39,
2021-08-24,1,15350.565569283901,15338.73,2,SL,-473.422771356054,-493.422771356054,125,
2021-08-25,1,15388.000973828379,15378.7,4,SL,-744.0779062702495,-784.0779062702495,21,
2021-08-25,1,15374.941731344556,15365.69,2,SL,-370.0692537822033,-390.0692537822033,60,
2021-08-26,-1,15359.305758056038,15351.498057843879,4,TP,624.6160169727227,604.6160169727227,28,
2021-08-26,1,15349.89,15342.8,4,SL,-567.2000000000116,-607.2000000000116,30,
2021-08-26,-1,15359.938040019395,15367.84,3,SL,-474.1175988363102,-504.1175988363102,37,
2021-08-26,-1,15366.91,15349.839830183319,4,TP,1365.613585334504,1345.613585334504,46,
2021-08-26,1,15349.729387055815,15341.54,3,SL,-491.36322334885335,-521.3632233488534,54,
2021-08-26,-1,15344.25573412886,15308.444324623377,1,TP,716.2281901096503,711.2281901096503,320,
2021-08-31,-1,15557.60050969133,15540.966308528163,2,TP,665.3680465267098,655.3680465267098,40,
2021-08-31,-1,15556.47461073634,15559.24,2,BE,-110.61557054636069,-130.6155705463607,64,
2021-09-01,-1,15680.846794312525,15664.396951961458,2,TP,657.9936940426705,647.9936940426705,96,
2021-09-02,-1,15672.56327032413,15673.58,4,BE,-81.33837406960083,-121.33837406960083,20,
2021-09-02,1,15664.640596657522,15659.27,4,SL,-429.6477326017339,-469.6477326017339,25,
2021-09-02,-1,15654.719321571987,15634.831925316,2,TP,795.4958502394584,785.4958502394584,141,
2021-09-07,-1,15660.305034156325,15641.961664623108,2,TP,733.734781328676,723.734781328676,15,
2021-09-07,1,15639.81,15627.54,2,SL,-490.7999999999447,-510.7999999999447,22,
2021-09-07,-1,15644.117658095873,15654.41,2,SL,-411.6936761650868,-431.6936761650868,64,
2021-09-08,-1,15640.765202932922,15653.22,2,SL,-498.1918826830952,-518.1918826830952,42,
2021-09-08,1,15625.763689242349,15598.0,1,SL,-555.2737848469769,-565.2737848469769,64,
2021-09-09,1,15652.050977018764,15665.024008910408,3,TP,778.3819134986697,763.3819134986697,60,
2021-09-09,-1,15665.65,15649.10241426226,2,TP,661.9034295096208,651.9034295096208,67,
2021-09-09,1,15649.547004609429,15638.91,2,SL,-425.48018437715655,-445.48018437715655,108,
2021-09-15,-1,15369.972005751513,15376.0,1,BE,-120.55988496973441,-130.5598849697344,95,
2021-09-16,1,15442.0,15429.7,2,SL,-491.9999999999709,-511.9999999999709,16,
2021-09-20,1,15105.604624080272,15085.58,1,SL,-400.49248160543357,-410.49248160543357,35,
2021-09-21,1,15074.482135335598,15050.28,1,SL,-484.04270671195263,-494.04270671195263,39,
2021-09-22,-1,15048.259306523369,15057.64,3,SL,-562.8416085978461,-592.8416085978461,22,
2021-09-22,-1,15056.03,15066.45,4,SL,-833.6000000000058,-873.6000000000058,26,
2021-09-23,-1,15253.57,15272.55,3,SL,-1138.7999999999738,-1168.7999999999738,14,
2021-09-27,-1,15157.824751162372,15175.58,1,SL,-355.10497675255465,-365.10497675255465,50,
2021-09-29,-1,14847.03918656091,14874.23,1,SL,-543.8162687817749,-553.8162687817749,20,
2021-09-29,-1,14868.41,14874.78,4,SL,-509.60000000006403,-549.600000000064,22,
2021-09-29,-1,14897.36,14894.74,1,SL,52.40000000001601,42.40000000001601,24,
2021-09-29,1,14847.662663899355,14892.34810408854,1,TP,893.708803783702,888.708803783702,79,
2021-09-29,-1,14892.502069302764,14848.114833555312,1,TP,887.7447149490399,882.7447149490399,107,
2021-09-30,1,14845.254808524396,14867.705372502493,1,TP,449.01127956192795,444.01127956192795,18,
2021-09-30,-1,14868.119522343852,14887.02,1,SL,-378.00955312297447,-388.00955312297447,21,
2021-09-30,-1,14881.79,14847.85255914223,3,TP,2036.246451466286,2021.246451466286,36,
2021-09-30,-1,14872.58314224629,14842.180927195104,1,TP,608.0443010237286,603.0443010237286,52,
2021-10-05,-1,14563.837390059896,14584.43,1,SL,-411.85219880208024,-421.85219880208024,20,
2021-10-06,1,14582.636431095134,14554.25,1,SL,-567.7286219026792,-577.7286219026792,26,
2021-10-06,-1,14609.354821894356,14654.64,1,SL,-905.7035621128671,-915.7035621128671,54,
2021-10-07,1,14919.57281482258,14938.424110966618,2,TP,754.0518457614962,744.0518457614962,15,
2021-10-07,-1,14938.729441449539,14954.58,2,SL,-634.0223420184338,-654.0223420184338,27,
2021-10-11,1,14855.491972428694,14834.78,1,SL,-414.2394485738623,-424.2394485738623,165,
2021-10-12,1,14723.73,14707.06,1,SL,-333.40000000000146,-343.40000000000146,15,
2021-10-13,1,14751.725291652163,14734.89,1,SL,-336.7058330432701,-346.7058330432701,20,
2021-10-13,-1,14739.0827156935,14746.28,1,BE,-143.94568613002775,-153.94568613002775,237,
2021-10-14,-1,14940.58,14943.65,1,SL,-61.39999999999418,-71.39999999999418,13,
2021-10-19,-1,15364.12,15362.32,4,BE,144.0000000000873,104.00000000008731,18,
2021-10-19,1,15339.197367219356,15360.99362563113,1,TP,435.92516823548067,430.92516823548067,38,
2021-10-19,-1,15362.12,15375.6,1,SL,-269.59999999999127,-279.59999999999127,59,
2021-10-20,1,15428.895908397644,15420.37,3,SL,-511.55450385860604,-541.554503858606,24,
2021-10-20,-1,15435.251334926526,15448.85,2,SL,-543.9466029389587,-563.9466029389587,60,
2021-10-20,1,15418.666211619227,15400.97,1,SL,-353.92423238456104,-363.92423238456104,95,
2021-10-26,-1,15657.678685987807,15674.63,1,SL,-339.02628024385194,-349.02628024385194,38,
2021-10-26,1,15659.901737084121,15647.66,1,BE,-244.83474168242537,-254.83474168242537,124,
2021-10-27,-1,15612.67,15633.34,4,SL,-1653.6000000000058,-1693.6000000000058,13,
2021-10-27,-1,15633.4,15643.66,1,SL,-205.20000000000437,-215.20000000000437,15,
2021-10-27,1,15611.937293519999,15592.2,1,SL,-394.7458703999655,-404.7458703999655,36,
2021-10-27,1,15593.24,15584.4,3,SL,-530.4000000000087,-560.4000000000087,38,
2021-10-27,-1,15639.947341075813,15668.34,1,SL,-567.8531784837469,-577.8531784837469,86,
2021-10-28,-1,15680.70832222474,15695.95,2,SL,-609.6671110104216,-629.6671110104216,16,
2021-10-28,-1,15702.01,15697.11,1,BE,97.99999999999272,87.99999999999272,38,
2021-10-28,1,15712.53565864277,15744.943753129739,1,TP,648.1618897393855,643.1618897393855,243,
2021-11-01,-1,15836.14039316397,15813.358244274337,1,TP,455.6429777926678,450.6429777926678,71,
2021-11-01,-1,15836.279751683314,15837.99,1,BE,-34.20496633370931,-44.20496633370931,93,
2021-11-01,-1,15836.625564470272,15854.04,1,SL,-348.28871059457015,-358.28871059457015,112,
2021-11-02,1,15932.500157631675,15915.67,1,SL,-336.6031526335064,-346.6031526335064,43,
2021-11-03,-1,15991.298256240963,15975.5682869024,1,TP,314.59938677126047,309.59938677126047,31,
2021-11-03,1,15969.7,15952.13,4,SL,-1405.6000000001222,-1445.6000000001222,35,
2021-11-03,1,15963.381866669479,15979.381096495265,2,TP,639.9691930314293,629.9691930314293,135,
2021-11-03,-1,15979.483995072558,15992.31,2,SL,-513.0401970976527,-533.0401970976527,148,
2021-11-04,1,16261.484275664114,16306.476518992988,1,TP,899.8448665774777,894.8448665774777,148,
2021-11-08,1,16365.203371846359,16344.9,2,BE,-812.1348738543747,-832.1348738543747,23,
2021-11-08,1,16344.198164066873,16336.38,1,BE,-156.36328133747156,-166.36328133747156,69,
2021-11-08,-1,16363.266279226193,16339.430333458577,1,TP,476.71891535232135,471.71891535232135,142,
2021-11-08,1,16338.75,16361.515123830684,1,TP,455.30247661368776,450.30247661368776,221,
2021-11-09,-1,16386.326944415952,16376.606069893278,4,TP,777.6699618139537,757.6699618139537,15,
2021-11-10,-1,16121.97,16134.13,2,SL,-486.3999999999942,-506.3999999999942,16,
2021-11-11,-1,16093.795149280448,16102.97,2,SL,-366.99402878206456,-386.99402878206456,24,
2021-11-11,-1,16111.84,16077.383196141125,4,TP,2756.5443087099993,2736.5443087099993,32,
2021-11-11,1,16073.27,16061.47,2,SL,-472.00000000004366,-492.00000000004366,53,
2021-11-11,-1,16089.939258495442,16068.043787608836,1,TP,437.9094177321167,432.9094177321167,102,
2021-11-11,1,16069.835398903379,16054.58,1,SL,-305.1079780675718,-315.1079780675718,158,
2021-11-15,1,16234.984114956025,16224.87,3,SL,-606.8468973614654,-636.8468973614654,15,
2021-11-15,1,16230.87246812161,16218.2,2,SL,-506.898724864368,-526.898724864368,21,
2021-11-16,-1,16237.864102452588,16261.1,1,SL,-464.7179509482521,-474.7179509482521,47,
2021-11-16,1,16218.287897659193,16244.040142216754,1,TP,515.0448911512285,510.0448911512285,90,
2021-11-17,-1,16319.114843750114,16307.987091369974,3,TP,667.6651428084006,652.6651428084006,20,
2021-11-17,1,16304.91,16279.34,4,SL,-2045.5999999999767,-2085.5999999999767,22,
2021-11-17,-1,16316.074997386557,16329.27,2,SL,-527.8001045377459,-547.8001045377459,43,
2021-11-18,-1,16390.57649281977,16406.85,2,SL,-650.9402872090868,-670.9402872090868,17,
2021-11-18,1,16383.830429434858,16357.69,1,SL,-522.808588697153,-532.808588697153,41,
2021-11-18,1,16349.47,16340.23,1,SL,-184.79999999999563,-194.79999999999563,43,
2021-11-22,1,16717.738953722343,16697.61,1,SL,-402.5790744468395,-412.5790744468395,88,
2021-11-23,-1,16353.42,16372.99,1,SL,-391.3999999999942,-401.3999999999942,14,
2021-11-23,1,16340.4825407008,16296.23,1,SL,-885.0508140159945,-895.0508140159945,39,
2021-11-24,-1,16165.29765993293,16184.46,1,SL,-383.2468013413745,-393.2468013413745,30,
2021-11-29,-1,16267.56,16238.67849968688,1,TP,577.6300062624068,572.6300062624068,15,
2021-11-29,1,16218.92,16267.766264577489,4,TP,3907.701166199113,3887.701166199113,18,
2021-11-29,1,16259.750001471968,16237.06,1,SL,-453.80002943937143,-463.80002943937143,72,
2021-11-30,-1,16361.82,16376.0,2,SL,-567.2000000000116,-587.2000000000116,17,
2021-11-30,1,16372.749605859497,16331.53,1,SL,-824.3921171899274,-834.3921171899274,76,
2021-12-01,-1,16311.657674010086,16319.73,2,SL,-322.893039596529,-342.893039596529,17,
2021-12-01,1,16307.589421098799,16347.905668010791,1,TP,806.3249382398499,801.3249382398499,77,
2021-12-01,-1,16352.02,16373.25,1,SL,-424.59999999999127,-434.59999999999127,88,
2021-12-02,1,15921.992807453635,15880.66,1,SL,-826.6561490726963,-836.6561490726963,46,
2021-12-06,-1,15658.042559394084,15691.96,1,BE,-678.3488121183109,-688.3488121183109,42,
2021-12-08,-1,16306.53,16335.63,1,SL,-581.9999999999709,-591.9999999999709,19,
2021-12-08,-1,16320.41553752221,16282.139663508502,1,TP,765.5174802741749,760.5174802741749,66,
2021-12-09,1,16383.57086269681,16368.58,2,SL,-599.6345078723971,-619.6345078723971,22,
2021-12-09,1,16359.46,16339.57,4,SL,-1591.1999999999534,-1631.1999999999534,26,
2021-12-13,-1,16311.981324394948,16290.063044219942,1,TP,438.36560350013315,433.36560350013315,17,
2021-12-13,1,16289.578073028006,16266.63,1,SL,-458.96146056013094,-468.96146056013094,24,
2021-12-13,-1,16304.096563293271,16276.279069365737,1,TP,556.3498785506818,551.3498785506818,50,
2021-12-14,1,15918.761455054504,15900.52,1,BE,-364.8291010900721,-374.8291010900721,33,
2021-12-15,1,15881.481149583919,15849.36,1,SL,-642.4229916783588,-652.4229916783588,19,
2021-12-15,-1,15883.727434739354,15903.7,1,SL,-399.4513052129332,-409.4513052129332,70,
2021-12-20,1,15581.714868639898,15619.52572581166,1,TP,756.2171434352422,751.2171434352422,25,
2021-12-20,1,15588.134635690747,15626.942724390263,1,TP,776.1617739903159,771.1617739903159,48,
2021-12-20,-1,15640.31,15586.07387759532,2,TP,2169.4448961871967,2159.4448961871967,60,
2021-12-20,1,15575.12,15626.306994448221,2,TP,2047.47977792882,2037.47977792882,68,
2021-12-20,-1,15628.54,15586.287905191964,1,TP,845.0418961607284,840.0418961607284,82,
2021-12-20,1,15583.95,15546.33,1,SL,-752.400000000016,-762.400000000016,89,
2021-12-21,-1,15708.11669303902,15737.78,1,SL,-593.2661392195951,-603.2661392195951,100,
2021-12-22,1,15982.49452590695,16021.69396737135,1,TP,783.9888292879914,778.9888292879914,47,
2021-12-22,-1,16028.05,16047.63,1,SL,-391.59999999999854,-401.59999999999854,68,
2021-12-23,1,16208.826659002907,16226.497711602147,2,TP,706.8421039696113,696.8421039696113,17,
2021-12-23,-1,16226.7392527639,16237.42,2,SL,-427.2298894439882,-447.2298894439882,28,
2021-12-27,1,16420.14490497008,16442.51483431082,2,TP,894.7971736296313,884.7971736296313,29,
2021-12-28,1,16548.551264285124,16574.453098868067,1,TP,518.0366916588537,513.0366916588537,23,
2021-12-28,1,16553.36583354636,16524.53,1,SL,-576.7166709271987,-586.7166709271987,40,
2021-12-28,-1,16576.31406178373,16536.130533043073,1,TP,803.6705748131499,798.6705748131499,105,
2021-12-29,-1,16532.875352168994,16518.839356577082,2,TP,561.4398236764828,551.4398236764828,13,
2021-12-30,1,16476.24,16460.85,1,SL,-307.8000000000611,-317.8000000000611,13,
2021-12-30,1,16468.82,16498.966848733915,3,TP,1808.810924034915,1793.810924034915,26,
2021-12-30,-1,16499.380853710885,16513.2,1,SL,-276.38292578230903,-286.38292578230903,34,
2022-01-03,1,16438.463405767612,16414.79,2,SL,-946.9362307044503,-966.9362307044503,17,
2022-01-03,1,16388.42,16366.96,1,SL,-429.19999999998254,-439.19999999998254,19,
2022-01-04,-1,16502.279418452064,16486.601793168888,2,TP,627.1050113270758,617.1050113270758,13,
2022-01-04,-1,16501.285122239875,16486.688769366774,2,TP,583.8541149240336,573.8541149240336,16,
2022-01-04,1,16482.07,16465.92,4,SL,-1292.0000000001164,-1332.0000000001164,21,
2022-01-05,-1,16191.76,16211.76,1,SL,-400.0,-410.0,22,
2022-01-05,1,16169.558146703506,16214.285159004517,1,TP,894.540246020224,889.540246020224,55,
2022-01-05,-1,16214.318328599475,16171.05295928131,1,TP,865.3073863632744,860.3073863632744,63,
2022-01-05,1,16164.48,16144.84,1,SL,-392.79999999998836,-402.79999999998836,69,
2022-01-06,1,15783.938302133902,15757.47,1,SL,-529.366042678048,-539.366042678048,21,
2022-01-06,1,15769.47484245822,15732.64,1,SL,-736.6968491644002,-746.6968491644002,27,
2022-01-10,-1,15342.320858122412,15313.560826302672,1,TP,575.2006363948021,570.2006363948021,23,
2022-01-10,-1,15272.50290748897,15316.27,1,SL,-875.3418502206114,-885.3418502206114,114,
2022-01-10,-1,15299.179735676376,15343.29,1,SL,-882.2052864724901,-892.2052864724901,230,
2022-01-11,1,15518.8,15504.67,4,SL,-1130.399999999936,-1170.399999999936,14,
2022-01-11,-1,15571.25208232127,15524.55744415045,1,TP,933.8927634164065,928.8927634164065,25,
2022-01-11,1,15552.5351556789,15619.107667296812,1,TP,1331.4502323582565,1326.4502323582565,93,
2022-01-11,-1,15627.36,15683.41,1,SL,-1120.9999999999854,-1130.9999999999854,103,
2022-01-12,1,15915.7,15919.97,1,SL,85.39999999997235,75.39999999997235,15,
2022-01-12,-1,15971.208628718972,16001.3,1,SL,-601.8274256205405,-611.8274256205405,40,
2022-01-12,1,15941.799196197377,15902.98,1,SL,-776.3839239475419,-786.3839239475419,70,
2022-01-13,1,15953.355371764643,15970.74626839235,2,TP,695.6358651082701,685.6358651082701,18,
2022-01-13,1,15945.14,15970.584505184639,4,TP,2035.560414771171,2015.560414771171,28,
2022-01-13,1,15954.025251423556,15933.82,2,SL,-808.2100569422619,-828.2100569422619,32,
2022-01-18,-1,15349.15,15379.71,4,SL,-2444.7999999999593,-2484.7999999999593,13,
2022-01-18,-1,15376.27,15307.012980012994,2,TP,2770.2807994802424,2760.2807994802424,21,
2022-01-18,-1,15352.917543221467,15403.2,1,SL,-1005.6491355706748,-1015.6491355706748,37,
2022-01-19,1,15298.835656100517,15331.81265446075,1,TP,659.5399672046551,654.5399672046551,15,
2022-01-19,1,15324.133732386146,15296.55,1,SL,-551.674647722939,-561.674647722939,60,
2022-01-20,1,15236.470501283406,15277.429034999212,1,TP,819.1706743161194,814.1706743161194,57,
2022-01-20,-1,15283.11,15307.13,1,SL,-480.39999999997235,-490.39999999997235,62,
2022-01-20,1,15266.149627139026,15310.261775109031,1,TP,882.2429594001005,877.2429594001005,147,
2022-01-20,1,15264.633536472864,15228.25,1,SL,-727.670729457277,-737.670729457277,214,
2022-01-24,1,14192.183065512718,14142.38,1,SL,-996.0613102543721,-1006.0613102543721,14,
2022-01-24,1,14143.15,14133.34,3,SL,-588.5999999999694,-618.5999999999694,16,
2022-01-24,1,14158.889016428873,14119.9,1,SL,-779.7803285774717,-789.7803285774717,21,
2022-01-24,-1,14169.521371769622,14075.155455836059,1,TP,1887.3183186712777,1882.3183186712777,78,
2022-01-25,1,14233.28,14166.46,1,SL,-1336.4000000000306,-1346.4000000000306,16,
2022-01-25,-1,14197.272739639135,14215.34,1,BE,-361.3452072173095,-371.3452072173095,76,
2022-01-26,-1,14439.560708680638,14455.62,1,BE,-321.18582638726366,-331.18582638726366,23,
2022-01-26,-1,14473.65,14488.15,3,SL,-870.0,-900.0,31,
2022-01-27,-1,14329.017195999602,14359.16,1,SL,-602.8560800079504,-612.8560800079504,14,
2022-01-27,-1,14357.83,14393.72,1,SL,-717.7999999999884,-727.7999999999884,19,
2022-01-27,1,14324.382697159941,14275.37,1,SL,-980.2539431988043,-990.2539431988043,60,
2022-02-01,-1,14869.131586337835,14809.53184856197,1,TP,1191.9947555172985,1186.9947555172985,66,
2022-02-01,-1,14867.594544753003,14902.54,1,SL,-698.9091049399576,-708.9091049399576,98,
2022-02-02,1,15130.862933097944,15081.59,1,SL,-985.4586619588736,-995.4586619588736,14,
2022-02-02,1,15102.36,15080.34,1,SL,-440.40000000000873,-450.40000000000873,17,
2022-02-02,-1,15148.57913016026,15093.411609605155,1,TP,1103.3504111021102,1098.3504111021102,53,
2022-02-03,1,14749.893115656843,14727.14,1,SL,-455.0623131368775,-465.0623131368775,25,
2022-02-03,-1,14804.394521618193,14747.197103088663,1,TP,1143.9483705905877,1138.9483705905877,114,
2022-02-07,1,14748.069558848805,14726.71,1,SL,-427.1911769761209,-437.1911769761209,45,
2022-02-07,1,14732.299369709895,14688.96,1,SL,-866.7873941979269,-876.7873941979269,100,
2022-02-08,1,14551.314460408259,14534.59,1,SL,-334.48920816517784,-344.48920816517784,30,
2022-02-08,1,14517.22726882395,14559.753286701633,1,TP,850.5203575536507,845.5203575536507,74,
2022-02-08,-1,14562.45,14586.05,1,SL,-471.9999999999709,-481.9999999999709,76,
2022-02-09,1,14922.329111901881,14901.45,2,SL,-835.1644760752242,-855.1644760752242,19,
2022-02-09,1,14906.51,14896.88,3,SL,-577.8000000000611,-607.8000000000611,21,
2022-02-09,-1,14932.954696339018,14900.324632944943,1,TP,652.6012678815096,647.6012678815096,43,
2022-02-09,1,14895.4,14871.25,1,SL,-482.9999999999927,-492.9999999999927,50,
2022-02-09,-1,14927.803813617087,14941.71,1,BE,-278.12372765823966,-288.12372765823966,87,
2022-02-10,1,14899.537585167638,14856.16,1,SL,-867.5517033527649,-877.5517033527649,198,
2022-02-10,1,14844.13,14849.35,1,SL,104.40000000002328,94.40000000002328,201,
2022-02-14,1,14231.45,14276.077032832834,1,TP,892.5406566566744,887.5406566566744,18,
2022-02-14,1,14251.686547117008,14303.182169412068,1,TP,1029.9124459012091,1024.9124459012091,42,
2022-02-14,-1,14310.61,14242.878612719125,1,TP,1354.6277456175085,1349.6277456175085,46,
2022-02-14,1,14240.95,14236.26,1,BE,-93.80000000001019,-103.80000000001019,63,
2022-02-14,-1,14298.098154657391,14340.01,1,SL,-838.2369068521803,-848.2369068521803,109,
2022-02-15,1,14488.527430404034,14467.0,2,SL,-861.0972161613608,-881.0972161613608,21,
2022-02-15,-1,14508.675877298361,14524.52,1,SL,-316.88245403278415,-326.88245403278415,33,
2022-02-15,1,14486.447974654324,14476.17,1,BE,-205.5594930864754,-215.5594930864754,52,
2022-02-15,-1,14511.042473369844,14513.09,1,BE,-40.95053260312852,-50.95053260312852,69,
2022-02-15,1,14507.90741481335,14487.38,1,SL,-410.54829626700666,-420.54829626700666,174,
2022-02-16,-1,14456.384965081517,14473.31,1,SL,-338.50069836964394,-348.50069836964394,82,
2022-02-17,1,14477.953573089455,14468.57,3,SL,-563.0143853673144,-593.0143853673144,16,
2022-02-17,1,14436.11,14433.11,1,SL,-60.0,-70.0,18,
2022-02-28,1,14061.18,14043.27,2,SL,-716.3999999999942,-736.3999999999942,14,
2022-02-28,-1,14095.841773377591,14063.913234130354,1,TP,638.5707849447499,633.5707849447499,21,
2022-02-28,-1,14094.804356314422,14113.18,1,SL,-367.5128737115665,-377.5128737115665,25,
2022-02-28,1,14069.567100516733,14111.204371007927,1,TP,832.7454098238741,827.7454098238741,58,
2022-02-28,-1,14113.66,14139.95,1,SL,-525.8000000000175,-535.8000000000175,63,
2022-03-01,1,14196.096804429477,14233.807004244676,1,TP,754.2039963039861,749.2039963039861,20,
2022-03-01,-1,14234.168232302694,14192.811075890177,1,TP,827.1431282503545,822.1431282503545,22,
2022-03-01,-1,14230.965783761305,14192.807981172366,1,TP,763.1560517787875,758.1560517787875,32,
2022-03-01,-1,14226.117568033558,14253.05,1,SL,-538.6486393288214,-548.6486393288214,51,
2022-03-01,1,14193.464251081572,14165.68,1,SL,-555.6850216314342,-565.6850216314342,75,
2022-03-02,-1,14068.242290285501,14094.38,1,SL,-522.7541942899552,-532.7541942899552,14,
2022-03-02,-1,14101.1,14111.62,4,SL,-841.6000000000349,-881.6000000000349,17,
2022-03-02,1,14059.096525135268,14018.8,1,SL,-805.9305027053779,-815.9305027053779,39,
2022-03-02,-1,14096.206366419949,14127.08,1,BE,-617.4726716010264,-627.4726716010264,95,
2022-03-03,-1,14314.030434716828,14295.370582692281,2,TP,746.394080981845,736.394080981845,18,
2022-03-03,-1,14191.02316990479,14102.931945885372,1,TP,1761.8244803883863,1756.8244803883863,313,
2022-03-08,-1,13301.629728974114,13364.99,1,SL,-1267.205420517712,-1277.205420517712,14,
2022-03-08,1,13260.147572135396,13220.38,1,SL,-795.3514427079426,-805.3514427079426,31,
2022-03-08,-1,13272.803470974664,13331.82,1,SL,-1180.3305805067066,-1190.3305805067066,95,
2022-03-09,-1,13592.15865708875,13558.545779405755,1,TP,672.2575536599106,667.2575536599106,14,
2022-03-09,1,13538.59,13525.28,4,SL,-1064.7999999999593,-1104.7999999999593,23,
2022-03-09,-1,13582.483889649837,13624.83,1,SL,-846.9222070032629,-856.9222070032629,33,
2022-03-09,-1,13623.18,13632.78,1,SL,-192.00000000000728,-202.00000000000728,49,
2022-03-10,-1,13546.099143679632,13517.005860375122,1,TP,581.8656660901979,576.8656660901979,17,
2022-03-10,-1,13541.184216089672,13559.33,1,SL,-362.91567820655473,-372.91567820655473,27,
2022-03-10,-1,13578.83,13581.36,1,SL,-50.6000000000131,-60.6000000000131,29,
2022-03-10,-1,13553.632423998135,13581.1,1,SL,-549.3515200373076,-559.3515200373076,47,
2022-03-10,1,13516.45834365745,13487.79,1,SL,-573.3668731489888,-583.3668731489888,64,
2022-03-14,-1,13263.695150280191,13300.46,1,SL,-735.296994396158,-745.296994396158,14,
2022-03-14,1,13247.89304426768,13305.247841579374,1,TP,1147.0959462338942,1142.0959462338942,32,
2022-03-14,-1,13305.068706734746,13335.06,1,SL,-599.8258653050652,-609.8258653050652,40,
2022-03-15,-1,13166.496557424833,13193.2,1,SL,-534.0688515033617,-544.0688515033617,29,
2022-03-21,1,14404.138008948963,14380.27,1,SL,-477.36017897925194,-487.36017897925194,20,
2022-03-21,1,14393.298915109524,14332.24,1,SL,-1221.178302190492,-1231.178302190492,23,
2022-03-21,1,14299.856199789207,14228.07,1,SL,-1435.7239957841375,-1445.7239957841375,226,
2022-03-22,1,14436.674230442031,14420.97,1,SL,-314.0846088406397,-324.0846088406397,22,
2022-03-22,-1,14465.279603763795,14505.22,1,SL,-798.8079247240967,-808.8079247240967,31,
2022-03-23,-1,14513.978672650084,14495.59199299293,2,TP,735.4671862861869,725.4671862861869,15,
2022-03-23,-1,14508.889056329368,14483.168487681676,1,TP,514.4113729538367,509.4113729538367,30,
2022-03-23,1,14482.885355960481,14509.835693886354,1,TP,539.006758517462,534.006758517462,36,
2022-03-23,-1,14528.91,14536.13,1,SL,-144.3999999999869,-154.3999999999869,39,
2022-03-24,-1,14537.48,14543.89,1,SL,-128.1999999999971,-138.1999999999971,13,
2022-03-24,-1,14538.13,14497.759079833617,2,TP,1614.836806655294,1604.836806655294,19,
2022-03-24,1,14494.77,14528.18516020749,1,TP,668.303204149779,663.303204149779,26,
2022-03-24,-1,14526.988378930515,14544.3,1,SL,-346.23242138968635,-356.23242138968635,34,
2022-03-24,1,14499.442479196521,14482.1,1,SL,-346.849583930416,-356.849583930416,48,
2022-03-28,1,14831.384578637999,14818.3,1,BE,-261.6915727599917,-271.6915727599917,47,
2022-03-28,-1,14862.967077649899,14810.241420399736,1,TP,1054.5131450032568,1049.5131450032568,95,
2022-03-28,1,14809.65,14804.16,1,BE,-109.79999999999563,-119.79999999999563,123,
2022-03-29,1,15141.98,15139.9,2,BE,-83.19999999999709,-103.19999999999709,19,
2022-03-30,-1,15181.937067622534,15196.05,1,BE,-282.25864754931536,-292.25864754931536,19,
2022-03-30,-1,15196.91,15191.57,4,BE,427.20000000001164,387.20000000001164,32,
2022-03-30,1,15164.797222116731,15187.18910830717,1,TP,447.83772380877053,442.83772380877053,43,
2022-03-30,-1,15187.97,15213.16,1,SL,-503.8000000000102,-513.8000000000102,45,
2022-03-30,1,15174.340301660906,15154.28,1,SL,-401.2060332181136,-411.2060332181136,90,
2022-03-31,-1,15025.59316663354,15000.373612090134,1,TP,504.39109086812095,499.39109086812095,30,
2022-03-31,-1,15021.145562447855,15039.0,1,SL,-357.088751042902,-367.088751042902,49,
2022-04-06,-1,14509.667975365352,14468.040328984298,1,TP,832.5529276210727,827.5529276210727,160,
2022-04-07,1,14506.914389071952,14487.54,1,SL,-387.4877814390129,-397.4877814390129,18,
2022-04-07,1,14485.77,14541.42461382714,1,TP,1113.092276542775,1108.092276542775,24,
2022-04-07,-1,14541.728607682187,14587.35,1,SL,-912.4278463562587,-922.4278463562587,32,
2022-04-07,1,14505.054435480593,14490.73,1,BE,-286.4887096118764,-296.4887096118764,70,
2022-04-11,-1,14139.499967969889,14162.56,1,SL,-461.2006406022192,-471.2006406022192,17,
2022-04-11,-1,14168.83,14173.49,3,SL,-279.59999999999127,-309.59999999999127,20,
2022-04-11,1,14124.00925881279,14162.08905174707,1,TP,761.5958586856141,756.5958586856141,40,
2022-04-11,1,14126.093604138097,14108.02,1,SL,-361.4720827619385,-371.4720827619385,50,
2022-04-11,-1,14107.795194894034,14056.328500493439,1,TP,1029.3338880118972,1024.3338880118972,290,
2022-04-12,-1,14152.47239468805,14168.66,1,SL,-323.75210623900784,-333.75210623900784,15,
2022-04-12,-1,14167.23,14187.58,2,SL,-814.0000000000146,-834.0000000000146,17,
2022-04-18,1,13876.82,13915.650881325566,2,TP,1553.235253022649,1543.235253022649,14,
2022-04-18,-1,13902.244608144365,13935.26,1,SL,-660.3078371127049,-670.3078371127049,43,
2022-04-19,-1,13901.691721788393,13936.82,1,SL,-702.5655642321362,-712.5655642321362,18,
2022-04-21,1,14233.884870437114,14206.33,1,SL,-551.0974087422801,-561.0974087422801,28,
2022-04-25,1,13289.028949034106,13268.04,1,SL,-419.7789806820947,-429.7789806820947,15,
2022-04-25,1,13248.22,13326.061251053938,1,TP,1556.8250210787664,1551.8250210787664,20,
2022-04-25,-1,13336.7,13271.853280675205,1,TP,1296.9343864959228,1291.9343864959228,28,
2022-04-25,1,13269.22,13320.915404762927,1,TP,1033.9080952585573,1028.9080952585573,40,
2022-04-25,-1,13326.78,13356.57,1,BE,-595.7999999999811,-605.7999999999811,55,
2022-04-27,1,13133.272037599134,13095.55,1,SL,-754.4407519826927,-764.4407519826927,36,
2022-04-28,-1,13173.363732465772,13122.171555880117,1,TP,1023.8435317131007,1018.8435317131007,55,
2022-04-28,-1,13147.969077178514,13181.24,1,SL,-665.4184564297248,-675.4184564297248,99,
2022-05-02,-1,12845.068997264516,12885.68,1,SL,-812.2200547096872,-822.2200547096872,13,
2022-05-02,-1,12921.22,12920.35,1,SL,17.399999999979627,7.399999999979627,19,
2022-05-02,1,12832.087000031255,12917.371381014402,1,TP,1705.687619662931,1700.687619662931,55,
2022-05-02,-1,12929.15,12966.12,1,SL,-739.4000000000233,-749.4000000000233,57,
2022-05-02,-1,12944.330717777348,12844.594853531493,1,TP,1994.7172849170965,1989.7172849170965,204,
2022-05-03,-1,13041.87104277135,13045.4,1,BE,-70.57914457298466,-80.57914457298466,25,
2022-05-03,-1,13043.105260114462,13070.73,1,SL,-552.4947977107513,-562.4947977107513,27,
2022-05-03,-1,13088.147970167012,13020.290621614564,1,TP,1357.1469710489691,1352.1469710489691,72,
2022-05-03,1,13019.814676040425,13081.851789083577,1,TP,1240.742260863044,1235.742260863044,97,
2022-05-03,-1,13109.05,13125.67,2,SL,-664.800000000032,-684.800000000032,99,
2022-05-04,-1,13091.137496116637,13075.338309496407,2,TP,631.9674648092041,621.9674648092041,20,
2022-05-09,1,12470.991458122538,12442.4,1,SL,-571.8291624507765,-581.8291624507765,17,
2022-05-09,1,12438.86,12447.04,2,BE,327.20000000001164,307.20000000001164,27,
2022-05-09,-1,12401.698573377087,12316.22448302493,1,TP,1709.4818070431575,1704.4818070431575,195,
2022-05-10,-1,12452.892071748562,12498.63,1,SL,-914.758565028751,-924.758565028751,34,
2022-05-11,-1,12257.805309540705,12353.69,1,SL,-1917.693809185912,-1927.693809185912,15,
2022-05-11,-1,12328.16,12407.86,1,SL,-1594.0000000000146,-1604.0000000000146,19,
2022-05-11,-1,12381.931884353506,12393.43,1,BE,-229.9623129298925,-239.9623129298925,71,
2022-05-11,1,12286.310904743685,12380.494422058366,1,TP,1883.6703462936202,1878.6703462936202,128,
2022-05-12,-1,11790.933140535812,11840.21,1,SL,-985.5371892837502,-995.5371892837502,17,
2022-05-12,-1,11871.84,11887.59,4,SL,-1260.0,-1300.0,19,
2022-05-12,-1,11851.42,11912.39,1,SL,-1219.399999999987,-1229.399999999987,40,
2022-05-12,1,11877.16383035409,11836.19,1,BE,-819.4766070817786,-829.4766070817786,239,
2022-05-16,-1,12316.371530162502,12267.528520473936,1,TP,976.8601937713174,971.8601937713174,15,
2022-05-16,1,12256.94,12231.45,1,SL,-509.79999999999563,-519.7999999999956,17,
2022-05-16,1,12239.69,12218.6,1,SL,-421.8000000000029,-431.8000000000029,32,
2022-05-16,-1,12299.511259505902,12339.3,1,SL,-795.7748098819502,-805.7748098819502,47,
2022-05-17,1,12485.934271464761,12468.24,1,SL,-353.88542929522373,-363.88542929522373,18,
2022-05-17,1,12477.3,12460.39,1,SL,-338.1999999999971,-348.1999999999971,20,
2022-05-17,1,12469.95,12448.48,1,SL,-429.4000000000233,-439.4000000000233,25,
2022-05-18,1,12322.23,12315.38,1,SL,-137.00000000000728,-147.00000000000728,13,
2022-05-18,-1,12354.167470290558,12317.962083900866,1,TP,724.107727793853,719.107727793853,54,
2022-05-19,1,11908.063983775031,11877.05,1,SL,-620.279675500642,-630.279675500642,15,
2022-05-19,1,11860.28,11845.67,4,SL,-1168.8000000000466,-1208.8000000000466,17,
2022-05-19,-1,11930.09265802763,11986.84,1,SL,-1134.9468394474025,-1144.9468394474025,52,
2022-05-19,-1,11955.816890741464,11969.79,1,BE,-279.4621851707416,-289.4621851707416,101,
2022-05-23,-1,11901.42,11903.16,1,SL,-34.799999999995634,-44.799999999995634,13,
2022-05-23,-1,11920.43,11928.38,1,SL,-158.99999999997817,-168.99999999997817,16,
2022-05-23,1,11862.611721449652,11821.35,1,SL,-825.2344289930261,-835.2344289930261,31,
2022-05-23,-1,11909.817669225298,11933.7,1,BE,-477.6466154940499,-487.6466154940499,94,
2022-05-24,-1,11687.602544087378,11720.38,1,SL,-655.5491182524202,-665.5491182524202,139,
2022-05-25,1,11779.650862309556,11754.28,1,SL,-507.41724619110755,-517.4172461911076,20,
2022-05-25,1,11767.601820678137,11813.494155938044,1,TP,917.8467051981352,912.8467051981352,34,
2022-05-25,1,11768.71214429451,11811.395347541666,1,TP,853.6640649431138,848.6640649431138,44,
2022-05-25,-1,11828.15,11850.25,2,SL,-884.0000000000146,-904.0000000000146,49,
2022-05-25,1,11815.317941891757,11869.058894817108,1,TP,1074.8190585070188,1069.8190585070188,270,
2022-05-31,-1,12572.005357081656,12611.0,1,SL,-779.8928583668749,-789.8928583668749,62,
2022-06-01,1,12767.119684757914,12793.55937690245,1,TP,528.7938428907364,523.7938428907364,17,
2022-06-01,-1,12792.283063979972,12813.57,1,SL,-425.73872040054994,-435.73872040054994,25,
2022-06-01,1,12772.891677131758,12754.3,1,SL,-371.83354263517685,-381.83354263517685,31,
2022-06-01,1,12770.806967301578,12751.04,1,SL,-395.33934603154194,-405.33934603154194,36,
2022-06-02,1,12510.103147477828,12566.403764627838,1,TP,1126.012343000184,1121.012343000184,69,
2022-06-06,-1,12745.94811439856,12713.679016168306,1,TP,645.3819646050761,640.3819646050761,15,
2022-06-06,-1,12732.923864536133,12770.2,1,SL,-745.5227092773566,-755.5227092773566,31,
2022-06-06,-1,12770.18,12777.23,1,SL,-140.99999999998545,-150.99999999998545,33,
2022-06-06,1,12732.581326653642,12695.84,1,SL,-734.8265330728464,-744.8265330728464,103,
2022-06-07,1,12495.202271627793,12531.220694823382,1,TP,720.3684639117637,715.3684639117637,51,
2022-06-08,1,12699.117790727225,12746.009426053115,1,TP,937.8327065178019,932.8327065178019,53,
2022-06-08,-1,12746.27,12706.282908937565,1,TP,799.7418212487173,794.7418212487173,89,
2022-06-08,-1,12749.648748102281,12710.58574187975,1,TP,781.2601244506368,776.2601244506368,171,
2022-06-09,1,12526.26,12510.78,3,SL,-928.7999999999738,-958.7999999999738,13,
2022-06-09,1,12516.4,12565.363482913575,2,TP,1958.5393165430287,1948.5393165430287,18,
2022-06-09,-1,12582.9,12592.17,3,SL,-556.2000000000262,-586.2000000000262,21,
2022-06-09,-1,12624.03,12630.04,1,SL,-120.20000000000437,-130.20000000000437,23,
2022-06-09,1,12573.618682546647,12537.48,1,SL,-722.7736509329407,-732.7736509329407,98,
2022-06-13,1,11488.38,11541.439979367537,1,TP,1061.1995873507476,1056.1995873507476,16,
2022-06-14,-1,11346.375891173646,11371.33,1,SL,-499.0821765270812,-509.0821765270812,30,
2022-06-14,-1,11377.79,11393.02,2,SL,-609.1999999999825,-629.1999999999825,33,
2022-06-14,1,11299.720071285277,11264.06,1,SL,-713.2014257055562,-723.2014257055562,61,
2022-06-14,-1,11344.391728548524,11281.46591799092,1,TP,1258.5162111520913,1253.5162111520913,96,
2022-06-14,-1,11335.56569191291,11280.681276039157,1,TP,1097.6883174750765,1092.6883174750765,188,
2022-06-16,-1,11278.105037899457,11294.96,1,SL,-337.09924201084505,-347.09924201084505,17,
2022-06-16,-1,11291.05,11250.366562815405,1,TP,813.6687436918874,808.6687436918874,21,
2022-06-16,1,11247.54,11224.9,1,SL,-452.80000000002474,-462.80000000002474,27,
2022-06-23,-1,11584.787853609088,11609.02,1,SL,-484.6429278182404,-494.6429278182404,30,
2022-06-23,-1,11627.0,11624.88,1,SL,42.40000000001601,32.40000000001601,33,
2022-06-23,1,11597.986751567629,11563.05,1,SL,-698.7350313525894,-708.7350313525894,188,
2022-06-27,-1,12074.984213968532,12024.355235382689,1,TP,1012.5795717168512,1007.5795717168512,41,
2022-06-27,1,12024.048241007467,12066.29956359324,1,TP,845.0264517154574,840.0264517154574,77,
2022-06-28,1,12089.757097031525,12079.19,1,BE,-211.341940630482,-221.341940630482,27,
2022-06-29,-1,11590.828799984029,11614.66,1,SL,-476.62400031942525,-486.62400031942525,21,
2022-06-29,-1,11654.55,11663.75,1,SL,-184.00000000001455,-194.00000000001455,23,
2022-06-29,-1,11668.327081252266,11685.96,1,BE,-352.6583749546626,-362.6583749546626,73,
2022-06-30,-1,11415.82619547868,11439.14,1,BE,-466.2760904263996,-476.2760904263996,84,
2022-07-05,-1,11395.163935380582,11377.666552583418,2,TP,699.8953118865757,689.8953118865757,15,
2022-07-05,-1,11411.23,11415.1,4,SL,-309.60000000006403,-349.60000000006403,17,
2022-07-05,1,11386.285126057732,11420.496876707855,1,TP,684.2350130024715,679.2350130024715,39,
2022-07-06,-1,11795.902209049824,11836.92,1,BE,-820.3558190035255,-830.3558190035255,38,
2022-07-06,1,11753.3326933214,11808.150511029173,1,TP,1096.3563541554686,1091.3563541554686,62,
2022-07-06,1,11763.603707953176,11746.78,1,BE,-336.47415906350943,-346.47415906350943,121,
2022-07-12,1,11937.520805408018,11910.92,1,SL,-532.016108160351,-542.016108160351,17,
2022-07-12,1,11917.81,11885.95,1,SL,-637.1999999999753,-647.1999999999753,20,
2022-07-13,1,11583.675757443312,11634.768409624432,1,TP,1021.8530436223955,1016.8530436223955,59,
2022-07-13,-1,11635.47,11668.54,1,SL,-661.4000000000306,-671.4000000000306,62,
2022-07-14,-1,11574.025585892683,11587.41,1,SL,-267.68828214633686,-277.68828214633686,21,
2022-07-14,1,11542.304750557896,11507.03,1,SL,-705.4950111579092,-715.4950111579092,32,
2022-07-14,-1,11558.720799223218,11571.31,1,BE,-251.78401553563162,-261.7840155356316,83,
2022-07-18,-1,12114.526208587406,12135.79,1,SL,-425.2758282519062,-435.2758282519062,17,
2022-07-18,-1,12127.28,12143.59,2,SL,-652.3999999999796,-672.3999999999796,22,
2022-07-18,1,12103.67542934514,12077.52,1,BE,-523.1085869027811,-533.1085869027811,77,
2022-07-19,-1,12007.672228346986,12021.7,2,SL,-561.1108661205799,-581.1108661205799,28,
2022-07-19,-1,12038.19,12037.41,1,SL,15.600000000013097,5.600000000013097,30,
2022-07-19,1,11987.790056815656,12023.636321402448,1,TP,716.9252917358244,711.9252917358244,42,
2022-07-20,1,12274.245809261778,12257.88,1,SL,-327.316185235577,-337.316185235577,29,
2022-07-20,1,12258.98,12300.102113932322,1,TP,822.4422786464493,817.4422786464493,40,
2022-07-20,-1,12301.0,12325.62,1,SL,-492.400000000016,-502.400000000016,54,
2022-07-20,1,12358.030103784764,12443.394586032766,1,TP,1707.2896449600375,1702.2896449600375,333,
2022-07-21,-1,12475.49,12421.048642142132,1,TP,1088.8271571573569,1083.8271571573569,15,
2022-07-21,1,12433.514912614552,12399.58,1,SL,-678.698252291033,-688.698252291033,44,
2022-07-25,-1,12393.528492341598,12357.847705115088,1,TP,713.615744530216,708.615744530216,23,
2022-07-25,-1,12391.098910251889,12358.062900276536,1,TP,660.72019950705,655.72019950705,33,
2022-07-25,-1,12356.146276600055,12313.886468012814,1,TP,845.1961717448285,840.1961717448285,166,
2022-07-26,-1,12219.09402511646,12195.251724250378,1,TP,476.84601732162264,471.84601732162264,30,
2022-07-26,1,12190.89,12219.771596185496,2,TP,1155.2638474198466,1145.2638474198466,34,
2022-07-26,1,12195.906895708162,12181.38,1,SL,-290.5379141632511,-300.5379141632511,50,
2022-07-28,-1,12518.765772975494,12549.13,1,SL,-607.2845404901091,-617.2845404901091,89,
2022-08-02,1,12879.572313871719,12859.84,1,SL,-394.6462774343672,-404.6462774343672,26,
2022-08-02,1,12862.36,12858.59,1,BE,-75.40000000000873,-85.40000000000873,35,
2022-08-02,-1,12897.636225440023,12907.1,1,BE,-189.27549119955074,-199.27549119955074,74,
2022-08-03,1,13028.22533970229,13050.800701100523,2,TP,903.0144559292967,893.0144559292967,18,
2022-08-03,1,13059.789792492265,13108.529305772901,1,TP,974.7902656127189,969.7902656127189,79,
2022-08-04,1,13260.102181395132,13296.05556952727,1,TP,719.0677626427714,714.0677626427714,27,
2022-08-04,1,13265.566958557201,13239.44,1,SL,-522.539171144017,-532.539171144017,47,
2022-08-08,1,13327.17733524448,13303.02,1,BE,-483.14670488958654,-493.14670488958654,79,
2022-08-09,-1,13049.204305560403,13065.91,2,SL,-668.2277775838884,-688.2277775838884,18,
2022-08-09,1,13029.595147429034,13007.72,1,SL,-437.5029485806954,-447.5029485806954,24,
2022-08-09,1,12983.612394210873,13025.811759971672,1,TP,843.9873152159635,838.9873152159635,108,
2022-08-09,-1,13034.85,12984.122610445787,1,TP,1014.5477910842601,1009.5477910842601,153,
2022-08-10,-1,13289.8605120408,13305.97,2,SL,-644.3795183680049,-664.3795183680049,17,
2022-08-10,-1,13299.469243351228,13268.069331106835,1,TP,627.9982448878582,622.9982448878582,28,
2022-08-10,-1,13305.83889018801,13272.31671607979,1,TP,670.4434821644099,665.4434821644099,43,
2022-08-10,1,13268.54,13238.57,1,SL,-599.4000000000233,-609.4000000000233,50,
2022-08-11,-1,13470.577944374467,13450.23811485403,2,TP,813.5931808174792,803.5931808174792,15,
2022-08-11,1,13476.473279253876,13449.86,1,SL,-532.2655850775118,-542.2655850775118,79,
2022-08-15,1,13534.11,13568.328229308378,4,TP,2737.458344670158,2717.458344670158,23,
2022-08-15,-1,13573.14,13592.29,2,SL,-766.0000000000582,-786.0000000000582,25,
2022-08-15,1,13547.184212298098,13537.32,1,BE,-197.2842459619642,-207.2842459619642,80,
2022-08-16,-1,13585.870622862412,13604.84,1,SL,-379.387542751756,-389.387542751756,110,
2022-08-17,1,13475.61,13473.2,1,SL,-48.19999999999709,-58.19999999999709,13,
2022-08-17,-1,13513.621503835542,13521.23,1,BE,-152.16992328914785,-162.16992328914785,36,
2022-08-17,1,13486.24,13462.18,1,SL,-481.1999999999898,-491.1999999999898,45,
2022-08-17,-1,13470.64761868565,13481.29,1,BE,-212.84762628700264,-222.84762628700264,241,
2022-08-18,-1,13466.115454366469,13439.750005703956,1,TP,527.3089732502558,522.3089732502558,27,
2022-08-22,-1,13044.937506217595,13018.687863345831,1,TP,524.9928574352816,519.9928574352816,18,
2022-08-23,1,12895.481147045191,12867.74,1,SL,-554.8229409038322,-564.8229409038322,14,
2022-08-23,-1,12916.454154043515,12952.52,1,SL,-721.3169191297129,-731.3169191297129,21,
2022-08-23,-1,12950.72,12960.75,4,SL,-802.4000000000524,-842.4000000000524,23,
2022-08-24,-1,12885.692128834939,12867.676588760343,2,TP,720.6216029838106,710.6216029838106,16,
2022-08-24,1,12863.12,12883.854637943976,3,TP,1244.0782766385018,1229.0782766385018,21,
2022-08-24,-1,12893.24,12888.75,4,BE,359.19999999998254,319.19999999998254,29,
2022-08-24,1,12868.950843066055,12890.186409575543,2,TP,849.4226603794959,839.4226603794959,39,
2022-08-25,-1,12979.934982309165,12967.771101494753,3,TP,729.832848864753,714.832848864753,14,
2022-08-25,-1,12978.38407971393,12967.542917145267,3,TP,650.4697541197311,635.4697541197311,19,
2022-08-25,-1,12977.73351151714,12993.53,3,SL,-947.7893089715872,-977.7893089715872,25,
2022-08-29,1,12542.986469421341,12570.698865270577,1,TP,554.2479169847138,549.2479169847138,25,
2022-08-29,-1,12571.200386165368,12538.049082076383,1,TP,663.0260817797171,658.0260817797171,29,
2022-08-29,-1,12567.259145347114,12592.74,1,SL,-509.61709305771365,-519.6170930577136,48,
2022-08-29,1,12531.99358172754,12505.12,1,SL,-537.4716345507841,-547.4716345507841,67,
2022-08-31,-1,12439.78,12473.96,2,SL,-1367.1999999999389,-1387.1999999999389,15,
2022-09-01,-1,12204.21,12156.217173278323,1,TP,959.8565344335293,954.8565344335293,20,
2022-09-01,1,12154.41,12186.010537538335,1,TP,632.0107507667126,627.0107507667126,30,
2022-09-06,-1,12045.956836902596,12090.25,1,SL,-885.8632619480704,-895.8632619480704,83,
2022-09-07,1,12078.788024918964,12101.566634339253,2,TP,911.1443768115714,901.1443768115714,26,
2022-09-07,1,12077.137660197668,12057.49,1,SL,-392.953203953366,-402.953203953366,31,
2022-09-07,-1,12096.041647990878,12052.821646144837,1,TP,864.4000369208152,859.4000369208152,74,
2022-09-08,1,12245.601436831817,12203.95,1,SL,-833.0287366363336,-843.0287366363336,157,
2022-09-12,1,12699.544294459183,12677.06,1,SL,-449.6858891836746,-459.6858891836746,94,
2022-09-14,-1,12063.152241539954,12097.01,1,SL,-677.1551692009234,-687.1551692009234,15,
2022-09-14,-1,12111.16,12110.1,1,SL,21.199999999989814,11.199999999989814,17,
2022-09-14,1,12057.745901308926,12031.93,1,SL,-516.3180261785237,-526.3180261785237,58,
2022-09-14,-1,12100.245222615267,12142.23,1,SL,-839.6955476946459,-849.6955476946459,85,
2022-09-15,1,12088.471255466186,12054.85,1,SL,-672.4251093237035,-682.4251093237035,58,
2022-09-15,-1,12056.823886953734,11959.099325680638,1,TP,1954.491225461934,1949.491225461934,278,
2022-09-19,1,11807.851883801624,11834.684336320184,1,TP,536.6490503711975,531.6490503711975,42,
2022-09-19,1,11810.561360184212,11838.824497566318,1,TP,565.2627476421185,560.2627476421185,56,
2022-09-19,1,11830.269420607528,11805.93,1,SL,-486.7884121505631,-496.7884121505631,128,
2022-09-20,-1,11859.611518349631,11862.93,1,BE,-66.36963300737989,-76.36963300737989,37,
2022-09-20,1,11836.292657923452,11861.852309558006,1,TP,511.1930326910806,506.1930326910806,56,
2022-09-20,1,11837.929401812595,11861.652954666795,1,TP,474.4710570840107,469.4710570840107,71,
2022-09-20,-1,11862.76,11877.25,1,SL,-289.79999999999563,-299.79999999999563,81,
2022-09-21,-1,11891.682010165305,11878.980259288111,3,TP,762.1050526315958,747.1050526315958,14,
2022-09-21,-1,11893.41875600945,11907.59,2,SL,-566.8497596219822,-586.8497596219822,18,
2022-09-21,1,11884.684347757175,11907.443770881084,1,TP,455.18846247818146,450.18846247818146,39,
2022-09-21,1,11889.605981107026,11875.69,2,SL,-556.639244281032,-576.639244281032,79,
2022-09-22,-1,11565.88676846173,11530.332205600258,1,TP,711.0912572294546,706.0912572294546,49,
2022-09-22,-1,11534.28240003408,11544.32,1,BE,-200.75199931838142,-210.75199931838142,207,
2022-09-26,1,11394.334183709185,11369.18,1,SL,-503.08367418369016,-513.0836741836902,96,
2022-09-27,1,11452.962749483788,11426.62,1,SL,-526.8549896757395,-536.8549896757395,20,
2022-09-27,1,11409.1,11388.75,1,SL,-407.0000000000073,-417.0000000000073,31,
2022-09-28,-1,11250.567286805091,11271.41,2,SL,-833.7085277963342,-853.7085277963342,15,
2022-09-28,-1,11263.91,11283.69,2,SL,-791.2000000000262,-811.2000000000262,22,
2022-09-28,1,11236.527042836611,11268.62871447535,1,TP,642.0334327747696,637.0334327747696,49,
2022-09-28,-1,11268.865137803694,11293.91,1,SL,-500.8972439261197,-510.8972439261197,54,
2022-10-03,-1,11033.630638114151,11050.19,2,SL,-662.3744754339714,-682.3744754339714,16,
2022-10-03,-1,11066.9,11075.05,1,BE,-162.99999999999272,-172.99999999999272,31,
2022-10-04,-1,11589.515921334108,11550.844434260353,1,TP,773.42974147512,768.42974147512,196,
2022-10-05,1,11421.86,11399.11,2,BE,-910.0,-930.0,31,
2022-10-06,1,11600.965852245166,11581.66,1,SL,-386.1170449033307,-396.1170449033307,29,
2022-10-06,1,11579.78,11556.06,2,SL,-948.8000000000466,-968.8000000000466,31,
2022-10-10,-1,11014.815986663712,10984.593473775714,1,TP,604.4502577599633,599.4502577599633,20,
2022-10-10,-1,10989.02410442188,10957.536922757316,1,TP,629.7436332912912,624.7436332912912,63,
2022-10-10,1,10951.17,10925.25,2,SL,-1036.800000000003,-1056.800000000003,68,
2022-10-11,-1,10813.153231852388,10836.0,1,SL,-456.93536295224476,-466.93536295224476,71,
2022-10-12,1,10811.642856032831,10788.47,1,SL,-463.45712065663974,-473.45712065663974,42,
2022-10-13,-1,10488.59,10504.91,4,SL,-1305.5999999999767,-1345.5999999999767,13,
2022-10-17,1,11009.178325304469,11039.799288057204,1,TP,612.4192550547014,607.4192550547014,35,
2022-10-17,-1,11039.982078874644,11059.35,1,SL,-387.35842250713176,-397.35842250713176,44,
2022-10-17,1,11022.030271426793,11004.85,1,SL,-343.60542853584775,-353.60542853584775,82,
2022-10-19,1,11100.34,11081.01,1,SL,-386.59999999999854,-396.59999999999854,19,
2022-10-19,-1,11125.146485841566,11157.48,1,SL,-646.670283168678,-656.670283168678,45,
2022-10-20,-1,11096.791766811068,11114.24,1,SL,-348.9646637786427,-358.9646637786427,15,
2022-10-20,-1,11132.7,11152.26,1,SL,-391.1999999999898,-401.1999999999898,17,
2022-10-24,1,11268.51,11322.786070692964,1,TP,1085.5214138592783,1080.5214138592783,15,
2022-10-24,1,11289.940353777514,11251.5,1,SL,-768.8070755502849,-778.8070755502849,33,
2022-10-25,-1,11512.66,11536.51,2,SL,-954.0000000000146,-974.0000000000146,16,
2022-10-25,1,11586.672807103334,11628.232626302783,1,TP,831.1963839889722,826.1963839889722,287,
2022-10-26,1,11432.744255034564,11457.772243219943,1,TP,500.5597637075698,495.5597637075698,30,
2022-10-27,-1,11350.905983446253,11400.32,1,SL,-988.2803310749296,-998.2803310749296,56,
2022-10-31,-1,11405.197491196854,11425.68,1,SL,-409.6501760629326,-419.6501760629326,119,
2022-11-02,-1,11277.727369318272,11253.681401334336,1,TP,480.91935967873724,475.91935967873724,15,
2022-11-02,1,11256.573804932566,11240.95,2,SL,-624.9521973026276,-644.9521973026276,30,
2022-11-03,1,10777.247035448132,10761.14,2,SL,-644.2814179253037,-664.2814179253037,15,
2022-11-03,1,10737.33,10742.85,1,SL,110.40000000000873,100.40000000000873,17,
2022-11-03,-1,10769.980302705942,10793.24,1,BE,-465.19394588114665,-475.19394588114665,56,
2022-11-07,-1,10866.238649314348,10887.29,1,SL,-421.02701371306466,-431.02701371306466,33,
2022-11-07,-1,10874.72,10902.63,1,SL,-558.1999999999971,-568.1999999999971,46,
2022-11-07,-1,10881.591528696747,10886.84,1,BE,-104.96942606507218,-114.96942606507218,113,
2022-11-07,1,10848.485527143626,10820.97,1,SL,-550.3105428725394,-560.3105428725394,151,
2022-11-08,-1,11007.169141829498,11026.1,2,SL,-757.2343268201075,-777.2343268201075,23,
2022-11-08,-1,11041.19,11038.1,1,SL,61.80000000000291,51.80000000000291,25,
2022-11-08,1,11078.318264905825,11042.77,1,SL,-710.9652981164982,-720.9652981164982,241,
2022-11-09,-1,10973.89,10979.15,4,SL,-420.80000000001746,-460.80000000001746,14,
2022-11-09,1,10949.013380259874,10974.756622389039,1,TP,514.8648425833017,509.86484258330165,35,
2022-11-09,-1,10976.56,10998.15,1,SL,-431.8000000000029,-441.8000000000029,38,
2022-11-09,1,10953.633081968726,10926.51,1,SL,-542.4616393745237,-552.4616393745237,72,
2022-11-09,-1,10976.937275355473,10935.073150673588,1,TP,837.2824936376855,832.2824936376855,158,
2022-11-10,-1,11320.423604460164,11354.53,1,SL,-682.1279107967348,-692.1279107967348,21,
2022-11-10,-1,11339.61,11382.82,1,SL,-864.1999999999825,-874.1999999999825,26,
2022-11-14,-1,11716.643746580794,11738.08,1,SL,-428.72506838411937,-438.72506838411937,31,
2022-11-14,1,11717.299039367921,11758.927962709364,1,TP,832.5784668288543,827.5784668288543,125,
2022-11-14,-1,11763.17,11786.63,1,SL,-469.19999999998254,-479.19999999998254,137,
2022-11-15,-1,11989.695273392126,12007.21,1,SL,-350.2945321574589,-360.2945321574589,31,
2022-11-15,-1,12010.54,12018.05,4,SL,-600.7999999998719,-640.7999999998719,36,
2022-11-15,1,11964.580791920855,12003.739251790936,1,TP,783.1691974016212,778.1691974016212,55,
2022-11-15,-1,12007.0,11969.01169103108,1,TP,759.7661793783845,754.7661793783845,77,
2022-11-15,-1,11996.112736461688,11957.24567939183,1,TP,777.3411413971553,772.3411413971553,181,
2022-11-16,1,11762.25,11740.62,4,BE,-1730.399999999936,-1770.399999999936,17,
2022-11-17,1,11554.456286821629,11581.311776053706,1,TP,537.1097846415432,532.1097846415432,37,
2022-11-17,-1,11583.49,11588.1,1,BE,-92.20000000001164,-102.20000000001164,46,
2022-11-21,-1,11637.721470130678,11642.99,1,BE,-105.37059738642711,-115.37059738642711,17,
2022-11-21,-1,11656.08,11662.33,4,SL,-500.0,-540.0,22,
2022-11-21,1,11620.371639946394,11601.13,1,SL,-384.8327989278914,-394.8327989278914,36,
2022-11-22,-1,11548.424934296758,11566.09,1,SL,-353.30131406484725,-363.30131406484725,41,
2022-11-23,1,11812.190677617778,11770.77,1,SL,-828.4135523555597,-838.4135523555597,145,
2022-11-28,1,11728.686744474757,11718.06,2,BE,-425.0697789902915,-445.0697789902915,47,
2022-11-29,-1,11593.254419393745,11578.329363718298,2,TP,597.0022270178742,587.0022270178742,14,
2022-11-29,-1,11581.117746550544,11562.821396741534,2,TP,731.8539923604112,721.8539923604112,43,
2022-11-29,1,11552.98,11582.498776047789,4,TP,2361.502083823143,2341.502083823143,50,
2022-11-29,-1,11582.768701770816,11598.08,2,SL,-612.4519291673641,-632.4519291673641,59,
2022-11-30,1,11523.644542305758,11510.61,2,SL,-521.3816922302794,-541.3816922302794,31,
2022-11-30,1,11507.65,11542.453805152803,4,TP,2784.304412224301,2764.304412224301,37,
2022-11-30,-1,11545.01,11522.050972626741,2,TP,918.3610949303693,908.3610949303693,48,
2022-12-01,1,12059.011218835605,12027.37,1,SL,-632.8243767120875,-642.8243767120875,42,
2022-12-05,1,11929.668916550008,11898.69,2,SL,-1239.156662000314,-1259.156662000314,30,
2022-12-05,1,11883.133950084875,11853.38,1,SL,-595.0790016975225,-605.0790016975225,124,
2022-12-07,1,11528.291541326586,11497.26,1,SL,-620.6308265317057,-630.6308265317057,17,
2022-12-07,1,11476.48,11467.11,1,SL,-187.39999999997963,-197.39999999997963,20,
2022-12-07,-1,11519.733210127919,11553.06,1,SL,-666.5357974416111,-676.5357974416111,84,
2022-12-07,1,11470.920712859943,11522.931660033999,1,TP,1040.2189434811226,1035.2189434811226,222,
2022-12-08,-1,11520.119685288715,11537.96,1,SL,-356.8062942256802,-366.8062942256802,23,
2022-12-08,-1,11547.49,11563.39,4,SL,-1271.999999999971,-1311.999999999971,27,
2022-12-12,-1,11572.115141326176,11587.6,2,SL,-619.3943469529768,-639.3943469529768,20,
2022-12-12,-1,11593.4,11558.754083174888,4,TP,2771.6733460089017,2751.6733460089017,46,
2022-12-12,1,11558.476776351195,11555.82,1,BE,-53.13552702391462,-63.13552702391462,61,
2022-12-12,-1,11577.259189968627,11584.89,1,BE,-152.6162006274535,-162.6162006274535,139,
2022-12-13,-1,12113.545851003022,12140.88,1,SL,-546.6829799395418,-556.6829799395418,16,
2022-12-13,-1,12139.82,12153.38,1,SL,-271.1999999999898,-281.1999999999898,28,
2022-12-13,1,12095.474153655525,12065.99,1,SL,-589.6830731105001,-599.6830731105001,36,
2022-12-14,1,11842.898376822963,11861.343557255303,2,TP,737.8072172935936,727.8072172935936,17,
2022-12-14,1,11843.045786164661,11862.12161897349,2,TP,763.0333123531454,753.0333123531454,20,
2022-12-14,1,11887.031474173888,11870.14,2,SL,-675.6589669555251,-695.6589669555251,186,
2022-12-19,-1,11186.768446709402,11155.014805584513,1,TP,635.0728224977865,630.0728224977865,69,
2022-12-19,1,11154.09,11131.02,1,SL,-461.3999999999942,-471.3999999999942,90,
2022-12-20,1,11018.490453813163,10993.35,2,SL,-1005.6181525265129,-1025.6181525265129,13,
2022-12-20,-1,11025.876233746867,11056.5,1,SL,-612.47532506266,-622.47532506266,28,
2022-12-20,-1,11063.11,11067.03,1,SL,-78.40000000000146,-88.40000000000146,30,
2022-12-20,1,11042.563020882137,11006.97,1,SL,-711.860417642747,-721.860417642747,119,
2022-12-21,-1,11118.59316052718,11136.04,2,SL,-697.8735789128405,-717.8735789128405,16,
2022-12-27,-1,10868.858657045734,10907.41,1,SL,-771.0268590853229,-781.0268590853229,52,
2022-12-28,1,10848.360766449194,10882.863192604615,1,TP,690.0485231084167,685.0485231084167,31,
2022-12-28,-1,10887.47,10844.34181417835,1,TP,862.5637164329964,857.5637164329964,40,
2022-12-28,1,10844.483482619682,10823.46,1,SL,-420.4696523936582,-430.4696523936582,58,
2023-01-03,1,11027.558368736969,10983.29,1,SL,-885.3673747393623,-895.3673747393623,19,
2023-01-03,1,10987.17,10950.45,4,SL,-2937.5999999999476,-2977.5999999999476,23,
2023-01-04,-1,10956.04,10902.744540695718,4,TP,4263.636744342657,4243.636744342657,14,
2023-01-04,1,10885.68,10890.13,3,BE,266.9999999999345,236.99999999993452,27,
2023-01-04,-1,10925.566030878546,10887.341504888105,1,TP,764.4905198088236,759.4905198088236,33,
2023-01-05,-1,10787.714526960997,10802.85,1,SL,-302.7094607800609,-312.7094607800609,28,
2023-01-05,-1,10795.85,10813.83,1,SL,-359.59999999999127,-369.59999999999127,40,
2023-01-05,1,10768.903887493696,10765.39,1,BE,-70.27774987393059,-80.27774987393059,87,
2023-01-05,-1,10798.436532010353,10768.403292577872,1,TP,600.6647886496285,595.6647886496285,169,
2023-01-05,1,10768.80268421849,10747.3,1,SL,-430.0536843698137,-440.0536843698137,225,
2023-01-05,-1,10794.980704033875,10815.46,1,SL,-409.58591932248964,-419.58591932248964,237,
2023-01-09,-1,11148.287800125507,11164.06,2,SL,-630.887994979712,-650.887994979712,15,
2023-01-09,-1,11177.11,11185.08,1,SL,-159.3999999999869,-169.3999999999869,17,
2023-01-10,1,11113.44668696465,11081.7,1,SL,-634.9337392929738,-644.9337392929738,17,
2023-01-10,-1,11142.060188391659,11147.31,1,BE,-104.99623216681357,-114.99623216681357,39,
2023-01-10,1,11115.823903853152,11077.32,1,SL,-770.0780770630445,-780.0780770630445,64,
2023-01-11,-1,11270.723746736041,11252.245560674819,1,TP,369.5637212244401,364.5637212244401,23,
2023-01-11,1,11252.42864713306,11250.21,1,BE,-44.37294266121171,-54.37294266121171,32,
2023-01-11,-1,11275.052960909681,11287.93,1,SL,-257.54078180638317,-267.54078180638317,48,
2023-01-11,1,11261.887952484583,11251.63,1,BE,-205.15904969168332,-215.15904969168332,84,
2023-01-11,-1,11286.630236046616,11306.93,1,SL,-405.99527906768344,-415.99527906768344,140,
2023-01-17,-1,11533.662658664774,11537.84,1,BE,-83.54682670451439,-93.54682670451439,23,
2023-01-17,1,11538.182393774645,11495.5,1,SL,-853.6478754928976,-863.6478754928976,101,
2023-01-18,-1,11642.133223036511,11620.438579780242,1,TP,433.8928651253809,428.8928651253809,14,
2023-01-18,-1,11639.541938584462,11651.94,2,SL,-495.9224566215562,-515.9224566215562,22,
2023-01-18,1,11629.651698531892,11622.8,1,BE,-137.03397063785815,-147.03397063785815,64,
2023-01-19,1,11360.089422076664,11344.94,2,SL,-605.9768830665416,-625.9768830665416,14,
2023-01-19,-1,11315.655700025463,11324.04,1,BE,-167.68599949074996,-177.68599949074996,232,
2023-01-24,1,11819.612196558688,11784.42,1,SL,-703.8439311737602,-713.8439311737602,36,
2023-01-24,-1,11851.76605144526,11806.82791834316,1,TP,898.7626620419906,893.7626620419906,54,
2023-01-24,1,11808.969065772642,11848.164835428639,1,TP,783.9153931199326,778.9153931199326,76,
2023-01-25,-1,11657.3,11623.513640973973,4,TP,2702.9087220820657,2682.9087220820657,19,
2023-01-25,1,11623.090034604353,11600.11,1,SL,-459.60069208704226,-469.60069208704226,24,
2023-01-25,-1,11613.034401503834,11637.51,1,SL,-489.5119699233328,-499.5119699233328,103,
2023-01-26,1,11978.83,11960.84,2,SL,-719.5999999999913,-739.5999999999913,14,
2023-01-26,1,11926.0661775348,11883.33,1,SL,-854.7235506959987,-864.7235506959987,85,
2023-01-30,-1,12041.611330705757,12057.24,2,SL,-625.1467717697233,-645.1467717697233,17,
2023-01-30,1,12036.6711516613,12010.96,1,SL,-514.2230332260078,-524.2230332260078,54,
2023-01-31,1,11946.877578202684,11967.08686224307,2,TP,808.3713616154273,798.3713616154273,16,
2023-01-31,1,11957.50868651501,11943.08,2,SL,-577.1474606003903,-597.1474606003903,30,
2023-01-31,1,11931.95,11934.99,1,BE,60.79999999998108,50.79999999998108,40,
2023-01-31,-1,11978.944736205782,12006.13,1,SL,-543.7052758843492,-553.7052758843492,60,
2023-02-01,1,12067.386855417708,12061.74,1,BE,-112.93710835416277,-122.93710835416277,38,
2023-02-01,1,12064.4,12091.644842079735,1,TP,544.8968415947093,539.8968415947093,44,
2023-02-01,-1,12095.42,12093.01,2,BE,96.39999999999418,76.39999999999418,61,
2023-02-01,1,12072.636418901488,12054.78,2,SL,-714.2567560594762,-734.2567560594762,81,
2023-02-02,-1,12677.33,12638.672039703704,4,TP,3092.6368237036513,3072.6368237036513,16,
2023-02-02,1,12641.96404296652,12635.93,1,BE,-120.68085933038674,-130.68085933038674,27,
2023-02-02,1,12633.77,12609.53,2,SL,-969.5999999999913,-989.5999999999913,31,
2023-02-02,-1,12660.707392786293,12680.82,1,SL,-402.2521442741345,-412.2521442741345,53,
2023-02-06,1,12482.326432519854,12505.211951021703,1,TP,457.7103700369844,452.7103700369844,15,
2023-02-06,-1,12517.91,12485.084343594886,4,TP,2626.052512409078,2606.052512409078,23,
2023-02-06,1,12473.46,12507.156149919394,4,TP,2695.6919935515907,2675.6919935515907,30,
2023-02-06,-1,12511.29,12522.3,2,SL,-440.39999999993597,-460.39999999993597,33,
2023-02-06,1,12488.810044687012,12472.21,1,SL,-332.0008937402599,-342.0008937402599,47,
2023-02-06,1,12476.58,12454.71,2,SL,-874.800000000032,-894.800000000032,51,
2023-02-07,1,12467.184011734344,12465.24,2,BE,-77.76046937375213,-97.76046937375213,27,
2023-02-07,1,12466.23358515287,12453.59,2,SL,-505.74340611477965,-525.7434061147796,30,
2023-02-07,-1,12479.912731554612,12453.78765919153,1,TP,522.5014472616385,517.5014472616385,58,
2023-02-07,1,12448.18,12478.884651630015,2,TP,1228.1860652005707,1218.1860652005707,68,
2023-02-07,1,12470.418887722484,12569.73898180369,1,TP,1986.401881624115,1981.401881624115,280,
2023-02-08,-1,12688.34,12696.41,4,SL,-645.5999999999767,-685.5999999999767,13,
2023-02-08,1,12672.479218429467,12656.08,2,SL,-655.9687371787004,-675.9687371787004,21,
2023-02-08,1,12663.42,12644.91,2,SL,-740.4000000000087,-760.4000000000087,23,
2023-02-08,1,12631.01,12635.13,1,SL,82.39999999997963,72.39999999997963,25,
2023-02-08,-1,12681.033615906103,12638.652544442515,1,TP,847.6214292717486,842.6214292717486,54,
2023-02-08,1,12638.456308908751,12590.42,1,SL,-960.7261781750276,-970.7261781750276,61,
2023-02-09,-1,12646.881660596766,12618.490697802583,1,TP,567.8192558836599,562.8192558836599,24,
2023-02-09,1,12618.172403590394,12646.078946010686,1,TP,558.1308484058536,553.1308484058536,38,
2023-02-09,-1,12648.92,12621.510301610451,1,TP,548.1939677909759,543.1939677909759,55,
2023-02-09,1,12619.07,12588.87,1,SL,-603.9999999999782,-613.9999999999782,58,
2023-02-13,-1,12367.94,12386.25,4,SL,-1464.7999999999593,-1504.7999999999593,14,
2023-02-14,1,12491.713567650473,12445.53,1,SL,-923.6713530094494,-933.6713530094494,70,
2023-02-15,1,12546.017608332286,12522.3,2,SL,-948.7043332914618,-968.7043332914618,24,
2023-02-15,1,12513.44,12513.37,1,SL,-1.3999999999941792,-11.39999999999418,27,
2023-02-15,1,12521.39641585421,12555.957643721613,1,TP,691.2245573480686,686.2245573480686,96,
2023-02-15,-1,12570.21,12589.49,4,SL,-1542.4000000000524,-1582.4000000000524,120,
2023-02-16,-1,12519.610714209844,12537.91,1,SL,-365.9857158031082,-375.9857158031082,23,
2023-02-16,1,12504.2522735955,12534.3520059359,1,TP,601.9946468079797,596.9946468079797,36,
2023-02-21,1,12220.897157722487,12209.66,2,SL,-449.48630889950437,-469.48630889950437,21,
2023-02-21,1,12204.45,12207.28,3,BE,169.79999999999563,139.79999999999563,27,
2023-02-22,1,12108.218847506603,12094.64,2,SL,-543.1539002641512,-563.1539002641512,30,
2023-02-23,-1,12203.24193487054,12217.54,2,SL,-571.9226051784062,-591.9226051784062,19,
2023-02-23,-1,12213.12,12190.42999727926,2,TP,907.6001088296471,897.6001088296471,33,
2023-02-23,1,12189.59,12158.99,1,SL,-612.0000000000073,-622.0000000000073,37,
2023-02-27,-1,12108.589738712333,12096.494278629727,3,TP,725.7276049563734,710.7276049563734,14,
2023-02-27,-1,12103.862109708676,12091.79555831824,3,TP,723.9930834262123,708.9930834262123,24,
2023-02-27,-1,12103.93222723924,12118.99,3,SL,-903.4663656455814,-933.4663656455814,29,
2023-02-27,1,12102.081976937408,12078.9,1,SL,-463.63953874817526,-473.63953874817526,70,
2023-02-28,1,12051.728032274386,12045.39,1,BE,-126.76064548773866,-136.76064548773866,77,
2023-02-28,-1,12072.966071897035,12048.838317216827,1,TP,482.5550936041691,477.5550936041691,136,
2023-03-01,-1,12021.578177700932,12026.03,2,BE,-178.07289196272905,-198.07289196272905,16,
2023-03-01,-1,12027.0,12037.93,2,SL,-437.20000000001164,-457.20000000001164,18,
2023-03-01,1,12009.911523538483,11976.66,1,SL,-665.0304707696705,-675.0304707696705,36,
2023-03-02,1,11859.65292039612,11883.72390858267,1,TP,481.4197637309917,476.4197637309917,57,
2023-03-02,1,11873.164221986637,11895.499762031275,2,TP,893.4216017855215,883.4216017855215,178,
2023-03-06,1,12350.861981436448,12335.25,3,SL,-936.7188861868999,-966.7188861868999,18,
2023-03-06,1,12337.61,12362.896859630866,4,TP,2022.9487704692292,2002.9487704692292,24,
2023-03-06,-1,12363.256739524255,12344.939264368797,2,TP,732.6990062183177,722.6990062183177,32,
2023-03-07,1,12321.355407106283,12269.16,3,SL,-3131.724426376968,-3161.724426376968,31,
2023-03-07,-1,12273.008512355302,12209.571329654933,1,TP,1268.7436540073759,1263.7436540073759,234,
2023-03-08,-1,12168.23753387833,12154.017184495284,3,TP,853.2209629827412,838.2209629827412,30,
2023-03-08,-1,12166.864725741332,12142.90495688389,1,TP,479.19537714886246,474.19537714886246,48,
2023-03-08,1,12141.63,12127.58,1,SL,-280.99999999998545,-290.99999999998545,52,
2023-03-08,-1,12166.650057126024,12184.98,1,SL,-366.59885747951193,-376.59885747951193,55,
2023-03-08,-1,12179.52,12189.21,4,SL,-775.1999999998952,-815.1999999998952,63,
2023-03-08,-1,12195.533940369423,12225.66,1,SL,-602.5211926115298,-612.5211926115298,139,
2023-03-08,1,12160.935501459804,12159.32,1,BE,-32.31002919608727,-42.31002919608727,220,
2023-03-09,1,12282.682109857926,12313.44126427166,1,TP,615.1830882746799,610.1830882746799,63,
2023-03-13,-1,11755.908660259112,11793.56,1,SL,-753.0267948177425,-763.0267948177425,18,
2023-03-13,-1,11822.47,11839.01,1,SL,-330.80000000001746,-340.80000000001746,20,
2023-03-14,1,12099.532109530272,12128.04527645741,1,TP,570.2633385427544,565.2633385427544,28,
2023-03-14,1,12154.937559111191,12126.5,1,SL,-568.751182223823,-578.751182223823,226,
2023-03-15,1,12099.07815794796,12083.45,2,BE,-625.1263179184025,-645.1263179184025,27,
2023-03-15,-1,12116.489197487717,12086.796388774197,1,TP,593.8561742704042,588.8561742704042,44,
2023-03-15,1,12080.44,12069.74,2,SL,-428.0000000000291,-448.0000000000291,57,
2023-03-15,-1,12105.045244469951,12131.24,1,SL,-523.8951106009699,-533.8951106009699,110,
2023-03-15,-1,12123.031521802583,12156.1,1,SL,-661.3695639483558,-671.3695639483558,239,
2023-03-16,-1,12241.04,12237.74,4,BE,264.0000000000873,224.0000000000873,21,
2023-03-20,-1,12466.19374857644,12481.58,1,SL,-307.7250284712136,-317.7250284712136,36,
2023-03-20,1,12438.84150021714,12435.77,1,BE,-61.43000434280111,-71.43000434280111,50,
2023-03-20,-1,12470.23203992477,12493.67,1,SL,-468.7592015046175,-478.7592015046175,62,
2023-03-21,1,12659.01059468338,12642.16,2,SL,-674.0237873351725,-694.0237873351725,19,
2023-03-21,-1,12671.201839191983,12684.64,2,SL,-537.5264323206648,-557.5264323206648,29,
2023-03-21,1,12656.752100894431,12647.89,1,BE,-177.24201788863866,-187.24201788863866,45,
2023-03-22,1,12729.864334301446,12741.722471382996,3,TP,711.4882248930007,696.4882248930007,18,
2023-03-22,1,12737.390834576008,12750.479139447425,3,TP,785.298292285006,770.298292285006,49,
2023-03-23,-1,12747.926628618105,12758.63,3,SL,-642.2022829136768,-672.2022829136768,14,
2023-03-23,-1,12751.112239909902,12735.60977625307,2,TP,620.0985462732933,610.0985462732933,18,
2023-03-23,1,12803.212599004071,12761.22,1,SL,-839.8519800814393,-849.8519800814393,269,
2023-03-27,-1,12797.7,12805.54,4,SL,-627.2000000000116,-667.2000000000116,13,
2023-03-27,1,12793.21473942952,12775.0,1,SL,-364.2947885904141,-374.2947885904141,60,
2023-03-28,-1,12600.374632693392,12578.492248836224,2,TP,875.2953542867181,865.2953542867181,58,
2023-03-28,1,12578.43576195692,12559.64,1,SL,-375.9152391384123,-385.9152391384123,63,
2023-03-29,1,12782.183631084734,12792.103601092253,4,TP,793.5976006014971,773.5976006014971,17,
2023-03-29,1,12783.383342614454,12794.772729116356,3,TP,683.3631901141052,668.3631901141052,30,
2023-03-29,1,12784.60106981572,12796.238545977641,3,TP,698.2485697152515,683.2485697152515,50,
2023-03-29,-1,12796.280700584835,12784.2386674998,3,TP,722.5219851021393,707.5219851021393,54,
2023-03-29,-1,12798.800735068315,12803.02,1,BE,-84.38529863371514,-94.38529863371514,305,
2023-03-30,-1,12940.111628046661,12926.832918155067,2,TP,531.1483956637676,521.1483956637676,23,
2023-03-30,1,12929.129505535455,12914.94,2,SL,-567.5802214181749,-587.5802214181749,43,
2023-03-30,-1,12946.79182238688,12967.24,1,SL,-408.96355226239393,-418.96355226239393,57,
2023-03-30,1,12939.699832513119,12925.78,1,SL,-278.39665026236617,-288.39665026236617,188,
2023-04-03,1,13107.240686646246,13126.330977933396,2,TP,763.6116514859896,753.6116514859896,32,
2023-04-03,-1,13127.02,13106.048758153776,2,TP,838.849673848963,828.849673848963,36,
2023-04-03,1,13104.804034969939,13125.882036110936,2,TP,843.1200456398801,833.1200456398801,49,
2023-04-03,-1,13126.2,13142.95,2,SL,-670.0,-690.0,53,
2023-04-03,1,13109.339463705912,13095.19,1,SL,-282.9892741182266,-292.9892741182266,79,
2023-04-04,-1,13157.191290023902,13189.91,1,SL,-654.3741995219534,-664.3741995219534,31,
2023-04-04,1,13141.732658158438,13134.68,1,BE,-141.0531631687627,-151.0531631687627,89,
2023-04-05,-1,13041.105519772655,13023.94535749365,2,TP,686.4064911601599,676.4064911601599,33,
2023-04-06,-1,12868.948493525604,12876.54,3,SL,-455.49038846380427,-485.49038846380427,29,
2023-04-06,-1,12877.65,12890.42,4,SL,-1021.6000000000349,-1061.600000000035,31,
2023-04-10,-1,12897.39861493573,12908.11,2,SL,-428.45540257083485,-448.45540257083485,47,
2023-04-11,-1,12991.204354234978,12968.893758227727,2,TP,892.4238402900664,882.4238402900664,175,
2023-04-12,1,12967.496141867252,12939.95,1,SL,-550.9228373450242,-560.9228373450242,68,
2023-04-13,1,12949.102996677064,12962.908835816052,3,TP,828.3503483392633,813.3503483392633,23,
2023-04-13,1,12949.43,12964.172835258358,2,TP,589.7134103342978,579.7134103342978,30,
2023-04-17,1,13068.952653389159,13054.58,1,SL,-287.4530677831717,-297.4530677831717,17,
2023-04-17,1,13050.94,13085.762418927481,2,TP,1392.8967570992245,1382.8967570992245,31,
2023-04-17,-1,13081.100739474214,13053.312066709566,1,TP,555.7734552929469,550.7734552929469,60,
2023-04-17,1,13051.12,13027.81,1,SL,-466.2000000000262,-476.2000000000262,69,
2023-04-18,-1,13174.263085236615,13186.47,3,SL,-732.4148858030821,-762.4148858030821,18,
2023-04-18,1,13167.857830443792,13149.34,2,SL,-740.7132177516905,-760.7132177516905,29,
2023-04-18,1,13150.28,13145.74,1,SL,-90.80000000001746,-100.80000000001746,31,
2023-04-19,1,13009.582373715186,12998.73,2,SL,-434.09494860745326,-454.09494860745326,25,
2023-04-19,-1,13023.449787875858,13008.276257419164,2,TP,606.9412182677479,596.9412182677479,53,
2023-04-19,1,13006.7,13024.124990025965,3,TP,1045.4994015578268,1030.4994015578268,62,
2023-04-19,-1,13028.55,13039.27,4,SL,-857.6000000000931,-897.6000000000931,70,
2023-04-20,1,13024.873176472971,13011.02,2,SL,-554.1270589188207,-574.1270589188207,98,
2023-04-20,-1,13045.941455822556,13049.1,1,BE,-63.17088354888256,-73.17088354888256,162,
2023-04-24,1,13007.576096053703,12989.87,1,SL,-354.12192107403826,-364.12192107403826,36,
2023-04-25,1,12909.498855102554,12890.68,3,SL,-1129.1313061532492,-1159.1313061532492,17,
2023-04-25,1,12891.65,12888.94,4,SL,-216.79999999993015,-256.79999999993015,26,
2023-04-26,-1,12852.427847531939,12871.57,2,SL,-765.6860987224354,-785.6860987224354,23,
2023-04-26,1,12843.634579605112,12825.11,1,SL,-370.4915921022257,-380.4915921022257,50,
2023-04-27,1,12947.900924235199,12963.112991515341,2,TP,608.4826912057179,598.4826912057179,20,
2023-04-27,-1,12963.078228313288,12973.37,2,SL,-411.67086746849236,-431.67086746849236,24,
2023-04-27,1,12948.152278527044,12965.561367575063,2,TP,696.3635619207344,686.3635619207344,38,
2023-04-27,-1,12970.98,12977.12,4,SL,-491.20000000009895,-531.200000000099,41,
2023-05-01,-1,13238.1,13239.53,4,BE,-114.40000000002328,-154.40000000002328,19,
2023-05-01,1,13226.47335184481,13217.85,2,SL,-344.93407379239216,-364.93407379239216,32,
2023-05-01,1,13224.466627094496,13239.463106836176,2,TP,599.859189667186,589.859189667186,46,
2023-05-01,-1,13239.541756652226,13222.846177288115,2,TP,667.8231745644734,657.8231745644734,51,
2023-05-01,-1,13235.755112221885,13248.33,2,SL,-502.99551112460904,-522.995511124609,89,
2023-05-01,1,13218.66387107889,13195.73,1,SL,-458.6774215778132,-468.6774215778132,107,
2023-05-02,1,13202.4,13226.070212139733,4,TP,1893.616971178708,1873.616971178708,20,
2023-05-02,-1,13226.50432030476,13211.595534329694,2,TP,596.351439002683,586.351439002683,28,
2023-05-02,1,13208.14,13201.25,3,SL,-413.3999999999651,-443.3999999999651,37,
2023-05-03,1,13138.172676432972,13125.82,2,BE,-494.1070573189063,-514.1070573189063,60,
2023-05-04,1,12987.75,12976.19,3,SL,-693.5999999999694,-723.5999999999694,15,
2023-05-04,-1,12998.59406366266,12979.060897623252,2,TP,781.3266415763064,771.3266415763064,44,
2023-05-04,1,12978.982551890987,12956.44,2,SL,-901.7020756394777,-921.7020756394777,48,
2023-05-04,-1,12989.868037726541,12992.07,1,BE,-44.03924546917551,-54.03924546917551,85,
2023-05-08,-1,13224.885133812026,13211.852476458436,3,TP,781.9594412153674,766.9594412153674,38,
2023-05-08,-1,13224.642030509693,13210.31672651244,2,TP,573.0121598901314,563.0121598901314,59,
2023-05-08,1,13210.04,13198.08,3,SL,-717.6000000000568,-747.6000000000568,65,
2023-05-08,-1,13222.788051878868,13230.8,3,SL,-480.71688726788125,-510.71688726788125,86,
2023-05-09,-1,13227.14452798517,13233.58,4,SL,-514.8377611863543,-554.8377611863543,17,
2023-05-09,-1,13232.84,13221.946471561023,4,TP,871.4822751181782,851.4822751181782,22,
2023-05-09,1,13221.89219001355,13230.504213096448,4,TP,688.9618466318643,668.9618466318643,25,
2023-05-09,1,13223.415362380618,13236.888064752287,2,TP,538.9080948667834,528.9080948667834,70,
2023-05-09,-1,13236.962592744325,13222.403051165154,2,TP,582.381663166816,572.381663166816,99,
2023-05-09,1,13222.35650088515,13207.07,2,SL,-611.4600354059803,-631.4600354059803,103,
2023-05-10,1,13281.68,13279.32,1,SL,-47.20000000001164,-57.20000000001164,13,
2023-05-10,-1,13328.01984449175,13350.99,1,SL,-459.40311016500345,-469.40311016500345,34,
2023-05-10,1,13305.117872249808,13278.39,1,SL,-534.5574449961714,-544.5574449961714,75,
2023-05-11,-1,13347.959927077147,13331.191593739479,2,TP,670.7333335067233,660.7333335067233,19,
2023-05-11,1,13329.45,13346.869606021151,2,TP,696.7842408460274,686.7842408460274,43,
2023-05-11,-1,13349.24,13330.161990759536,3,TP,1144.6805544278322,1129.6805544278322,47,
2023-05-11,1,13329.46,13346.779859777866,2,TP,692.7943911146576,682.7943911146576,55,
2023-05-11,-1,13353.56,13330.158154819019,4,TP,1872.1476144784538,1852.1476144784538,63,
2023-05-11,1,13317.86,13318.12,1,SL,5.200000000004366,-4.799999999995634,67,
2023-05-11,-1,13346.26339180028,13359.28,2,SL,-520.6643279888522,-540.6643279888522,89,
2023-05-15,1,13345.33,13357.130564896426,3,TP,708.0338937855777,693.0338937855777,13,
2023-05-15,-1,13357.58,13367.07,3,SL,-569.3999999999869,-599.3999999999869,16,
2023-05-15,1,13330.29,13324.96,1,SL,-106.60000000003492,-116.60000000003492,23,
2023-05-15,-1,13341.43,13349.44,1,BE,-160.20000000000437,-170.20000000000437,101,
2023-05-16,1,13416.331448622912,13439.126715147964,1,TP,455.9053305010457,450.9053305010457,59,
2023-05-22,1,13843.632718119636,13819.81,1,SL,-476.45436239272385,-486.45436239272385,39,
2023-05-22,1,13822.05,13833.28,4,BE,898.4000000001106,858.4000000001106,76,
2023-05-23,1,13803.695697086041,13815.498023537295,3,TP,708.1395870752385,693.1395870752385,49,
2023-05-23,1,13803.015988641699,13793.58,3,SL,-566.1593185019228,-596.1593185019228,62,
2023-05-23,-1,13814.974575106842,13799.146854422774,2,TP,633.1088273627392,623.1088273627392,109,
2023-05-23,-1,13814.518228943347,13800.8958223181,2,TP,544.8962650098838,534.8962650098838,141,
2023-05-23,1,13800.854817887977,13815.44518761316,2,TP,583.6147890073335,573.6147890073335,148,
2023-05-23,-1,13815.487453622049,13801.134963293756,2,TP,574.0996131316933,564.0996131316933,155,
2023-05-23,1,13798.24,13790.33,4,SL,-632.7999999999884,-672.7999999999884,162,
2023-05-24,1,13599.592281450923,13588.22,2,SL,-454.8912580369506,-474.8912580369506,25,
2023-05-24,-1,13582.449418302947,13546.336441504463,1,TP,722.2595359696788,717.2595359696788,134,
2023-05-25,-1,13857.209906317774,13835.139820555592,2,TP,882.8034304872563,872.8034304872563,42,
2023-05-30,1,14468.198244339861,14452.97,1,SL,-304.56488679723407,-314.56488679723407,22,
2023-05-31,1,14324.370789086192,14299.66,1,SL,-494.21578172383306,-504.21578172383306,43,
2023-05-31,-1,14290.526313889048,14315.71,1,SL,-503.6737222190277,-513.6737222190277,251,
2023-06-01,-1,14274.3,14278.33,1,BE,-80.6000000000131,-90.6000000000131,27,
2023-06-01,1,14255.984203648963,14286.897465225553,1,TP,618.2652315318046,613.2652315318046,69,
2023-06-01,-1,14288.12,14310.07,1,SL,-438.9999999999782,-448.9999999999782,72,
2023-06-05,1,14576.934833922469,14559.65,2,SL,-691.3933568987704,-711.3933568987704,23,
2023-06-05,1,14560.11,14598.620363303238,3,TP,2310.621798194261,2295.621798194261,31,
2023-06-05,-1,14598.375634029728,14567.884662918785,1,TP,609.8194222188613,604.8194222188613,45,
2023-06-05,1,14563.53,14597.100702990627,1,TP,671.4140598125232,666.4140598125232,67,
2023-06-06,-1,14507.61,14514.38,3,BE,-406.19999999991705,-436.19999999991705,17,
2023-06-06,1,14522.512858727509,14552.78781762766,1,TP,605.4991780030468,600.4991780030468,135,
2023-06-06,1,14532.170146898363,14515.89,1,SL,-325.6029379672691,-335.6029379672691,207,
2023-06-07,1,14622.714875008245,14602.72,2,SL,-799.795000329832,-819.795000329832,25,
2023-06-08,1,14337.470589208759,14359.148398669011,2,TP,867.1123784100928,857.1123784100928,22,
2023-06-08,1,14336.818663258073,14359.116925711116,1,TP,445.96524906086415,440.96524906086415,27,
2023-06-08,-1,14359.8,14383.46,1,SL,-473.1999999999971,-483.1999999999971,36,
2023-06-12,1,14598.342199598952,14595.0,2,BE,-133.6879839580797,-153.6879839580797,31,
2023-06-12,-1,14611.207478649272,14597.152159238913,2,TP,562.2127764143806,552.2127764143806,34,
2023-06-12,-1,14607.32220631994,14619.95,2,SL,-505.11174720246345,-525.1117472024634,76,
2023-06-12,1,14591.328166089217,14615.55676908532,1,TP,484.5720599220658,479.5720599220658,108,
2023-06-13,1,14894.77521592722,14869.58,2,SL,-1007.8086370888195,-1027.8086370888195,16,
2023-06-14,-1,14894.9,14903.23,4,SL,-666.3999999999942,-706.3999999999942,13,
2023-06-14,-1,14895.36,14911.96,2,SL,-663.9999999999418,-683.9999999999418,16,
2023-06-14,1,14946.708823508527,14889.78,1,SL,-1138.5764701705193,-1148.5764701705193,271,
2023-06-15,-1,14979.14,14983.78,1,SL,-92.80000000002474,-102.80000000002474,13,
2023-06-20,1,15083.258194150714,15065.88,2,SL,-695.1277660285996,-715.1277660285996,26,
2023-06-20,1,15057.98,15053.07,4,SL,-392.79999999998836,-432.79999999998836,28,
2023-06-21,1,15013.00199030723,14983.8,3,SL,-1752.119418433831,-1782.119418433831,16,
2023-06-22,1,14895.39219790655,14936.496407040373,1,TP,822.0841826764445,817.0841826764445,93,
2023-06-22,-1,14941.74,14970.35,1,SL,-572.2000000000116,-582.2000000000116,97,
2023-06-22,1,14917.838979074393,14962.303594682497,1,TP,889.2923121620697,884.2923121620697,250,
2023-06-26,1,14928.275506799118,14907.6,1,SL,-413.5101359823602,-423.5101359823602,68,
2023-06-27,1,14768.855315295981,14743.23,2,SL,-1025.0126118392654,-1045.0126118392654,41,
2023-06-27,-1,14781.506387599838,14812.52,1,SL,-620.2722480032389,-630.2722480032389,119,
2023-06-28,1,14897.483733655768,14880.29,2,SL,-687.7493462307029,-707.7493462307029,17,
2023-06-28,-1,14918.126393086462,14937.38,1,SL,-385.0721382707343,-395.0721382707343,28,
2023-06-28,1,14896.291843208288,14920.650081839236,1,TP,487.16477261896216,482.16477261896216,47,
2023-06-28,-1,14922.14,14944.71,1,SL,-451.3999999999942,-461.3999999999942,49,
2023-06-29,1,14957.902747841094,14932.16,2,SL,-1029.7099136437464,-1049.7099136437464,15,
2023-06-29,-1,14968.098740580645,14943.602306528353,1,TP,489.9286810458216,484.9286810458216,37,
2023-06-29,-1,14946.163214973485,14971.78,1,SL,-512.3357005303114,-522.3357005303114,115,
2023-07-05,1,15223.462625010265,15207.96,1,SL,-310.05250020531093,-320.05250020531093,115,
2023-07-06,-1,15047.702689686279,15024.007120545952,1,TP,473.9113828065456,468.9113828065456,21,
2023-07-06,1,15016.29,14994.59,3,SL,-1302.0000000000437,-1332.0000000000437,25,
2023-07-06,-1,15025.913515185446,14996.109070024353,1,TP,596.088903221862,591.088903221862,85,
2023-07-06,-1,15019.965410995137,15039.26,1,SL,-385.8917800972631,-395.8917800972631,156,
2023-07-10,1,14992.382396476725,14969.35,1,SL,-460.64792953449796,-470.64792953449796,151,
2023-07-11,1,15033.26,15021.44,4,SL,-945.5999999999767,-985.5999999999767,13,
2023-07-11,1,15030.14,15015.02,1,SL,-302.3999999999796,-312.3999999999796,20,
2023-07-11,-1,15062.215070372698,15095.04,1,SL,-656.4985925460496,-666.4985925460496,150,
2023-07-12,-1,15291.426348318224,15299.79,3,SL,-501.81910090661404,-531.819100906614,17,
2023-07-12,-1,15299.09,15316.74,4,SL,-1411.999999999971,-1451.999999999971,19,
2023-07-12,1,15312.832253740386,15298.28,1,BE,-291.04507480769826,-301.04507480769826,125,
2023-07-13,1,15458.34543764685,15449.33,2,SL,-360.61750587403367,-380.61750587403367,36,
2023-07-13,-1,15469.671667989393,15471.78,1,BE,-42.16664021216275,-52.16664021216275,89,
2023-07-13,1,15447.899075800815,15472.295982715521,1,TP,487.938138294121,482.938138294121,127,
2023-07-17,1,15622.222201731875,15605.34,2,SL,-675.288069274975,-695.288069274975,15,
2023-07-17,1,15588.22,15590.07,1,SL,37.000000000007276,27.000000000007276,17,
2023-07-18,-1,15652.867858568743,15637.588779841532,2,TP,611.1631490884611,601.1631490884611,13,
2023-07-18,-1,15646.107651613023,15654.83,2,BE,-348.89393547906366,-368.89393547906366,48,
2023-07-18,1,15629.989763146348,15649.740403614891,2,TP,790.0256187417108,780.0256187417108,70,
2023-07-18,-1,15652.1,15663.21,2,SL,-444.3999999999505,-464.3999999999505,76,
2023-07-19,-1,15907.94,15871.587782288096,4,TP,2908.177416952385,2888.177416952385,17,
2023-07-19,1,15871.125872448805,15855.11,1,SL,-320.31744897609315,-330.31744897609315,26,
2023-07-19,-1,15882.359697561451,15895.67,2,SL,-532.4120975419646,-552.4120975419646,72,
2023-07-19,1,15860.835132315216,15891.578729220075,1,TP,614.871938097167,609.871938097167,101,
2023-07-19,1,15870.918074935764,15842.95,1,SL,-559.3614987152614,-569.3614987152614,176,
2023-07-20,1,15746.11191736374,15738.44,3,SL,-460.3150418243604,-490.3150418243604,30,
2023-07-24,-1,15472.468332902765,15418.543946912167,1,TP,1078.4877198119648,1073.4877198119648,126,
2023-07-25,1,15519.328634688716,15498.35,2,SL,-839.1453875486332,-859.1453875486332,83,
2023-07-26,-1,15497.731161179532,15513.43,1,SL,-313.9767764093631,-323.9767764093631,25,
2023-07-27,1,15758.452721822696,15749.67,2,BE,-351.30887290782994,-371.30887290782994,38,
2023-07-27,1,15697.20338712475,15666.23,1,SL,-619.4677424949987,-629.4677424949987,230,
2023-07-31,-1,15783.233855867442,15799.93,2,SL,-667.8457653023361,-687.8457653023361,16,
2023-07-31,1,15768.569147457665,15753.99,2,SL,-583.1658983066154,-603.1658983066154,25,
2023-08-01,1,15685.115052531983,15699.05500618732,2,TP,557.598146213495,547.598146213495,30,
2023-08-01,-1,15698.420230191468,15710.79,2,SL,-494.7907923413004,-514.7907923413004,36,
2023-08-01,1,15685.24,15659.1,2,SL,-1045.5999999999767,-1065.5999999999767,45,
2023-08-01,-1,15700.449411467014,15721.2,1,SL,-415.01177065973025,-425.01177065973025,72,
2023-08-03,1,15317.794853058203,15304.64,1,BE,-263.0970611640805,-273.0970611640805,52,
2023-08-07,-1,15346.44524260624,15321.276715529073,1,TP,503.370541543336,498.370541543336,28,
2023-08-07,-1,15336.362156316633,15344.06,1,BE,-153.9568736673391,-163.9568736673391,211,
2023-08-10,1,15295.608277702799,15249.8,1,SL,-916.1655540559877,-926.1655540559877,76,
2023-08-15,1,15162.05,15144.66,2,SL,-695.5999999999767,-715.5999999999767,15,
2023-08-16,-1,15034.25,15042.45,3,SL,-492.00000000004366,-522.0000000000437,18,
2023-08-16,1,15015.035783954523,15039.10025079579,1,TP,481.2893368253208,476.2893368253208,37,
2023-08-21,1,14813.404060284254,14790.83,1,SL,-451.481205685086,-461.481205685086,56,
2023-08-22,-1,14995.563676059914,14968.602024704567,1,TP,539.2330271069295,534.2330271069295,53,
2023-08-22,1,14968.502523936002,14938.88,1,SL,-592.4504787200567,-602.4504787200567,62,
2023-08-22,-1,14988.264885679022,14994.85,1,BE,-131.70228641956783,-141.70228641956783,103,
2023-08-23,1,14958.58,14974.060698777479,3,TP,928.8419266487472,913.8419266487472,15,
2023-08-23,-1,14992.4,14989.41,1,SL,59.799999999995634,49.799999999995634,17,
2023-08-28,1,15022.26,15002.72,1,SL,-390.80000000001746,-400.80000000001746,21,
2023-08-28,-1,15036.426314605584,15007.168164432724,1,TP,585.1630034572008,580.1630034572008,71,
2023-08-28,1,15001.51,14985.81,1,SL,-314.00000000001455,-324.00000000001455,82,
2023-08-30,-1,15388.695577183445,15406.44,2,SL,-709.7769126622006,-729.7769126622006,23,
2023-08-30,1,15386.106555955357,15342.85,1,SL,-865.1311191071363,-875.1311191071363,58,
2023-08-31,1,15494.997266964068,15511.56578817535,2,TP,662.7408484512853,652.7408484512853,15,
2023-08-31,1,15495.477209898156,15512.251166618204,2,TP,670.9582688019145,660.9582688019145,23,
2023-08-31,-1,15519.6,15531.62,4,SL,-961.6000000000349,-1001.6000000000349,28,
2023-08-31,1,15521.575832932753,15516.22,1,BE,-107.11665865506802,-117.11665865506802,125,
2023-08-31,1,15519.275127509474,15500.19,1,SL,-381.702550189475,-391.702550189475,173,
2023-09-05,-1,15465.55,15441.305332760361,2,TP,969.7866895855259,959.7866895855259,14,
2023-09-05,1,15437.84,15461.755421379778,2,TP,956.616855191096,946.616855191096,16,
2023-09-05,1,15443.827277503657,15425.28,2,SL,-741.8911001462402,-761.8911001462402,29,
2023-09-05,-1,15460.12,15435.465535338632,2,TP,986.178586454771,976.178586454771,45,
2023-09-05,1,15435.357844120332,15457.951262180894,1,TP,451.86836121123633,446.86836121123633,49,
2023-09-06,-1,15458.249780542914,15470.84,3,SL,-755.4131674251767,-785.4131674251767,14,
2023-09-06,-1,15472.64,15482.21,4,SL,-765.5999999999767,-805.5999999999767,16,
2023-09-06,1,15452.626389534891,15430.27,2,SL,-894.2555813956278,-914.2555813956278,31,
2023-09-06,1,15417.61,15403.13,1,SL,-289.60000000002765,-299.60000000002765,33,
2023-09-07,1,15173.567169279908,15151.59,1,SL,-439.5433855981537,-449.5433855981537,34,
2023-09-07,-1,15199.457001902312,15207.16,1,BE,-154.05996195375337,-164.05996195375337,68,
2023-09-11,1,15348.04474222982,15374.134325235886,1,TP,521.7916601213074,516.7916601213074,115,
2023-09-12,1,15418.03752198164,15407.57,2,SL,-418.7008792655979,-438.7008792655979,55,
2023-09-12,1,15390.22,15385.16,1,SL,-101.19999999998981,-111.19999999998981,57,
2023-09-12,-1,15396.727051097037,15346.470038550331,1,TP,1005.1402509341278,1000.1402509341278,258,
2023-09-13,1,15328.73734427095,15345.313571514345,2,TP,663.0490897357959,653.0490897357959,18,
2023-09-13,1,15330.110860058046,15316.25,2,SL,-554.4344023218582,-574.4344023218582,25,
2023-09-13,-1,15346.86951645242,15323.695802000208,1,TP,463.47428904424305,458.47428904424305,33,
2023-09-13,-1,15340.211879336102,15375.82,1,SL,-712.162413277947,-722.162413277947,95,
2023-09-14,1,15400.73,15387.41,3,SL,-799.1999999999825,-829.1999999999825,20,
2023-09-14,-1,15393.004435814617,15413.19,1,SL,-403.7112837076711,-413.7112837076711,68,
2023-09-18,1,15198.257442664037,15220.937071458618,2,TP,907.1851517832692,897.1851517832692,20,
2023-09-18,-1,15230.74,15227.84,3,BE,173.99999999997817,143.99999999997817,40,
2023-09-18,1,15207.021523889043,15188.07,1,SL,-379.03047778087057,-389.03047778087057,68,
2023-09-19,1,15158.58892135161,15138.5,3,SL,-1205.335281096559,-1235.335281096559,21,
2023-09-19,1,15154.019873198642,15139.28,2,SL,-589.5949279456545,-609.5949279456545,24,
2023-09-20,1,15216.126008817193,15213.26,2,BE,-114.64035268771113,-134.64035268771113,35,
2023-09-20,1,15207.87,15197.53,4,SL,-827.2000000000116,-867.2000000000116,44,
2023-09-21,1,14821.915116858234,14813.94,2,BE,-319.0046743293351,-339.0046743293351,15,
2023-09-21,1,14814.45,14804.44,3,SL,-600.6000000000131,-630.6000000000131,17,
2023-09-21,-1,14818.971326704326,14839.44,1,BE,-409.37346591348614,-419.37346591348614,69,
2023-09-25,-1,14685.75,14692.12,4,SL,-509.60000000006403,-549.600000000064,13,
2023-09-25,1,14668.922113295199,14661.8,1,BE,-142.44226590399194,-152.44226590399194,86,
2023-09-25,-1,14699.565623276954,14722.23,1,SL,-453.2875344609056,-463.2875344609056,106,
2023-09-26,-1,14670.219750356966,14652.977995131387,2,TP,689.6702090231702,679.6702090231702,17,
2023-09-26,1,14648.64,14639.34,3,SL,-557.9999999999563,-587.9999999999563,20,
2023-09-26,-1,14637.89865335472,14598.110429740946,1,TP,795.7644722754776,790.7644722754776,81,
2023-09-26,1,14595.76,14576.65,1,SL,-382.20000000001164,-392.20000000001164,116,
2023-09-26,1,14585.81364328206,14578.29,1,BE,-150.47286564116803,-160.47286564116803,240,
2023-09-27,-1,14610.945130523842,14630.76,4,SL,-1585.1895580926794,-1625.1895580926794,15,
2023-09-27,1,14606.883590218886,14590.2,2,SL,-667.3436087554,-687.3436087554,32,
2023-09-28,1,14522.073194335655,14539.962214157698,2,TP,715.5607928817335,705.5607928817335,13,
2023-09-28,1,14521.02,14539.07032114256,2,TP,722.0128457024111,712.0128457024111,16,
2023-09-28,-1,14539.95,14542.43,2,BE,-99.19999999998254,-119.19999999998254,21,
2023-09-28,1,14547.329701013236,14592.370519184406,1,TP,900.8163634234006,895.8163634234006,74,
2023-10-02,1,14772.577347330296,14805.906085772138,1,TP,666.5747688368356,661.5747688368356,78,
2023-10-02,-1,14805.963214788884,14809.76,1,BE,-75.93570422232006,-85.93570422232006,93,
2023-10-02,1,14781.17815183903,14750.36,1,SL,-616.3630367806036,-626.3630367806036,158,
2023-10-03,1,14745.789123009592,14759.915258680227,2,TP,565.0454268253816,555.0454268253816,19,
2023-10-03,1,14751.456918888909,14725.25,1,SL,-524.1383777781812,-534.1383777781812,33,
2023-10-03,1,14720.63,14710.39,4,SL,-819.1999999999825,-859.1999999999825,35,
2023-10-03,1,14707.8,14697.69,4,SL,-808.799999999901,-848.799999999901,37,
2023-10-04,1,14647.127360852674,14665.785886720601,2,TP,746.3410347171157,736.3410347171157,24,
2023-10-04,1,14646.073834814897,14620.79,2,SL,-1011.3533925958473,-1031.3533925958473,33,
2023-10-04,-1,14658.718966675982,14691.86,1,SL,-662.8206664803656,-672.8206664803656,72,
2023-10-04,-1,14664.09471652249,14692.21,1,SL,-562.3056695501873,-572.3056695501873,109,
2023-10-09,-1,14858.761558508999,14879.27,2,SL,-820.3376596400631,-840.3376596400631,13,
2023-10-09,-1,14888.02,14895.25,4,SL,-578.3999999999651,-618.3999999999651,15,
2023-10-09,1,14859.909123241447,14906.697792825713,1,TP,935.7733916853249,930.7733916853249,49,
2023-10-09,1,14869.093378515043,14847.09,1,SL,-440.0675703008528,-450.0675703008528,80,
2023-10-10,-1,15077.320333474485,15062.076771605274,2,TP,609.7424747684272,599.7424747684272,18,
2023-10-10,1,15155.590629021348,15129.82,1,SL,-515.4125804269643,-525.4125804269643,225,
2023-10-11,1,15223.195769758078,15206.68,3,SL,-990.9461854846813,-1020.9461854846813,15,
2023-10-11,1,15209.53,15187.68,2,SL,-874.0000000000146,-894.0000000000146,22,
2023-10-11,-1,15207.806050382027,15224.96,1,SL,-343.07899235944205,-353.07899235944205,91,
2023-10-12,1,15255.13,15241.13,3,SL,-840.0,-870.0,13,
2023-10-12,1,15253.310777141978,15240.94,2,SL,-494.83108567910676,-514.8310856791068,16,
2023-10-12,-1,15264.866169220355,15276.37,2,SL,-460.1532311858318,-480.1532311858318,36,
2023-10-12,1,15281.171833302711,15259.38,1,SL,-435.83666605423787,-445.83666605423787,214,
2023-10-16,1,15087.280135655772,15066.21,1,SL,-421.402713115458,-431.402713115458,20,
2023-10-16,-1,15109.06096868429,15131.33,1,SL,-445.3806263141814,-455.3806263141814,42,
2023-10-16,1,15128.544921757206,15174.038670674308,1,TP,909.8749783420499,904.8749783420499,254,
2023-10-17,-1,14994.986494015657,15022.72,1,SL,-554.6701196868526,-564.6701196868526,40,
2023-10-18,1,15024.246040371143,15049.898246915203,1,TP,513.0441308812078,508.0441308812078,25,
2023-10-18,-1,15051.02,15023.857468247888,1,TP,543.2506350422409,538.2506350422409,31,
2023-10-18,1,15021.93,15049.313860945971,1,TP,547.6772189194162,542.6772189194162,36,
2023-10-18,1,15026.665862643174,14997.22,1,SL,-588.9172528635027,-598.9172528635027,67,
2023-10-18,-1,15048.015161893865,15002.492625816789,1,TP,910.4507215415288,905.4507215415288,171,
2023-10-19,-1,14962.255486198865,14932.365531720749,1,TP,597.7990895623225,592.7990895623225,26,
2023-10-19,-1,14961.403407118849,14977.26,1,BE,-317.131857623026,-327.131857623026,41,
2023-10-19,-1,14948.574564304581,14905.014642815418,1,TP,871.1984297832532,866.1984297832532,150,
2023-10-19,1,14904.175167393858,14859.66,1,SL,-890.3033478771613,-900.3033478771613,185,
2023-10-23,-1,14473.93913630052,14497.43,1,SL,-469.81727398961084,-479.81727398961084,20,
2023-10-23,-1,14490.31,14516.03,1,SL,-514.4000000000233,-524.4000000000233,23,
2023-10-24,1,14693.465000940276,14675.02,2,SL,-737.800037611014,-757.800037611014,20,
2023-10-24,1,14677.97,14713.58263757617,2,TP,1424.505503046821,1414.505503046821,28,
2023-10-24,-1,14718.32,14686.03585863089,2,TP,1291.3656547643768,1281.3656547643768,34,
2023-10-24,1,14690.909373021315,14718.603735583965,1,TP,553.8872512529997,548.8872512529997,53,
2023-10-24,1,14708.272682582712,14686.97,1,SL,-426.0536516542561,-436.0536516542561,130,
2023-10-25,-1,14554.541579172475,14576.59,1,SL,-440.968416550495,-450.968416550495,78,
2023-10-25,-1,14561.61951999254,14582.34,1,SL,-414.40960014919256,-424.40960014919256,96,
2023-10-25,1,14527.709120647063,14525.44,1,BE,-45.38241294125328,-55.38241294125328,128,
2023-10-26,1,14305.23,14279.11,1,SL,-522.3999999999796,-532.3999999999796,19,
2023-10-26,-1,14278.783607671285,14218.971630777301,1,TP,1196.2395378796646,1191.2395378796646,96,
2023-10-26,1,14217.74,14180.61,1,SL,-742.599999999984,-752.599999999984,114,
2023-10-30,-1,14315.621399704138,14352.32,1,SL,-733.9720059172396,-743.9720059172396,309,
2023-10-31,-1,14277.08506480709,14300.77,2,SL,-947.3974077164166,-967.3974077164166,41,
2023-11-01,1,14465.954358766521,14486.456669688489,2,TP,820.0924368786946,810.0924368786946,45,
2023-11-01,-1,14489.48,14508.46,2,SL,-759.1999999999825,-779.1999999999825,51,
2023-11-01,1,14491.54472525413,14534.150903450532,1,TP,852.1235639280349,847.1235639280349,270,
2023-11-02,1,14840.904684056459,14833.33,2,BE,-302.98736225835455,-322.98736225835455,34,
2023-11-02,-1,14847.39507529912,14855.7,1,BE,-166.09849401760584,-176.09849401760584,69,
2023-11-06,1,15145.448607693406,15127.44,2,SL,-720.3443077362317,-740.3443077362317,19,
2023-11-06,-1,15148.68873069046,15161.75,2,SL,-522.450772381635,-542.450772381635,71,
2023-11-07,-1,15184.769855962919,15197.78,2,BE,-520.4057614832709,-540.4057614832709,21,
2023-11-08,1,15319.734788180325,15330.864153527646,3,TP,667.7619208392207,652.7619208392207,22,
2023-11-08,-1,15333.4,15338.91,4,SL,-440.80000000001746,-480.80000000001746,24,
2023-11-08,1,15320.77669188092,15313.18,3,SL,-455.8015128551415,-485.8015128551415,29,
2023-11-08,1,15317.72,15305.04,3,SL,-760.7999999999083,-790.7999999999083,32,
2023-11-09,-1,15321.25661883383,15328.33,4,SL,-565.8704932936234,-605.8704932936234,23,
2023-11-09,-1,15336.58,15336.19,1,SL,7.7999999999883585,-2.2000000000116415,26,
2023-11-09,1,15311.617159122825,15292.64,1,SL,-379.5431824565094,-389.5431824565094,38,
2023-11-09,1,15295.93,15306.16,4,BE,818.3999999999651,778.3999999999651,51,
2023-11-09,1,15310.984734802218,15262.31,1,SL,-973.4946960443631,-983.4946960443631,214,
2023-11-13,-1,15441.025225064968,15445.53,2,BE,-180.19099740129604,-200.19099740129604,44,
2023-11-14,1,15786.139160039984,15770.48,1,SL,-313.18320079968544,-323.18320079968544,158,
2023-11-15,1,15865.45,15862.41,4,SL,-243.20000000006985,-283.20000000006985,17,
2023-11-15,-1,15875.833155163118,15890.04,1,SL,-284.13689673765475,-294.13689673765475,56,
2023-11-15,-1,15879.7691017002,15900.46,1,SL,-413.817965995986,-423.817965995986,81,
2023-11-15,1,15859.774673895557,15842.17,1,SL,-352.0934779111485,-362.0934779111485,134,
2023-11-16,1,15790.749713179071,15818.679705723811,1,TP,558.5998508947887,553.5998508947887,55,
2023-11-16,-1,15818.788816355756,15791.695797540631,1,TP,541.8603763025021,536.8603763025021,65,
2023-11-16,1,15779.26,15762.12,4,SL,-1371.1999999999534,-1411.1999999999534,72,
2023-11-20,1,15906.48643803677,15889.96,2,SL,-661.057521470866,-681.057521470866,54,
2023-11-20,-1,15927.314141071842,15947.11,1,SL,-395.917178563177,-405.917178563177,91,
2023-11-21,1,15945.185744677989,15936.99,3,SL,-491.7446806793305,-521.7446806793305,18,
2023-11-21,1,15935.51,15956.453759078366,4,TP,1675.500726269238,1655.500726269238,24,
2023-11-22,1,16073.982651542863,16030.4,1,SL,-871.6530308572692,-881.6530308572692,23,
2023-11-27,1,15947.265056572944,15968.37917706656,1,TP,422.282409872314,417.282409872314,30,
2023-11-27,-1,15972.58,15981.79,2,SL,-368.40000000003783,-388.40000000003783,38,
2023-11-28,1,15945.87729964637,15931.4,3,SL,-868.6379787822443,-898.6379787822443,15,
2023-11-28,-1,15950.921399777395,15933.011711189933,2,TP,716.3875434984948,706.3875434984948,41,
2023-11-28,1,15958.839288724117,15933.96,1,SL,-497.58577448235883,-507.58577448235883,226,
2023-11-29,1,16147.79,16137.79,3,SL,-600.0,-630.0,34,
2023-11-29,1,16125.43,16107.5,1,SL,-358.6000000000058,-368.6000000000058,36,
2023-11-30,1,15921.845089616829,15897.8,1,SL,-480.90179233659,-490.90179233659,68,
2023-12-04,1,15814.87,15804.88,4,SL,-799.2000000001281,-839.2000000001281,15,
2023-12-04,-1,15828.314100711123,15811.744777513592,2,TP,662.7729279012419,652.7729279012419,42,
2023-12-04,1,15810.63,15791.56,2,SL,-762.7999999999884,-782.7999999999884,46,
2023-12-05,1,15845.424400925163,15823.25,1,BE,-443.4880185032671,-453.4880185032671,144,
2023-12-06,-1,15939.525386462745,15915.854674451677,1,TP,473.4142402213547,468.4142402213547,51,
2023-12-06,1,15911.29,15890.99,2,SL,-812.0000000000437,-832.0000000000437,54,
2023-12-07,1,15919.497259170235,15910.56,2,SL,-357.4903668094339,-377.4903668094339,17,
2023-12-07,1,15902.81,15892.25,4,SL,-844.7999999999593,-884.7999999999593,20,
2023-12-07,-1,15926.729161978225,15951.46,1,SL,-494.6167604354923,-504.6167604354923,46,
2023-12-07,1,15919.129183627261,15968.985094735535,1,TP,997.1182221654817,992.1182221654817,123,
2023-12-11,1,16130.679484788094,16113.47,1,BE,-344.1896957618883,-354.1896957618883,124,
2023-12-12,-1,16204.68693147033,16214.56,3,SL,-592.3841117801203,-622.3841117801203,20,
2023-12-12,-1,16215.98,16223.57,4,SL,-607.2000000000116,-647.2000000000116,22,
2023-12-12,-1,16216.05,16231.77,3,SL,-943.2000000000698,-973.2000000000698,27,
2023-12-13,1,16413.543094727494,16401.83,3,SL,-702.785683649563,-732.785683649563,16,
2023-12-13,1,16401.47,16389.58,3,SL,-713.3999999999651,-743.3999999999651,18,
2023-12-14,-1,16639.25,16654.28,2,SL,-601.1999999999534,-621.1999999999534,18,
2023-12-14,1,16621.245119059724,16641.660401164507,2,TP,816.6112841913127,806.6112841913127,24,
2023-12-14,1,16623.316409423074,16611.54,2,SL,-471.05637692293385,-491.05637692293385,32,
2023-12-14,1,16604.89,16602.27,1,SL,-52.39999999997963,-62.39999999997963,35,
2023-12-14,1,16566.375613521075,16538.88,1,SL,-549.9122704214824,-559.9122704214824,209,
2023-12-18,1,16653.394330631847,16645.04,3,SL,-501.2598379107658,-531.2598379107658,19,
2023-12-18,-1,16663.09529736523,16675.03,2,SL,-477.3881053907098,-497.3881053907098,28,
2023-12-18,-1,16683.625545974523,16698.77,1,SL,-302.88908050955797,-312.88908050955797,123,
2023-12-19,1,16757.556900684827,16751.79,2,BE,-230.67602739305585,-250.67602739305585,20,
2023-12-19,1,16754.489225111316,16771.78977511926,2,TP,692.022000317811,682.022000317811,25,
2023-12-19,-1,16773.89,16756.599093370336,3,TP,1037.454397779802,1022.4543977798021,30,
2023-12-19,1,16750.38,16771.472960015442,4,TP,1687.436801235308,1667.436801235308,41,
2023-12-19,-1,16772.81,16781.08,2,SL,-330.80000000001746,-350.80000000001746,48,
2023-12-19,1,16760.922389458756,16779.62927801194,2,TP,748.275542127376,738.275542127376,81,
2023-12-19,-1,16781.47,16793.57,2,SL,-483.9999999999418,-503.9999999999418,95,
2023-12-19,1,16768.10295542551,16787.366055293453,2,TP,770.5239947176597,760.5239947176597,201,
2023-12-19,1,16766.746812422633,16786.97367769822,2,TP,809.0746110235341,799.0746110235341,250,
2023-12-20,1,16817.224144865508,16838.599865496853,2,TP,855.0288252538303,845.0288252538303,192,
2023-12-20,-1,16838.622881726504,16852.92,2,SL,-571.8847309397825,-591.8847309397825,223,
2023-12-21,-1,16720.88335710841,16687.138527971976,1,TP,674.8965827286884,669.8965827286884,58,
2023-12-21,1,16683.83,16673.31,1,BE,-210.40000000000873,-220.40000000000873,81,
2023-12-21,-1,16709.16657862168,16680.28616992979,1,TP,577.608173837798,572.608173837798,149,
2023-12-21,1,16680.248562137574,16652.45,1,SL,-555.9712427514751,-565.9712427514751,155,
2023-12-26,1,16840.453791037427,16831.27,3,SL,-551.02746224562,-581.02746224562,82,
2023-12-26,-1,16851.407601045627,16837.193528190037,2,TP,568.5629142235848,558.5629142235848,112,
2023-12-26,-1,16851.09354925979,16855.67,2,BE,-183.05802960836445,-203.05802960836445,167,
2023-12-26,-1,16851.49585549781,16859.4,3,SL,-474.2486701314192,-504.2486701314192,234,
2023-12-27,1,16904.69,16912.13785550982,4,TP,595.8284407856991,575.8284407856991,28,
2023-12-27,-1,16916.61,16918.97,4,SL,-188.80000000004657,-228.80000000004657,31,
2023-12-27,1,16903.76612178795,16890.61,3,SL,-789.3673072769889,-819.3673072769889,42,
2023-12-27,1,16874.118150873055,16897.478857227194,1,TP,467.2141270827706,462.2141270827706,216,
2023-12-27,-1,16903.04,16911.51,3,SL,-508.19999999985157,-538.1999999998516,221,
2023-12-28,-1,16939.644149862248,16947.05,4,SL,-592.4680110201007,-632.4680110201007,67,
2023-12-28,1,16927.902005217748,16917.8,2,SL,-404.08020870992914,-424.08020870992914,214,
2023-12-28,1,16925.02,16917.4,3,SL,-457.1999999999389,-487.1999999999389,216,
2024-01-03,1,16439.84251782197,16429.58,2,SL,-410.50071287871106,-430.50071287871106,28,
2024-01-03,1,16435.06,16456.63832585258,2,TP,863.1330341030844,853.1330341030844,30,
2024-01-03,1,16435.80531984828,16456.716286595405,2,TP,836.4386698849557,826.4386698849557,33,
2024-01-03,-1,16464.09,16438.11161307305,4,TP,2078.270954155887,2058.270954155887,39,
2024-01-03,1,16437.14,16424.22,2,SL,-516.7999999999302,-536.7999999999302,41,
2024-01-03,1,16413.98,16402.39,1,SL,-231.8000000000029,-241.8000000000029,43,
2024-01-04,1,16307.97640018377,16321.209215139861,3,TP,793.9688973654484,778.9688973654484,15,
2024-01-04,1,16307.075807269079,16320.589095415222,2,TP,540.5315258457267,530.5315258457267,22,
2024-01-04,-1,16322.93,16304.793675078,3,TP,1088.1794953199642,1073.1794953199642,28,
2024-01-09,1,16535.451091387487,16524.68,3,SL,-646.2654832492262,-676.2654832492262,15,
2024-01-09,-1,16543.738358819824,16554.11,2,SL,-414.86564720704337,-434.86564720704337,30,
2024-01-10,1,16708.4583059124,16698.32,3,SL,-608.2983547441108,-638.2983547441108,17,
2024-01-10,-1,16706.375839451597,16712.05,1,BE,-113.48321096804284,-123.48321096804284,61,
2024-01-11,1,16859.713652354578,16847.83,2,SL,-475.3460941830417,-495.3460941830417,15,
2024-01-11,1,16827.95,16829.34,1,SL,27.79999999998836,17.79999999998836,17,
2024-01-16,-1,16782.374011283366,16790.38,1,BE,-160.11977433270658,-170.11977433270658,41,
2024-01-17,-1,16625.765122533627,16636.17,1,BE,-208.0975493274309,-218.0975493274309,69,
2024-01-18,1,16900.900491288037,16887.73,3,SL,-790.2294772822643,-820.2294772822643,21,
2024-01-18,-1,16910.39485686967,16894.307839234076,2,TP,643.4807054237172,633.4807054237172,31,
2024-01-18,-1,16906.375006932776,16911.8,2,BE,-216.99972268892452,-236.99972268892452,66,
2024-01-18,1,16899.997911598577,16877.02,1,SL,-459.5582319715322,-469.5582319715322,164,
2024-01-22,1,17393.38,17382.48,4,SL,-872.0000000001164,-912.0000000001164,13,
2024-01-22,1,17391.29027350614,17385.39,1,BE,-118.00547012280731,-128.0054701228073,50,
2024-01-22,1,17349.066175671207,17318.63,1,SL,-608.72351342412,-618.72351342412,238,
2024-01-23,-1,17339.034302242504,17356.63,1,SL,-351.9139551499393,-361.9139551499393,26,
2024-01-23,1,17327.55567289317,17307.8,1,SL,-395.11345786340826,-405.11345786340826,54,
2024-01-23,-1,17347.955547984457,17324.834780914698,1,TP,462.4153413951717,457.4153413951717,107,
2024-01-23,1,17320.86,17311.38,2,SL,-379.19999999998254,-399.19999999998254,122,
2024-01-24,-1,17541.640042933348,17544.8,2,BE,-126.39828266605036,-146.39828266605036,21,
2024-01-24,-1,17543.432124413055,17526.60050160903,2,TP,673.2649121609575,663.2649121609575,31,
2024-01-24,1,17526.488701396178,17546.34996012707,2,TP,794.4503492357035,784.4503492357035,37,
2024-01-24,-1,17554.45,17564.15,4,SL,-776.0000000000582,-816.0000000000582,43,
2024-01-25,1,17570.53673742517,17560.26,3,SL,-616.6042455102433,-646.6042455102433,14,
2024-01-25,-1,17580.065208314198,17564.33917865695,2,TP,629.0411862899782,619.0411862899782,23,
2024-01-25,-1,17574.765665129446,17591.13,2,SL,-654.5733948222187,-674.5733948222187,46,
2024-01-25,-1,17595.936336086266,17613.45,1,SL,-350.2732782746898,-360.2732782746898,139,
2024-01-25,1,17572.74579325764,17556.08,1,SL,-333.31586515276285,-343.31586515276285,171,
2024-01-29,1,17442.507395238197,17430.51,2,SL,-479.8958095279522,-499.8958095279522,34,
2024-01-29,1,17436.112766509083,17421.48,1,SL,-292.65533018166025,-302.65533018166025,56,
2024-01-30,1,17562.79739117543,17572.548454733966,4,TP,780.0850846827962,760.0850846827962,15,
2024-01-30,1,17562.750344998287,17537.38,4,SL,-2029.6275998628698,-2069.62759986287,31,
2024-01-31,1,17270.4,17261.2,2,SL,-368.0000000000291,-388.0000000000291,16,
2024-02-01,1,17221.382154961444,17216.82,3,BE,-273.72929768665927,-303.72929768665927,19,
2024-02-01,1,17219.05,17215.02,3,BE,-241.79999999993015,-271.79999999993015,26,
2024-02-01,-1,17231.465464946774,17245.44,1,SL,-279.49070106449653,-289.49070106449653,39,
2024-02-01,-1,17255.07,17256.24,1,SL,-23.400000000037835,-33.400000000037835,41,
2024-02-01,1,17219.697004741116,17198.44,1,SL,-425.1400948223454,-435.1400948223454,85,
2024-02-07,-1,17662.523880480712,17671.5,3,SL,-538.567171157265,-568.567171157265,20,
2024-02-07,-1,17676.06,17679.32,4,SL,-260.79999999987194,-300.79999999987194,23,
2024-02-07,1,17649.71131381924,17646.38,2,BE,-133.2525527695543,-153.2525527695543,34,
2024-02-07,-1,17667.30845703967,17683.15,2,SL,-633.6617184132047,-653.6617184132047,42,
2024-02-08,1,17734.98,17731.63,4,SL,-267.9999999998836,-307.9999999998836,13,
2024-02-08,1,17736.89,17759.153117428177,2,TP,890.5246971271117,880.5246971271117,21,
2024-02-08,-1,17759.59672690379,17775.31,2,SL,-628.5309238484479,-648.5309238484479,30,
2024-02-08,1,17749.783789869216,17770.14122291621,2,TP,814.2973218797124,804.2973218797124,63,
2024-02-08,-1,17770.247299256233,17790.46,2,SL,-808.5080297506647,-828.5080297506647,79,
2024-02-08,-1,17796.371357508797,17797.83,1,BE,-29.172849824099103,-39.1728498240991,238,
2024-02-12,1,17947.01,17942.37,2,BE,-185.59999999997672,-205.59999999997672,19,
2024-02-12,-1,17964.809196377562,17948.025375011905,2,TP,671.3528546263115,661.3528546263115,36,
2024-02-12,1,17947.817815513128,17942.84,2,BE,-199.1126205251203,-219.1126205251203,46,
2024-02-12,-1,17961.84159176781,17973.5,2,SL,-466.33632928758743,-486.33632928758743,69,
2024-02-12,1,17976.127446757764,17956.12,1,SL,-400.14893515530275,-410.14893515530275,246,
2024-02-13,1,17561.967061555144,17581.307181706692,2,TP,773.6048060619214,763.6048060619214,24,
2024-02-13,1,17572.10515435747,17592.18846027483,2,TP,803.3322366944049,793.3322366944049,49,
2024-02-14,-1,17717.378681906834,17696.51818837928,2,TP,834.4197411021742,824.4197411021742,20,
2024-02-14,-1,17714.286021056218,17732.15,2,SL,-714.5591577513551,-734.5591577513551,37,
2024-02-15,-1,17798.526679391984,17768.199921001837,1,TP,606.5351678029401,601.5351678029401,51,
2024-02-15,1,17767.86,17753.31,1,BE,-290.99999999998545,-300.99999999998545,59,
2024-02-15,1,17764.678083693907,17744.99,1,SL,-393.7616738781071,-403.7616738781071,95,
2024-02-15,1,17756.136712738065,17785.4888810607,1,TP,587.0433664527081,582.0433664527081,166,
2024-02-21,1,17426.77,17418.54,3,SL,-493.7999999999738,-523.7999999999738,13,
2024-02-21,1,17397.2,17395.82,1,SL,-27.600000000020373,-37.60000000002037,18,
2024-02-21,-1,17433.697239331508,17459.24,1,SL,-510.8552133698686,-520.8552133698686,35,
2024-02-21,1,17412.459144388184,17439.201403517112,1,TP,534.8451825785742,529.8451825785742,99,
2024-02-21,-1,17439.33341922488,17445.29,1,BE,-119.13161550241057,-129.13161550241057,146,
2024-02-21,1,17414.108356125842,17388.01,1,SL,-521.9671225168713,-531.9671225168713,161,
2024-02-22,-1,17843.983967945536,17879.64,1,SL,-713.1206410892628,-723.1206410892628,16,
2024-02-22,1,17857.086215313968,17891.691307058263,1,TP,692.101834885907,687.101834885907,100,
2024-02-26,1,17954.26547385799,17986.060339682408,1,TP,635.8973164883355,630.8973164883355,128,
2024-02-27,-1,17956.1821096298,17981.41,1,SL,-504.5578074039804,-514.5578074039804,50,
2024-02-28,-1,17899.89144149986,17877.684681759623,1,TP,444.1351948047668,439.1351948047668,14,
2024-02-28,1,17877.380665613575,17863.55,2,SL,-553.2266245430219,-573.2266245430219,18,
2024-02-28,-1,17880.961941506484,17899.59,1,SL,-372.5611698703142,-382.5611698703142,91,
2024-02-28,1,17871.72882349917,17866.94,1,BE,-95.77646998339333,-105.77646998339333,301,
2024-02-29,1,18003.841831076483,18012.727288785834,3,TP,533.1274625610968,518.1274625610968,22,
2024-02-29,-1,18014.66,18023.63,3,SL,-538.2000000000698,-568.2000000000698,27,
2024-02-29,1,18003.263998208346,17977.27,2,SL,-1039.7599283338059,-1059.7599283338059,41,
2024-02-29,1,17969.28,17964.65,1,SL,-92.59999999994761,-102.59999999994761,43,
2024-03-04,-1,18294.25,18265.509399523482,3,TP,1724.4360285910807,1709.4360285910807,19,
2024-03-04,1,18261.95,18254.45,2,BE,-300.0,-320.0,31,
2024-03-04,-1,18279.171195412266,18261.12718667551,2,TP,721.760349470278,711.760349470278,45,
2024-03-04,-1,18276.386644801423,18286.31,2,SL,-396.9342079431226,-416.9342079431226,67,
2024-03-04,1,18264.64327237477,18261.04,2,BE,-144.13089499081252,-164.13089499081252,226,
2024-03-05,-1,18046.733440141055,18020.856572790086,1,TP,517.5373470193881,512.5373470193881,37,
2024-03-06,-1,18083.202431956513,18060.737878025495,2,TP,898.582157240744,888.582157240744,16,
2024-03-06,-1,18041.170681686835,18072.26,1,SL,-621.786366263259,-631.786366263259,92,
2024-03-07,1,18156.93,18142.83,2,SL,-563.9999999999418,-583.9999999999418,15,
2024-03-07,1,18123.96,18106.3,1,SL,-353.1999999999971,-363.1999999999971,17,
2024-03-07,-1,18181.643415959443,18185.33,1,BE,-73.7316808111791,-83.7316808111791,42,
2024-03-11,-1,17970.03,17926.43513985621,1,TP,871.8972028757707,866.8972028757707,22,
2024-03-11,1,17925.47233642234,17897.8,1,SL,-553.4467284467974,-563.4467284467974,29,
2024-03-11,-1,17944.527497407536,17954.66,1,BE,-202.6500518492685,-212.6500518492685,72,
2024-03-12,-1,18004.476709284485,18033.1,1,SL,-572.4658143102715,-582.4658143102715,30,
2024-03-13,-1,18112.464009498162,18083.871661490088,1,TP,571.8469601614925,566.8469601614925,82,
2024-03-13,1,18083.815156746594,18064.46,1,SL,-387.1031349318946,-397.1031349318946,87,
2024-03-14,1,18105.401365974012,18067.07,1,SL,-766.6273194802488,-776.6273194802488,18,
2024-03-18,1,18066.960079122484,18057.05,2,SL,-396.40316489938414,-416.40316489938414,24,
2024-03-18,1,18060.51,18044.87,2,SL,-625.5999999999767,-645.5999999999767,28,
2024-03-18,-1,18083.175050108523,18112.96,1,SL,-595.6989978295314,-605.6989978295314,56,
2024-03-18,1,18069.357746282647,18041.26,1,SL,-561.9549256529717,-571.9549256529717,123,
2024-03-19,1,17833.6046175027,17868.72492767999,1,TP,702.406203545761,697.406203545761,69,
2024-03-19,-1,17871.82,17888.13,1,SL,-326.2000000000262,-336.2000000000262,75,
2024-03-20,-1,18039.54595178418,18053.82,2,SL,-570.9619286327506,-590.9619286327506,58,
2024-03-20,1,18017.31360199113,18042.743542186116,1,TP,508.59880389973114,503.59880389973114,103,
2024-03-20,-1,18042.22138315951,18018.45321521733,1,TP,475.36335884360597,470.36335884360597,182,
2024-03-20,1,18019.74753693696,18006.5,1,SL,-264.95073873920774,-274.95073873920774,256,
2024-03-21,-1,18448.2,18421.291096209858,4,TP,2152.712303211447,2132.712303211447,13,
2024-03-21,1,18421.993122332366,18402.74,2,SL,-770.12489329456,-790.12489329456,19,
2024-03-21,1,18397.18,18398.82,1,SL,32.79999999998836,22.79999999998836,24,
2024-03-21,-1,18427.46,18403.593381046154,1,TP,477.33237907690636,472.33237907690636,60,
2024-03-21,1,18396.2,18395.54,3,BE,-39.59999999999127,-69.59999999999127,96,
2024-03-25,1,18200.35,18195.29,1,SL,-101.19999999995343,-111.19999999995343,13,
2024-03-25,-1,18240.13580723984,18263.71,1,SL,-471.483855203187,-481.483855203187,39,
2024-03-26,1,18340.522354623314,18353.381269390513,3,TP,771.53488603195,756.53488603195,14,
2024-03-26,1,18343.304740327505,18354.569875455185,3,TP,675.9081076607981,660.9081076607981,26,
2024-03-26,1,18349.76297865505,18338.2,2,SL,-462.5191462019575,-482.5191462019575,59,
2024-03-26,1,18329.0,18323.09,1,SL,-118.19999999999709,-128.1999999999971,61,
2024-03-26,1,18328.191825660226,18311.92,1,SL,-325.43651320454956,-335.43651320454956,206,
2024-03-28,-1,18282.21,18281.46,1,SL,15.0,5.0,13,
2024-03-28,1,18270.36754531985,18257.14,1,SL,-264.5509063969803,-274.5509063969803,53,
2024-03-28,1,18263.845100975737,18257.96,1,BE,-117.70201951476338,-127.70201951476338,157,
2024-04-01,1,18347.806296443174,18332.17,1,BE,-312.7259288635105,-322.7259288635105,49,
2024-04-02,-1,18056.51949948798,18034.39575288593,2,TP,884.9498640820093,874.9498640820093,40,
2024-04-02,1,18029.52,18017.15,2,SL,-494.79999999995925,-514.7999999999593,43,
2024-04-02,-1,18046.409043981304,18059.58,1,SL,-263.4191203739465,-273.4191203739465,109,
2024-04-03,1,18061.203194836813,18054.15,4,SL,-564.2555869449279,-604.2555869449279,15,
2024-04-03,1,18057.925610277172,18069.81384185702,3,TP,713.2938947908406,698.2938947908406,17,
2024-04-03,-1,18072.47,18060.194888275022,4,TP,982.0089379983256,962.0089379983256,28,
2024-04-03,1,18059.993883191684,18070.677087656964,3,TP,640.9922679168085,625.9922679168085,30,
2024-04-04,1,18332.62582759201,18313.25,2,SL,-775.033103680471,-795.033103680471,22,
2024-04-08,-1,18109.196476809084,18118.33,1,BE,-182.67046381835826,-192.67046381835826,46,
2024-04-08,1,18110.174718041042,18080.0,1,SL,-603.4943608208414,-613.4943608208414,164,
2024-04-09,-1,18207.16,18180.352974476886,2,TP,1072.2810209245654,1062.2810209245654,18,
2024-04-09,1,18177.0,18158.88,2,SL,-724.7999999999593,-744.7999999999593,20,
2024-04-09,1,18153.3,18155.9,1,SL,52.000000000043656,42.000000000043656,23,
2024-04-10,1,17971.64237820149,17957.82,2,SL,-552.8951280596084,-572.8951280596084,16,
2024-04-10,1,17939.13,17994.269054725308,1,TP,1102.7810945061356,1097.7810945061356,24,
2024-04-10,-1,18005.44,18016.81,2,SL,-454.8000000001048,-474.8000000001048,27,
2024-04-10,1,17976.837524041453,17957.09,1,SL,-394.9504808290658,-404.9504808290658,108,
2024-04-10,1,17958.340422704146,17997.171899615994,1,TP,776.6295382369572,771.6295382369572,231,
2024-04-10,-1,18005.7,18025.34,1,SL,-392.79999999998836,-402.79999999998836,233,
2024-04-11,1,18069.609306243263,18067.57,2,BE,-81.57224973052507,-101.57224973052507,17,
2024-04-11,-1,18084.956774243416,18092.07,2,BE,-284.5290302633657,-304.5290302633657,29,
2024-04-11,1,18069.496667253017,18054.93,2,SL,-582.6666901206772,-602.6666901206772,32,
2024-04-11,1,18055.22,18049.65,1,SL,-111.39999999999418,-121.39999999999418,38,
2024-04-15,-1,18131.91,18148.38,2,BE,-658.8000000000466,-678.8000000000466,24,
2024-04-15,1,18115.227805803817,18083.41,1,SL,-636.3561160763493,-646.3561160763493,39,
2024-04-16,1,17693.08764981093,17676.76,2,SL,-653.1059924371948,-673.1059924371948,16,
2024-04-16,-1,17705.391108788357,17721.27,1,SL,-317.577824232867,-327.577824232867,27,
2024-04-16,-1,17728.637221117813,17749.59,1,SL,-419.0555776437395,-429.0555776437395,118,
2024-04-16,-1,17736.864330573182,17756.82,1,SL,-399.11338853635243,-409.11338853635243,201,
2024-04-16,1,17710.151524062225,17688.56,1,SL,-431.8304812444694,-441.8304812444694,241,
2024-04-18,-1,17476.331843675798,17491.32,1,BE,-299.7631264840311,-309.7631264840311,40,
2024-04-22,-1,17156.81,17133.907106481845,3,TP,1374.1736110893544,1359.1736110893544,13,
2024-04-22,-1,17151.527258527818,17176.75,2,SL,-1008.909658887278,-1028.909658887278,19,
2024-04-22,1,17140.0231016635,17121.91,1,SL,-362.2620332700171,-372.2620332700171,48,
2024-04-24,1,17614.03451487601,17583.24,1,SL,-615.8902975201636,-625.8902975201636,27,
2024-04-24,1,17594.85,17586.23,2,BE,-344.79999999995925,-364.79999999995925,45,
2024-04-25,-1,17210.54118062011,17227.45,1,SL,-338.1763875978504,-348.1763875978504,13,
2024-04-25,1,17225.523093430584,17278.280983705656,1,TP,1055.1578055014397,1050.1578055014397,119,
2024-04-30,1,17728.63419285025,17748.418666403893,2,TP,791.378942145675,781.378942145675,45,
2024-04-30,1,17730.25584544147,17705.26,2,SL,-999.8338176588004,-1019.8338176588004,60,
2024-04-30,-1,17749.797445158092,17721.77480198904,1,TP,560.4528633810696,555.4528633810696,84,
2024-04-30,1,17721.59302591278,17700.71,1,SL,-417.6605182556523,-427.6605182556523,94,
2024-05-01,-1,17386.89,17367.89112058584,2,TP,759.9551765664364,749.9551765664364,19,
2024-05-01,1,17365.55,17364.93,2,BE,-24.799999999959255,-44.799999999959255,25,
2024-05-01,-1,17371.901354076577,17344.429073049356,1,TP,549.4456205444294,544.4456205444294,99,
2024-05-01,1,17338.41,17318.87,1,SL,-390.80000000001746,-400.80000000001746,107,
2024-05-01,1,17335.868690660634,17311.12,1,SL,-494.9738132127095,-504.9738132127095,148,
2024-05-02,1,17362.25719727383,17419.000992572855,1,TP,1134.875905980516,1129.875905980516,88,
2024-05-06,1,17976.277543006996,17993.094175982234,2,TP,672.6653190095385,662.6653190095385,51,
2024-05-06,1,17980.296059017943,17996.09463437428,2,TP,631.9430142534839,621.9430142534839,113,
2024-05-06,-1,17996.11701230704,17997.98,2,BE,-74.51950771835982,-94.51950771835982,125,
2024-05-06,1,17983.391674543465,17972.23,2,SL,-446.46698173863115,-466.46698173863115,171,
2024-05-06,-1,17999.85532283109,18002.15,2,BE,-91.7870867565216,-111.7870867565216,208,
2024-05-07,1,18103.11,18120.438323471884,4,TP,1386.2658777507022,1366.2658777507022,17,
2024-05-07,-1,18125.17,18106.721852051585,4,TP,1475.8518358730362,1455.8518358730362,19,
2024-05-07,-1,18111.97786725918,18092.754816924647,2,TP,768.9220133812341,758.9220133812341,51,
2024-05-07,1,18092.755855246898,18109.139253720932,2,TP,655.3359389613615,645.3359389613615,79,
2024-05-09,-1,18072.11794421429,18038.80371533462,1,TP,666.2845775933965,661.2845775933965,49,
2024-05-13,-1,18203.319679730117,18211.69,1,BE,-167.40640539763262,-177.40640539763262,103,
2024-05-13,1,18188.05,18169.02,2,SL,-761.1999999999534,-781.1999999999534,217,
2024-05-14,1,18199.496708964205,18216.388378781867,2,TP,675.66679270647,665.66679270647,42,
2024-05-14,-1,18216.48023449219,18196.088686073388,2,TP,815.6619367521489,805.6619367521489,47,
2024-05-14,1,18195.826514832726,18216.10113290609,2,TP,810.9847229345178,800.9847229345178,52,
2024-05-14,1,18196.534178941016,18234.685485673486,1,TP,763.026134649408,758.026134649408,88,
2024-05-15,-1,18418.269525172353,18437.89,1,SL,-392.4094965529366,-402.4094965529366,51,
2024-05-16,1,18603.393601784424,18590.8,3,SL,-755.6161070655071,-785.6161070655071,38,
2024-05-16,1,18600.28,18615.76380809122,2,TP,619.3523236487817,609.3523236487817,49,
2024-05-16,1,18621.999976123752,18598.14,1,SL,-477.19952247505717,-487.19952247505717,233,
2024-05-16,1,18606.26,18593.47,1,SL,-255.7999999999447,-265.7999999999447,235,
2024-05-21,1,18609.291854590694,18598.08,2,SL,-448.4741836276953,-468.4741836276953,17,
2024-05-21,1,18604.655561147738,18623.091408378103,2,TP,737.4338892145897,727.4338892145897,22,
2024-05-21,-1,18625.93,18638.58,3,SL,-759.0000000000873,-789.0000000000873,34,
2024-05-22,-1,18737.76725303936,18747.51,2,SL,-389.7098784254922,-409.7098784254922,23,
2024-05-22,1,18727.801987537514,18741.983220482274,2,TP,567.2493177904107,557.2493177904107,45,
2024-05-22,-1,18744.14,18728.462821506353,3,TP,940.6307096187811,925.6307096187811,52,
2024-05-22,1,18728.01,18726.87,3,BE,-68.39999999996508,-98.39999999996508,75,
2024-05-22,-1,18740.299873308013,18750.41,3,SL,-606.6076015192084,-636.6076015192084,96,
2024-05-22,1,18731.627710837518,18747.585678459727,2,TP,638.3187048883701,628.3187048883701,158,
2024-05-22,-1,18747.614073224828,18732.02668384868,2,TP,623.495575045963,613.495575045963,186,
2024-05-23,1,18801.85823054698,18777.52,1,SL,-486.76461093957187,-496.76461093957187,82,
2024-05-29,1,18723.013751636325,18736.159054821863,3,TP,788.7181911322841,773.7181911322841,16,
2024-05-30,1,18663.538037448496,18684.576637367307,1,TP,420.77199837622175,415.77199837622175,36,
2024-06-03,1,18668.74023601448,18640.07,2,SL,-1146.8094405792363,-1166.8094405792363,22,
2024-06-03,1,18632.37,18634.61,1,SL,44.800000000032014,34.800000000032014,26,
2024-06-04,1,18560.52,18547.98,2,SL,-501.6000000000349,-521.6000000000349,27,
2024-06-04,-1,18579.38784249986,18607.15,1,SL,-555.2431500028615,-565.2431500028615,32,
2024-06-04,-1,18597.25,18555.418173345362,4,TP,3346.546132371004,3326.546132371004,36,
2024-06-04,1,18547.8,18529.17,2,SL,-745.2000000000407,-765.2000000000407,45,
2024-06-04,-1,18578.07130472771,18597.93,1,SL,-397.17390544581576,-407.17390544581576,72,
2024-06-04,1,18550.29563224219,18548.53,1,BE,-35.3126448437979,-45.3126448437979,104,
2024-06-04,-1,18581.470438558423,18550.017476513636,1,TP,629.0592408957309,624.0592408957309,120,
2024-06-04,1,18549.924034862866,18532.17,1,SL,-355.0806972573628,-365.0806972573628,127,
2024-06-04,-1,18573.06937872557,18590.78,1,SL,-354.2124254885857,-364.2124254885857,197,
2024-06-05,-1,18791.92,18797.73,3,BE,-348.6000000000786,-378.6000000000786,16,
2024-06-05,1,18781.38424467521,18795.38362635598,3,TP,839.9629008461488,824.9629008461488,21,
2024-06-05,1,18783.790366187022,18800.68724531469,2,TP,675.8751651066996,665.8751651066996,31,
2024-06-05,1,18785.39708374577,18800.037171582844,2,TP,585.603513482929,575.603513482929,51,
2024-06-05,-1,18802.74,18817.2,3,SL,-867.5999999999476,-897.5999999999476,54,
2024-06-06,1,19054.363821536113,19039.88,3,SL,-869.0292921667424,-899.0292921667424,16,
2024-06-10,1,18965.92928546483,18953.18,3,BE,-764.9571278897929,-794.9571278897929,17,
2024-06-10,1,18956.9,18978.56514162956,2,TP,866.6056651822873,856.6056651822873,27,
2024-06-10,-1,18976.55052828043,18983.95,2,BE,-295.97886878284044,-315.97886878284044,51,
2024-06-11,1,19033.078930504937,18986.93,2,SL,-1845.9572201974515,-1865.9572201974515,18,
2024-06-13,1,19606.298785776537,19626.2976837957,2,TP,799.9559207665152,789.9559207665152,17,
2024-06-13,1,19609.108644490516,19596.29,2,SL,-512.7457796205999,-532.7457796205999,28,
2024-06-17,-1,19672.057631095853,19698.75,1,SL,-533.8473780829372,-543.8473780829372,41,
2024-06-17,1,19653.940869739963,19689.032270167507,1,TP,701.8280085508741,696.8280085508741,63,
2024-06-18,1,19907.468135642,19889.14,2,SL,-733.1254256800457,-753.1254256800457,20,
2024-06-18,-1,19917.741876626646,19895.836084680217,2,TP,876.2316778571403,866.2316778571403,29,
2024-06-18,-1,19915.68049085364,19896.728938405086,2,TP,758.0620979421656,748.0620979421656,49,
2024-06-18,1,19894.35,19884.44,2,BE,-396.3999999999942,-416.3999999999942,73,
2024-06-18,-1,19905.363213144843,19927.89,1,SL,-450.53573710312776,-460.53573710312776,233,
2024-06-20,-1,19951.95,19975.21,1,SL,-465.199999999968,-475.199999999968,15,
2024-06-24,1,19638.45,19629.6,4,SL,-708.0000000001746,-748.0000000001746,13,
2024-06-24,-1,19662.145779207287,19685.42,1,SL,-465.4844158542255,-475.4844158542255,31,
2024-06-24,1,19642.854446276393,19602.32,1,SL,-810.6889255278656,-820.6889255278656,74,
2024-06-25,-1,19557.08936302148,19572.37,2,SL,-611.2254791407031,-631.2254791407031,14,
2024-06-25,-1,19562.74997874807,19580.54,1,SL,-355.8004250386148,-365.8004250386148,18,
2024-06-26,-1,19679.541739795368,19693.86,3,SL,-859.0956122779608,-889.0956122779608,16,
2024-06-26,1,19699.7684043557,19732.72338126138,1,TP,659.09953811366,654.09953811366,75,
2024-06-26,1,19702.235594538804,19676.8,1,SL,-508.71189077610325,-518.7118907761032,101,
2024-06-26,-1,19733.309939058323,19696.19476038151,1,TP,742.3035735362646,737.3035735362646,198,
2024-06-27,1,19794.273142563863,19779.43,1,SL,-296.8628512772557,-306.8628512772557,22,
2024-06-27,1,19762.54,19818.659119460903,1,TP,1122.3823892180371,1117.3823892180371,32,
2024-06-27,1,19790.700296179228,19752.47,1,SL,-764.6059235845314,-774.6059235845314,81,
2024-07-01,1,19640.443082377307,19596.37,1,SL,-881.4616475461662,-891.4616475461662,44,
2024-07-01,-1,19691.062680526884,19635.77459213307,1,TP,1105.7617678762472,1100.7617678762472,83,
2024-07-02,1,19802.63407765709,19784.01,1,SL,-372.4815531418426,-382.4815531418426,43,
2024-07-02,-1,19830.554916102465,19854.13,1,SL,-471.50167795072775,-481.50167795072775,71,
2024-07-08,-1,20402.588103156006,20419.26,2,BE,-666.8758737597091,-686.8758737597091,21,
2024-07-08,1,20389.330709426777,20408.295768478944,2,TP,758.6023620866763,748.6023620866763,36,
2024-07-08,-1,20408.360065127006,20411.8,2,BE,-137.5973949197214,-157.5973949197214,47,
2024-07-08,1,20390.89645769992,20380.27,2,SL,-425.0583079968055,-445.0583079968055,51,
2024-07-08,1,20382.33,20387.39,4,BE,404.79999999981374,364.79999999981374,64,
2024-07-09,-1,20522.070878311286,20534.93,2,SL,-514.3648675485747,-534.3648675485747,28,
2024-07-09,-1,20529.78,20506.252030211865,4,TP,1882.2375830507372,1862.2375830507372,36,
2024-07-09,1,20493.7,20524.43639990011,1,TP,614.7279980021995,609.7279980021995,41,
2024-07-09,-1,20529.31,20537.25,3,SL,-476.3999999999214,-506.3999999999214,49,
2024-07-09,1,20507.391302711705,20487.43,2,SL,-798.452108468191,-818.452108468191,56,
2024-07-09,1,20470.28,20486.02,1,SL,314.800000000032,304.800000000032,59,
2024-07-10,-1,20523.81172067654,20533.33,2,SL,-380.7311729385401,-400.7311729385401,15,
2024-07-10,-1,20540.43,20551.82,4,SL,-911.1999999999534,-951.1999999999534,20,
2024-07-10,1,20526.259244941302,20509.06,1,SL,-343.98489882602007,-353.98489882602007,86,
2024-07-11,-1,20664.338852176134,20644.11394458326,2,TP,808.9963037149573,798.9963037149573,18,
2024-07-15,1,20414.27110485288,20399.02,1,SL,-305.02209705759014,-315.02209705759014,15,
2024-07-15,1,20395.05,20385.72,3,SL,-559.7999999998865,-589.7999999998865,17,
2024-07-15,-1,20436.139035754746,20461.37,1,SL,-504.6192849050567,-514.6192849050567,35,
2024-07-16,1,20443.868562525997,20428.56,2,SL,-612.3425010398205,-632.3425010398205,18,
2024-07-16,1,20417.63,20400.28,4,SL,-1388.0000000001746,-1428.0000000001746,20,
2024-07-18,-1,19896.76085998589,19863.886709819406,1,TP,657.4830033296894,652.4830033296894,51,
2024-07-22,1,19753.39187353389,19720.71,1,SL,-653.637470677786,-663.637470677786,40,
2024-07-22,1,19747.91844944138,19708.65,1,SL,-785.3689888275403,-795.3689888275403,107,
2024-07-23,1,19808.45293631481,19837.270059824103,1,TP,576.3424701858457,571.3424701858457,37,
2024-07-23,1,19815.37750481954,19808.03,1,BE,-146.95009639079217,-156.95009639079217,75,
2024-07-23,-1,19845.78012716348,19873.13,1,SL,-546.9974567303871,-556.9974567303871,105,
2024-07-23,1,19811.80218385971,19765.21,1,SL,-931.8436771941924,-941.8436771941924,208,
2024-07-25,-1,19022.58,18976.701502138963,1,TP,917.5699572207668,912.5699572207668,15,
2024-07-29,1,19148.14924221958,19122.65,1,SL,-509.98484439158347,-519.9848443915835,44,
2024-07-30,1,19132.32293874,19112.93,2,SL,-775.71754959994,-795.71754959994,15,
2024-07-30,1,19089.3,19093.99,1,SL,93.80000000004657,83.80000000004657,18,
2024-07-31,-1,19255.27,19184.57215609611,1,TP,1413.9568780778063,1408.9568780778063,14,
2024-07-31,1,19276.316884545475,19243.72,1,SL,-651.9376909094717,-661.9376909094717,242,
2024-08-01,1,19437.357097854652,19422.13,1,BE,-304.5419570930244,-314.5419570930244,47,
2024-08-06,-1,17989.821050999974,18044.32,1,SL,-1089.9789800005237,-1099.9789800005237,27,
2024-08-07,1,18377.46723421185,18400.100276193236,2,TP,905.3216792554304,895.3216792554304,13,
2024-08-07,1,18387.22608758269,18412.98041556588,1,TP,515.0865596637595,510.08655966375954,30,
2024-08-07,1,18384.94,18417.892999583393,1,TP,659.0599916678912,654.0599916678912,39,
2024-08-07,1,18388.20260964895,18341.64,1,SL,-931.2521929790091,-941.2521929790091,49,
2024-08-07,1,18332.61,18339.64,1,SL,140.59999999997672,130.59999999997672,57,
2024-08-07,-1,18415.30709261191,18360.792189870044,1,TP,1090.2980548373307,1085.2980548373307,107,
2024-08-07,1,18360.630197485236,18287.89,1,SL,-1454.8039497047284,-1464.8039497047284,135,
2024-08-08,-1,18088.992844907392,18152.22,1,SL,-1264.5431018521776,-1274.5431018521776,33,
2024-08-12,-1,18520.72600392199,18549.96,1,SL,-584.6799215601641,-594.6799215601641,44,
2024-08-12,1,18521.702335225982,18623.639659552864,1,TP,2038.7464865376387,2033.7464865376387,151,
2024-08-13,1,18741.04,18763.79959916376,4,TP,1820.7679331008694,1800.7679331008694,14,
2024-08-13,1,18773.294397280482,18800.409071154776,1,TP,542.2934774858732,537.2934774858732,66,
2024-08-14,-1,18965.21018593221,18999.63,1,SL,-688.3962813558173,-698.3962813558173,116,
2024-08-19,-1,19510.219478439634,19524.34,2,SL,-564.8208624146355,-584.8208624146355,13,
2024-08-19,-1,19516.120792397036,19537.07,1,SL,-418.9841520592745,-428.9841520592745,19,
2024-08-19,1,19495.37225896644,19489.32,1,BE,-121.04517932879389,-131.0451793287939,32,
2024-08-19,-1,19520.912464674537,19493.12819725148,1,TP,555.6853484611202,550.6853484611202,46,
2024-08-19,1,19493.065440591814,19463.49,1,SL,-591.5088118362473,-601.5088118362473,48,
2024-08-19,1,19468.59,19446.29,1,SL,-445.99999999998545,-455.99999999998545,50,
2024-08-19,-1,19523.361513775286,19552.71,1,SL,-586.9697244942654,-596.9697244942654,82,
2024-08-20,1,19778.554912902,19739.8,1,SL,-775.0982580400159,-785.0982580400159,43,
2024-08-20,1,19749.29,19748.5,1,SL,-15.800000000017462,-25.800000000017462,46,
2024-08-21,-1,19772.18,19772.37,4,BE,-15.199999999895226,-55.199999999895226,15,
2024-08-21,1,19766.13793279615,19797.433704271316,1,TP,625.9154295032931,620.9154295032931,49,
2024-08-21,1,19770.618246426442,19800.56363996586,1,TP,598.9078707883891,593.9078707883891,66,
2024-08-21,1,19772.18373564229,19743.08,1,SL,-582.0747128457879,-592.0747128457879,83,
2024-08-21,1,19751.94,19731.52,1,SL,-408.3999999999651,-418.3999999999651,85,
2024-08-21,1,19722.18,19731.7,1,SL,190.40000000000873,180.40000000000873,87,
2024-08-22,-1,19909.448618482456,19889.118875332242,2,TP,813.189726008568,803.189726008568,29,
2024-08-26,1,19695.143321524847,19676.9,2,SL,-729.7328609938268,-749.7328609938268,14,
2024-08-26,1,19682.78,19669.4,2,SL,-535.1999999998952,-555.1999999998952,16,
2024-08-27,-1,19434.27736014502,19459.08,1,SL,-496.05279709961906,-506.05279709961906,23,
2024-08-27,-1,19479.04,19476.87,1,SL,43.400000000037835,33.400000000037835,25,
2024-08-28,-1,19522.11220997687,19485.60090993248,1,TP,730.2260008877784,725.2260008877784,70,
2024-08-29,1,19483.96140153584,19526.492632945192,1,TP,850.6246281870699,845.6246281870699,17,
2024-08-29,1,19503.45977227818,19555.753863371567,1,TP,1045.8818218677334,1040.8818218677334,62,
2024-08-29,1,19544.953705030683,19535.2,1,BE,-195.0741006136377,-205.0741006136377,271,
2024-09-04,1,18870.11678818305,18814.66,1,SL,-1109.1357636610337,-1119.1357636610337,31,
2024-09-04,1,18840.43,18916.52963569148,1,TP,1521.9927138296043,1516.9927138296043,38,
2024-09-04,-1,18917.07,18953.52,1,SL,-729.0000000000146,-739.0000000000146,41,
2024-09-05,1,18981.679165338977,18946.81,1,SL,-697.3833067795204,-707.3833067795204,90,
2024-09-09,1,18607.8234626197,18624.293369394658,2,TP,658.7962709982821,648.7962709982821,20,
2024-09-09,1,18620.236008097316,18601.58,1,SL,-373.12016194628086,-383.12016194628086,55,
2024-09-10,-1,18753.98928718411,18775.15,1,BE,-423.21425631780585,-433.21425631780585,39,
2024-09-10,1,18719.923499293374,18684.46,1,SL,-709.2699858675041,-719.2699858675041,44,
2024-09-10,-1,18753.700439084118,18703.23989784714,1,TP,1009.2108247395663,1004.2108247395663,74,
2024-09-10,1,18697.20665125071,18648.89,1,SL,-966.3330250142462,-976.3330250142462,141,
2024-09-10,-1,18728.955732435745,18790.32,1,SL,-1227.2853512850998,-1237.2853512850998,272,
2024-09-12,1,19224.543184277,19201.08,1,SL,-469.26368553999055,-479.26368553999055,18,
2024-09-12,1,19208.3,19187.38,1,SL,-418.3999999999651,-428.3999999999651,20,
2024-09-12,-1,19252.86995520803,19271.73,1,BE,-377.20089583941444,-387.20089583941444,43,
2024-09-16,-1,19373.026565544205,19389.59,1,BE,-331.26868911589554,-341.26868911589554,19,
2024-09-16,1,19371.715918688522,19341.96,1,SL,-595.118373770456,-605.118373770456,62,
2024-09-17,-1,19552.539324945094,19530.074431235444,1,TP,449.2978741929983,444.2978741929983,19,
2024-09-17,-1,19541.177959326855,19558.62,1,SL,-348.8408134628844,-358.8408134628844,43,
2024-09-17,1,19515.442154551496,19555.205821783526,1,TP,795.273344640591,790.273344640591,70,
2024-09-17,1,19520.24932303124,19513.69,1,BE,-131.18646062481275,-141.18646062481275,121,
2024-09-18,1,19442.169599256256,19413.82,2,SL,-1133.983970250265,-1153.983970250265,42,
2024-09-18,-1,19455.211982759163,19473.16,1,SL,-358.9603448167327,-368.9603448167327,74,
2024-09-18,1,19431.993835651938,19410.66,1,SL,-426.6767130387598,-436.6767130387598,111,
2024-09-19,-1,19817.34,19773.022510721243,4,TP,3545.3991423005937,3525.3991423005937,16,
2024-09-19,1,19772.777736851065,19743.37,1,SL,-588.154737021323,-598.154737021323,21,
2024-09-19,-1,19795.443096576928,19821.53,1,SL,-521.7380684614182,-531.7380684614182,48,
2024-09-23,-1,19840.076554715328,19821.059030779517,2,TP,760.7009574324184,750.7009574324184,16,
2024-09-23,-1,19840.505578346252,19852.49,2,SL,-479.376866149978,-499.376866149978,19,
2024-09-23,1,19825.091493105312,19853.712888152113,1,TP,572.427900936018,567.427900936018,31,
2024-09-23,1,19830.56024598774,19855.769286156767,1,TP,504.1808033805137,499.1808033805137,49,
2024-09-23,1,19835.59593365254,19861.75211649843,1,TP,523.1236569177418,518.1236569177418,73,
2024-09-23,1,19839.803476045625,19865.6027749823,1,TP,515.9859787335154,510.98597873351537,120,
2024-09-23,1,19842.348640859374,19822.69,1,SL,-393.17281718751474,-403.17281718751474,166,
2024-09-24,-1,19899.70898938437,19886.749504886346,3,TP,777.5690698814287,762.5690698814287,19,
2024-09-25,1,19942.52,19932.65,3,SL,-592.1999999999389,-622.1999999999389,13,
2024-09-25,1,19931.2,19970.479493827406,2,TP,1571.1797530962212,1561.1797530962212,18,
2024-09-25,-1,19971.36,19981.47,1,BE,-202.20000000001164,-212.20000000001164,25,
2024-09-25,1,19978.40264665935,19957.65,1,SL,-415.05293318696204,-425.05293318696204,157,
2024-09-30,1,20011.620408998384,19991.5,2,SL,-804.8163599353575,-824.8163599353575,30,
2024-09-30,1,19959.05235257446,20009.589807112265,1,TP,1010.7490907560714,1005.7490907560714,157,
2024-10-02,-1,19713.87242473816,19748.91,1,SL,-700.7515052367671,-710.7515052367671,33,
2024-10-03,1,19787.791734773575,19755.91,1,SL,-637.6346954714973,-647.6346954714973,53,
2024-10-03,1,19774.88,19740.04,1,SL,-696.8000000000029,-706.8000000000029,61,
2024-10-03,1,19771.029537744154,19732.51,1,SL,-770.3907548831194,-780.3907548831194,202,
2024-10-07,1,19928.45,19927.29,1,SL,-23.19999999999709,-33.19999999999709,15,
2024-10-07,-1,19949.927489078433,19924.49838707051,1,TP,508.5820401584351,503.5820401584351,38,
2024-10-07,-1,19949.545318499775,19969.2,1,SL,-393.0936300045141,-403.0936300045141,47,
2024-10-07,1,19934.365419120197,19970.48748725975,1,TP,722.441362791069,717.441362791069,118,
2024-10-07,-1,19970.782056446882,19940.498688941738,1,TP,605.6673501028854,600.6673501028854,194,
2024-10-07,1,19939.85987643207,19931.95,1,BE,-158.19752864139446,-168.19752864139446,273,
2024-10-08,1,19892.3184902114,19906.64272028913,2,TP,572.9692031090963,562.9692031090963,18,
2024-10-08,1,19989.657856299687,20039.361596427396,1,TP,994.0748025541689,989.0748025541689,271,
2024-10-09,-1,20090.54,20065.063491448906,1,TP,509.5301710219064,504.5301710219064,13,
2024-10-09,-1,20084.6756531226,20061.515382656282,1,TP,463.20540932632866,458.20540932632866,22,
2024-10-09,-1,20081.917057150356,20100.05,2,SL,-725.3177139857144,-745.3177139857144,37,
2024-10-10,1,20174.49467356126,20145.97,2,SL,-1140.9869424503995,-1160.9869424503995,18,
2024-10-10,-1,20190.61475964977,20215.63,1,SL,-500.3048070046498,-510.3048070046498,41,
2024-10-14,1,20425.766223351467,20461.271233308413,1,TP,710.1001991389057,705.1001991389057,59,
2024-10-14,1,20427.921288069443,20407.31,1,SL,-412.22576138883596,-422.22576138883596,83,
2024-10-15,1,20447.26829752207,20433.63,2,SL,-545.5319008827792,-565.5319008827792,21,
2024-10-15,-1,20460.631955544744,20479.4,2,SL,-750.7217782102816,-770.7217782102816,26,
2024-10-15,-1,20463.288395514697,20468.53,2,BE,-209.664179412066,-229.664179412066,35,
2024-10-15,1,20446.409632803658,20427.48,2,SL,-757.1853121463209,-777.1853121463209,41,
2024-10-16,-1,20107.308597364703,20132.15,1,SL,-496.82805270596873,-506.82805270596873,44,
2024-10-16,-1,20139.40138963161,20143.12,1,BE,-74.37220736777817,-84.37220736777817,205,
2024-10-17,-1,20326.844606809474,20274.012419637667,1,TP,1056.6437434361433,1051.6437434361433,27,
2024-10-17,1,20273.099178565153,20224.4,1,SL,-973.9835713030334,-983.9835713030334,32,
2024-10-21,1,20319.477274995126,20292.52,1,SL,-539.1454999025154,-549.1454999025154,70,
2024-10-22,-1,20333.646532152063,20363.47,1,SL,-596.4693569587689,-606.4693569587689,246,
2024-10-23,-1,20293.645945300257,20275.508257519232,2,TP,725.5075112410123,715.5075112410123,15,
2024-10-23,1,20270.56,20271.54,4,BE,78.39999999996508,38.399999999965075,21,
2024-10-23,-1,20290.479057676803,20275.4954506094,2,TP,599.3442826961109,589.3442826961109,30,
2024-10-23,-1,20280.658343860545,20243.640883119373,1,TP,740.3492148234363,735.3492148234363,90,
2024-10-24,1,20176.12070462397,20161.46,2,BE,-586.428184958786,-606.428184958786,17,
2024-10-24,1,20174.380960185295,20150.7,2,SL,-947.2384074117872,-967.2384074117872,19,
2024-10-24,-1,20191.847948482926,20219.1,1,SL,-545.0410303414537,-555.0410303414537,33,
2024-10-24,1,20173.913678597448,20199.735536920307,1,TP,516.4371664571809,511.43716645718087,63,
2024-10-24,-1,20203.29,20215.19,2,SL,-475.9999999999127,-495.9999999999127,67,
2024-10-24,1,20175.792716026008,20202.64183340558,1,TP,536.9823475914745,531.9823475914745,104,
2024-10-24,-1,20205.29,20174.500784801054,1,TP,615.7843039789441,610.7843039789441,130,
2024-10-28,-1,20437.375640202925,20453.37,1,SL,-319.8871959414828,-329.8871959414828,57,
2024-10-28,1,20422.402704082655,20403.7,1,SL,-374.0540816530847,-384.0540816530847,93,
2024-10-29,-1,20327.16807718569,20340.76,2,SL,-543.676912572264,-563.676912572264,14,
2024-10-29,-1,20345.03,20364.49,2,SL,-778.4000000001106,-798.4000000001106,16,
2024-10-30,-1,20487.60414184868,20525.57,1,SL,-759.317163026426,-769.317163026426,35,
2024-10-30,-1,20538.086263611167,20488.630434710154,1,TP,989.1165780202573,984.1165780202573,238,
2024-11-04,-1,19968.49484853491,19990.02,1,SL,-430.50302930183534,-440.50302930183534,15,
2024-11-04,-1,20003.85,20022.8,1,SL,-379.00000000001455,-389.00000000001455,32,
2024-11-05,1,20081.564777611584,20100.430833731356,2,TP,754.6422447908844,744.6422447908844,15,
2024-11-05,-1,20165.992786260333,20190.39,1,SL,-487.94427479333535,-497.94427479333535,115,
2024-11-06,1,20603.218399154397,20573.82,1,SL,-587.9679830879468,-597.9679830879468,18,
2024-11-06,1,20560.06,20545.67,2,SL,-575.6000000001222,-595.6000000001222,21,
2024-11-06,-1,20629.033484321633,20674.31,1,SL,-905.5303135673603,-915.5303135673603,59,
2024-11-12,-1,21124.227618634606,21142.21,1,SL,-359.6476273078588,-369.6476273078588,28,
2024-11-12,1,21102.76515821343,21083.89,1,SL,-377.5031642686372,-387.5031642686372,35,
2024-11-12,1,21085.9,21080.56,4,SL,-427.20000000001164,-467.20000000001164,37,
2024-11-12,1,21095.497062208342,21087.96,1,BE,-150.74124416685663,-160.74124416685663,85,
2024-11-13,-1,21065.410659285822,21047.447690799596,2,TP,718.518739449064,708.518739449064,16,
2024-11-18,1,20430.079612637554,20416.73,2,SL,-533.9845055021578,-553.9845055021578,19,
2024-11-18,1,20423.482964173152,20443.173552038934,1,TP,393.81175731563417,388.81175731563417,31,
2024-11-18,-1,20443.60433620275,20463.0,1,SL,-387.91327594502945,-397.91327594502945,33,
2024-11-18,-1,20462.91,20484.34,4,SL,-1714.4000000000233,-1754.4000000000233,35,
2024-11-19,1,20450.750308569834,20477.814212818383,1,TP,541.2780849709816,536.2780849709816,22,
2024-11-19,1,20448.36659437241,20477.358266430365,1,TP,579.8334411590622,574.8334411590622,28,
2024-11-19,-1,20476.82105565819,20478.56,1,BE,-34.77888683621131,-44.77888683621131,50,
2024-11-20,-1,20559.00719327043,20608.45,1,SL,-988.8561345914059,-998.8561345914059,145,
2024-11-25,1,20929.49015661619,20902.15,1,SL,-546.8031323237665,-556.8031323237665,22,
2024-11-25,1,20901.24,20860.82,2,SL,-1616.8000000000757,-1636.8000000000757,24,
2024-11-25,1,20831.73513966365,20784.12,1,SL,-952.3027932730474,-962.3027932730474,163,
2024-11-26,1,20883.5,20910.91171002784,4,TP,2192.936802227341,2172.936802227341,15,
2024-11-26,1,20897.44888973979,20881.61,1,SL,-316.7777947957802,-326.7777947957802,27,
2024-11-26,1,20892.6655778719,20883.65,1,BE,-180.31155743796262,-190.31155743796262,41,
2024-11-26,-1,20910.53123192762,20876.536212685758,1,TP,679.9003848372377,674.9003848372377,103,
2024-11-26,1,20876.450184209127,20858.56,1,SL,-357.80368418250873,-367.80368418250873,139,
2024-11-27,-1,20819.662920827035,20824.15,3,BE,-269.22475037797994,-299.22475037797994,17,
2024-11-27,-1,20822.990296567943,20807.5491671529,2,TP,617.6451766016544,607.6451766016544,21,
2024-11-27,1,20797.87,20792.13,4,SL,-459.199999999837,-499.199999999837,24,
2024-12-02,1,21089.770466742157,21116.262908878467,1,TP,529.8488427262055,524.8488427262055,97,
2024-12-03,1,21137.199598647636,21127.01,2,SL,-407.5839459054987,-427.5839459054987,57,
2024-12-03,-1,21156.718473161658,21130.325650365176,1,TP,527.8564559296501,522.8564559296501,75,
2024-12-03,-1,21156.12097798709,21174.0,1,SL,-357.5804402581707,-367.5804402581707,96,
2024-12-03,-1,21168.521257556724,21186.26,1,SL,-354.77484886549064,-364.77484886549064,208,
2024-12-04,-1,21367.883727045642,21378.16,2,SL,-411.0509181742964,-431.0509181742964,21,
2024-12-04,1,21354.243635147985,21375.823161547916,2,TP,863.1810559972655,853.1810559972655,35,
2024-12-05,1,21474.86,21492.496521101686,4,TP,1410.9216881348402,1390.9216881348402,16,
2024-12-05,1,21464.01579168476,21482.21758673711,2,TP,728.0718020940549,718.0718020940549,75,
2024-12-05,-1,21477.73439709437,21490.01,2,SL,-491.0241162251623,-511.0241162251623,114,
2024-12-05,1,21464.80797052619,21442.72,1,SL,-441.7594105238095,-451.7594105238095,234,
2024-12-09,-1,21585.614395353557,21600.93,1,SL,-306.31209292885615,-316.31209292885615,18,
2024-12-10,1,21497.465438659856,21479.0,1,SL,-369.30877319711726,-379.30877319711726,28,
2024-12-10,-1,21527.77727496157,21551.79,1,SL,-480.2545007686422,-490.2545007686422,38,
2024-12-10,1,21506.535792448823,21500.02,1,BE,-130.31584897646098,-140.31584897646098,81,
2024-12-12,-1,21652.340615493846,21640.734667003766,3,TP,696.3569094047853,681.3569094047853,13,
2024-12-12,-1,21652.34045910458,21658.95,3,SL,-396.57245372523903,-426.57245372523903,15,
2024-12-12,1,21640.169131214083,21632.69,3,BE,-448.74787284505146,-478.74787284505146,21,
2024-12-12,-1,21654.31,21639.725232567853,3,TP,875.0860459289106,860.0860459289106,24,
2024-12-12,1,21639.753512429583,21652.36736684456,3,TP,756.8312648985739,741.8312648985739,29,
2024-12-12,-1,21656.38,21640.211588406797,4,TP,1293.4729274563142,1273.4729274563142,32,
2024-12-12,1,21640.112583267175,21652.53391639318,3,TP,745.2799875602068,730.2799875602068,34,
2024-12-12,1,21640.74974692996,21622.19,3,SL,-1113.584815797658,-1143.584815797658,40,
2024-12-12,-1,21654.506462377325,21673.2,1,SL,-373.870752453513,-383.870752453513,56,
2024-12-12,1,21647.282556275102,21687.424709589723,1,TP,802.8430662924075,797.8430662924075,159,
2024-12-16,1,21890.904239365544,21917.62637276462,1,TP,534.4426679814933,529.4426679814933,17,
2024-12-16,1,21914.70842199117,21952.66042222575,1,TP,759.0400046915602,754.0400046915602,54,
2024-12-17,-1,21999.27,22013.39,4,SL,-1129.5999999999185,-1169.5999999999185,14,
2024-12-17,1,21985.048497677537,21961.98,1,SL,-461.3699535507476,-471.3699535507476,32,
2024-12-18,-1,21950.13021673313,21975.37,1,SL,-504.7956653373694,-514.7956653373694,25,
2024-12-18,1,21968.216520533595,21945.56,1,SL,-453.1304106718744,-463.1304106718744,112,
2024-12-19,-1,21389.111110977145,21336.44652244998,1,TP,1053.291770543292,1048.291770543292,14,
2024-12-19,1,21295.078373075896,21263.39,1,SL,-633.7674615179276,-643.7674615179276,54,
2024-12-19,-1,21310.146007132324,21241.375598296392,1,TP,1375.408176718629,1370.408176718629,166,
2024-12-23,1,21381.842776247973,21361.87,2,SL,-798.9110499189701,-818.9110499189701,15,
2024-12-23,-1,21349.32550376519,21395.24,1,SL,-918.2899246962188,-928.2899246962188,132,
2024-12-26,1,21738.334706717807,21719.09,2,SL,-769.788268712291,-789.788268712291,20,
2024-12-26,1,21699.6,21745.397078532413,1,TP,915.9415706482832,910.9415706482832,54,
2024-12-26,-1,21747.05,21773.59,1,SL,-530.8000000000175,-540.8000000000175,68,
2024-12-30,-1,21125.147567990287,21149.09,1,SL,-478.8486401942646,-488.8486401942646,70,
2024-12-30,-1,21144.48,21156.86,3,SL,-742.8000000000611,-772.8000000000611,75,
2024-12-31,-1,21239.011886260098,21197.417157958935,1,TP,831.8945660232566,826.8945660232566,37,
2024-12-31,1,21166.74,21158.86,1,SL,-157.60000000002037,-167.60000000002037,39,
2024-12-31,-1,21231.853534054284,21182.39479099938,1,TP,989.1748610980721,984.1748610980721,64,
2024-12-31,1,21182.089891291118,21177.85,1,BE,-84.7978258223884,-94.7978258223884,75,
2025-01-02,-1,21085.161520730624,21110.45,1,SL,-505.7695853875339,-515.7695853875339,45,
2025-01-06,1,21598.316554444467,21624.407539074044,1,TP,521.8196925915254,516.8196925915254,84,
2025-01-07,-1,21581.591002477933,21607.97,1,BE,-527.579950441359,-537.579950441359,23,
2025-01-07,1,21550.007926805396,21523.56,1,SL,-528.9585361078935,-538.9585361078935,29,
2025-01-08,-1,21169.371306454053,21134.05195208113,1,TP,706.3870874584973,701.3870874584973,16,
2025-01-08,-1,21169.276731004455,21190.92,1,SL,-432.86537991087243,-442.86537991087243,22,
2025-01-08,1,21136.371738411057,21113.38,1,SL,-459.834768221117,-469.834768221117,24,
2025-01-08,1,21132.56267596836,21171.099320269022,1,TP,770.7328860132839,765.7328860132839,30,
2025-01-08,-1,21180.48,21203.63,2,SL,-926.0000000000582,-946.0000000000582,33,
2025-01-08,1,21137.88941692824,21077.67,1,SL,-1204.3883385648223,-1214.3883385648223,44,
2025-01-08,-1,21173.06894239459,21173.01,1,BE,1.1788478918606415,-8.821152108139358,83,
2025-01-08,1,21109.294577293953,21171.401784209924,1,TP,1242.1441383194178,1237.1441383194178,111,
2025-01-13,-1,20586.70006507367,20548.15,1,SL,771.0013014733704,761.0013014733704,27,
2025-01-13,-1,20604.3,20604.3,3,SL,-0.0,-30.0,29,
2025-01-13,-1,20613.29,20609.38,2,SL,156.39999999999418,136.39999999999418,47,
2025-01-13,1,20582.82363724132,20639.139131105585,1,TP,1126.3098772853118,1121.3098772853118,136,
2025-01-13,1,20587.160095450767,20654.839548529777,1,TP,1353.5890615802055,1348.5890615802055,259,
2025-01-14,1,20910.26151292937,20879.28,1,SL,-619.6302585874218,-629.6302585874218,23,
2025-01-14,-1,20934.347630313896,20862.67549178444,1,TP,1433.4427705890994,1428.4427705890994,58,
2025-01-15,-1,21134.76,21138.16,4,SL,-272.0000000001164,-312.0000000001164,17,
2025-01-16,-1,21250.5619061221,21273.69,1,SL,-462.5618775579642,-472.5618775579642,92,
2025-01-16,1,21216.47083091015,21166.88,1,SL,-991.8166182030109,-1001.8166182030109,133,
2025-01-21,-1,21553.171519763662,21543.04462709795,4,TP,810.1514132571174,790.1514132571174,13,
2025-01-21,1,21481.117350565255,21466.68,1,SL,-288.74701130509493,-298.74701130509493,49,
2025-01-22,1,21838.26921461081,21870.17713736816,1,TP,638.158455146986,633.158455146986,96,
2025-01-22,1,21866.347442929946,21864.49,1,BE,-37.148858598884544,-47.148858598884544,237,
2025-01-23,1,21742.822430402965,21771.803254010825,1,TP,579.6164721572131,574.6164721572131,66,
2025-01-27,1,21137.901394483233,21123.86,1,SL,-280.8278896646516,-290.8278896646516,99,
2025-01-27,-1,21183.5225822495,21205.46,1,SL,-438.74835500995687,-448.74835500995687,117,
2025-01-28,-1,21115.25122878568,21138.15,1,SL,-457.97542428641464,-467.97542428641464,26,
2025-01-28,-1,21154.45,21179.96,1,SL,-510.199999999968,-520.199999999968,31,
2025-01-29,-1,21428.562233325873,21403.14492625589,1,TP,508.34614139967016,503.34614139967016,24,
2025-01-29,-1,21426.650809902367,21433.67,1,BE,-140.38380195263017,-150.38380195263017,38,
2025-01-29,1,21399.751819155936,21396.17,1,BE,-71.6363831187482,-81.6363831187482,47,
2025-01-29,1,21395.92,21431.022347123304,1,TP,702.0469424661133,697.0469424661133,54,
2025-01-29,-1,21406.29053292375,21410.71,1,BE,-88.38934152496222,-98.38934152496222,172,
2025-01-30,-1,21532.394044863297,21549.06,1,SL,-333.3191027340945,-343.3191027340945,17,
2025-01-30,1,21516.198058359387,21480.95,1,SL,-704.961167187721,-714.961167187721,33,
2025-01-30,1,21463.24,21456.72,1,SL,-130.40000000000873,-140.40000000000873,38,
2025-02-03,1,21120.419108696657,21122.57,1,SL,43.017826066861744,33.017826066861744,33,
2025-02-03,1,21098.61,21094.67,2,SL,-157.60000000009313,-177.60000000009313,47,
2025-02-03,-1,21128.866204200986,21119.96,1,SL,178.1240840197279,168.1240840197279,109,
2025-02-03,-1,21194.96,21194.96,1,SL,-0.0,-10.0,111,
2025-02-04,1,21489.94344334277,21455.58,1,SL,-687.2688668553747,-697.2688668553747,180,
2025-02-05,1,21455.279882527506,21474.953805086796,2,TP,786.9569023716031,776.9569023716031,30,
2025-02-05,-1,21492.61,21492.09,1,SL,10.400000000008731,0.40000000000873115,32,
2025-02-05,-1,21471.883989619586,21494.35,1,SL,-449.32020760825253,-459.32020760825253,73,
2025-02-06,1,21667.95932991138,21696.43381630596,1,TP,569.4897278915596,564.4897278915596,38,
2025-02-06,-1,21714.561512772525,21678.14428504839,1,TP,728.3445544826827,723.3445544826827,69,
2025-02-06,1,21665.82,21672.03,2,BE,248.39999999996508,228.39999999996508,76,
2025-02-10,1,21664.989368239618,21661.71,1,BE,-65.58736479237268,-75.58736479237268,22,
2025-02-10,1,21723.472123699765,21767.270100584814,1,TP,875.9595377009828,870.9595377009828,205,
2025-02-11,1,21682.7760352489,21702.093772238117,2,TP,772.7094795687299,762.7094795687299,39,
2025-02-11,1,21711.121731271636,21692.67,1,SL,-369.03462543275964,-379.03462543275964,151,
2025-02-12,1,21527.24929770868,21498.8,1,SL,-568.9859541736223,-578.9859541736223,43,
2025-02-12,-1,21577.31808883795,21611.67,1,SL,-687.0382232409611,-697.0382232409611,53,
2025-02-13,1,21765.01,21828.364127465815,1,TP,1267.0825493163284,1262.0825493163284,26,
2025-02-13,-1,21829.411477136648,21861.63,1,SL,-644.3704572670686,-654.3704572670686,33,
2025-02-18,1,22162.30328574082,22176.436567113386,2,TP,565.3312549025577,555.3312549025577,20,
2025-02-18,-1,22176.21528873778,22161.81683319823,2,TP,575.9382215820369,565.9382215820369,22,
2025-02-18,-1,22175.692430246178,22162.435605117662,3,TP,795.4095077109378,780.4095077109378,26,
2025-02-19,1,22113.52,22091.83,1,SL,-433.7999999999738,-443.7999999999738,20,
2025-02-19,-1,22107.033211000296,22122.26,1,BE,-304.53577999403933,-314.53577999403933,77,
2025-02-20,-1,22132.629398280184,22112.40319056382,2,TP,809.048308654601,799.048308654601,14,
2025-02-24,-1,21536.53702541908,21556.56,1,BE,-400.45949161845783,-410.45949161845783,136,
2025-02-25,-1,21124.730146119262,21150.75,1,BE,-520.3970776147617,-530.3970776147617,193,
2025-02-26,1,21156.726028365898,21190.9697658134,1,TP,684.8747489500238,679.8747489500238,17,
2025-02-26,1,21261.350605410007,21230.16,1,SL,-623.8121082001453,-633.8121082001453,202,
2025-03-03,1,20940.03,20909.64,1,SL,-607.7999999999884,-617.7999999999884,14,
2025-03-03,-1,20922.70710572514,20822.23808874028,1,TP,2009.3803396972362,2004.3803396972362,88,
2025-03-03,-1,20924.01660197553,20823.109349059087,1,TP,2018.1450583288824,2013.1450583288824,127,
2025-03-04,1,20254.53986934771,20325.952133995044,1,TP,1428.2452929466672,1423.2452929466672,16,
2025-03-04,1,20254.228788741453,20193.39,1,SL,-1216.775774829075,-1226.775774829075,30,
2025-03-05,-1,20395.99,20332.151215925503,1,TP,1276.7756814899622,1271.7756814899622,17,
2025-03-05,1,20330.890932917013,20299.17,1,BE,-634.4186583402916,-644.4186583402916,25,
2025-03-05,-1,20382.631113803043,20447.22,1,SL,-1291.777723939158,-1301.777723939158,38,
2025-03-05,1,20319.147051527772,20396.56464666743,1,TP,1548.351902793147,1543.351902793147,69,
2025-03-05,1,20311.92892367357,20395.395105294847,1,TP,1669.3236324255122,1664.3236324255122,88,
2025-03-05,1,20314.34820591885,20239.5,1,SL,-1496.964118377,-1506.964118377,102,
2025-03-06,1,20224.805592662866,20255.41440055862,1,TP,612.1761579150916,607.1761579150916,18,
2025-03-06,1,20231.5422113724,20268.143157019145,1,TP,732.0189129348728,727.0189129348728,31,
2025-03-06,1,20317.148571313028,20270.05,1,SL,-941.9714262605703,-951.9714262605703,141,
2025-03-10,-1,19832.25854860382,19791.825716158837,1,TP,808.6566488996323,803.6566488996323,18,
2025-03-10,1,19791.143611000192,19776.68,1,BE,-289.27222000384063,-299.27222000384063,22,
2025-03-10,1,19770.98,19751.45,2,SL,-781.1999999999534,-801.1999999999534,24,
2025-03-11,1,19449.734583808895,19519.626893773955,1,TP,1397.8461993012024,1392.8461993012024,31,
2025-03-11,1,19453.193541367556,19402.64,1,SL,-1011.0708273511409,-1021.0708273511409,34,
2025-03-11,1,19359.85,19376.15,1,SL,326.0000000000582,316.0000000000582,36,
2025-03-11,-1,19471.67966013806,19496.77,1,BE,-501.8067972388235,-511.8067972388235,131,
2025-03-12,1,19655.672239360712,19631.02,1,BE,-493.0447872142395,-503.0447872142395,20,
2025-03-13,-1,19539.832079149706,19507.90166095702,1,TP,638.6083638537093,633.6083638537093,13,
2025-03-13,-1,19492.16166294058,19404.682744041445,1,TP,1749.5783779826888,1744.5783779826888,72,
2025-03-17,1,19751.08951823278,19800.758405102846,1,TP,993.3777374013152,988.3777374013152,48,
2025-03-17,-1,19800.931880239124,19746.657240953253,1,TP,1085.4927857174334,1080.4927857174334,62,
2025-03-17,1,19745.522541396247,19737.76,1,SL,-155.25082792497415,-165.25082792497415,67,
2025-03-17,1,19737.38430953633,19706.52,1,SL,-617.2861907265906,-627.2861907265906,121,
2025-03-18,-1,19504.223094677698,19535.39,1,SL,-623.3381064460264,-633.3381064460264,183,
2025-03-18,-1,19517.51274151483,19528.69,1,BE,-223.5451697033568,-233.5451697033568,224,
2025-03-19,-1,19574.179926530287,19618.17,1,SL,-879.8014693942241,-889.8014693942241,25,
2025-03-24,1,20031.6,20050.88778485996,2,TP,771.5113943984034,761.5113943984034,14,
2025-03-24,1,20070.93266025666,20107.808314509046,1,TP,737.5130850476853,732.5130850476853,86,
2025-03-25,1,20193.420308148245,20176.4,2,SL,-680.8123259297281,-700.8123259297281,15,
2025-03-25,-1,20210.05288839771,20184.460660420264,1,TP,511.84455954891746,506.84455954891746,33,
2025-03-25,1,20183.59,20212.55083150565,1,TP,579.2166301130055,574.2166301130055,38,
2025-03-26,1,20233.023270550348,20214.21,1,SL,-376.2654110069707,-386.2654110069707,18,
2025-03-27,-1,19801.346936921855,19816.53,1,BE,-303.66126156288374,-313.66126156288374,20,
2025-03-27,-1,19830.21,19863.6,3,SL,-2003.399999999965,-2033.399999999965,25,
2025-03-31,-1,18900.0349354802,18931.45,1,SL,-628.301290396048,-638.301290396048,28,
2025-03-31,-1,18954.01321516451,19000.91,1,SL,-937.9356967098283,-947.9356967098283,98,
2025-04-01,-1,19229.74,19268.45,1,SL,-774.1999999999825,-784.1999999999825,18,
2025-04-01,1,19208.297679261654,19192.66,1,BE,-312.7535852330766,-322.7535852330766,37,
2025-04-01,-1,19237.067256536997,19283.58,1,SL,-930.2548692600976,-940.2548692600976,74,
2025-04-03,1,18830.1864760968,18802.63,1,SL,-551.1295219359454,-561.1295219359454,14,
2025-04-03,1,18818.886829328443,18788.47,1,SL,-608.3365865688393,-618.3365865688393,20,
2025-04-03,-1,18863.066768032942,18811.63394326972,1,TP,1028.6564952644403,1023.6564952644403,27,
2025-04-03,1,18809.911368951118,18766.4,1,SL,-870.2273790223262,-880.2273790223262,34,
2025-04-07,-1,16733.123778611236,16787.76,1,SL,-1092.724427775247,-1102.724427775247,19,
2025-04-07,-1,16782.9,16840.89,1,SL,-1159.7999999999593,-1169.7999999999593,21,
2025-04-07,-1,16857.44,16931.5,1,SL,-1481.2000000000262,-1491.2000000000262,23,
2025-04-08,1,17939.83,17954.990542557858,4,TP,1212.843404628511,1192.843404628511,58,
2025-04-09,1,17227.728021391948,17343.92124674459,1,TP,2323.8645070528582,2318.8645070528582,53,
2025-04-09,-1,17343.832172878578,17351.06,1,BE,-144.5565424284723,-154.5565424284723,62,
2025-04-09,1,17244.08149597693,17182.23,1,SL,-1237.0299195386178,-1247.0299195386178,82,
2025-04-09,-1,17330.06892719527,17405.79,1,SL,-1514.421456094642,-1524.421456094642,201,
2025-04-10,-1,18666.63008733865,18597.543249475602,1,TP,1381.736757260951,1376.736757260951,24,
2025-04-10,1,18582.48,18530.95,1,SL,-1030.5999999999767,-1040.5999999999767,29,
2025-04-10,1,18516.23436587622,18452.76,1,SL,-1269.4873175243993,-1279.4873175243993,89,
2025-04-14,-1,18989.76331025318,19033.26,1,SL,-869.9337949363689,-879.9337949363689,36,
2025-04-14,-1,19008.01,18918.526090060917,1,TP,1789.6781987816212,1784.6781987816212,47,
2025-04-14,-1,19002.080100974592,19048.14,1,SL,-921.1979805081501,-931.1979805081501,85,
2025-04-14,1,18931.426997997187,18878.29,1,SL,-1062.7399599437194,-1072.7399599437194,116,
2025-04-15,1,18913.90994679796,18882.67,1,SL,-624.7989359592611,-634.7989359592611,49,
2025-04-15,1,18838.89,18835.46,1,SL,-68.60000000000582,-78.60000000000582,51,
2025-04-15,1,18874.410823244583,18836.1,1,SL,-766.2164648916951,-776.2164648916951,206,
2025-04-16,1,18504.515651817343,18480.46,1,SL,-481.1130363468692,-491.1130363468692,16,
2025-04-16,1,18477.49,18472.67,4,SL,-385.60000000026776,-425.60000000026776,20,
2025-04-16,-1,18494.563307450855,18532.71,1,BE,-762.9338509828813,-772.9338509828813,113,
2025-04-17,-1,18325.9,18290.49880002988,2,TP,1416.047998804861,1406.047998804861,15,
2025-04-17,-1,18317.412560579873,18348.66,1,SL,-624.9487884025439,-634.9487884025439,21,
2025-04-17,-1,18340.75,18358.97,2,SL,-728.8000000000466,-748.8000000000466,23,
2025-04-17,1,18291.00861998331,18285.0,1,BE,-120.17239966618945,-130.17239966618945,45,
2025-04-17,1,18218.483958545938,18207.51,1,BE,-219.4791709187848,-229.4791709187848,155,
2025-04-17,-1,18298.85904589971,18219.035363269948,1,TP,1596.4736525952321,1591.4736525952321,163,
2025-04-22,1,18180.903669409832,18120.16,1,SL,-1214.8733881966473,-1224.8733881966473,260,
2025-04-23,1,18882.23965793003,18946.784620288596,1,TP,1290.8992471713282,1285.8992471713282,31,
2025-04-23,1,18895.00851129304,18951.565015851545,1,TP,1131.1300911701255,1126.1300911701255,55,
2025-04-23,-1,18956.23,18985.81,1,SL,-591.6000000000349,-601.6000000000349,59,
2025-04-23,1,18910.481292388748,18894.47,1,BE,-320.2258477749274,-330.2258477749274,110,
2025-04-28,-1,19453.52,19464.55,4,SL,-882.3999999999069,-922.3999999999069,13,
2025-04-28,-1,19478.51,19493.05,4,SL,-1163.2000000000698,-1203.2000000000698,15,
2025-04-28,1,19417.57801328334,19367.84,1,SL,-994.7602656667732,-1004.7602656667732,29,
2025-04-29,-1,19363.56,19392.25,2,SL,-1147.5999999999476,-1167.5999999999476,16,
2025-04-29,-1,19439.076052732176,19487.46,1,SL,-967.6789453564561,-977.6789453564561,86,
2025-04-29,-1,19460.389889810776,19492.14,1,SL,-635.002203784461,-645.002203784461,159,
2025-04-29,1,19416.755795142017,19381.5,1,SL,-705.1159028403345,-715.1159028403345,207,
2025-04-30,-1,19127.239258390247,19163.03,1,SL,-715.8148321950284,-725.8148321950284,46,
2025-05-01,-1,19849.22861462553,19865.05,1,SL,-316.42770748941984,-326.42770748941984,17,
2025-05-01,-1,19872.37,19881.36,4,SL,-719.2000000001281,-759.2000000001281,19,
2025-05-01,-1,19872.12,19824.816480377187,1,TP,946.0703924562404,941.0703924562404,27,
2025-05-01,1,19822.5,19807.73,1,SL,-295.40000000000873,-305.40000000000873,30,
2025-05-01,-1,19858.51,19885.82,1,SL,-546.2000000000262,-556.2000000000262,56,
2025-05-01,1,19861.79976138448,19944.529931725254,1,TP,1654.6034068155132,1649.6034068155132,315,
2025-05-05,1,19912.21,19952.83077202983,3,TP,2437.2463217897894,2422.2463217897894,15,
2025-05-05,-1,19960.38,19926.83639295406,2,TP,1341.7442818376003,1331.7442818376003,22,
2025-05-05,1,19943.71272209177,19980.119787557847,1,TP,728.1413093215815,723.1413093215815,69,
2025-05-05,-1,19980.325589107742,20008.87,1,SL,-570.8882178451313,-580.8882178451313,85,
2025-05-06,1,19742.14137263467,19724.6,2,SL,-701.6549053868221,-721.6549053868221,18,
2025-05-06,1,19732.27,19713.67,1,SL,-372.00000000004366,-382.00000000004366,20,
2025-05-06,1,19701.51,19686.03,1,SL,-309.59999999999127,-319.59999999999127,22,
2025-05-06,-1,19750.703302312104,19793.93,1,SL,-864.5339537579275,-874.5339537579275,51,
2025-05-07,1,19806.134187257707,19834.487885762544,1,TP,567.0739700967533,562.0739700967533,25,
2025-05-07,-1,19843.76,19858.83,2,SL,-602.8000000001339,-622.8000000001339,39,
2025-05-07,1,19832.842125472267,19801.34,1,SL,-630.0425094453385,-640.0425094453385,83,
2025-05-08,-1,20031.06039463447,19993.393344524968,1,TP,753.3410021900636,748.3410021900636,67,
2025-05-08,-1,20019.431561689325,20044.85,1,SL,-508.36876621346164,-518.3687662134616,113,
2025-05-12,-1,20727.694676235507,20747.61,1,SL,-398.30647528986447,-408.30647528986447,24,
2025-05-12,-1,20747.52,20691.47208122428,1,TP,1120.958375514383,1115.958375514383,30,
2025-05-12,1,20691.375830581732,20734.8185918455,1,TP,868.8552252753288,863.8552252753288,37,
2025-05-12,1,20696.045609442517,20656.02,1,SL,-800.5121888503345,-810.5121888503345,59,
2025-05-14,1,21275.059530152546,21247.21,1,SL,-556.9906030509446,-566.9906030509446,16,
2025-05-14,-1,21278.271481469434,21235.439170124144,1,TP,856.6462269057956,851.6462269057956,94,
2025-05-14,1,21225.28,21279.729310563365,1,TP,1088.986211267329,1083.986211267329,113,
2025-05-15,-1,21229.98579342315,21255.14,1,SL,-503.08413153696165,-513.0841315369616,32,
2025-05-15,1,21199.405163836742,21237.82640868865,1,TP,768.4248970381304,763.4248970381304,50,
2025-05-15,-1,21239.69,21202.45913310528,1,TP,744.6173378943786,739.6173378943786,61,
2025-05-15,1,21200.59,21180.0,1,SL,-411.8000000000029,-421.8000000000029,66,
2025-05-15,-1,21235.947725116053,21240.8,1,BE,-97.04549767891876,-107.04549767891876,86,
2025-05-20,-1,21352.489471104673,21321.43603160895,1,TP,621.068789914425,616.068789914425,28,
2025-05-20,-1,21343.637293904772,21316.504801032374,1,TP,542.6498574479774,537.6498574479774,58,
2025-05-20,1,21316.50602682654,21343.471070486205,1,TP,539.3008731932787,534.3008731932787,68,
2025-05-20,-1,21348.5,21363.3,2,SL,-591.9999999999709,-611.9999999999709,70,
2025-05-21,1,21355.955932869947,21294.18,1,SL,-1235.518657398934,-1245.518657398934,229,
2025-05-22,-1,21123.34,21128.12,1,BE,-95.59999999997672,-105.59999999997672,21,
2025-05-27,-1,21193.65586296277,21220.79,1,SL,-542.6827407446399,-552.6827407446399,19,
2025-05-28,1,21464.011069668686,21439.45,1,SL,-491.22139337370754,-501.22139337370754,19,
2025-05-28,1,21429.96,21421.96,1,SL,-160.0,-170.0,21,
2025-06-02,1,21345.023725813862,21323.55,1,SL,-429.4745162772597,-439.4745162772597,21,
2025-06-03,-1,21511.69022388028,21530.28,1,SL,-371.79552239438635,-381.79552239438635,14,
2025-06-03,-1,21518.938999144826,21550.57,1,SL,-632.6200171034725,-642.6200171034725,19,
2025-06-04,1,21719.509685956316,21705.09,2,SL,-576.7874382526497,-596.7874382526497,22,
2025-06-04,1,21714.37,21682.61,1,SL,-635.199999999968,-645.199999999968,31,
2025-06-04,-1,21723.75718266606,21685.369982659755,1,TP,767.744000126113,762.744000126113,161,
2025-06-05,-1,21727.62861066679,21749.26,1,SL,-432.62778666416125,-442.62778666416125,56,
2025-06-05,1,21689.536707053638,21741.52649249123,1,TP,1039.7957087518444,1034.7957087518444,67,
2025-06-09,-1,21763.352978888503,21771.14,2,BE,-311.4808444598748,-331.4808444598748,15,
2025-06-09,-1,21768.630217313483,21784.5,1,SL,-317.39565373034566,-327.39565373034566,22,
2025-06-10,1,21832.724756194017,21851.26966123397,2,TP,741.7962015981902,731.7962015981902,107,
2025-06-10,1,21832.20217985467,21808.34,2,SL,-954.4871941868041,-974.4871941868041,122,
2025-06-11,-1,21972.51829483532,21994.48,1,SL,-439.23410329356557,-449.23410329356557,45,
2025-06-12,-1,21851.83,21860.61,3,SL,-526.7999999999302,-556.7999999999302,15,
2025-06-12,1,21835.275511986976,21824.53,2,BE,-429.8204794790945,-449.8204794790945,34,
2025-06-12,-1,21856.798579952894,21871.78,1,SL,-299.6284009420924,-309.6284009420924,38,
2025-06-12,-1,21874.12,21874.76,1,SL,-12.799999999988358,-22.79999999998836,41,
2025-06-12,1,21866.791299713765,21910.321162933335,1,TP,870.5972643913992,865.5972643913992,150,
2025-06-16,1,21830.74639996805,21845.888847599068,3,TP,908.5468578610016,893.5468578610016,19,
2025-06-17,-1,21849.80768395023,21856.21,1,BE,-128.04632099541777,-138.04632099541777,27,
2025-06-17,-1,21857.01,21872.15,1,SL,-302.8000000000611,-312.8000000000611,40,
2025-06-17,-1,21875.037459320432,21876.52,1,BE,-29.65081359136093,-39.65081359136093,142,
2025-06-17,1,21851.257125317916,21835.21,1,SL,-320.94250635833305,-330.94250635833305,200,
2025-06-18,-1,21750.12,21768.04,1,SL,-358.40000000003783,-368.40000000003783,18,
2025-06-23,-1,21644.34,21675.33,1,SL,-619.800000000032,-629.800000000032,18,
2025-06-24,1,22079.34892107839,22072.24,2,BE,-284.35684313546517,-304.35684313546517,29,
2025-06-24,-1,22095.98235557092,22114.74,1,SL,-375.1528885816515,-385.1528885816515,72,
2025-06-25,1,22302.146963651798,22279.95,2,SL,-887.8785460718791,-907.8785460718791,21,
2025-06-25,1,22275.95,22282.81,1,BE,137.20000000001164,127.20000000001164,33,
2025-06-26,-1,22305.355051295675,22325.31,1,SL,-399.09897408651887,-409.09897408651887,30,
2025-06-26,-1,22340.39,22334.16,1,SL,124.59999999999127,114.59999999999127,32,
2025-06-30,-1,22616.554520875932,22628.83,2,SL,-491.01916496278136,-511.01916496278136,42,
2025-06-30,1,22598.50677521789,22620.453083323904,1,TP,438.9261621202604,433.9261621202604,59,
2025-06-30,-1,22621.29,22598.57701118051,2,TP,908.5195527796168,898.5195527796168,67,
2025-06-30,1,22597.14,22618.416395076525,2,TP,851.0558030610264,841.0558030610264,96,
2025-06-30,-1,22618.50301562292,22599.465330408973,2,TP,761.507408557809,751.507408557809,103,
2025-06-30,1,22597.87,22616.892841924797,2,TP,760.9136769919132,750.9136769919132,124,
2025-06-30,-1,22618.69,22628.27,2,SL,-383.20000000006985,-403.20000000006985,135,
2025-07-01,1,22586.719267720047,22573.57,4,SL,-1051.9414176038117,-1091.9414176038117,14,
2025-07-01,-1,22594.96431983227,22602.03,3,SL,-423.9408100637229,-453.9408100637229,19,
2025-07-01,-1,22605.56,22616.05,4,SL,-839.199999999837,-879.199999999837,21,
2025-07-01,1,22587.360505212197,22584.22,2,BE,-125.62020848781685,-145.62020848781685,41,
2025-07-01,-1,22606.35639642268,22630.41,2,SL,-962.1441430927371,-982.1441430927371,46,
2025-07-01,1,22588.225811502714,22560.85,1,SL,-547.5162300543161,-557.5162300543161,57,
2025-07-07,-1,22754.779939247313,22732.791840868147,1,TP,439.7619675833266,434.7619675833266,16,
2025-07-07,-1,22755.317291899777,22772.59,1,SL,-345.454162004462,-355.454162004462,22,
2025-07-07,1,22737.519988889246,22720.87,1,SL,-332.99977778493485,-342.99977778493485,33,
2025-07-07,1,22734.996167629175,22713.21,1,SL,-435.72335258351814,-445.72335258351814,46,
2025-07-07,-1,22757.060724156272,22731.61188135786,1,TP,508.9768559682125,503.9768559682125,61,
2025-07-07,1,22731.464580157688,22715.16,1,SL,-326.0916031537636,-336.0916031537636,83,
2025-07-07,-1,22741.950683437677,22759.57,1,SL,-352.38633124645276,-362.38633124645276,169,
2025-07-07,1,22713.23141571687,22683.18,1,SL,-601.0283143373817,-611.0283143373817,171,
2025-07-07,1,22656.99,22672.8,1,SL,316.19999999995343,306.19999999995343,173,
2025-07-08,-1,22724.68666594095,22712.28199383882,3,TP,744.2803261277732,729.2803261277732,17,
2025-07-08,-1,22725.743400129442,22712.404653468857,3,TP,800.3247996351274,785.3247996351274,21,
2025-07-08,-1,22725.188255613655,22712.371961934932,3,TP,768.9776207233808,753.9776207233808,27,
2025-07-08,1,22712.50474130136,22687.56,2,SL,-997.7896520543436,-1017.7896520543436,30,
2025-07-08,-1,22715.042703063886,22732.68,1,SL,-352.7459387222916,-362.7459387222916,68,
2025-07-08,1,22688.508492039204,22665.84,1,SL,-453.36984078407113,-463.36984078407113,83,
2025-07-08,1,22663.36,22653.82,1,SL,-190.80000000001746,-200.80000000001746,86,
2025-07-08,1,22685.80340914757,22718.233322769465,1,TP,648.5982724378846,643.5982724378846,157,
2025-07-08,1,22688.207428703925,22727.030002514697,1,TP,776.4514762154431,771.4514762154431,263,
2025-07-09,1,22866.48359857047,22832.69,1,SL,-675.8719714094332,-685.8719714094332,61,
2025-07-10,-1,22810.468404177165,22832.65,1,BE,-443.63191645672487,-453.63191645672487,241,
2025-07-15,-1,22999.156509769364,23013.21,1,SL,-281.06980461270723,-291.06980461270723,45,
2025-07-16,-1,22845.219464719696,22853.44,1,BE,-164.41070560606022,-174.41070560606022,81,
2025-07-16,1,22811.81376896599,22800.25,1,BE,-231.27537931977713,-241.27537931977713,89,
2025-07-16,1,22812.421388507006,22774.55,1,SL,-757.4277701401297,-767.4277701401297,110,
2025-07-17,-1,22943.2,22953.05,4,SL,-787.9999999998836,-827.9999999998836,13,
2025-07-17,-1,22950.02,22958.11,4,SL,-647.2000000000116,-687.2000000000116,17,
2025-07-23,1,23057.25,23045.49,2,SL,-470.39999999993597,-490.39999999993597,15,
2025-07-24,-1,23220.94477536116,23251.93,2,SL,-1239.4089855536004,-1259.4089855536004,18,
2025-07-24,-1,23253.82,23202.725663726047,1,TP,1021.886725479053,1016.886725479053,24,
2025-07-24,1,23201.41,23200.42,1,BE,-19.800000000032014,-29.800000000032014,32,
2025-07-28,1,23358.62164887601,23344.7,2,SL,-556.8659550404118,-576.8659550404118,52,
2025-07-28,1,23354.91,23374.055293710073,3,TP,1148.7176226043812,1133.7176226043812,71,
2025-07-28,1,23356.960154858403,23345.57,2,SL,-455.6061943361419,-475.6061943361419,108,
2025-07-29,1,23487.625966646938,23477.7,3,SL,-595.5579988162208,-625.5579988162208,14,
2025-07-29,1,23480.33,23471.49,3,SL,-530.4000000000087,-560.4000000000087,18,
2025-07-30,1,23341.88818494112,23360.411963976378,2,TP,740.9511614103394,730.9511614103394,38,
2025-07-30,-1,23359.022274737516,23372.44,2,SL,-536.7090104993258,-556.7090104993258,53,
2025-07-30,1,23349.12,23376.525847002194,1,TP,548.1169400439103,543.1169400439103,145,
2025-07-31,-1,23525.925622226692,23543.91,1,SL,-359.68755546615284,-369.68755546615284,24,
2025-07-31,-1,23540.32,23556.49,1,SL,-323.40000000003783,-333.40000000003783,28,
2025-07-31,1,23507.542968184323,23485.53,1,SL,-440.25936368649127,-450.25936368649127,65,
2025-08-04,1,23081.78102291354,23123.443661357134,1,TP,833.2527688718983,828.2527688718983,145,
2025-08-05,1,23230.95555103354,23207.43,1,SL,-470.51102067081956,-480.51102067081956,36,
2025-08-06,1,23054.25,23096.247438508093,1,TP,839.9487701618636,834.9487701618636,15,
2025-08-06,-1,23096.5601252144,23119.25,1,SL,-453.7974957119877,-463.7974957119877,19,
2025-08-06,-1,23109.72,23111.33,1,BE,-32.20000000001164,-42.20000000001164,24,
2025-08-06,1,23081.526255188848,23130.82734163474,1,TP,986.0217289178399,981.0217289178399,68,
2025-08-06,-1,23133.16,23166.69,1,SL,-670.5999999999767,-680.5999999999767,86,
2025-08-07,1,23497.9836445872,23476.75,2,SL,-849.3457834879518,-869.3457834879518,16,
2025-08-07,1,23475.38,23516.03467731631,4,TP,3252.3741853047977,3232.3741853047977,21,
2025-08-07,-1,23516.21293801245,23540.64,1,SL,-488.54123975099355,-498.54123975099355,27,
2025-08-07,1,23495.306246603785,23457.71,1,SL,-751.924932075708,-761.924932075708,55,
2025-08-11,-1,23613.475525788752,23635.05,1,SL,-431.4894842249487,-441.4894842249487,14,
2025-08-11,1,23622.71389247773,23616.0,1,BE,-134.27784955456445,-144.27784955456445,96,
2025-08-11,-1,23647.571149211275,23620.458933326867,1,TP,542.2443176881643,537.2443176881643,129,
2025-08-11,-1,23647.08403578836,23664.13,1,SL,-340.9192842328048,-350.9192842328048,152,
2025-08-12,1,23653.985195268186,23608.32,1,SL,-913.3039053637185,-923.3039053637185,19,
2025-08-12,-1,23656.143979090775,23699.04,1,SL,-857.9204181845125,-867.9204181845125,96,
2025-08-13,1,23947.696510694204,23935.45,3,SL,-734.7906416522164,-764.7906416522164,16,
2025-08-13,-1,23958.211846882958,23942.32632909701,2,TP,635.4207114379096,625.4207114379096,25,
2025-08-14,1,23808.76042946621,23836.86181160576,1,TP,562.0276427909994,557.0276427909994,47,
2025-08-18,1,23693.5,23689.48,4,BE,-321.6000000000349,-361.6000000000349,21,
2025-08-18,-1,23705.889008656908,23728.59,1,SL,-454.01982686184056,-464.01982686184056,55,
2025-08-18,1,23678.075224947042,23664.92,1,BE,-263.1044989408838,-273.1044989408838,75,
2025-08-18,1,23665.766380641733,23647.52,1,SL,-364.9276128346537,-374.9276128346537,198,
2025-08-18,-1,23690.740040849018,23707.05,1,SL,-326.1991830196348,-336.1991830196348,242,
2025-08-19,-1,23643.75910479861,23603.882985802833,1,TP,797.5223799155356,792.5223799155356,15,
2025-08-19,-1,23626.772719572342,23589.75818267666,1,TP,740.2907379136013,735.2907379136013,56,
2025-08-21,1,23161.38763818203,23132.64,1,SL,-574.9527636406128,-584.9527636406128,16,
2025-08-21,1,23108.18,23141.54,1,BE,667.2000000000116,657.2000000000116,26,
2025-08-21,-1,23185.52534243219,23213.22,1,SL,-553.893151356242,-563.893151356242,43,
2025-08-21,1,23165.434525800363,23158.54,1,BE,-137.89051600724633,-147.89051600724633,142,
2025-08-25,1,23404.085000460687,23383.69,1,SL,-407.90000921377214,-417.90000921377214,16,
2025-08-25,1,23398.58,23429.71736843782,1,TP,622.7473687563906,617.7473687563906,26,
2025-08-25,-1,23437.18,23454.0,2,SL,-672.7999999999884,-692.7999999999884,30,
2025-08-26,1,23419.348477432857,23395.52,1,SL,-476.5695486571349,-486.5695486571349,17,
2025-08-26,-1,23439.71244844664,23459.43,1,SL,-394.3510310671991,-404.3510310671991,49,
2025-08-26,1,23432.684454079925,23466.846052319514,1,TP,683.2319647917757,678.2319647917757,152,
2025-08-27,1,23482.71,23472.68,4,SL,-802.3999999999069,-842.3999999999069,13,
2025-08-27,1,23503.570848029398,23545.59020584998,1,TP,840.3871564116707,835.3871564116707,205,
2025-08-28,1,23640.574511206196,23615.59,1,SL,-499.69022412391496,-509.69022412391496,16,
2025-09-02,1,23127.633170598023,23096.91,1,SL,-614.4634119604598,-624.4634119604598,81,
2025-09-03,-1,23363.699946006676,23347.552864970337,2,TP,645.8832414535573,635.8832414535573,16,
2025-09-03,-1,23363.482485140812,23347.524508810286,2,TP,638.3190532210574,628.3190532210574,18,
2025-09-03,-1,23363.59272377162,23382.74,2,SL,-765.8910491352435,-785.8910491352435,22,
2025-09-03,1,23345.64004946274,23368.591372575076,1,TP,459.026462246693,454.026462246693,30,
2025-09-03,1,23347.386309837606,23382.695193519998,1,TP,706.177673647835,701.177673647835,48,
2025-09-04,1,23430.3,23422.93,2,BE,-294.79999999995925,-314.79999999995925,19,
2025-09-04,-1,23452.220301467176,23476.9,1,SL,-493.5939706565114,-503.5939706565114,68,
2025-09-08,1,23789.37317509889,23770.31,1,SL,-381.26350197780994,-391.26350197780994,52,
2025-09-08,-1,23817.532529024193,23839.8,1,SL,-445.3494195161329,-455.3494195161329,69,
2025-09-08,1,23803.07266013739,23832.59879174004,1,TP,590.5226320530346,585.5226320530346,147,
2025-09-09,-1,23811.374996202496,23801.99597392717,4,TP,750.3217820261489,730.3217820261489,16,
2025-09-09,-1,23811.36643220267,23801.260942067816,4,TP,808.4392107883468,788.4392107883468,19,
2025-09-09,-1,23803.887808384152,23778.188175834937,1,TP,513.9926509842917,508.9926509842917,56,
2025-09-10,-1,23922.951929128576,23902.71496374194,2,TP,809.4786154654867,799.4786154654867,21,
2025-09-10,-1,23918.36139293697,23938.63,2,SL,-810.744282521191,-830.744282521191,34,
2025-09-10,1,23916.055803128966,23895.84,1,SL,-404.3160625793098,-414.3160625793098,111,
2025-09-10,1,23908.719751555367,23889.82,1,SL,-377.99503110734804,-387.99503110734804,170,
2025-09-11,-1,23941.863210426094,23961.79,1,SL,-398.53579147813434,-408.53579147813434,37,
2025-09-11,-1,23951.69724087708,23977.54,1,SL,-516.8551824583847,-526.8551824583847,66,
2025-09-15,1,24186.06342739701,24200.783755443957,2,TP,588.8131218779017,578.8131218779017,15,
2025-09-16,-1,24317.88102274797,24305.512714120796,3,TP,742.0985176304384,727.0985176304384,15,
2025-09-16,-1,24302.41678951349,24284.793006957414,2,TP,704.9513022429892,694.9513022429892,50,
2025-09-16,-1,24303.382486409097,24283.979934374944,2,TP,776.1020813661162,766.1020813661162,59,
2025-09-16,1,24283.85997539618,24273.63,2,BE,-409.19901584711624,-429.19901584711624,69,
2025-09-17,-1,24247.047681044103,24261.36,2,SL,-572.4927582358941,-592.4927582358941,24,
2025-09-17,1,24224.325775014924,24206.51,1,SL,-356.31550029851496,-366.31550029851496,32,
2025-09-18,1,24389.93,24374.79,4,SL,-1211.1999999999534,-1251.1999999999534,15,
2025-09-18,-1,24434.06131074184,24439.55,1,BE,-109.77378516319732,-119.77378516319732,30,
2025-09-22,1,24584.41,24608.205861746475,4,TP,1903.6689397180453,1883.6689397180453,15,
2025-09-22,-1,24608.29753992557,24622.6,2,SL,-572.0984029771353,-592.0984029771353,22,
2025-09-23,-1,24723.72405181681,24703.22971125195,2,TP,819.7736225943663,809.7736225943663,76,
2025-09-23,-1,24720.13279747163,24721.99,2,BE,-74.28810113487998,-94.28810113487998,113,
2025-09-23,1,24701.216672489834,24699.3,2,BE,-76.66689959340147,-96.66689959340147,154,
2025-09-24,-1,24594.58139043903,24570.327770046355,1,TP,485.07240785351314,480.07240785351314,54,
2025-09-24,1,24570.197764274773,24555.28,1,SL,-298.35528549549053,-308.35528549549053,64,
2025-09-25,-1,24273.494625048912,24223.56938126195,1,TP,998.504875739236,993.504875739236,23,
2025-09-25,-1,24266.294843011405,24306.44,1,SL,-802.9031397718791,-812.9031397718791,36,
2025-09-30,-1,24558.5177813678,24572.84,2,SL,-572.8887452880736,-592.8887452880736,15,
2025-09-30,-1,24574.23,24536.09099841747,2,TP,1525.5600633012364,1515.5600633012364,22,
2025-09-30,1,24535.761738898625,24511.55,1,SL,-484.23477797252417,-494.23477797252417,25,
2025-09-30,-1,24565.665832069557,24587.8,1,SL,-442.6833586088469,-452.6833586088469,34,
2025-09-30,1,24532.88504997927,24568.20905058423,1,TP,706.4800120992004,701.4800120992004,47,
2025-09-30,-1,24568.83290697999,24577.62,1,BE,-175.74186040015775,-185.74186040015775,62,
2025-09-30,1,24535.484102286588,24569.007840856262,1,TP,670.4747713934921,665.4747713934921,75,
2025-09-30,1,24543.073180882497,24540.98,1,BE,-41.86361764994217,-51.86361764994217,130,
2025-10-01,1,24579.760860627986,24557.57,1,SL,-443.8172125597339,-453.8172125597339,19,
2025-10-01,1,24523.04,24535.8,1,SL,255.19999999996799,245.19999999996799,21,
2025-10-01,-1,24605.245375718478,24641.89,1,SL,-732.8924856304366,-742.8924856304366,50,
2025-10-02,1,24835.86917609051,24811.12,1,SL,-494.9835218102089,-504.9835218102089,85,
2025-10-02,-1,24860.155088512154,24868.83,1,BE,-173.49822975695133,-183.49822975695133,223,
2025-10-06,-1,24963.928331171286,24940.362166518324,1,TP,471.3232930592494,466.3232930592494,39,
2025-10-06,1,24937.59,24963.832914455696,2,TP,1049.716578227817,1039.716578227817,47,
2025-10-06,-1,24964.55402116982,24939.857052288615,1,TP,493.9393776241195,488.9393776241195,59,
2025-10-06,1,24937.98,24921.89,2,SL,-643.6000000000058,-663.6000000000058,62,
2025-10-06,-1,24957.567326262357,24971.4,1,SL,-276.6534747528931,-286.6534747528931,132,
2025-10-07,1,25033.4034489339,25025.45,3,BE,-477.2069360339083,-507.2069360339083,16,
2025-10-07,1,25031.4116260592,25044.36048505112,2,TP,517.9543596766598,507.9543596766598,25,
2025-10-07,-1,25050.63,25029.051681027904,4,TP,1726.2655177677516,1706.2655177677516,28,
2025-10-07,-1,25043.59361995631,25026.564501930003,2,TP,681.164721052337,671.164721052337,50,
2025-10-07,1,25026.483619921328,25006.44,2,SL,-801.7447968531633,-821.7447968531633,58,
2025-10-08,1,24914.56283678799,24932.19673261702,2,TP,705.3558331611566,695.3558331611566,15,
2025-10-09,-1,25111.316169111396,25080.954319754153,1,TP,607.2369871448609,602.2369871448609,22,
2025-10-13,-1,24612.83766828437,24642.2,1,SL,-587.2466343126143,-597.2466343126143,18,
2025-10-13,1,24619.46167404811,24698.90102687912,1,TP,1588.7870566202037,1583.7870566202037,69,
2025-10-13,1,24618.15758788741,24574.33,1,SL,-876.551757748166,-886.551757748166,88,
2025-10-14,-1,24402.929424094196,24450.89,1,SL,-959.2115181160625,-969.2115181160625,46,
2025-10-15,-1,24799.588542415666,24772.87180468048,1,TP,534.334754703741,529.334754703741,16,
2025-10-15,-1,24795.128082068746,24826.01,1,SL,-617.6383586250449,-627.6383586250449,26,
2025-10-15,-1,24822.04,24840.81,3,SL,-1126.2000000000262,-1156.2000000000262,29,
2025-10-15,1,24838.09509452322,24798.6,1,SL,-789.9018904644618,-799.9018904644618,127,
2025-10-16,1,24874.42,24911.734180371524,2,TP,1492.5672148610465,1482.5672148610465,13,
2025-10-16,-1,24914.89,24944.27,1,SL,-587.6000000000204,-597.6000000000204,16,
2025-10-16,-1,24930.9,24883.77030560781,2,TP,1885.1877756876638,1875.1877756876638,19,
2025-10-16,1,24862.83,24916.469941652063,3,TP,3218.396499123701,3203.396499123701,26,
2025-10-16,-1,24908.72077075873,24928.79,1,BE,-401.38458482542774,-411.38458482542774,62,
2025-10-16,1,24890.15786500715,24856.13,1,SL,-680.557300142973,-690.557300142973,119,
2025-10-20,1,25021.36831605926,25039.602244478454,2,TP,729.3571367677941,719.3571367677941,16,
2025-10-21,-1,25102.68646187552,25070.959944507707,1,TP,634.5303473562672,629.5303473562672,56,
2025-10-21,1,25070.981521716993,25045.21,1,SL,-515.430434339869,-525.430434339869,63,
2025-10-21,1,25091.817305735345,25149.34982837043,1,TP,1150.650452701666,1145.650452701666,270,
2025-10-22,-1,25085.9,25095.6,3,SL,-581.9999999998254,-611.9999999998254,14,
2025-10-22,-1,25102.96,25113.41,4,SL,-836.0000000000582,-876.0000000000582,22,
2025-10-22,1,25064.247456131314,25034.21,1,SL,-600.7491226262937,-610.7491226262937,54,
2025-10-23,1,24933.69977323425,24984.351690045878,1,TP,1013.0383362325665,1008.0383362325665,54,
2025-10-23,1,24970.82827033196,25013.020929543705,1,TP,843.8531842349039,838.8531842349039,141,
2025-10-27,-1,25698.57028580318,25679.381139980225,2,TP,767.5658329181897,757.5658329181897,20,
2025-10-27,-1,25696.979833631874,25711.84,2,SL,-594.4066547250259,-614.4066547250259,32,
2025-10-27,1,25685.28062502567,25682.93,1,BE,-47.01250051337411,-57.01250051337411,53,
2025-10-27,-1,25710.508768409676,25729.43,1,SL,-378.4246318064834,-388.4246318064834,64,
2025-10-28,-1,25938.51221841724,25919.74988745829,2,TP,750.4932383580308,740.4932383580308,16,
2025-10-28,-1,25934.500685491843,25908.86994216073,1,TP,512.6148666222434,507.6148666222434,50,
2025-10-28,1,25907.38,25892.07,2,SL,-612.4000000000524,-632.4000000000524,62,
2025-10-29,-1,26140.306779015486,26128.023936571906,3,TP,736.970546614757,721.970546614757,18,
2025-10-29,-1,26140.217386643813,26128.0452404605,3,TP,730.3287709988945,715.3287709988945,21,
2025-10-29,-1,26141.4663940088,26156.11,3,SL,-878.616359472071,-908.616359472071,23,
2025-10-29,1,26130.217048262333,26158.060272987426,1,TP,556.8644945018605,551.8644945018605,44,
2025-10-29,1,26135.289347938113,26120.02,1,SL,-305.38695876224665,-315.38695876224665,80,
2025-10-30,-1,25894.097373501823,25956.27,1,SL,-1243.4525299635425,-1253.4525299635425,21,
2025-10-30,1,25871.704711110233,25864.29,1,BE,-148.2942222046404,-158.2942222046404,129,
2025-11-03,-1,25993.218299249485,26001.15,1,BE,-158.63401501032058,-168.63401501032058,165,
2025-11-04,-1,25632.11,25637.35,1,SL,-104.79999999995925,-114.79999999995925,13,
2025-11-04,-1,25622.45,25646.8,1,SL,-486.9999999999709,-496.9999999999709,19,
2025-11-05,-1,25429.63270167681,25477.45,1,SL,-956.3459664638503,-966.3459664638503,18,
2025-11-06,-1,25537.351868706995,25502.678274691323,1,TP,693.4718803134456,688.4718803134456,20,
2025-11-10,1,25492.04725328202,25512.75780682507,2,TP,828.4221417219669,818.4221417219669,26,
2025-11-10,1,25512.216611929518,25503.87,1,BE,-166.9322385903797,-176.9322385903797,79,
2025-11-11,1,25498.96,25490.79,4,SL,-653.5999999998603,-693.5999999998603,13,
2025-11-11,-1,25518.94997676375,25488.173371211928,1,TP,615.5321110364457,610.5321110364457,35,
2025-11-11,1,25484.36,25445.88,1,SL,-769.5999999999913,-779.5999999999913,37,
2025-11-11,-1,25480.88629096099,25429.21001914311,1,TP,1033.525436357595,1028.525436357595,117,
2025-11-11,1,25428.76,25394.4,1,SL,-687.1999999999389,-697.1999999999389,121,
2025-11-12,-1,25500.626638748738,25512.81,1,BE,-243.6672250252741,-253.6672250252741,209,
2025-11-13,-1,25305.19519305408,25237.516408363572,1,TP,1353.5756938101986,1348.5756938101986,34,
2025-11-13,1,25236.53,25307.483725949463,1,TP,1419.0745189892914,1414.0745189892914,38,
2025-11-17,1,25047.397070392606,24996.2,1,SL,-1023.9414078521077,-1033.9414078521077,39,
2025-11-18,1,24616.5,24593.57,1,SL,-458.6000000000058,-468.6000000000058,13,
2025-11-18,-1,24575.034308067567,24673.17,1,SL,-1962.713838648633,-1972.713838648633,207,
2025-11-19,1,24717.20557827393,24648.7,1,SL,-1370.1115654785826,-1380.1115654785826,97,
2025-11-20,1,25077.36,25126.474077827894,4,TP,3929.126226231456,3909.126226231456,13,
2025-11-20,1,25092.98449692718,25129.70005227449,1,TP,734.3111069461884,729.3111069461884,17,
2025-11-20,1,25115.9380073484,25079.51,1,SL,-728.5601469680114,-738.5601469680114,47,
2025-11-20,-1,25167.69235163287,25222.01,1,SL,-1086.3529673425364,-1096.3529673425364,68,
2025-11-20,1,25118.056391976195,25085.62,1,SL,-648.7278395239264,-658.7278395239264,87,
2025-11-24,1,24547.946162157765,24611.035461729123,1,TP,1261.7859914271685,1256.7859914271685,18,
2025-11-24,1,24546.487454440514,24609.339904281576,1,TP,1257.0489968212496,1252.0489968212496,30,
2025-11-25,1,24732.77,24706.79,1,SL,-519.5999999999913,-529.5999999999913,13,
2025-11-25,-1,24738.004983666186,24801.36,1,SL,-1267.1003266763,-1277.1003266763,76,
2025-11-26,1,25155.931101682698,25185.802698850723,1,TP,597.4319433604978,592.4319433604978,15,
2025-11-26,-1,25186.542970408947,25206.21,1,SL,-393.34059182103374,-403.34059182103374,21,
2025-11-26,1,25159.70790747072,25137.3,1,SL,-448.1581494144484,-458.1581494144484,27,
2025-11-26,1,25155.06,25122.06,1,SL,-660.0,-670.0,29,
2025-11-26,-1,25170.04867052851,25180.0,1,BE,-199.02658942977723,-209.02658942977723,85,
2025-12-01,1,25208.24,25166.96,1,SL,-825.6000000000495,-835.6000000000495,14,
2025-12-01,-1,25245.302533223963,25273.47,1,SL,-563.3493355207611,-573.3493355207611,23,
2025-12-01,1,25245.42505709404,25304.28878094006,1,TP,1177.2744769204292,1172.2744769204292,70,
2025-12-02,1,25532.98349380921,25510.05,1,SL,-458.6698761842126,-468.6698761842126,63,
2025-12-02,-1,25575.009983815584,25612.55,1,SL,-750.8003236883087,-760.8003236883087,81,
2025-12-02,1,25529.071723358058,25487.21,1,SL,-837.234467161179,-847.234467161179,104,
2025-12-03,-1,25456.84982040731,25474.57,1,SL,-354.4035918537702,-364.4035918537702,32,
2025-12-04,-1,25560.995207923927,25580.81,1,SL,-396.2958415214962,-406.2958415214962,69,
2025-12-04,-1,25563.20880099276,25588.62,1,SL,-508.22398014475766,-518.2239801447577,144,
2025-12-08,1,25758.12,25747.15,1,SL,-219.39999999995052,-229.39999999995052,13,
2025-12-10,-1,25609.801600300743,25636.98,1,SL,-543.5679939851252,-553.5679939851252,18,
2025-12-10,1,25587.341943615047,25562.92,1,SL,-488.4388723009761,-498.4388723009761,26,
2025-12-10,1,25575.37,25617.52018362435,1,TP,843.0036724870297,838.0036724870297,36,
2025-12-10,-1,25617.786434267124,25623.5,1,BE,-114.27131465752609,-124.27131465752609,53,
2025-12-10,1,25588.88364866371,25552.67,1,SL,-724.2729732742009,-734.2729732742009,67,
2025-12-10,1,25572.138027859746,25621.303376545293,1,TP,983.3069737109327,978.3069737109327,270,
2025-12-11,1,25457.80408756917,25551.108481888656,1,TP,1866.0878863897233,1861.0878863897233,164,
2025-12-15,-1,25216.330008297904,25126.126161367207,1,TP,1804.0769386139436,1799.0769386139436,132,
2025-12-16,1,24999.31,24984.02,2,SL,-611.6000000000349,-631.6000000000349,14,
2025-12-16,1,25000.973257001388,24962.46,1,SL,-770.2651400277682,-780.2651400277682,16,
2025-12-16,-1,25057.28,25108.07,1,SL,-1015.8000000000175,-1025.8000000000175,21,
2025-12-16,-1,25108.96,25121.22,1,SL,-245.20000000004075,-255.20000000004075,28,
2025-12-16,1,25028.369050653273,24988.03,1,SL,-806.7810130654834,-816.7810130654834,54,
2025-12-18,-1,25011.679469639632,25037.12,1,SL,-508.8106072073424,-518.8106072073424,29,
2025-12-18,1,24966.223281898594,25025.716740357828,1,TP,1189.8691691846761,1184.8691691846761,54,
2025-12-18,-1,25036.56,25074.25,1,SL,-753.7999999999738,-763.7999999999738,57,
2025-12-18,1,25027.401560132665,24961.15,1,SL,-1325.0312026532629,-1335.0312026532629,167,
2025-12-22,-1,25499.105559563766,25467.555118565833,1,TP,631.0088199586608,626.0088199586608,39,
2025-12-23,1,25479.522641408978,25468.21,2,SL,-452.5056563591352,-472.5056563591352,26,
2025-12-23,1,25453.67,25449.06,1,SL,-92.19999999993888,-102.19999999993888,29,
2025-12-29,1,25510.213649384783,25479.0,1,SL,-624.2729876956582,-634.2729876956582,39,
2025-12-29,1,25488.730775280554,25454.46,1,SL,-685.4155056110903,-695.4155056110903,177,
2025-12-30,-1,25502.98980673759,25523.86,2,SL,-834.8077304963954,-854.8077304963954,20,
2025-12-30,-1,25529.41,25535.06,1,SL,-113.0000000000291,-123.0000000000291,26,
2025-12-30,1,25491.68195282038,25519.864620976976,1,TP,563.6533631318889,558.6533631318889,82,
2025-12-30,-1,25520.10520887669,25542.71,1,SL,-452.0958224662172,-462.0958224662172,92,
2025-12-31,-1,25400.750306243604,25375.649528019247,1,TP,502.01556448715564,497.01556448715564,157,
2025-12-31,1,25375.47,25372.45,1,BE,-60.40000000000873,-70.40000000000873,206,
2026-01-05,-1,25420.87511332671,25437.02,1,SL,-322.8977334657975,-332.8977334657975,16,
2026-01-05,-1,25431.99552909547,25392.166228292353,1,TP,796.5860160623561,791.5860160623561,18,
2026-01-05,-1,25428.572552040892,25392.54961455968,1,TP,720.4587496242311,715.4587496242311,27,
2026-01-05,-1,25429.12800227452,25393.003834245737,1,TP,722.483360575643,717.483360575643,31,
2026-01-06,-1,25477.419952983044,25506.9,1,SL,-589.6009403391508,-599.6009403391508,16,
2026-01-06,-1,25512.69,25528.99,1,SL,-326.0000000000582,-336.0000000000582,18,
2026-01-06,1,25515.281701084154,25479.03,1,SL,-725.0340216830955,-735.0340216830955,95,
2026-01-07,1,25649.151869427737,25678.286741099506,1,TP,582.6974334353872,577.6974334353872,36,
2026-01-07,1,25649.065806501916,25681.08271282996,1,TP,640.3381265608914,635.3381265608914,55,
2026-01-07,1,25653.501268248052,25686.96266191414,1,TP,669.2278733217972,664.2278733217972,70,
2026-01-08,1,25459.103641301634,25458.66,1,BE,-8.87282603267522,-18.87282603267522,84,
2026-01-08,1,25459.6981598035,25456.29,1,BE,-68.16319607001788,-78.16319607001788,118,
2026-01-08,1,25455.901061578523,25509.173831467524,1,TP,1065.4553977800242,1060.4553977800242,199,
2026-01-12,1,25679.0195706034,25704.982186231624,2,TP,1038.5046251289896,1028.5046251289896,19,
2026-01-12,1,25706.340904576078,25737.6849396509,1,TP,626.8807014964113,621.8807014964113,84,
2026-01-13,1,25801.32850141146,25780.59,1,SL,-414.7700282291771,-424.7700282291771,22,
2026-01-13,1,25702.232558133095,25783.720915991715,1,TP,1629.7671571723913,1624.7671571723913,125,
2026-01-14,-1,25516.535761296876,25440.38910787115,1,TP,1522.9330685145396,1517.9330685145396,60,
2026-01-14,1,25426.74,25390.22,1,SL,-730.4000000000087,-740.4000000000087,76,
2026-01-15,-1,25738.924468307534,25758.75,1,SL,-396.5106338493206,-406.5106338493206,15,
2026-01-15,-1,25747.05756474004,25715.548363388552,1,TP,630.1840270297544,625.1840270297544,20,
2026-01-15,1,25699.9,25688.39,4,SL,-920.800000000163,-960.800000000163,22,
2026-01-15,1,25689.61,25745.63950537291,4,TP,4482.36042983277,4462.36042983277,25,
2026-01-15,-1,25732.93738265428,25702.68385245126,1,TP,605.0706040603836,600.0706040603836,55,
2026-01-15,-1,25732.03634448961,25750.96,1,SL,-378.4731102077785,-388.4731102077785,66,
2026-01-15,1,25702.156320307713,25665.29,1,SL,-737.3264061542432,-747.3264061542432,77,
2026-01-15,-1,25735.107235166393,25766.74,1,SL,-632.6552966721647,-642.6552966721647,142,
2026-01-20,-1,25207.482230069203,25256.74,1,SL,-985.1553986159706,-995.1553986159706,73,
2026-01-21,-1,25051.940024000825,25075.09,1,SL,-462.9995199834957,-472.9995199834957,16,
2026-01-21,1,25176.769705727398,25118.25,1,SL,-1170.394114547962,-1180.394114547962,142,
2026-01-22,-1,25485.150297942288,25507.99,1,BE,-456.7940411542804,-466.7940411542804,103,
2026-01-27,-1,25852.72978773427,25865.47,1,BE,-254.80424531458993,-264.80424531458993,21,
2026-01-28,-1,26139.74,26156.35,1,SL,-332.1999999999389,-342.1999999999389,15,
2026-01-28,-1,26160.56,26110.991774109738,3,TP,2974.093553415805,2959.093553415805,17,
2026-01-28,1,26110.55227760349,26146.324342760137,1,TP,715.441303132975,710.441303132975,22,
2026-01-28,1,26115.256250893253,26088.25,1,SL,-540.1250178650662,-550.1250178650662,43,
2026-02-04,1,25187.691646649353,25144.16,1,SL,-870.6329329870641,-880.6329329870641,24,
2026-02-05,1,24707.489101756764,24624.74,1,SL,-1654.9820351352537,-1664.9820351352537,31,
2026-02-10,-1,25266.083092373177,25303.12,1,SL,-740.7381525364326,-750.7381525364326,26,
2026-02-10,-1,25303.39,25318.83,1,SL,-308.80000000004657,-318.80000000004657,29,
2026-02-11,-1,25330.257696892342,25285.222023204566,1,TP,900.7134737555316,895.7134737555316,20,
2026-02-12,1,25270.129037039038,25229.57,2,SL,-1622.3614815615292,-1642.3614815615292,15,
2026-02-19,-1,24775.808941541196,24742.65804499209,1,TP,663.017930982096,658.017930982096,15,
2026-02-19,-1,24777.433693880474,24806.35,1,SL,-578.3261223904992,-588.3261223904992,23,
2026-02-19,1,24791.023132235037,24847.851865600438,1,TP,1136.5746673080139,1131.5746673080139,105,
2026-02-19,1,24797.555767054575,24766.09,1,SL,-629.3153410914965,-639.3153410914965,139,
2026-02-24,-1,24807.18,24853.29,4,SL,-3688.8000000000466,-3728.8000000000466,15,
2026-02-25,1,25218.78355105513,25274.209085157545,1,TP,1108.5106820482906,1103.5106820482906,133,
2026-03-02,1,24828.966973190152,24884.70949386686,1,TP,1114.85041353415,1109.85041353415,126,
2026-03-02,-1,24884.791623704412,24917.44,1,SL,-652.9675259117357,-662.9675259117357,129,
2026-03-03,1,24521.791365837616,24488.57,1,BE,-664.4273167523352,-674.4273167523352,19,
2026-03-03,-1,24484.335791329046,24543.02,1,SL,-1173.6841734190966,-1183.6841734190966,99,
2026-03-04,-1,24886.04675361203,24896.11,1,BE,-201.26492775940278,-211.26492775940278,24,
2026-03-04,-1,24892.25,24930.7,1,SL,-769.0000000000146,-779.0000000000146,31,
2026-03-05,1,25030.300792989743,25064.23014914063,1,TP,678.5871230177145,673.5871230177145,17,
2026-03-05,-1,25067.079463050566,25109.88,1,SL,-856.010738988698,-866.010738988698,22,
2026-03-05,1,25060.49699652494,25030.78,1,SL,-594.339930498827,-604.339930498827,53,
2026-03-05,1,25025.79,24994.17,2,SL,-1264.8000000001048,-1284.8000000001048,55,
2026-03-05,-1,25077.9803280687,24967.601447732093,1,TP,2207.5776067321567,2202.5776067321567,165,
2026-03-09,-1,24401.04797268836,24438.39,1,SL,-746.8405462327792,-756.8405462327792,35,
2026-03-09,-1,24397.99071919495,24451.44,1,BE,-1068.9856161009811,-1078.9856161009811,67,
2026-03-10,-1,25013.32353885357,25018.44,1,BE,-102.32922292860167,-112.32922292860167,21,
2026-03-10,1,24970.99,24947.89,1,SL,-462.00000000004366,-472.00000000004366,27,
2026-03-10,-1,24988.056603283643,25023.63,1,SL,-711.4679343271564,-721.4679343271564,65,
2026-03-11,1,25053.679614733952,25030.09,2,SL,-943.5845893580699,-963.5845893580699,18,
2026-03-11,1,25017.84,25024.09,1,SL,125.0,115.0,20,
2026-03-11,-1,25066.239547834117,25142.58,1,SL,-1526.8090433176985,-1536.8090433176985,31,
2026-03-11,-1,25124.36,25031.069967190506,1,TP,1865.8006561898947,1860.8006561898947,53,
2026-03-12,1,24763.570840445336,24712.33,1,SL,-1024.8168089066894,-1034.8168089066894,16,
2026-03-12,-1,24680.244977524733,24601.54784210446,1,TP,1573.9427084054478,1568.9427084054478,158,
2026-03-12,1,24592.25,24684.042110474995,1,TP,1835.8422094998969,1830.8422094998969,171,
2026-03-12,-1,24686.271322097095,24688.33,1,BE,-41.17355805814441,-51.17355805814441,216,
2026-03-16,1,24656.488918734136,24682.34733800032,1,TP,517.1683853236755,512.1683853236755,15,
2026-03-16,1,24683.7369300225,24665.43,1,SL,-366.13860044999456,-376.13860044999456,64,
2026-03-16,1,24653.74,24627.93,1,SL,-516.2000000000262,-526.2000000000262,69,
2026-03-16,1,24655.21176690139,24616.27,1,SL,-778.835338027784,-788.835338027784,175,
2026-03-17,1,24828.077082253338,24810.82,1,BE,-345.14164506676025,-355.14164506676025,42,
2026-03-17,-1,24856.43105675159,24815.146131895162,1,TP,825.6984971285419,820.6984971285419,97,
2026-03-17,1,24809.28,24791.17,1,SL,-362.20000000001164,-372.20000000001164,100,
2026-03-18,1,24714.043809210085,24740.872934258598,1,TP,536.582500970253,531.582500970253,16,
2026-03-18,1,24717.630890008226,24711.84,1,BE,-115.81780016451376,-125.81780016451376,28,
2026-03-18,-1,24743.29,24711.511370227185,1,TP,635.572595456324,630.572595456324,41,
2026-03-18,1,24638.680319321913,24627.06,1,BE,-232.4063864382333,-242.4063864382333,185,
2026-03-19,-1,24303.210887442572,24341.17,1,BE,-759.1822511485225,-769.1822511485225,99,
2026-03-23,1,24355.349156936732,24322.16,1,SL,-663.7831387346523,-673.7831387346523,129,
2026-03-25,1,24253.53489196437,24232.01,1,SL,-430.4978392874182,-440.4978392874182,19,
2026-03-25,1,24206.406592816213,24105.5,1,SL,-2018.131856324253,-2028.131856324253,107,
2026-03-26,-1,23909.319861050164,23927.09,1,SL,-355.4027789967222,-365.4027789967222,14,
2026-03-26,-1,23948.9,23966.28,1,SL,-347.5999999999476,-357.5999999999476,16,
2026-03-26,1,23941.882439813704,23903.25,1,SL,-772.6487962740794,-782.6487962740794,77,
2026-03-30,-1,23194.937014926752,23229.6,1,SL,-693.2597014649218,-703.2597014649218,95,
2026-03-30,1,23135.92946446585,23198.955464533257,1,TP,1260.5200013481226,1255.5200013481226,124,
2026-03-30,-1,23199.72,23240.97,1,SL,-825.0,-835.0,142,
2026-03-31,1,23236.297584656535,23264.312386089172,1,TP,560.2960286527377,555.2960286527377,15,
2026-03-31,1,23300.116915493734,23266.59,1,SL,-670.5383098746825,-680.5383098746825,80,
2026-03-31,-1,23363.303091209746,23267.59446273266,1,TP,1914.1725695416972,1909.1725695416972,149,
2026-04-01,1,23941.617284636053,23890.48,1,SL,-1022.7456927210733,-1032.7456927210733,14,
2026-04-01,1,23912.85,23970.623505888365,1,TP,1155.4701177673269,1150.4701177673269,33,
2026-04-02,-1,23595.16615556133,23628.01,1,SL,-656.8768887734041,-666.8768887734041,22,
2026-04-06,-1,24174.931315035243,24207.09,1,SL,-643.1736992951483,-653.1736992951483,21,
2026-04-06,1,24146.48129681087,24207.033709423275,1,TP,1211.0482522480743,1206.0482522480743,51,
2026-04-06,1,24145.29836798438,24108.14,1,SL,-743.1673596875771,-753.1673596875771,79,
2026-04-09,-1,24904.28,24935.01,1,SL,-614.5999999999913,-624.5999999999913,14,
2026-04-09,1,24876.992412039595,24853.22,1,SL,-475.448240791884,-485.448240791884,24,
2026-04-09,-1,24874.39302017304,24919.44,1,SL,-900.9395965391741,-910.9395965391741,106,
2026-04-13,-1,25049.45560750299,25104.16,1,SL,-1094.0878499401879,-1104.0878499401879,20,
2026-04-13,-1,25125.39,25106.28,1,SL,382.20000000001164,372.20000000001164,25,
2026-04-14,1,25562.657930296908,25585.457187318312,2,TP,911.9702808561851,901.9702808561851,39,
2026-04-14,-1,25593.24,25605.22,3,SL,-718.7999999999738,-748.7999999999738,44,
2026-04-15,1,25859.279212648584,25830.34,1,SL,-578.7842529716727,-588.7842529716727,16,
2026-04-15,1,25850.563390543684,25885.10184855996,1,TP,690.769160325508,685.769160325508,19,
2026-04-16,-1,26233.883416085373,26208.475546920796,1,TP,508.15738329154556,503.15738329154556,15,
2026-04-16,-1,26220.4074851404,26164.242724149208,1,TP,1123.295219823849,1118.295219823849,48,
2026-04-16,1,26164.08989559387,26216.87323127316,1,TP,1055.6667135858152,1050.6667135858152,65,
2026-04-20,-1,26624.695962951166,26588.51324163168,1,TP,723.654426389694,718.654426389694,34,
2026-04-20,1,26588.359472347405,26584.4,1,BE,-79.18944694807578,-89.18944694807578,42,
2026-04-21,-1,26611.93297515354,26627.09,2,BE,-606.2809938583814,-626.2809938583814,18,
2026-04-21,-1,26640.38,26643.85,1,SL,-69.39999999995052,-79.39999999995052,23,
2026-04-21,1,26635.245534110447,26597.44,1,SL,-756.1106822089641,-766.1106822089641,89,
2026-04-22,-1,26700.991871767754,26680.284632503524,2,TP,828.2895705691772,818.2895705691772,19,
2026-04-22,1,26679.979940661153,26704.1741223827,1,TP,483.8836344309675,478.8836344309675,24,
2026-04-22,-1,26705.018120157954,26730.62,1,SL,-512.0375968408916,-522.0375968408916,31,
2026-04-23,1,26878.75415449692,26836.52,1,SL,-844.6830899384076,-854.6830899384076,31,
2026-04-23,-1,26904.789910327934,26907.18,1,BE,-47.801793441321934,-57.801793441321934,82,
2026-04-23,1,26889.314832472875,26852.44,1,SL,-737.4966494575347,-747.4966494575347,216,
2026-04-27,-1,27261.23290954436,27239.089933613108,2,TP,885.7190372500918,875.7190372500918,15,
2026-04-27,1,27228.09,27208.24,4,SL,-1587.9999999998836,-1627.9999999998836,18,
2026-04-27,-1,27256.03062697789,27216.74504112148,1,TP,785.7117171281425,780.7117171281425,40,
2026-04-27,1,27215.22,27201.11,1,BE,-282.20000000001164,-292.20000000001164,61,
2026-04-27,-1,27256.83149773193,27214.890424083453,1,TP,838.8214729695756,833.8214729695756,84,
2026-04-27,-1,27244.99752436893,27248.91,1,BE,-78.2495126214053,-88.2495126214053,166,
2026-04-28,1,27028.927036559195,27079.59942073336,1,TP,1013.4476834833185,1008.4476834833185,29,
2026-04-28,1,27035.513775391028,27008.67,1,SL,-536.8755078205868,-546.8755078205868,65,
2026-04-29,-1,27050.146017595725,27085.61,1,BE,-709.2796480855031,-719.2796480855031,21,
2026-04-29,1,27086.96375174909,27073.95,1,BE,-260.27503498175065,-270.27503498175065,170,
2026-04-30,-1,27160.364815904904,27201.07,1,SL,-814.1036819019064,-824.1036819019064,83,
2026-05-04,-1,27757.63,27759.68,1,SL,-40.99999999998545,-50.99999999998545,16,
2026-05-04,1,27750.162343809443,27785.511295330507,1,TP,706.9790304212802,701.9790304212802,92,
2026-05-04,1,27750.631304558025,27743.83,1,BE,-136.02609116045642,-146.02609116045642,103,
2026-05-05,1,27938.25220652927,27923.24,1,BE,-300.24413058534265,-310.24413058534265,49,
2026-05-05,-1,27969.894296671268,27992.38,1,SL,-449.71406657467014,-459.71406657467014,55,
2026-05-05,1,27971.847836893485,28005.537941380313,1,TP,673.8020897365641,668.8020897365641,186,
2026-05-05,1,27971.243123282533,28006.304430114014,1,TP,701.2261366296298,696.2261366296298,197,
2026-05-05,-1,28009.11,28024.38,1,SL,-305.40000000000873,-315.40000000000873,239,
2026-05-06,1,28309.34417274208,28269.82,1,SL,-790.4834548415965,-800.4834548415965,37,
2026-05-06,-1,28351.03170815294,28305.05962365425,1,TP,919.4416899737553,914.4416899737553,47,
2026-05-06,1,28304.55628288702,28294.46,1,BE,-201.92565774043032,-211.92565774043032,60,
2026-05-06,-1,28353.286634313383,28382.64,1,SL,-587.067313732332,-597.067313732332,70,
2026-05-07,1,28631.970037171188,28622.71,2,SL,-370.4014868475497,-390.4014868475497,15,
2026-05-07,1,28591.63,28596.92,1,SL,105.7999999999447,95.7999999999447,18,
2026-05-07,-1,28647.41559426585,28667.03,1,SL,-392.28811468296044,-402.28811468296044,25,
2026-05-07,-1,28668.26,28680.15,4,SL,-951.2000000002445,-991.2000000002445,27,
2026-05-07,1,28694.45266352467,28652.61,1,SL,-836.853270493375,-846.853270493375,151,
2026-05-11,-1,29300.459538049112,29245.451996173117,1,TP,1100.1508375199046,1095.1508375199046,21,
2026-05-11,1,29243.831369645246,29206.01,1,SL,-756.4273929049523,-766.4273929049523,27,
2026-05-11,1,29233.34466437787,29194.1,1,SL,-784.8932875574246,-794.8932875574246,59,
2026-05-12,1,29077.002585222122,29041.98,1,SL,-700.4517044424574,-710.4517044424574,28,
2026-05-12,-1,29123.865962313394,29031.72119645248,1,TP,1842.895317218281,1837.895317218281,56,
2026-05-12,1,29031.205812678694,28977.88,1,SL,-1066.5162535738637,-1076.5162535738637,60,
2026-05-13,-1,29150.02,29099.90826206635,1,TP,1002.234758673003,997.234758673003,15,
2026-05-13,-1,29108.71938688151,29146.89,1,SL,-763.4122623698204,-773.4122623698204,57,
2026-05-14,1,29468.648907137147,29435.73,1,SL,-658.3781427429494,-668.3781427429494,30,
2026-05-14,-1,29524.506731729623,29567.37,1,SL,-857.2653654075111,-867.2653654075111,69,
2026-05-14,1,29553.0110879684,29506.31,1,SL,-934.0217593679699,-944.0217593679699,229,
2026-05-18,-1,29180.49620434847,29112.655101546072,1,TP,1356.8220560479676,1351.8220560479676,30,
2026-05-18,1,29091.89,29064.5,1,SL,-547.7999999999884,-557.7999999999884,32,
2026-05-18,-1,29178.07248950735,29097.900938596962,1,TP,1603.4310182077752,1598.4310182077752,55,
2026-05-19,1,28857.29,28819.83,1,SL,-749.1999999999825,-759.1999999999825,15,
2026-05-19,1,28823.02,28781.38,1,SL,-832.7999999999884,-842.7999999999884,17,
2026-05-19,-1,28914.494936421717,28826.84632962412,1,TP,1752.9721359519317,1747.9721359519317,30,
2026-05-20,-1,29035.470358194936,29097.99,1,SL,-1250.3928361013095,-1260.3928361013095,17,
2026-05-20,1,28986.364751679743,28934.06,1,SL,-1046.0950335948291,-1056.0950335948291,43,
2026-05-20,-1,29042.046707849662,29114.08,1,SL,-1440.665843006791,-1450.665843006791,47,
2026-05-20,-1,29065.75,29105.6,1,SL,-796.9999999999709,-806.9999999999709,51,
2026-05-21,1,29123.5810261339,29162.172309569305,1,TP,771.8256687081157,766.8256687081157,16,
2026-05-21,1,29122.254876983545,29158.93350095557,1,TP,733.5724794404814,728.5724794404814,22,
2026-05-21,-1,29169.33,29211.11,2,SL,-1671.1999999999534,-1691.1999999999534,25,
2026-05-21,1,29142.133488381558,29098.67,1,SL,-869.2697676311946,-879.2697676311946,50,
2026-05-21,1,29102.597151047023,29180.241124285476,1,TP,1552.8794647690665,1547.8794647690665,133,
2026-05-26,-1,29828.55,29855.35,3,SL,-1607.9999999999563,-1637.9999999999563,13,
2026-05-26,-1,29836.26,29888.88,1,SL,-1052.4000000000524,-1062.4000000000524,16,
2026-05-27,-1,30021.08755209178,29940.528963301575,1,TP,1611.171775804105,1606.171775804105,38,
2026-05-27,1,29933.44,29921.37,1,BE,-241.39999999999418,-251.39999999999418,51,
2026-05-28,-1,29935.89695827763,29959.58,1,BE,-473.6608344474371,-483.6608344474371,39,
2026-06-01,1,30342.554534365932,30314.91,1,SL,-552.8906873186497,-562.8906873186497,25,
2026-06-01,1,30299.32,30267.34,4,SL,-2558.399999999965,-2598.399999999965,29,
2026-06-01,-1,30369.709086435523,30389.9,1,BE,-403.818271289565,-413.818271289565,79,
2026-06-02,-1,30440.460956249837,30474.8,1,SL,-686.7808750032418,-696.7808750032418,17,
2026-06-02,-1,30478.97,30486.48,4,SL,-600.7999999998719,-640.7999999998719,19,
2026-06-04,1,30214.24,30175.9,1,SL,-766.8000000000029,-776.8000000000029,14,
2026-06-04,1,30165.24,30138.56,1,SL,-533.6000000000058,-543.6000000000058,16,
2026-06-04,-1,30242.25008418122,30263.89,1,BE,-432.79831637555617,-442.79831637555617,55,
2026-06-08,-1,29455.857784775013,29504.92,1,SL,-981.2443044997053,-991.2443044997053,17,
2026-06-08,1,29401.132133615043,29478.31746762606,1,TP,1543.706680220348,1538.706680220348,23,
2026-06-08,1,29403.471248611524,29335.06,1,SL,-1368.224972230455,-1378.224972230455,28,
2026-06-08,-1,29447.04562480198,29505.32,1,SL,-1165.487503960394,-1175.487503960394,65,
2026-06-08,1,29459.11770791397,29439.54,1,BE,-391.5541582793958,-401.5541582793958,340,
2026-06-09,-1,29671.540537872414,29709.37,1,SL,-756.5892425517086,-766.5892425517086,14,
2026-06-09,1,29650.239884708764,29592.25,1,SL,-1159.7976941752859,-1169.7976941752859,40,
2026-06-10,1,28979.223811546795,28904.81,1,BE,-1488.2762309358804,-1498.2762309358804,86,
2026-06-11,-1,28714.231168778602,28786.83,1,SL,-1451.976624427989,-1461.976624427989,16,
2026-06-11,1,28739.685118252604,28719.06,1,BE,-412.50236505205976,-422.50236505205976,84,
2026-06-11,-1,28880.29154802678,29044.45,1,SL,-3283.16903946441,-3293.16903946441,240,
2026-06-15,1,30373.690303382755,30427.387212465685,1,TP,1073.9381816585956,1068.9381816585956,34,
2026-06-15,1,30373.23834173538,30361.76,1,BE,-229.5668347076571,-239.5668347076571,52,
2026-06-15,-1,30426.163718757885,30429.53,1,BE,-67.32562484226946,-77.32562484226946,82,
2026-06-16,1,30485.294665171903,30450.14,1,BE,-703.0933034380723,-713.0933034380723,47,
2026-06-17,-1,30140.57,30194.31,1,SL,-1074.800000000032,-1084.800000000032,14,
2026-06-17,-1,30186.82,30105.25994315249,3,TP,4893.6034108505555,4878.6034108505555,20,
2026-06-17,1,30106.357112863025,30041.8,1,SL,-1291.142257260508,-1301.142257260508,28,
2026-06-17,-1,30146.743149859547,30206.95,1,SL,-1204.137002809075,-1214.137002809075,55,
2026-06-17,1,30070.009050963272,30006.79,1,BE,-1264.38101926542,-1274.38101926542,78,
2026-06-18,-1,30196.330206230123,30129.361268001147,1,TP,1339.3787645795237,1334.3787645795237,27,
2026-06-18,1,30108.2,30200.51971747676,1,TP,1846.394349535185,1841.394349535185,33,
2026-06-18,-1,30208.6,30249.9,1,SL,-826.0000000000582,-836.0000000000582,37,
2026-06-18,1,30195.61829027969,30295.8800454165,1,TP,2005.2351027361874,2000.2351027361874,143,
2026-06-18,-1,30299.8,30361.98,1,SL,-1243.6000000000058,-1253.6000000000058,172,
2026-06-22,1,30473.82,30564.331627846877,1,TP,1810.2325569375535,1805.2325569375535,18,
2026-06-22,-1,30570.214873163324,30610.78,1,SL,-811.3025367334922,-821.3025367334922,30,
2026-06-22,1,30524.78781002742,30432.54,1,SL,-1844.956200548404,-1854.956200548404,58,
2026-06-23,1,29540.85807721232,29487.05,1,BE,-1076.1615442464245,-1086.1615442464245,96,
2026-06-24,1,29327.66,29283.46,1,SL,-884.0000000000146,-894.0000000000146,19,
2026-06-24,-1,29472.184112057043,29346.747957996035,1,TP,2508.7230812201597,2503.7230812201597,30,
2026-06-24,1,29345.09138227097,29264.69,1,SL,-1608.0276454194245,-1618.0276454194245,51,
2026-06-24,-1,29435.07032101863,29536.83,1,SL,-2035.1935796274483,-2045.1935796274483,77,
2026-06-29,1,29414.1898309856,29354.51,1,SL,-1193.5966197120433,-1203.5966197120433,27,
2026-06-29,1,29310.97,29316.3,1,SL,106.59999999996217,96.59999999996217,29,
2026-06-30,-1,30096.23,30137.51,1,SL,-825.5999999999767,-835.5999999999767,104,
2026-07-01,-1,29915.53219773949,29952.62,1,SL,-741.7560452102043,-751.7560452102043,18,
2026-07-02,1,29885.608531683047,29826.74,1,SL,-1177.370633660903,-1187.370633660903,55,
2026-07-06,-1,29707.3,29733.92,4,SL,-2129.5999999999185,-2169.5999999999185,21,
2026-07-06,1,29707.75585546359,29774.080113246713,1,TP,1326.485155662449,1321.485155662449,116,
2026-07-06,1,29733.951352813667,29689.06,1,SL,-897.8270562733087,-907.8270562733087,243,
2026-07-07,-1,29355.169048661977,29294.17655369752,1,TP,1219.849899289111,1214.849899289111,17,
2026-07-08,1,29075.99354594279,29132.386482739952,1,TP,1127.8587359432277,1122.8587359432277,21,
2026-07-08,1,29078.229705358557,29132.46053686853,1,TP,1084.6166301994526,1079.6166301994526,28,
2026-07-08,1,29080.87442900923,29046.99,1,SL,-677.6885801845492,-687.6885801845492,42,
2026-07-08,-1,29133.487368452144,29062.094461218054,1,TP,1427.8581446818134,1422.8581446818134,57,
2026-07-09,1,29605.994931639358,29499.58,1,SL,-2128.2986327871185,-2138.2986327871185,46,
2026-07-13,-1,29430.026662980246,29364.7352334732,1,TP,1305.8285901409545,1300.8285901409545,35,
2026-07-13,1,29363.76352716408,29437.25256924865,1,TP,1469.7808416913904,1464.7808416913904,54,
2026-07-13,-1,29457.62,29499.43,1,SL,-836.2000000000262,-846.2000000000262,60,
2026-07-14,-1,29566.727543406516,29523.116058062737,1,TP,872.229706875587,867.229706875587,23,
2026-07-14,1,29529.308877387175,29493.65,1,SL,-713.1775477434712,-723.1775477434712,35,
2026-07-14,-1,29554.0441034123,29469.19127337023,1,TP,1697.056600841388,1692.056600841388,80,
2026-07-14,-1,29564.563372620138,29620.09,1,SL,-1110.5325475972495,-1120.5325475972495,97,
2026-07-15,-1,29683.695721639127,29611.28412267108,1,TP,1448.231979360935,1443.231979360935,44,
2026-07-15,1,29608.09,29557.68,1,SL,-1008.1999999999971,-1018.1999999999971,51,
2026-07-16,-1,29209.51713316396,29256.89,1,SL,-947.4573367207631,-957.4573367207631,38,
2026-07-16,1,29162.57021212313,29159.35,1,BE,-64.4042424626241,-74.4042424626241,153,
2026-07-20,1,28940.3267812006,28897.09,1,SL,-864.735624012028,-874.735624012028,22,
2026-07-20,1,28878.41,28877.54,1,SL,-17.399999999979627,-27.399999999979627,24,
2026-07-21,-1,29003.933196438018,28959.741430054997,1,TP,883.8353276604175,878.8353276604175,33,
2026-07-21,-1,28990.04217729794,29000.81,1,BE,-215.35645404124807,-225.35645404124807,56,
2026-07-22,1,29019.819728473718,29074.296789186745,1,TP,1089.5412142605346,1084.5412142605346,88,
2026-07-23,1,28607.57797502401,28575.74,1,SL,-636.7595004801842,-646.7595004801842,22,
2026-07-23,1,28582.75,28669.303032583557,1,TP,1731.0606516711414,1726.0606516711414,25,
2026-07-28,-1,27617.332424218832,27690.75,1,SL,-1468.3515156233625,-1478.3515156233625,79,
2026-07-29,1,27725.312836905447,27694.9,1,BE,-608.2567381089029,-618.2567381089029,18,
2026-07-30,1,27906.404843040957,28028.04684215236,1,TP,2432.8399822280335,2427.8399822280335,155,
2026-08-05,1,29851.695184326334,29912.24625822191,1,TP,1211.0214779114904,1206.0214779114904,28,
2026-08-05,1,29855.918588761615,29808.06,1,SL,-957.1717752322729,-967.1717752322729,33,
2026-08-10,-1,29684.325997360647,29699.38,1,BE,-301.08005278707424,-311.08005278707424,18,
2026-08-10,-1,29697.87,29647.066635833307,1,TP,1016.0672833338322,1011.0672833338322,23,
2026-08-10,1,29689.571916109377,29654.23,1,SL,-706.838322187541,-716.838322187541,116,
2026-08-10,1,29669.44064496697,29624.42,1,SL,-900.4128993394261,-910.4128993394261,194,
2026-08-12,1,29325.276694107215,29306.86,3,BE,-1105.0016464328655,-1135.0016464328655,29,
2026-08-13,1,30032.070965624993,30014.89,1,BE,-343.6193124998681,-353.6193124998681,142,
